{
"10247 39th av sw":[47.5105963,-122.3818354],
"1117 lake washington blvd s":[47.5928619,-122.289546],
"11620 rainier av s":[47.4985678,-122.2198144],
"12750 10th av ne":[47.722823,-122.31769],
"13046 15th av ne":[47.724507,-122.31224],
"13500 35th av ne":[47.7267418,-122.291019],
"1532 nw 51st st":[47.665933,-122.37764],
"1719 e spring st":[47.611362,-122.309145],
"17th av nw \/ russell av nw":[47.6650653,-122.378884],
"1808 n 37th st":[47.652148,-122.3358127],
"2857 magnolia blvd w":[47.64701,-122.415263],
"3047 23rd av w":[47.647968,-122.386387],
"3803 14th av s":[47.5696969,-122.3151093],
"3850 18th av sw":[47.5686452,-122.3566009],
"4121 linden av n":[47.6573439,-122.3489391],
"4240 w montfort pl":[47.6431185,-122.4117271],
"4422 55th av ne":[47.66073,-122.268126],
"4542 w cramer st":[47.669157,-122.414726],
"4851 rainier av s":[47.5585298,-122.2856454],
"500 n 61st st":[47.673386,-122.352649],
"5008 12th av ne":[47.6652382,-122.3150134],
"5111 s myrtle st":[47.538731,-122.2693441],
"5215 ballard av nw":[47.6656581,-122.3828509],
"5269 17th av ne":[47.668367,-122.309934],
"5312 12th av s":[47.554488,-122.316878],
"6145 ne radford dr":[47.67429,-122.261921],
"6539 delridge way sw":[47.543129,-122.362257],
"6553 high point dr sw":[47.5433785,-122.3699195],
"6728 beach dr sw":[47.542378,-122.395988],
"7746 15th av sw":[47.532331,-122.353604],
"8655 fauntleroy way sw":[47.525236,-122.393202],
"9020 12th av nw":[47.694926,-122.371009],
"9624 57th av s":[47.516017,-122.261685],
"n 90th st \/ phinney av n":[47.6942304,-122.3539603],
"wall st \/ alaskan way":[47.6128067,-122.3511582]
}