{
"10338 bedford ct nw":[47.704649,-122.383651],
"1203 ne 96th st":[47.698283,-122.314621],
"12223 dayton av n":[47.71848,-122.353305],
"123 nw 76th st":[47.683785,-122.359011],
"12725 28th av ne":[47.7219178,-122.2977394],
"1703 s forest st":[47.5778573,-122.3106588],
"1818 6th av w":[47.635343,-122.364616],
"1834 n 54th st":[47.668157,-122.334821],
"2002 2nd av n":[47.636711,-122.352809],
"2434 32nd av w":[47.6406818,-122.3980719],
"2721 w jameson st":[47.6592828,-122.3919533],
"30th av e \/ e harrison st":[47.6225043,-122.2931039],
"3211 30th av w":[47.648966,-122.396013],
"3273 42nd av sw":[47.5735451,-122.3859997],
"3501 58th av sw":[47.573085,-122.407259],
"3707 s ridgeway pl":[47.5768661,-122.2856802],
"3928 s americus st":[47.5604175,-122.2821711],
"4009 s genesee st":[47.56398,-122.2823356],
"4206 latona av ne":[47.6580317,-122.3251354],
"432 ne 72nd st":[47.6808117,-122.3232232],
"504 alaskan way s":[47.5995027,-122.3355403],
"5247 42nd av sw":[47.554301,-122.385889],
"5501 ravenna av ne":[47.6687023,-122.3039207],
"565 aloha st":[47.6269852,-122.3454986],
"6416 17th av nw":[47.675837,-122.37859],
"7103 29th av sw":[47.539018,-122.370201],
"7171 holly park dr s":[47.5387267,-122.2871593],
"7539 23rd av nw":[47.6843126,-122.3856945],
"8329 22nd av nw":[47.6895969,-122.3846238],
"8656 17th av sw":[47.5249468,-122.3564016],
"9012 28th av nw":[47.694724,-122.39163],
"9334 57th av s":[47.5179329,-122.2613496],
"935 16th av":[47.6113044,-122.3118157],
"9503 24th av nw":[47.698133,-122.387908],
"aurora av n \/ n 85th st":[47.6905601,-122.3445198],
"e boston st \/ 15th av e":[47.6375231,-122.3136698],
"eb sr520 at mid span eb":[47.640356,-122.259147],
"greenwood av n \/ n 102nd st":[47.702917,-122.3554166],
"n 96th st \/ stone av n":[47.6985459,-122.3419116]
}