{
"10845 11th av ne":[47.7082865,-122.3161317],
"1116 ne 47th st":[47.6632465,-122.3155946],
"11339 8th av ne":[47.7115391,-122.3209952],
"1325 6th av":[47.6095606,-122.3335478],
"14050 hill top ln nw":[47.7326819,-122.366595],
"150 s main st":[47.60006,-122.3328756],
"1530 melrose av":[47.6149435,-122.3275762],
"160 n 130th st":[47.723251,-122.3573198],
"1607 8th av w":[47.633856,-122.3681],
"1800 ne 96th st":[47.699031,-122.308664],
"2400 s bayview st":[47.5810345,-122.3016326],
"2424 34th av w":[47.640342,-122.400635],
"24th av \/ e columbia st":[47.6090202,-122.3014507],
"2625 38th av w":[47.64384,-122.406127],
"2824 nw 92nd st":[47.6961009,-122.3941561],
"3406 hunter blvd s":[47.5721583,-122.2845817],
"4114 dayton av n":[47.657136,-122.352124],
"5205 25th av sw":[47.554744,-122.364654],
"5220 15th av nw":[47.6669795,-122.3758375],
"5401 delridge way sw":[47.5536213,-122.363117],
"5531 25th av ne":[47.669531,-122.30092],
"5816 s hawthorn rd":[47.548924,-122.2594699],
"6730 division av nw":[47.6786469,-122.3662892],
"6732 30th av s":[47.5417538,-122.2935231],
"7743 13th av nw":[47.6863574,-122.373005],
"823 ne 104th st":[47.7038485,-122.3195024],
"8323 rainier av s":[47.5283851,-122.2703786],
"901 marion st":[47.6076887,-122.3266877],
"9331 57th av s":[47.5180239,-122.261994],
"946 10th av e":[47.62822,-122.319869],
"9736 greenwood av n":[47.7007747,-122.3551097],
"e republican st \/ boylston av e":[47.6231476,-122.3230457],
"eb sr520 at montlake bv":[47.643417,-122.308528],
"lake washington blvd e \/ arboretum dr e":[47.6281196,-122.2940011],
"nw 64th st \/ 28th av nw":[47.6752154,-122.3929792],
"s roxbury st \/ 55th av s":[47.5168275,-122.2639681],
"sb sr99 at spokane \/ east marginal way s":[47.5713723,-122.3394687]
}