{
"- 0 nb i5 at 50":[47.6649604,-122.321771],
"1014 ne 97th st":[47.699722,-122.316966],
"1017 w armour st":[47.644807,-122.371051],
"10823 marine view dr sw":[47.505624,-122.381186],
"11317 35th av ne":[47.710724,-122.2906949],
"12535 20th av ne":[47.7204089,-122.307801],
"1505 5th av":[47.6115217,-122.3365432],
"1901 6th av":[47.6136289,-122.3370583],
"2026 17th av s":[47.584682,-122.310393],
"2046 ne 98th st":[47.700438,-122.3048613],
"2108 n 44th st":[47.6604624,-122.3332652],
"222 ne 89th st":[47.693383,-122.325955],
"2405 s morgan":[47.5441577,-122.3020523],
"2609 21st av s":[47.579901,-122.305846],
"2753 60th av sw":[47.5778699,-122.4096168],
"33rd av w \/ w government way":[47.6599386,-122.3995076],
"3418 s mount baker blvd":[47.5774892,-122.2890532],
"3733 47th pl ne":[47.6554261,-122.276733],
"3740 sw monroe st":[47.531553,-122.3810755],
"3961 s edmunds st":[47.558409,-122.280951],
"4014 ne 123rd st":[47.717567,-122.284725],
"402 w galer st":[47.6325475,-122.362693],
"4024-4099 montlake blvd ne":[47.6547722,-122.3023871],
"410 university st":[47.6084261,-122.3344263],
"4109 15th av s":[47.566881,-122.313875],
"4334 evanston av n":[47.659982,-122.350686],
"4724 s findlay st":[47.552113,-122.273076],
"5244 ballard av nw":[47.6662407,-122.3829604],
"525 ne northgate way":[47.70809,-122.3215847],
"5505 s willow st":[47.5405501,-122.2642587],
"5908 beacon av s":[47.549711,-122.301024],
"6051 41st av ne":[47.6736746,-122.2838569],
"610 nw 83rd st":[47.6893093,-122.3639223],
"7011 37th av ne":[47.679931,-122.288564],
"7435 latona av ne":[47.6830945,-122.3258567],
"7926 5th av sw":[47.531073,-122.341252],
"941 n 85th st":[47.690329,-122.345382]
}