{
"1111 nw 85th st":[47.690415,-122.371067],
"1318 palm av sw":[47.591881,-122.384655],
"1406 s dean st":[47.595204,-122.3132927],
"1433 nw 65th st":[47.6759853,-122.3751541],
"1710 n 103rd st":[47.7034328,-122.3369715],
"2422 eyres pl w":[47.6401023,-122.4041776],
"2530 alki av sw":[47.5804719,-122.4064683],
"2717 11th av w":[47.6449423,-122.3718462],
"2723 24th av e":[47.6451084,-122.3019454],
"3020 17th av w":[47.6476734,-122.3788264],
"3222 64th av sw":[47.5752359,-122.414274],
"3237 lakewood av s":[47.5741316,-122.2824969],
"3430 rainier av s":[47.5721577,-122.2930428],
"400 e mercer st":[47.6243049,-122.3259618],
"4053 sw donovan st":[47.5250268,-122.3845043],
"4226 36th av s":[47.564623,-122.286868],
"46th av s \/ s garden st":[47.5376329,-122.2753219],
"4821 fauntleroy way sw":[47.558583,-122.3818426],
"4904 sw spokane st":[47.572239,-122.3951228],
"5604 42nd av w":[47.6697328,-122.4100263],
"59th av sw \/ sw charlestown st":[47.5701021,-122.4084785],
"614 broadway e":[47.6247222,-122.3206876],
"6838 46th av ne":[47.6787443,-122.2787521],
"702 minor av":[47.6079003,-122.3222521],
"7932 45th av sw":[47.531419,-122.390124],
"7944 9th av sw":[47.5306216,-122.3465065],
"840 ne 97th st":[47.6997101,-122.3186897],
"9426 renton av s":[47.5175242,-122.2702304],
"9709 9th av nw":[47.700517,-122.369061],
"sw alaska st \/ 38th av sw":[47.5610446,-122.3800901]
}