{
"107 n 90th st":[47.6941012,-122.3576132],
"10715 interlake av n":[47.707357,-122.341067],
"10839 marine view dr sw":[47.5051856,-122.3807785],
"11521 phinney av n":[47.7130058,-122.3545201],
"13025 meridian av n":[47.724029,-122.334619],
"1323 willard av w":[47.631213,-122.3661088],
"1767 sturgus av s":[47.5872121,-122.3118696],
"1909 sw 98th st":[47.515326,-122.35866],
"1940 15th av e":[47.63706,-122.313234],
"222 10th av e":[47.6206109,-122.3195334],
"2320 49th av sw":[47.5823127,-122.3938142],
"2749 38th av sw":[47.577824,-122.380583],
"349 17th av":[47.6057592,-122.3105715],
"3826 s orcas st":[47.5514221,-122.2838737],
"434 lakeside av s":[47.598068,-122.286299],
"4717 west marginal way sw":[47.5606464,-122.3519858],
"4865 29th av s":[47.558478,-122.295975],
"4902 rainier av s":[47.5578194,-122.28462],
"505 5th av s":[47.5979055,-122.3285331],
"517 26th av":[47.606738,-122.299221],
"5513 26th av ne":[47.6689883,-122.2997683],
"602 37th av":[47.6072279,-122.2859798],
"6515 17th av ne":[47.67627,-122.310126],
"7043 33rd av ne":[47.680705,-122.2929],
"7900 16th av sw":[47.531677,-122.3547344],
"9034 39th av sw":[47.521869,-122.381725],
"9506 18th av nw":[47.698434,-122.378828],
"9640 52nd av s":[47.515705,-122.2671312],
"e howell st \/ boylston av":[47.6177599,-122.3234416],
"ne 107th st \/ 15th av ne":[47.706706,-122.3124307],
"s morgan st \/ 47th av s":[47.5442442,-122.2737233]
}