{
"10012 densmore av n":[47.701845,-122.336965],
"12032 pinehurst way ne":[47.716558,-122.31072],
"1211 ne 97th st":[47.69919,-122.314378],
"1212 9th av w":[47.6303978,-122.3690546],
"14039 greenwood av n":[47.731653,-122.356024],
"1816 11th av w":[47.6352989,-122.3714062],
"1961 boren av":[47.6174008,-122.333518],
"2125 52nd av sw":[47.584681,-122.397388],
"2527 piedmont pl w":[47.6421959,-122.4032359],
"3215 35th av w":[47.649171,-122.402671],
"4015 sw prince st":[47.582219,-122.382476],
"415 terry av":[47.6048367,-122.3225813],
"4200 sw alaska st":[47.5610789,-122.3854802],
"4216 3rd av nw":[47.658209,-122.360453],
"4297 9th av nw":[47.6585451,-122.3675347],
"4616 ohio av s":[47.5617488,-122.3380249],
"530 occidental av s":[47.5979712,-122.3332547],
"6519 shaffer av s":[47.5437284,-122.2949136],
"6711 california av sw":[47.5428002,-122.3875885],
"7032 24th av ne":[47.680383,-122.301437],
"710 s rose st":[47.5292102,-122.3250302],
"7211 28th av ne":[47.681156,-122.297837],
"724 n 102nd st":[47.703103,-122.348865],
"7744 20th av sw":[47.532343,-122.358712],
"8806 delridge way sw":[47.5244538,-122.3600626],
"900 n 46th st":[47.6620609,-122.3464955],
"9014 45th av ne":[47.694108,-122.279637],
"9280 california av sw":[47.520307,-122.386832],
"bridge way n \/ woodland park av n":[47.6534857,-122.3446668],
"rainier av s \/ s eddy st":[47.5453656,-122.275127]
}