{
"10043 37th av sw":[47.5124854,-122.3792986],
"102 21st av e":[47.618618,-122.304452],
"1114 16th av":[47.612042,-122.311102],
"123 nw bowdoin pl":[47.6546879,-122.3582508],
"16th av sw \/ sw thistle st":[47.5282888,-122.3550538],
"1716 summit av":[47.6168464,-122.3255281],
"2158 n 50th st":[47.6652333,-122.3312302],
"2350 california av sw":[47.5815811,-122.3862443],
"3534 sw monroe st":[47.531456,-122.378231],
"4746 44th av sw":[47.5597542,-122.3877587],
"48th av sw \/ sw dawson st":[47.5556499,-122.3936252],
"4th av w \/ w roy st":[47.6258637,-122.3619327],
"5211 38th av ne":[47.66705,-122.287172],
"55th av sw \/ alki av sw":[47.5823968,-122.4026131],
"6513 29th av s":[47.543955,-122.2961194],
"6558 greenwood av n":[47.6776686,-122.3551983],
"6th av nw \/ nw 48th st":[47.6636521,-122.3639769],
"7177 holly park dr s":[47.5387255,-122.2871581],
"770 30th av":[47.609057,-122.293394],
"8423 california av sw":[47.527827,-122.387809],
"9019 39th av s":[47.5225479,-122.2837297],
"n 120th st \/ dayton av n":[47.715965,-122.3528622],
"stone way n \/ bridge way n":[47.654582,-122.3424936]
}