{
"10708 durland av ne":[47.707676,-122.277859],
"1152 nw 50th st":[47.6650591,-122.3728372],
"1422 queen anne av n":[47.6320922,-122.3563779],
"1530 belmont av":[47.6148404,-122.3244265],
"17037 35th av ne":[47.7531688,-122.2918092],
"2148 westlake av n":[47.6391693,-122.3414062],
"344 randolph av":[47.605008,-122.285342],
"3444 13th av sw":[47.572574,-122.351479],
"4010 aikins av sw":[47.568163,-122.40637],
"4120 29th av s":[47.5657036,-122.2974308],
"4251 ne 88th st":[47.692107,-122.280449],
"4711 48th av sw":[47.560739,-122.39393],
"4801 53rd av s":[47.559251,-122.267312],
"5400 ballard av nw":[47.667873,-122.3848845],
"547 occidental av s":[47.596739,-122.333684],
"6511 high point dr sw":[47.5445442,-122.3681378],
"6525 20th av nw":[47.676733,-122.382472],
"6714 alonzo av nw":[47.678333,-122.374728],
"7555 26th av nw":[47.6847056,-122.3900579],
"8307 5th av s":[47.5301578,-122.328788],
"9454 23rd av sw":[47.517523,-122.36221],
"9534 32nd av ne":[47.698458,-122.292929],
"9535 4th av nw":[47.698872,-122.362413],
"meridian av n \/ n northgate way":[47.708657,-122.3339812]
}