{
"11024 3rd av nw":[47.709484,-122.360433],
"11746 25th av ne":[47.715148,-122.301351],
"12527 15th av ne":[47.7200295,-122.312708],
"12716 11th av nw":[47.721992,-122.369991],
"13014 3rd av nw":[47.7237805,-122.3605643],
"13746 23rd pl ne":[47.729504,-122.3032753],
"1501 32nd av s":[47.5891897,-122.2918363],
"1700 s mcclellan st":[47.5787203,-122.3107154],
"1705 n 39th st":[47.654117,-122.337108],
"1900-1999 minor av":[47.6176253,-122.3318605],
"2063 41st av e":[47.6387574,-122.2799048],
"22nd av w \/ w armour st":[47.6447556,-122.3846591],
"2429 s graham st":[47.5463776,-122.3012062],
"2616 38th av sw":[47.5806002,-122.3798967],
"2670 e cherry st":[47.6080178,-122.2976604],
"2827 21st av w":[47.645606,-122.383724],
"2831 nw 73rd st":[47.6814836,-122.3945136],
"2915 sw graham st":[47.5470751,-122.3703672],
"3042 23rd av w":[47.647833,-122.385592],
"316 17th av s":[47.5995149,-122.3100231],
"4112 midvale av n":[47.6571249,-122.3432857],
"4323 corliss av n":[47.659853,-122.331744],
"4441 s warsaw st":[47.543099,-122.276396],
"4517 s juneau st":[47.549498,-122.276266],
"4786 1 av s":[47.5586089,-122.3332542],
"48th av s \/ s findlay st":[47.5518991,-122.2726527],
"510 17th av e":[47.623649,-122.309627],
"5154 s augusta st":[47.499939,-122.268213],
"518 broadway e":[47.623672,-122.3205391],
"5205 phinney av n":[47.666609,-122.3544269],
"521 n 72nd st":[47.6810468,-122.3515556],
"5508 s leo st":[47.502785,-122.264355],
"5811 ne 59th st":[47.6712328,-122.265137],
"5977 18th av sw":[47.547911,-122.357727],
"616 nw 89th st":[47.6937344,-122.364147],
"6205 1st av ne":[47.6738683,-122.3284424],
"6720 29th av s":[47.541965,-122.2955271],
"6720 phinney av n":[47.678484,-122.354077],
"7302 34th av nw":[47.681847,-122.400694],
"734 20th av e":[47.626235,-122.305696],
"7545 lake city way ne":[47.6843756,-122.3160596],
"8521 14th av nw":[47.691338,-122.374509],
"9221 2nd av nw":[47.6967621,-122.359682],
"9411 58th av s":[47.5180629,-122.2608371],
"capitol hill block party":[47.6146866,-122.3194536],
"ne pacific st \/ ne boat st cutoff rd":[47.6536824,-122.3173925],
"s day st \/ lakeside av s":[47.589846,-122.286403],
"s fontanelle st \/ rainier av s":[47.5359271,-122.2700119],
"stone way n \/ burke gilman trl":[47.6485407,-122.3427754]
}