{
"1012 w fulton st":[47.6460293,-122.3710957],
"11732 3rd av nw":[47.715169,-122.360522],
"1213 e pine st":[47.6151072,-122.3158913],
"1309 nw 100th st":[47.701285,-122.373243],
"1314 s edmunds st":[47.5596194,-122.3154101],
"1440 e pine st":[47.6153007,-122.3135452],
"1528 25th av":[47.615006,-122.299713],
"15th av w \/ w armory way":[47.6376489,-122.3762077],
"1821 sw brandon st":[47.553477,-122.358082],
"2367 s forest st":[47.5772465,-122.3015844],
"256 ne 50th st":[47.665203,-122.325842],
"261 ne 45th st":[47.6611625,-122.3256384],
"3116 23rd av s":[47.5753204,-122.303039],
"3400 9th av w":[47.6506215,-122.3686577],
"3447 4th av s- aqua quip co":[47.5724158,-122.3298343],
"3513 bagley av n":[47.649643,-122.333053],
"35th av ne \/ ne 62nd st":[47.6739825,-122.2902419],
"3656 phinney av n":[47.653892,-122.354132],
"3927 1st av ne":[47.6542774,-122.3282627],
"4311 phinney av n":[47.659385,-122.354712],
"4619 34th av w":[47.6640339,-122.4020877],
"4709 43rd av s":[47.5602016,-122.2797796],
"5121 s myrtle st":[47.538708,-122.269015],
"5626 45th av sw":[47.5513059,-122.3894584],
"5753 kirkwood pl n":[47.671542,-122.33383],
"5803 sand point way ne":[47.6708011,-122.2700035],
"659 ne northlake way":[47.6542457,-122.3213166],
"77 rainier av s":[47.4838019,-122.217601],
"7th av sw \/ sw cambridge st":[47.5191257,-122.3441546],
"8206 2nd av ne":[47.6888454,-122.3269838],
"8500 perimeter rd s":[47.5252259,-122.2949273],
"9218 35th av sw":[47.5203956,-122.3764404],
"9231 spear pl s":[47.520162,-122.27484],
"929 nw 64th st":[47.6751806,-122.3700808],
"e prospect st \/ 11th av e":[47.6284363,-122.3180476],
"eastlake av e \/ fairview av n":[47.6322554,-122.326071],
"marion st \/ 9th av":[47.6076948,-122.3267087],
"thomas st \/ broad st":[47.620908,-122.3476013]
}