{
"10030 richwood av nw":[47.7020655,-122.3864877],
"11532 stone av n":[47.7126833,-122.3420883],
"1201 shenandoah dr e":[47.63014,-122.289665],
"12226 corliss av n":[47.71784,-122.329906],
"1224 s jackson st":[47.5994579,-122.3159863],
"1522 n 128th st":[47.72271,-122.338857],
"1617 sw lander st":[47.5802089,-122.3567463],
"1647 22nd av e":[47.6345801,-122.3040525],
"1815 n 45th st":[47.6609044,-122.3357004],
"200 lenora st":[47.6125236,-122.3430908],
"20th av sw \/ sw genesee st":[47.5647888,-122.3590342],
"214 29th av e":[47.620674,-122.294398],
"2217 n 36th st":[47.6504763,-122.3322318],
"2310 n 65th st":[47.6761383,-122.3303374],
"2714 e madison st":[47.6228683,-122.2970969],
"3114 14th av s":[47.575496,-122.314308],
"3420 24th av w":[47.651029,-122.387033],
"345 17th av e":[47.621798,-122.310351],
"3513 sw hanford st":[47.575379,-122.3765991],
"4244 ne 73rd st":[47.6817773,-122.2817776],
"4811 rutan pl sw":[47.558928,-122.389199],
"5000 m l king jr way s":[47.5568217,-122.2904587],
"5126 s roxbury st":[47.5170682,-122.2688613],
"5563 29th av ne":[47.670294,-122.296541],
"625 nw 41st st":[47.656652,-122.36478],
"630 lake washington blvd s":[47.5976088,-122.2896888],
"6451 30th av sw":[47.5444399,-122.3699713],
"6550 24th av nw":[47.6773448,-122.3875268],
"7012 holly park dr s":[47.5394108,-122.2874769],
"7300 west marginal way s":[47.5365016,-122.3336585],
"7526 renton av s":[47.534314,-122.2798026],
"7th av s \/ s king st":[47.5983502,-122.3237614],
"8129 occidental av s":[47.5294903,-122.3337203],
"8725 29th av nw":[47.69271,-122.394541],
"910 n 82nd st":[47.688609,-122.346657],
"965 20th av":[47.612231,-122.306653],
"dayton av n \/ n 45th st":[47.6614171,-122.3520436],
"n 52nd st \/ phinney av n":[47.6663961,-122.3544105],
"queen anne dr \/ 4th av n":[47.6429748,-122.3495597],
"sturtevant av s \/ s roxbury st":[47.5168429,-122.2675214]
}