{
"1039 ne 94th st":[47.6965338,-122.3158767],
"1105 nw 80th st":[47.6867562,-122.3707231],
"11086 arroyo beach pl sw":[47.5028859,-122.385231],
"111 14th av e":[47.6192027,-122.314683],
"11474 marine view dr sw":[47.499326,-122.376874],
"12525 22nd av ne":[47.720061,-122.306401],
"1700 6th av s":[47.58821,-122.3259636],
"1717 summit av":[47.6169,-122.325917],
"201 s jackson st":[47.5988193,-122.3309376],
"2110 wolfe pl w":[47.6380463,-122.3987749],
"2131 n 88th st":[47.6922489,-122.332373],
"2325 e thomas st":[47.6212163,-122.3013809],
"2516 15th av s":[47.5806033,-122.3132446],
"2615 nw 59th st":[47.671355,-122.390679],
"2682 ne village ln":[47.6623953,-122.2979342],
"2802 rainier av s":[47.5780297,-122.2974043],
"2820 e pine st":[47.6153026,-122.2953556],
"3030 ne 133rd st":[47.724921,-122.295066],
"319 ne 45th st":[47.6612026,-122.3242086],
"36th av sw \/ sw manning st":[47.5711815,-122.377117],
"3818-3829 s sunny view dr":[47.515711,-122.2844852],
"402 w crockett st":[47.637937,-122.3625305],
"4112 1st av nw":[47.656819,-122.357257],
"4120 dayton av n":[47.657352,-122.352218],
"5033 brooklyn av ne":[47.6659084,-122.3144889],
"5214 s orchard ter":[47.538392,-122.266575],
"5407 40th av sw":[47.553554,-122.383301],
"5841 ne park point dr":[47.6770675,-122.2647643],
"5937 4th av s":[47.5499528,-122.3296047],
"5954 high point dr sw":[47.5491108,-122.3686382],
"62nd av s \/ s cooper st":[47.5116695,-122.2558705],
"7136 m l king jr way s":[47.5377783,-122.2810324],
"7347 keen way n":[47.682931,-122.342442],
"7645 rockery dr s":[47.533811,-122.2825177],
"809 ne northgate way":[47.7085884,-122.3198595],
"8128 8th av sw":[47.529272,-122.345112],
"8410 5th av ne":[47.6900985,-122.3227645],
"9201 3rd av sw":[47.5208282,-122.3391766],
"9480 rainier av s":[47.520444,-122.2619068],
"leary av nw \/ nw vernon pl":[47.6668661,-122.3823721]
}