{
"10526 20th av ne":[47.705659,-122.3058],
"12530 20th av ne":[47.7205284,-122.3070112],
"1400 western av":[47.6075922,-122.3402159],
"1408 9th av w":[47.631497,-122.36868],
"1503 lake washington blvd":[47.6141691,-122.2818212],
"1717 alki av sw":[47.5885162,-122.39525],
"2329 41st av e":[47.640036,-122.279921],
"2345 ne 91st st":[47.694561,-122.302316],
"26th av nw \/ nw 58th st":[47.6709292,-122.3901003],
"2709 airport way s":[47.5793653,-122.3221416],
"2817 15th av s":[47.578075,-122.3136584],
"3201 ne 120th st":[47.7153788,-122.2936892],
"3209 e james st":[47.606619,-122.291232],
"3258 ne 98th st":[47.700222,-122.2909244],
"3353 58th av sw":[47.573296,-122.406706],
"339 e republican st":[47.6230402,-122.3267561],
"3722 e high ln":[47.6205605,-122.2850155],
"3828 ne 93rd st":[47.6962,-122.286614],
"4231 s graham st":[47.5457819,-122.2794935],
"4550 51st av ne":[47.6627343,-122.2721933],
"4754 26th av sw":[47.559479,-122.365147],
"5002 37th av sw":[47.557297,-122.378505],
"5137 s juneau st":[47.5495068,-122.2681657],
"5261 california av sw":[47.5546738,-122.387375],
"527 ne 127th st":[47.721044,-122.322352],
"5500 aurora av n":[47.6725015,-122.3471668],
"5953 39th av s":[47.548224,-122.283853],
"600 4th av":[47.603828,-122.330056],
"6511 25th av nw":[47.676284,-122.388958],
"6800 west marginal way sw":[47.5410369,-122.342995],
"7157 holly park dr s":[47.5387297,-122.287162],
"746 westlake av n":[47.6260263,-122.3388085],
"8014 13th av nw":[47.687374,-122.372379],
"812 s thistle st":[47.528408,-122.322283],
"8306 48th av s":[47.5288449,-122.272455],
"834 36th av e":[47.626878,-122.286089],
"8753 forest hill pl nw":[47.69385,-122.397956],
"916 29th av":[47.610539,-122.294599],
"9445 14th av sw":[47.517887,-122.3531029],
"leary way nw \/ nw ballard way":[47.6629228,-122.368565],
"s spokane st \/ 2nd av s":[47.5716884,-122.3320642]
}