{
"11346 28th av ne":[47.711336,-122.297771],
"11738 bartlett av ne":[47.714872,-122.283495],
"12541 9th av nw":[47.720872,-122.368086],
"1308 e union st":[47.6131478,-122.31505],
"1326 12th av s":[47.590694,-122.316905],
"1495 s columbian way":[47.5693677,-122.3139209],
"1861 41st av e":[47.6364925,-122.2799585],
"2023 16th av s":[47.584828,-122.312448],
"2248 nw 58th st":[47.6709325,-122.3868399],
"2459 5th av w":[47.641267,-122.363868],
"2500 3rd av":[47.6163937,-122.3471851],
"2669 10th av w":[47.6441841,-122.3702294],
"3202 32nd av w":[47.648817,-122.39786],
"3519 s dawson st":[47.5549215,-122.2884905],
"356 n 83rd st":[47.689333,-122.352803],
"4218 s brighton st":[47.541801,-122.279984],
"4220 dayton av n":[47.658256,-122.351753],
"4245 roosevelt way ne":[47.658827,-122.31831],
"4541 union bay pl ne":[47.6621936,-122.2942027],
"4615 aurora av n":[47.6625927,-122.3476772],
"4653 s chicago st":[47.5324622,-122.2730824],
"5243 22nd av ne":[47.6677277,-122.3046423],
"550 ne 82nd st":[47.68844,-122.320815],
"5727 30th av ne":[47.6711508,-122.2953332],
"5970 32nd av sw":[47.5486896,-122.3736725],
"617 nw 40th st":[47.6557809,-122.3644916],
"634 w nickerson st":[47.6521475,-122.3658406],
"6716 46th av s":[47.54192,-122.275012],
"698 n 50th st":[47.6650502,-122.3504336],
"722 n 143rd st":[47.7328417,-122.3493625],
"820 1st av s":[47.5950939,-122.3337704],
"9261 44th av sw":[47.5202916,-122.3895218],
"n 130th st & aurora av n":[47.7232383,-122.3449557],
"ne 120th st \/ lake city way ne":[47.7156179,-122.2974068],
"ne 41st st \/ 50th av ne":[47.6584174,-122.2739972]
}