{
"10333 ravenna av ne":[47.703939,-122.298771],
"11015 durland av ne":[47.709564,-122.279471],
"112 broadway":[47.6019383,-122.3207533],
"1145 nw 63rd st":[47.6743951,-122.3731697],
"11733 dayton av n":[47.715141,-122.353275],
"11933 lakeside pl ne":[47.716399,-122.279626],
"14034 24th av ne":[47.730877,-122.302667],
"1525 ne 95th st":[47.6974385,-122.310936],
"3001 alki av sw":[47.578103,-122.416113],
"3008 garlough av sw":[47.5772,-122.396283],
"3219 43rd av w":[47.64911,-122.412287],
"3611 woodland park av n":[47.6509258,-122.3443147],
"3902 s pilgrim st":[47.515986,-122.284571],
"3931 leary way nw":[47.654809,-122.361302],
"4100 sw hill st":[47.5853309,-122.383745],
"4839 pullman av ne":[47.6691286,-122.2739117],
"504 5th av":[47.6033413,-122.3288531],
"617 n 35th st":[47.6505957,-122.3504632],
"652 nw 114th pl":[47.712172,-122.365785],
"6700 dayton av n":[47.677958,-122.3524114],
"715 n 120th st":[47.7158049,-122.3495054],
"716 n 96th st":[47.6989919,-122.349023],
"7348 18th av ne":[47.6826409,-122.308528],
"7984 1st av s":[47.5313984,-122.3349469],
"8131 50th av s":[47.5293224,-122.2709806],
"8500 9th av nw":[47.690882,-122.3680772],
"901 e roanoke st":[47.642959,-122.320962],
"9014 21st av nw":[47.695168,-122.382266],
"9047 17th av sw":[47.5213834,-122.3569518],
"california av sw \/ sw graham st":[47.5466844,-122.3872021],
"greenwood av n \/ n 137th st":[47.7287826,-122.3555318],
"ne 51st st \/ latona av ne":[47.6657211,-122.3256095],
"ne 75th st \/ 25th av ne":[47.6830488,-122.3007437],
"queen anne av n & mercer st":[47.6245822,-122.3567139]
}