{
"1140 nw market st":[47.6688927,-122.3728226],
"11436 renton av s":[47.500174,-122.249665],
"1200 e madison st":[47.6128449,-122.3167896],
"1493 s columbian way":[47.569592,-122.313974],
"1510 nw 59th st":[47.6718318,-122.3768067],
"1921 s orcas st":[47.5509956,-122.3077363],
"2003 franklin av e":[47.636929,-122.325028],
"2028 14th av w":[47.637611,-122.374651],
"2410 e cherry st":[47.608511,-122.300819],
"323 ne 53rd st":[47.666931,-122.324471],
"348 18th av e":[47.621918,-122.308332],
"3616 burke av n":[47.6510726,-122.3348002],
"4216 s bozeman st":[47.5323536,-122.2798276],
"4505 55th av ne":[47.661505,-122.2690231],
"4931 24th av s":[47.557251,-122.302696],
"5514 26th av s":[47.552128,-122.298741],
"5604 s bangor st":[47.5063105,-122.2627853],
"6009 33rd av s":[47.547602,-122.290689],
"6154 s prentice st":[47.5083358,-122.2562681],
"666 s homer st":[47.552345,-122.3248948],
"726 20th av e":[47.6260183,-122.3057935],
"7311 18th av ne":[47.681648,-122.309165],
"8800 3rd av s":[47.524503,-122.330421],
"8845 28th av sw":[47.523355,-122.369054],
"9017 7th av nw":[47.6948239,-122.365063],
"9714 greenwood av n":[47.7001114,-122.3553774],
"ne 130th st \/ 28th av ne":[47.7229083,-122.2977415],
"w howe st \/ 12th av w":[47.6359815,-122.3727173],
"wb wsea frwy fr 1":[47.5737,-122.334204]
}