{
"10304 8th av nw":[47.703556,-122.365722],
"11209 lake ridge dr s":[47.502592,-122.243216],
"120 nw 104th st":[47.704575,-122.358966],
"1220 ne 63rd st":[47.674347,-122.314675],
"12331 26th av ne":[47.718352,-122.3005699],
"1240 ne 143rd st":[47.7322247,-122.3134574],
"13th av s \/ s oregon st":[47.5634991,-122.3160516],
"1426 29th av":[47.6137787,-122.2946521],
"1628 45th av sw":[47.5884818,-122.3886548],
"2016 26th av e":[47.638482,-122.299102],
"2202 13th av s":[47.583562,-122.315623],
"2305 thorndyke av w":[47.6393112,-122.3875934],
"2514 e lynn st":[47.639748,-122.299579],
"33rd av s \/ s lander st":[47.5796449,-122.290867],
"35th av ne \/ 34th av ne":[47.7132815,-122.290826],
"425 n 61st st":[47.67295,-122.353241],
"43rd av ne \/ ne 45th st":[47.6612872,-122.2812766],
"4707 38th av sw":[47.5605718,-122.3802708],
"502 18th av s":[47.5981357,-122.3087462],
"511 w highland dr":[47.629334,-122.363653],
"5262 beach dr sw":[47.554905,-122.399153],
"5656 23rd av sw":[47.5503255,-122.3615014],
"663 wheeler st":[47.6409166,-122.3445817],
"7 mercer st":[47.6244179,-122.3563116],
"7050 50th av ne":[47.680874,-122.27396],
"7272 east marginal way s":[47.5376728,-122.3188811],
"9212 phinney av n":[47.696446,-122.353642],
"m l king jr way s \/ 32nd av s":[47.5580496,-122.2914618],
"n 122nd st \/ north park av n":[47.7177688,-122.3494294],
"nw 132nd st \/ 3rd av nw":[47.725075,-122.360951],
"nw 74th st \/ 3rd av nw":[47.6825405,-122.3606438],
"s lane st \/ 23rd av s":[47.5964718,-122.3022443],
"thomas st \/ 2nd av n":[47.620932,-122.3528534]
}