{
"0 sb i5 at 145":[47.72959,-122.324067],
"10801 32nd av sw":[47.50622,-122.373796],
"110 16th av":[47.6020693,-122.3115474],
"1102 e denny way":[47.6189589,-122.317995],
"1127 ne 135th st":[47.726427,-122.315539],
"1150 fairview av e":[47.6316638,-122.3270816],
"1520 ne northgate way":[47.708816,-122.311506],
"1526 nw 46th st":[47.6624327,-122.3772588],
"1947 5th av w":[47.6372969,-122.364036],
"2010 e fir st":[47.6028139,-122.3057237],
"2017 s washington st":[47.6050091,-122.3058095],
"2215 1st av":[47.6128677,-122.3460602],
"2580 west viewmont way w":[47.643099,-122.409299],
"2631 nw 62nd st":[47.6734539,-122.3918308],
"2743 ne 143rd pl":[47.7325116,-122.2973732],
"3000 beacon av s":[47.5767384,-122.3098434],
"3024 59th av sw":[47.5768459,-122.4077702],
"3118 e pine st":[47.615506,-122.291708],
"3452 22nd av w":[47.6518171,-122.3841976],
"3610 31st av w":[47.6527079,-122.396493],
"3820 36th av w":[47.654721,-122.403208],
"3896 benton ln ne":[47.6539596,-122.3057474],
"3950 6th av nw":[47.655442,-122.363461],
"40th av ne \/ burke gilman trl":[47.6560554,-122.3629568],
"4212 5th av nw":[47.658219,-122.362608],
"5230 university way ne":[47.6672901,-122.3127012],
"5608 sw charlestown st":[47.5704224,-122.4043156],
"5721 46th av s":[47.550531,-122.275707],
"6520 32nd av ne":[47.6759201,-122.292989],
"6842 42nd av ne":[47.6788623,-122.2836792],
"8321 wabash av s":[47.5284701,-122.2689085],
"holly park dr s \/ s myrtle pl":[47.5372911,-122.286847],
"m l king jr way s \/ s bradford st":[47.5691365,-122.2969813],
"mercer\/sr99":[47.6244883,-122.3436941],
"sb sr99 at holgate":[47.586048,-122.339445]
}