{
"1039 belmont pl e":[47.628642,-122.324551],
"10605 68th av s":[47.5061858,-122.2492525],
"12315 14th av ne":[47.7180761,-122.314342],
"1305 w barrett st":[47.646438,-122.373862],
"14052 24th av ne":[47.7314,-122.302804],
"1543 15th av e":[47.6339879,-122.3125338],
"1919 e prospect st":[47.6284558,-122.3064118],
"209 23rd av":[47.6037869,-122.302953],
"2212 queen anne av n":[47.6388098,-122.3566357],
"2325 43rd av e":[47.6399356,-122.2774531],
"2410 34th av w":[47.6399367,-122.4005997],
"2526 8th av w":[47.641469,-122.367208],
"2530 32nd av w":[47.6419077,-122.3982952],
"3431 22nd av w":[47.6512909,-122.3849337],
"40th av ne \/ ne 62nd st":[47.6739662,-122.2848717],
"4403 39th av sw":[47.564529,-122.381889],
"4555 39th av sw":[47.5621925,-122.3814686],
"4608 s rose st":[47.5290552,-122.2744234],
"4646 east marginal way s":[47.5619116,-122.3392646],
"4800 s juneau st":[47.549924,-122.272388],
"536 25th av":[47.607287,-122.299624],
"5414 sw dakota st":[47.566919,-122.402517],
"5423 kirkwood pl n":[47.668102,-122.331565],
"6031 29th av sw":[47.5473786,-122.3703409],
"6428 29th av sw":[47.5452836,-122.3694177],
"6537 40th av sw":[47.5438343,-122.3835383],
"7522 crest dr ne":[47.684272,-122.274255],
"7606 latona av ne":[47.6838588,-122.3255773],
"8115 rainier av s":[47.5299419,-122.2702393],
"8359 9th av nw":[47.6904759,-122.368633],
"8360 wabash av s":[47.528269,-122.267874],
"8th av \/ virginia st":[47.6157271,-122.3365868],
"914 23rd av":[47.610497,-122.302391],
"9547 13th av nw":[47.6992369,-122.373222],
"9559 45th av ne":[47.6991609,-122.28043],
"aurora av n \/ n 98th st":[47.7005272,-122.3447053],
"e aloha st \/ 15th av e":[47.6268753,-122.3125847],
"linden av n \/ n 44th st":[47.6600524,-122.3486379],
"nb i5 at lakecity":[47.67769,-122.320387],
"nw 65th st \/ 6th av nw":[47.675978,-122.3639741],
"nw 79th st \/ 8th av nw":[47.6862069,-122.3659762],
"sb i5 exp to cherry+columbia s":[47.604891,-122.329262]
}