{
"122 nw 77th st":[47.684964,-122.35899],
"12244 7th av nw":[47.719157,-122.364631],
"12516 17th av ne":[47.7199145,-122.3105114],
"1538 12th av":[47.6150281,-122.3165302],
"1601 nw 85th st":[47.6905894,-122.3778976],
"1905 s holgate st":[47.5863277,-122.3081017],
"207 9th av":[47.603125,-122.3225431],
"2400 5th av":[47.6168461,-122.3443297],
"2400 sw graham st":[47.5464573,-122.3648847],
"2804 nw 67th st":[47.6775469,-122.393437],
"2818 4th av w":[47.645561,-122.361821],
"2846 nw 68th st":[47.678247,-122.395052],
"3009 ne 135th st":[47.726289,-122.295885],
"317 n 138th st":[47.7294171,-122.3546308],
"3229 ne 87th st":[47.6914177,-122.292013],
"354 s barton st":[47.520903,-122.3299444],
"3624 48th av sw":[47.571332,-122.393063],
"3662 interlake av n":[47.6522144,-122.3410214],
"407 n 87th st":[47.692194,-122.353455],
"411 15th av e":[47.622682,-122.312658],
"4534 11th av ne":[47.6622979,-122.3161646],
"4731 19th av ne":[47.6639271,-122.3075003],
"5019 beach dr sw":[47.557099,-122.402361],
"510 24th av s":[47.597611,-122.300785],
"5209 21st av ne":[47.66674,-122.305855],
"5400 airport way s":[47.5541428,-122.3212659],
"5412 35th av sw":[47.553361,-122.375858],
"6023 43rd av ne":[47.672851,-122.282585],
"6541 10th av nw":[47.6771745,-122.3700189],
"6553 21st av nw":[47.67745,-122.383547],
"8219 aurora av n":[47.6889956,-122.3450117],
"911 n 73rd st":[47.681575,-122.345772],
"9235 37th av s":[47.5203617,-122.286258],
"952 valley st":[47.6257582,-122.3384594],
"9821 51st av sw":[47.514729,-122.395986],
"ne 134th st \/ 35th av ne":[47.7257349,-122.2908797],
"nickerson 15th rp":[47.6542223,-122.3760268]
}