{
"0 - 0 sb i5 exp at 50":[47.656039,-122.322484],
"10219 57th av s":[47.50911,-122.261758],
"1405 nw 90th st":[47.6942397,-122.3742324],
"1704 ne columbia rd, 4 wing-h - us health sciences h wing":[47.6488573,-122.3074523],
"1750 dexter av n":[47.6354235,-122.3420488],
"217 17th av e":[47.6202076,-122.3100847],
"2508 e roy st":[47.625391,-122.299299],
"2721 ne 144th st":[47.7329,-122.298049],
"3005 s holly pl":[47.5418996,-122.2925152],
"316 terry av n":[47.6210655,-122.3371333],
"3420 35th av s":[47.571761,-122.288536],
"3525 ne 105th st":[47.704524,-122.289826],
"3706 ne 42nd st":[47.65935,-122.287824],
"3804 s hanford st":[47.5754101,-122.2845618],
"3806 39th av s":[47.56951,-122.283621],
"4034 delridge way sw":[47.567236,-122.362958],
"4128 renton av s":[47.5653379,-122.29224],
"4214 sw 104th st":[47.510312,-122.386349],
"4702 46th av s":[47.560388,-122.275341],
"4800 - 4999 35th av sw":[47.5592488,-122.3762154],
"4864 rainier av s":[47.558198,-122.284891],
"4916 whitman av n":[47.6646054,-122.346059],
"5001 50th av ne":[47.6649345,-122.2740703],
"5064 beach dr sw":[47.555999,-122.399446],
"5451 35th av sw":[47.5522532,-122.3767362],
"5809 15th av nw":[47.6712353,-122.3767727],
"5985 high point dr sw":[47.5486869,-122.3688869],
"6533 43rd av s":[47.543168,-122.280076],
"6th av \/ virginia st":[47.6143894,-122.3383186],
"7153 fauntleroy way sw":[47.538186,-122.3916911],
"7542 27th av nw":[47.684445,-122.3904878],
"7944 34th av sw":[47.530589,-122.374895],
"8332 beacon av s":[47.5286649,-122.287449],
"852 e gwinn pl":[47.6480521,-122.3197612],
"8624 32nd av sw":[47.525646,-122.37357],
"belmont av e \/ e harrison st":[47.6219887,-122.3240331],
"e union st \/ 23rd av":[47.6129416,-122.3027107],
"nb i5 cd to madison":[47.603904,-122.326696],
"ne 62nd st \/ 15th av ne":[47.6739811,-122.3119352],
"warren pl \/ denny way":[47.618576,-122.3541286]
}