{
"100 eastlake av e":[47.6185664,-122.3290926],
"10029 11th av nw":[47.702365,-122.370471],
"1018 ne 133rd st":[47.725124,-122.317245],
"10628 35th av sw":[47.507138,-122.375556],
"10th av e\/e roanoake":[47.6431935,-122.3200711],
"11th av e \/ e edgar st":[47.6444951,-122.3183694],
"12311 32nd av ne":[47.7178449,-122.294308],
"14038 sunnyside av n":[47.731616,-122.329807],
"150-223 s king st":[47.5983148,-122.3328737],
"1501 31st av s":[47.589284,-122.292857],
"2305 nw 85th st":[47.690389,-122.385823],
"2359 n 62nd st":[47.6735008,-122.3284459],
"2433 8th av s":[47.5810316,-122.3235078],
"3006 s washington st":[47.6008779,-122.2933659],
"3042 ne 45th st":[47.6615772,-122.2937292],
"3120 ne 123rd st":[47.7174466,-122.2942563],
"31st av s \/ s graham st":[47.5461635,-122.292578],
"3221 37th av s":[47.574539,-122.286253],
"3408 17th av s":[47.5727355,-122.3110681],
"3662 sw othello st":[47.537182,-122.381071],
"44th av sw \/ sw college st":[47.5829924,-122.3877969],
"4549 rainier av s":[47.5614914,-122.2874853],
"4676 eastern av n":[47.66486,-122.328777],
"5215 6th av nw":[47.6669638,-122.3635037],
"5243 fauntleroy way sw":[47.5543897,-122.3819206],
"5532 sw campbell pl":[47.578529,-122.403434],
"5614 ne 59th st":[47.671901,-122.267651],
"6533 45th av ne":[47.676801,-122.279962],
"6th av n \/ highland dr":[47.62975,-122.3449438],
"7008 6th av nw":[47.6798659,-122.363036],
"9209 49th av ne":[47.695032,-122.274832],
"9508 ravenna av ne":[47.6976759,-122.3048398],
"burke gilman trl \/ 3rd av nw":[47.6536755,-122.3608314],
"nw 80th st \/ 32nd av nw":[47.6867348,-122.3983086],
"s homer st \/ corson av s":[47.5504142,-122.3207431],
"weller st walkway":[47.5975956,-122.3282073]
}