{
"10248 34th av sw":[47.510473,-122.374503],
"1121 22nd av e":[47.6293243,-122.3038806],
"13330 20th av ne":[47.725776,-122.306882],
"1539 s snoqualmie st":[47.5614864,-122.3115543],
"1615 21st av":[47.615785,-122.30537],
"1801 12th av":[47.617766,-122.3173335],
"2473 crestmont pl w":[47.6410307,-122.4059177],
"2520 21st av s":[47.580353,-122.30504],
"3060 sw avalon way":[47.566135,-122.372127],
"3438 e huron st":[47.602303,-122.287823],
"3802 24th av s":[47.5700781,-122.3018074],
"3820 rainier av s":[47.568906,-122.288487],
"3911 41st av sw":[47.5688903,-122.3843867],
"3936 14th av s":[47.5681772,-122.3146922],
"419 w howe st":[47.6357864,-122.3632792],
"424 n 130th st":[47.723599,-122.353436],
"4435 letitia av s":[47.562963,-122.289368],
"4715 s findlay st":[47.551697,-122.273581],
"5000 19th av ne":[47.6648811,-122.3071601],
"507 n 62nd st":[47.6736708,-122.3524663],
"558 occidental av s":[47.5978426,-122.3332533],
"640 nw 49th st":[47.6644023,-122.3658277],
"6419 23rd av s":[47.544801,-122.304438],
"701 s lander st":[47.579265,-122.3241651],
"7018 24th av nw":[47.680067,-122.387187],
"7324 earl av nw":[47.682097,-122.391582],
"813 e gwinn pl":[47.6476159,-122.3214132],
"818 15th av":[47.609902,-122.312599],
"842 ne 103rd st":[47.703363,-122.318718],
"8801 midvale av n":[47.692557,-122.3426484],
"8850 30th av sw":[47.5231773,-122.3709542],
"9254 15th av nw":[47.697723,-122.376457],
"meridian av n \/ n 145th st":[47.7341311,-122.3342792]
}