{
"1133 nw 59th st":[47.6714748,-122.3721985],
"117 n 78th st":[47.6852845,-122.3571381],
"11th av nw \/ nw 61st st":[47.6730907,-122.371384],
"14354 densmore av n":[47.7339119,-122.3384423],
"209 w olympic pl":[47.6265381,-122.3598792],
"2351 47th av sw":[47.581843,-122.392183],
"2433 e louisa st":[47.6422823,-122.3005713],
"2617 s holly st":[47.542431,-122.2984],
"2925 24th av w":[47.646604,-122.387961],
"3020 s portland st":[47.533284,-122.2925247],
"33rd av w \/ w smith st":[47.6405465,-122.399611],
"38th av s \/ s andover st":[47.5679349,-122.285017],
"4112 47th av sw":[47.566172,-122.391738],
"4131 sw orchard st":[47.538512,-122.38506],
"4425 26th av sw":[47.563923,-122.36586],
"545 s sullivan st":[47.5271029,-122.326393],
"600 s holgate st":[47.5861953,-122.3259536],
"654 fullerton av":[47.6078979,-122.2843292],
"6747 palatine av n":[47.679151,-122.356717],
"710 n 39th st":[47.6541402,-122.3497902],
"7814 stroud av n":[47.685724,-122.335556],
"8169 21st av ne":[47.688334,-122.306023],
"825 e gwinn pl":[47.6475423,-122.3209053],
"8408 8th av sw":[47.527937,-122.345104],
"931 n 85th st":[47.690339,-122.345772],
"elliott av w \/ w harrison st":[47.6221374,-122.3627274],
"fauntleroy way sw \/ sw othello st":[47.5380219,-122.3914713],
"nw 75th st \/ 24th av nw":[47.6831768,-122.3875654],
"nw dock pl \/ russell av nw":[47.6653417,-122.3791761],
"w nickerson st \/ 3rd av w":[47.6508304,-122.360876]
}