{
"10150 rainier av s":[47.5112101,-122.244127],
"1022 sw henderson st":[47.5230201,-122.3490683],
"1110 e terrace st":[47.6052101,-122.3175325],
"1211 e john st":[47.619739,-122.316386],
"12304 32nd av ne":[47.7175515,-122.2936291],
"13039 15th av ne":[47.724098,-122.3126975],
"14044 28th av ne":[47.7314924,-122.2975818],
"1526 ne brockman pl":[47.7239349,-122.3116521],
"165 s main st":[47.5999445,-122.3322969],
"1823 n 53rd st":[47.667003,-122.335271],
"2424 ne 65th st":[47.6761154,-122.30105],
"3310 3rd av w":[47.6499099,-122.3606326],
"3959 fremont av n":[47.6549379,-122.350349],
"4008 8th av ne":[47.6560631,-122.3197893],
"4101-4298 montlake blvd ne":[47.6561478,-122.3021286],
"4290 whitman ct ne":[47.659252,-122.303707],
"4849 51st av sw":[47.558015,-122.397971],
"5221 s brandon st":[47.5533416,-122.2669456],
"5227 25th av sw":[47.554196,-122.364661],
"5408 s holly st":[47.542686,-122.265124],
"5633 48th av sw":[47.5511849,-122.394133],
"6190 west green lake way n":[47.670832,-122.3431233],
"6416 15th av nw":[47.6758324,-122.3758403],
"7102 32nd av sw":[47.539059,-122.373528],
"7340 keen way n":[47.6824699,-122.3426744],
"7500 25th av ne":[47.6833279,-122.3004367],
"8237 california av sw":[47.529204,-122.387769],
"8681 beacon av s":[47.523926,-122.2868208],
"8711 25th av nw":[47.6927179,-122.3888931],
"8815 11th av sw":[47.524197,-122.349662],
"904 30th av":[47.6106399,-122.293439],
"9242 8th av nw":[47.697287,-122.365655],
"9755 densmore av n":[47.7012242,-122.3380451],
"9920 46th av s":[47.5118837,-122.2749226],
"latona av ne \/ ne pacific st":[47.6548566,-122.3257019],
"n 42nd st \/ woodlawn av n":[47.6580132,-122.338614],
"n 85th st \/ phinney av n":[47.6905978,-122.3539095],
"queen anne av n \/ harrison st":[47.622109,-122.3567292],
"s columbian way \/ s alaska st":[47.5614,-122.2986422],
"s othello st \/ s myrtle pl":[47.5370741,-122.2861276],
"sb i5 fr northgate wb \/ northgate wy i5 rp":[47.7088152,-122.3311373],
"yukon  av s \/ s henderson st":[47.523314,-122.2770272]
}