{
"10338 midvale av n":[47.704362,-122.342956],
"10410 greenwood av n":[47.7048615,-122.3549609],
"1129 10th av e":[47.6296888,-122.3204383],
"1224 s director st":[47.522442,-122.316618],
"12735 19th av ne":[47.7223629,-122.3092916],
"158 thomas st":[47.622082,-122.3540845],
"1626 21st av":[47.616097,-122.304472],
"1919 post al":[47.6103346,-122.342395],
"2300 s charles st":[47.5946006,-122.3022251],
"2612 e valley st":[47.6259839,-122.2980965],
"3007 sw hinds st":[47.5727318,-122.3717165],
"3507 s webster st":[47.534993,-122.287713],
"3641 34th av s":[47.5712032,-122.2899422],
"3924 s ferdinand st":[47.5580103,-122.2824051],
"4515 s lucile st":[47.5524854,-122.2775793],
"4600 38th av s":[47.5614122,-122.284176],
"4604 4th av s":[47.56168,-122.328821],
"5414 26th av sw":[47.553272,-122.365204],
"5840 airport way s":[47.5505421,-122.3176909],
"6006 14th av nw":[47.6726228,-122.3732667],
"620 w howe st":[47.6361163,-122.365915],
"6751 48th av sw":[47.541884,-122.395613],
"7002 2nd av nw":[47.679701,-122.359146],
"7735 east marginal way s":[47.5332875,-122.3114904],
"8544 18th av nw":[47.691954,-122.37972],
"8839 delridge way sw":[47.5233572,-122.3607696],
"9027 palatine av n":[47.695059,-122.357069],
"9327 7th av s":[47.5197211,-122.3249883],
"9653 renton av s":[47.515596,-122.268348],
"9655 42nd av sw":[47.515962,-122.386493]
}