{
"103 nw 62nd st":[47.673851,-122.35766],
"111 aloha st":[47.626996,-122.35483],
"11338 34th av ne":[47.711335,-122.291635],
"11827 beacon av s":[47.496726,-122.261594],
"1215 ne 62nd st":[47.673091,-122.31501],
"1400 s college st":[47.5829949,-122.3147132],
"152 20th av":[47.6028275,-122.3060482],
"1911 4th av":[47.6124104,-122.3392139],
"1943 1st av s":[47.5845849,-122.3347257],
"1st av w \/ w blaine st":[47.6347498,-122.3582813],
"2015 11th av e":[47.63771,-122.318293],
"230 23rd av e":[47.621175,-122.302142],
"2304 e newton st":[47.6372051,-122.3018182],
"2320 s orcas st":[47.5512284,-122.3030833],
"2505 20th av e":[47.641985,-122.305813],
"3013 63rd av sw":[47.5777433,-122.4132928],
"3420 39th av sw":[47.5725,-122.381065],
"3710 39th av s":[47.570264,-122.283616],
"3rd av nw \/ nw 74th st":[47.6825405,-122.3606438],
"400 5th av s":[47.5991436,-122.3276263],
"4037 33rd av w":[47.657004,-122.3998977],
"4305 s ferdinand st":[47.557955,-122.279207],
"4470 35th av sw":[47.5621119,-122.372971],
"4512 fremont av n":[47.6618322,-122.3497242],
"5024 ne 41st st":[47.658312,-122.272931],
"5421 31st av s":[47.552728,-122.292998],
"716 16th av":[47.6085769,-122.311162],
"717 18th av e":[47.625786,-122.309044],
"7715 m l king jr way s":[47.5332887,-122.2808554],
"814 14th av":[47.609797,-122.313765],
"e galer st \/ e crescent dr":[47.6323825,-122.3072629],
"w marina pl \/ 23rd av w":[47.6316226,-122.3870426]
}