{
"10222 63rd av s":[47.509012,-122.254355],
"1140 lake washington blvd s":[47.592433,-122.288287],
"1204 ne ravenna blvd":[47.6719719,-122.315336],
"12228 dayton av n":[47.718616,-122.352529],
"1236 nw woodbine way":[47.7073139,-122.372319],
"1254 n 130th st":[47.7232382,-122.3428715],
"1304 e john st":[47.6201258,-122.3151789],
"13303 ashworth av n":[47.7253256,-122.3398678],
"2100 alaskan way":[47.6106933,-122.3466075],
"2138 49th av sw":[47.584313,-122.393727],
"2942 sw raymond st":[47.5487288,-122.3702005],
"3004 s charlestown st":[47.570032,-122.293801],
"3124 wetmore av s":[47.57514,-122.293805],
"3445 e florence ct":[47.618894,-122.287065],
"4120 46th av s":[47.565782,-122.275379],
"421 23rd av":[47.605804,-122.303206],
"4434 s kenyon st":[47.53198,-122.276678],
"4th av sw \/ olson pl sw":[47.5172764,-122.3401302],
"5003 26th av s":[47.557181,-122.299522],
"5200 22nd av ne":[47.6664569,-122.3043554],
"6218 corson av s":[47.546906,-122.3210496],
"6329 30th av sw":[47.5463068,-122.3710076],
"6509 33rd av s":[47.544021,-122.290624],
"726 26th av s":[47.5959169,-122.2985395],
"8221 7th av s":[47.5290996,-122.3255762],
"8th av n \/ wheeler st":[47.640904,-122.343377],
"9441 34th av sw":[47.5180536,-122.375886],
"broad st \/ 9 av n":[47.6254245,-122.3397473],
"mary av nw \/ nw 95th st":[47.6979005,-122.3754452],
"melrose av \/ olive way":[47.6166471,-122.3279046],
"n 107th st \/ phinney av n":[47.7068777,-122.3541071]
}