{
"10321 38th av ne":[47.703605,-122.28848],
"1105 ne 47th st":[47.6631097,-122.3163168],
"1135 ne campus pkwy":[47.6560186,-122.316615],
"13604 26th av ne":[47.727866,-122.300069],
"1418 26th av":[47.6135514,-122.298516],
"1510 13th av s":[47.589485,-122.315626],
"1513 6th av":[47.6116166,-122.3352366],
"1630 m l king jr way":[47.6162689,-122.2959657],
"172 27th av":[47.603377,-122.297531],
"18720 ridgefield rd nw":[47.764665,-122.369445],
"1935 parkside dr e":[47.636385,-122.291137],
"202 26th av e":[47.620337,-122.298193],
"2110 nw 94th st":[47.6976842,-122.3835151],
"21st av e \/ e aloha st":[47.6268457,-122.3047848],
"2617 2nd av":[47.6162614,-122.3494436],
"306 nw 127th st":[47.721671,-122.36128],
"313 23rd av":[47.6047653,-122.3027231],
"3420 34th av sw":[47.5718931,-122.3751553],
"3429 lafayette av s":[47.5722382,-122.3106472],
"401 nw 101st st":[47.7025489,-122.3612362],
"4133 university way ne":[47.6578541,-122.3135458],
"4295 east stevens way ne":[47.6591947,-122.3087578],
"4812 erskine way sw":[47.5588011,-122.38711],
"5218 8th av nw":[47.6669649,-122.3659004],
"600 ne 50th st":[47.6649756,-122.321765],
"6010 california av sw":[47.54806,-122.386692],
"657 w bertona st":[47.650286,-122.36597],
"6714 4th av nw":[47.678204,-122.361186],
"7304 51st av ne":[47.681396,-122.272634],
"7513 14th av nw":[47.6837072,-122.3743765],
"910 n 103rd st":[47.703821,-122.346863],
"boren av \/ e yesler way":[47.60171,-122.317898],
"e newton st \/ franklin av e":[47.6367649,-122.324684],
"rainier av s \/ s college st":[47.5827687,-122.3014997]
}