{
"10027 64th av s":[47.51082,-122.253861],
"11713 greenwood av n":[47.71463,-122.355843],
"1810 43rd av e":[47.634738,-122.276311],
"2003 1st av":[47.6111248,-122.3427547],
"210 26th av s":[47.6004508,-122.2985711],
"2157 n 64th st":[47.674975,-122.331066],
"2833 12th av w":[47.6461109,-122.3728363],
"3211 16th av s":[47.5746926,-122.3126634],
"3425 36th av sw":[47.5723806,-122.3773967],
"3612 e schubert pl":[47.617403,-122.286984],
"3730 magnolia blvd w":[47.6539174,-122.411748],
"401 23rd av e":[47.6227714,-122.3027618],
"4126 44th av sw":[47.565725,-122.387722],
"420 e harrison st":[47.622181,-122.3256763],
"4462 s thistle pl":[47.5284229,-122.275458],
"4720 21st av ne":[47.6637428,-122.3051705],
"5626 42nd av sw":[47.551248,-122.385229],
"600 cherry st":[47.604885,-122.3287253],
"624 w mcgraw st":[47.6397486,-122.3660151],
"628 36th av":[47.6076527,-122.28697],
"702 n 66th st":[47.677098,-122.349755],
"733 n 80th st":[47.686735,-122.348385],
"7628 winona av n":[47.6842804,-122.3405214],
"7756 17th av sw":[47.532006,-122.356015],
"8002 27th av ne":[47.686866,-122.297922],
"8153 17th av sw":[47.5285264,-122.3567958],
"903 w fulton st":[47.645648,-122.369653],
"917 22nd av e":[47.627333,-122.303911],
"goodwin way ne \/ 17th av ne":[47.7097265,-122.3100009],
"ne 103rd st \/ 3rd av ne":[47.7031591,-122.325857]
}