{
"10120 cornell av s":[47.510787,-122.245384],
"10741 renton av s":[47.504124,-122.252603],
"1117 35th av":[47.6121849,-122.288558],
"11514 38th av ne":[47.71241,-122.287576],
"1500 nw 50th st":[47.6650733,-122.376069],
"1544 ne 107th st":[47.7068712,-122.3107729],
"1600 alki av sw":[47.5881,-122.395197],
"1731 ne 105th st":[47.704592,-122.308368],
"1900 6th av":[47.613648,-122.3370337],
"1903 ne 85th st":[47.6901123,-122.3071948],
"1904 ne 127th st":[47.721505,-122.308907],
"1906 n 34th st":[47.6480399,-122.3347045],
"1920 nw milford way":[47.70317,-122.380707],
"1925 post al":[47.610374,-122.3428523],
"200 ne 103rd st":[47.7031683,-122.3270185],
"2135 2nd av":[47.6131669,-122.3441771],
"2220 11th av e":[47.639022,-122.317718],
"2227 e louisa st":[47.6422286,-122.3025205],
"2335 rosemont pl w":[47.6397537,-122.407724],
"24th av ne \/ ne 54th st":[47.6679911,-122.3018719],
"2554 ne 107th st":[47.7068618,-122.2990343],
"2555 11th av w":[47.642297,-122.371862],
"2717 ne 115th st":[47.7120279,-122.2987367],
"3011 ne 90th st":[47.6936345,-122.2954298],
"3018 sw bataan st":[47.5458589,-122.3709937],
"3210 e madison st":[47.627622,-122.290585],
"3257 nw 62nd st":[47.6737171,-122.4007462],
"3345 58th av sw":[47.5741056,-122.407196],
"35th av sw \/ sw 112th st":[47.5028074,-122.3761415],
"3617 sw donovan st":[47.52518,-122.378704],
"3944 s mead st":[47.5504631,-122.2814559],
"409 w mercer st":[47.6245017,-122.3624025],
"4303 university way ne":[47.6599922,-122.3134415],
"4523 39th av s":[47.5621353,-122.2838627],
"5017 15th av ne":[47.6655283,-122.3122511],
"5104 s wildwood ln":[47.5340489,-122.2695928],
"5126 25th av ne":[47.6671196,-122.300259],
"5216-1\/2 rainier av s":[47.5557304,-122.2823223],
"548 ne 125th st":[47.719717,-122.321374],
"6247 35th av ne":[47.6753653,-122.2905277],
"6551 49th av ne":[47.67723,-122.275977],
"6728 alonzo av nw":[47.6786676,-122.3751093],
"8008 jones av nw":[47.6871157,-122.3861648],
"8028 meridian av n":[47.687783,-122.332828],
"816 ne 92nd st":[47.6962129,-122.3193935],
"9016 12th av sw":[47.5222229,-122.350246],
"9215 24th av sw":[47.520556,-122.363603],
"930 37th av":[47.6112447,-122.2863503],
"ne 115th st \/ roosevelt way ne":[47.712207,-122.3179136],
"ne 95th st \/ 15th av ne":[47.6976358,-122.312078],
"ward st \/ taylor av n":[47.6280429,-122.3462254]
}