{
"1200 ne 124th st":[47.7186545,-122.3153888],
"12545 lake city way ne":[47.7205895,-122.294878],
"1561 alaskan way s":[47.5885062,-122.3385527],
"1811 eastlake av":[47.6181827,-122.329324],
"1916 9th av w":[47.636474,-122.368617],
"2128 n 63rd st":[47.6746623,-122.3322561],
"2605 e interlaken blvd":[47.632906,-122.299769],
"2720 s jackson st":[47.5993282,-122.2965692],
"3701 bagley av n":[47.652133,-122.333039],
"4016 densmore av n":[47.656194,-122.337079],
"412 ne 95th st":[47.6979169,-122.323966],
"4511 s kenyon st":[47.531033,-122.27547],
"4517 35th av s":[47.5623333,-122.2891517],
"4800 leary av nw":[47.6643112,-122.3793683],
"506-698 aurora av n":[47.6254084,-122.3435612],
"600 3rd av n":[47.6245744,-122.3514604],
"7000 beach dr sw":[47.5406631,-122.3964488],
"7710 fauntleroy way sw":[47.5336636,-122.3923078],
"8827 9th av sw":[47.523853,-122.347107],
"970 denny way":[47.6187626,-122.3374316],
"burke av n \/ n 120th st":[47.7159265,-122.335459],
"madison st \/ boylston av":[47.6107309,-122.3218105],
"nw 82nd st \/ 6th av nw":[47.688376,-122.3632809],
"s royal brougham way \/ 6th av s":[47.5923812,-122.325975]
}