{
"11827 33rd av ne":[47.7146423,-122.2933022],
"13721 lake city way ne":[47.7290771,-122.2927618],
"139 ne 60th st":[47.6720479,-122.3265],
"1517 ne 89th st":[47.692808,-122.311535],
"1913 e alder st":[47.604112,-122.306823],
"2106 n 55th st":[47.6688073,-122.3335032],
"221 yale av n":[47.6202294,-122.3307532],
"2500 23rd av s":[47.5809958,-122.3032144],
"2600 e john st":[47.6202149,-122.298548],
"308 22nd av e":[47.621797,-122.303248],
"31st av s \/ s jackson st":[47.5991514,-122.2926258],
"3221 beacon av s":[47.574399,-122.309413],
"4117 25th av sw":[47.565996,-122.36469],
"4400 44th av sw":[47.5647257,-122.3881055],
"4642 1st av ne":[47.663861,-122.327971],
"5004 ne 44th st":[47.660248,-122.273686],
"5011 38th av ne":[47.665241,-122.287158],
"5th av w \/ w raye st":[47.6428406,-122.3635615],
"7204 california av sw":[47.538466,-122.386996],
"747 21st av e":[47.62656,-122.30516],
"7509 25th av nw":[47.6834516,-122.3887067],
"8058 fauntleroy way sw":[47.5298961,-122.3923254],
"8107 31st av ne":[47.68767,-122.295291],
"817 23rd av":[47.60952,-122.303064],
"8829 41st av s":[47.5233592,-122.2815448],
"e cherry st \/ 23rd av":[47.6080008,-122.3027558],
"highland dr \/ dexter av n":[47.6297431,-122.3422985],
"ne 125th st \/ 19th av ne":[47.7193858,-122.3091004],
"ne 40th st \/ pasadena pl ne":[47.6559188,-122.3218787],
"s forest st \/ airport way s":[47.5776845,-122.3214135]
}