{
"12539 27th av ne":[47.72029,-122.299642],
"1508 nw 57th st":[47.6701857,-122.376751],
"1634 sunset av sw":[47.588332,-122.391388],
"1710 37th av":[47.616832,-122.285558],
"2010 s judkins st":[47.5920297,-122.3058491],
"2142 n 90th st":[47.693987,-122.331933],
"2501 2nd av n":[47.641305,-122.35361],
"344 n 72nd st":[47.6812781,-122.3533521],
"3812 s hudson st":[47.5572341,-122.2840416],
"4302 fremont av n":[47.6595001,-122.3495986],
"5121 12th av s":[47.5558445,-122.317373],
"517 7th av s":[47.5978577,-122.3237786],
"5529 35th av ne":[47.669415,-122.290562],
"5656 42nd av sw":[47.550426,-122.385253],
"5949 30th av s":[47.5483,-122.293991],
"6028 30th av sw":[47.5473161,-122.3706442],
"619 federal av e":[47.6248565,-122.3190616],
"6600 aurora av n":[47.6768997,-122.3461715],
"6701 14th av sw":[47.5426644,-122.3528816],
"7317 57th av ne":[47.6817236,-122.2672293],
"7342 alonzo av nw":[47.682677,-122.374345],
"7527 roosevelt way ne":[47.683974,-122.317831],
"8009 stroud av n":[47.6872715,-122.3346265],
"8055 wallingford av n":[47.6885147,-122.3366252],
"9023 30th av ne":[47.694596,-122.296242],
"9025 sand point way ne":[47.693651,-122.274106],
"9029 49th av ne":[47.694244,-122.273343],
"9044 4th av nw":[47.695581,-122.361644],
"9159 45th av sw":[47.5218822,-122.3904024],
"9215 densmore av n":[47.6964747,-122.337622],
"9664 rainier av s":[47.5180612,-122.2551943],
"9760 4th av nw":[47.701363,-122.361816],
"aurora av n \/ n 89th st":[47.6934642,-122.3445457],
"e madison st \/ 28th av e":[47.623488,-122.296169],
"e yesler way \/ 31st av s":[47.6016441,-122.2925045],
"n 50th st \/ densmore av n":[47.6650039,-122.3376615]
}