{
"0 - 0 nb i5 fr 45":[47.661806,-122.320725],
"10041 densmore av n":[47.702642,-122.337844],
"1433 lake washington blvd":[47.61316,-122.281809],
"20th av nw \/ nw market st":[47.6686761,-122.3821419],
"2212 harvard av e":[47.638852,-122.322078],
"2326 california ave sw":[47.5821728,-122.3861386],
"2400 ne 65th st":[47.6760441,-122.3014971],
"24th av sw \/ sw webster st":[47.5355192,-122.3631595],
"2705 22nd av s":[47.578934,-122.30464],
"2802 boyer av e":[47.645784,-122.316771],
"29th av sw \/ sw graham st":[47.5471379,-122.3700402],
"3015 ne 100th st":[47.700795,-122.295439],
"3211 sw morgan st":[47.544465,-122.374327],
"3447 11th av w":[47.6517387,-122.3717436],
"3510 fremont av n":[47.6509795,-122.3496414],
"3723 19th av sw":[47.5702445,-122.3584746],
"4025 ne 125th st":[47.719078,-122.284147],
"4700 39th av ne":[47.6629725,-122.2866989],
"5035 8th av ne":[47.6659977,-122.3199164],
"5540 15th av s":[47.552247,-122.313054],
"6514 phinney av n":[47.6765635,-122.3540118],
"6538 palatine av n":[47.677119,-122.3560946],
"6800 seaview av nw":[47.6778047,-122.4060293],
"6900 delridge way sw":[47.5419735,-122.3611579],
"7407 6th av nw":[47.6828223,-122.3636065],
"905 nw 103rd st":[47.703141,-122.369006],
"9261 fremont av n":[47.697615,-122.3502648],
"9514 8th av nw":[47.698369,-122.365667],
"california av sw \/ sw frontenac st":[47.5407216,-122.3872803],
"e republican st \/ 16th av e":[47.6232684,-122.3113331],
"pend oreille rd ne \/ burke gilman trl":[47.6601474,-122.301824],
"spear pl s \/ yukon av s":[47.5221788,-122.2770639]
}