{
"1138 16th av e":[47.629837,-122.310863],
"145 nw 85th st":[47.6904007,-122.3600327],
"1511 2nd av n":[47.6327032,-122.3535152],
"1514 n 107th st":[47.7070467,-122.33858],
"1757 n 128th st":[47.721779,-122.334889],
"2122 28th av s":[47.5837829,-122.296043],
"2201 15th av w":[47.6388085,-122.3766022],
"2334 n 57th st":[47.67037,-122.329538],
"2400 n 85th st":[47.6905441,-122.3318683],
"2612 14th av w":[47.6433933,-122.3745365],
"2823 nw 66th st":[47.6764281,-122.3940245],
"2nd av nw \/ nw 40th st":[47.6555739,-122.3590308],
"2nd av nw \/ nw 92nd st":[47.6960478,-122.3594014],
"3017 nw esplanade":[47.6990549,-122.3968274],
"3766 w commodore way":[47.666744,-122.407969],
"37th av s \/ s kenyon st":[47.5315451,-122.2859153],
"4013 s webster st":[47.5353824,-122.2819223],
"406 broadway   e":[47.6222225,-122.3205609],
"4121 54th av sw":[47.566019,-122.401944],
"4337 2nd av ne":[47.660074,-122.327599],
"4400 sw admiral way":[47.5812257,-122.3878735],
"5013 s dawson st":[47.55468,-122.2701893],
"5212 latona av ne":[47.666867,-122.325243],
"6741 shaffer av s":[47.541438,-122.295063],
"747 ne 56th st":[47.669102,-122.32083],
"8052 15th av ne":[47.6882139,-122.3118775],
"847 nw 63rd st":[47.67431,-122.368084],
"857 ne 67th st":[47.6771791,-122.3182487],
"921 17th av":[47.6110694,-122.3103943],
"9336 35th av ne":[47.696421,-122.290193],
"9400 7th av sw":[47.518957,-122.343782],
"9813 23rd av nw":[47.700961,-122.3855078],
"boston st \/ 1st av n":[47.6383298,-122.3555988],
"fremont pl n \/ evanston av n":[47.651416,-122.3512857],
"minor av n \/ harrison st":[47.6219773,-122.333001]
}