{
"11251 evanston av n":[47.712047,-122.351905],
"11750 bartlett av ne":[47.715299,-122.283647],
"1215 7th av w":[47.6304318,-122.3667783],
"1408 12th av":[47.6131875,-122.3164139],
"15th av ne \/ ne boat st":[47.6515743,-122.3137241],
"1629 1st av w":[47.6344306,-122.3587131],
"2020 taylor av n":[47.6368513,-122.3458848],
"2325 47th av sw":[47.582526,-122.392165],
"2400 gilman dr w":[47.6403713,-122.3741175],
"2853 nw 57th st":[47.6700233,-122.3952062],
"3425 19th av s":[47.572358,-122.306937],
"37th av \/ e union st":[47.6128137,-122.2859923],
"4115 46th av s":[47.565944,-122.27615],
"42nd av sw \/ sw charlestown st":[47.5701781,-122.3854734],
"4310 m l king jr way s":[47.5650884,-122.2959392],
"4412 28th pl w":[47.6598479,-122.393583],
"4435 phinney av n":[47.661263,-122.354698],
"4602 woodlawn av n":[47.662303,-122.338875],
"4813 ne 103rd st":[47.7029345,-122.2762268],
"5048 37th av sw":[47.555995,-122.378541],
"5414 1st av s":[47.5537438,-122.3336564],
"5737 38th av ne":[47.671448,-122.28723],
"6702 roosevelt way ne":[47.6775844,-122.3173607],
"6843 30th av ne":[47.678865,-122.295539],
"7033 5th av nw":[47.6805171,-122.3626821],
"7302 15th av nw":[47.6815672,-122.3765229],
"7334 35th av ne":[47.6821287,-122.2899859],
"741 n 71st st":[47.680085,-122.348106],
"7704 45th av sw":[47.533851,-122.38999],
"8504 29th av nw":[47.6908,-122.393834],
"9331 22nd av nw":[47.69722,-122.3845179],
"9503 8th av nw":[47.697996,-122.366347],
"leary way nw \/ 6th av nw":[47.6583779,-122.3641371],
"meridian av n \/ n 130th st":[47.7232086,-122.3341713],
"nb sr99 at royal broughm":[47.5924023,-122.3358044],
"sw barton st \/ sw director st":[47.5223466,-122.387311]
}