{
"10048 62nd av s":[47.5102465,-122.2555581],
"1014 s snoqualmie st":[47.561935,-122.319501],
"12041 33rd av ne":[47.7167411,-122.2932621],
"1209 e fir st":[47.6025072,-122.3163156],
"14020 1st av nw":[47.731163,-122.357854],
"1512 6th av":[47.6117506,-122.3348059],
"1520 2nd av":[47.6099265,-122.3390294],
"1707 ne columbia rd":[47.6486933,-122.3076267],
"1718 ne 55th pl":[47.6689513,-122.308519],
"2342 20th av s":[47.5817076,-122.3065393],
"23rd av ne \/ ne 130th st":[47.7229641,-122.3045775],
"3130 ne 82nd st":[47.6883113,-122.2937544],
"3141 e madison st":[47.6266663,-122.2911678],
"315 w galer st":[47.6321641,-122.3611876],
"3229 harbor av sw":[47.5747626,-122.3712438],
"3433 42nd av sw":[47.572151,-122.386001],
"3505 ne 140th st":[47.7299302,-122.2905966],
"3709 20th av sw":[47.570694,-122.359571],
"3922 sw alaska st":[47.561431,-122.382422],
"4012 courtland pl s":[47.56748,-122.286448],
"4132 42nd av s":[47.565485,-122.280387],
"4138 university way ne":[47.6579605,-122.3129998],
"4231 ne 113th st":[47.7103139,-122.2820096],
"42nd av sw \/ california av sw":[47.5224912,-122.3875124],
"438 39th av e":[47.623831,-122.282551],
"4500 brooklyn av ne":[47.6612852,-122.3142814],
"4757 18th av ne":[47.66473,-122.308651],
"4863 terrace dr ne":[47.664185,-122.2854508],
"5014 37th av ne":[47.6653675,-122.2876154],
"5269 55th av ne":[47.6683836,-122.2687791],
"546 ne 80th st":[47.6869947,-122.3208832],
"5644 48th av sw":[47.5508116,-122.3934618],
"5803 56th av ne":[47.6704609,-122.2683543],
"620 e pine st":[47.6152454,-122.3237059],
"6311 fauntleroy way sw":[47.5462684,-122.3836274],
"718 26th av":[47.6086727,-122.2988299],
"7227 2nd av nw":[47.6815842,-122.3596073],
"7525 15th av nw":[47.6840751,-122.3771423],
"8001 dibble av nw":[47.6870895,-122.3675861],
"8120 stone av n":[47.6883299,-122.3415369],
"820 yakima av s":[47.595115,-122.294035],
"87 yesler way":[47.6015592,-122.3349186],
"9001 22nd av nw":[47.6946408,-122.3842398],
"901 12th av":[47.6097821,-122.3174706],
"9203 12th av ne":[47.695937,-122.315167],
"9244 20th av sw":[47.519687,-122.358798],
"9701 7th av nw":[47.699697,-122.365019],
"ne 137th st \/ 15th av ne":[47.7284679,-122.3126841]
}