{
"0 - 0 nb i5 cd at james":[47.603525,-122.326315],
"1030 39th av e":[47.628191,-122.282314],
"10443 56th av s":[47.5070369,-122.263739],
"10729 bartlett av ne":[47.707453,-122.281289],
"11701 lake city way ne":[47.7145835,-122.2985514],
"12020 14th av ne":[47.716454,-122.313543],
"1208 nw 100th st":[47.7017065,-122.3719759],
"13528 36th av ne":[47.727288,-122.289184],
"1495 s hardy st":[47.5460123,-122.3161402],
"1612 n 39th st":[47.6545056,-122.3379598],
"1728 34th av":[47.6173542,-122.2889078],
"17th av ne \/ lake city way ne":[47.6890043,-122.3100469],
"1843 e yesler way":[47.601501,-122.3084109],
"2360 magnolia blvd w":[47.639162,-122.409553],
"2500 nw 92nd st":[47.696418,-122.388912],
"2545 queen anne av n":[47.642744,-122.357287],
"2770 w commodore way":[47.6627073,-122.3942939],
"29th av e \/ e madison st":[47.6242189,-122.2950929],
"3508 wallingford av n":[47.649521,-122.33597],
"3911 s graham st":[47.545793,-122.282716],
"409 e roy st":[47.6250162,-122.3260577],
"4600 sw maple way":[47.541443,-122.391507],
"4620 15th av s":[47.5609973,-122.3131154],
"4702 linden av n":[47.6630474,-122.3483334],
"5257 23rd av sw":[47.554024,-122.362026],
"5514 21st av s":[47.5528924,-122.3059429],
"654 nw 137th st":[47.729018,-122.365896],
"7702 14th av ne":[47.685014,-122.313015],
"7716 37th av s":[47.533126,-122.285535],
"7722 13th av sw":[47.5335253,-122.3513837],
"8318 22nd av nw":[47.6892821,-122.3840275]
}