{
"1143 nw 45th st":[47.6614435,-122.3723841],
"123 12th av":[47.602395,-122.3169976],
"12th av s \/ s shelton st":[47.5579093,-122.3171625],
"16th av w \/ w galer st":[47.6315474,-122.3776901],
"1800 n 45th st":[47.6613978,-122.3364073],
"1820 n 97th st":[47.6998083,-122.3354527],
"2533 ne 92nd st":[47.69544,-122.300003],
"2738 sw macarthur ln":[47.5502075,-122.3690854],
"2929 s austin st":[47.5342666,-122.2936545],
"3727 sw elmgrove st":[47.53035,-122.380557],
"3900 montlake blvd ne":[47.6485956,-122.2996698],
"4742 50th av sw":[47.5598985,-122.3959786],
"5129 ne laurelcrest ln":[47.656404,-122.271142],
"5214 35th av sw":[47.555147,-122.37584],
"5609 s avon st":[47.501148,-122.262051],
"5620 29th av sw":[47.551349,-122.369222],
"5952 fauntleroy way sw":[47.5487891,-122.3826776],
"6119 47th av s":[47.547353,-122.27467],
"6534 24th av ne":[47.676841,-122.301356],
"6558 38th av ne":[47.6774703,-122.2867934],
"700 10th av e":[47.6254615,-122.319859],
"7000 32nd av s":[47.5399379,-122.290138],
"7326 bowlyn pl s":[47.5361879,-122.2647708],
"7520 35th av sw":[47.534918,-122.376191],
"7725 24th av nw":[47.6857679,-122.3879025],
"803 e prospect st":[47.6285138,-122.3219524],
"8049-8199 16th av s":[47.5312513,-122.3136701],
"825 ne 115th st":[47.711947,-122.319562],
"8812 3rd av s":[47.52416,-122.330408],
"9026 burke av n":[47.6949384,-122.3347681],
"914 24th av e":[47.6271418,-122.3008694],
"9239 view av nw":[47.69722,-122.3999573],
"928 nw 105th st":[47.7053831,-122.3692261],
"9715 palatine av n":[47.700148,-122.357122],
"e roanoke st \/ harvard av e":[47.6431971,-122.322096],
"elliott av \/ clay st":[47.6150111,-122.3532635],
"n northgate way \/ interlake av n":[47.7050435,-122.3406333],
"ne 145th st\/20th av ne":[47.7338889,-122.3073379],
"sylvan way sw \/ sw orchard st":[47.5374157,-122.3625227]
}