{
"1061 e blaine st":[47.634806,-122.31842],
"1128 poplar pl s":[47.5924799,-122.310065],
"11720 1st av ne":[47.7145486,-122.3287622],
"1325 ne 70th st":[47.679201,-122.313275],
"2117 e union st":[47.612727,-122.3040905],
"21st av w \/ w emerson pl":[47.655634,-122.383396],
"2245 32nd av w":[47.6392772,-122.3985802],
"2359 26th av w":[47.6398439,-122.390729],
"2612 queen anne av n":[47.643693,-122.356498],
"2618 23rd av s":[47.5794179,-122.303019],
"311 nw 47th st":[47.6626897,-122.3613235],
"3311 e pike st":[47.6139225,-122.2897476],
"3320 s graham st":[47.5461099,-122.2889025],
"3708 41st av sw":[47.570892,-122.384304],
"3841 36th av sw":[47.568787,-122.377827],
"4093 letitia av s":[47.5656662,-122.290119],
"4523 sw seattle st":[47.58913,-122.390048],
"4848 green lake way n":[47.6641829,-122.3419778],
"5225 columbia dr s":[47.5552247,-122.3050496],
"5920 m l king jr way s":[47.5492456,-122.2865374],
"6256 19th av ne":[47.674096,-122.307325],
"6719 34th av sw":[47.542273,-122.375542],
"6747 15th av sw":[47.5414287,-122.3540726],
"711 n motor pl":[47.658459,-122.349349],
"7400 latona av ne":[47.6822425,-122.3264068],
"744 ne 59th st":[47.6717284,-122.320818],
"7500 roosevelt way ne":[47.6832785,-122.3170829],
"8846 38th av sw":[47.5233259,-122.3804134],
"9507 dayton av n":[47.698119,-122.353073],
"9815 61st av s":[47.5129327,-122.2573102],
"s hill st \/ 22nd av s":[47.5845098,-122.3042502]
}