{
"10505 35th av ne":[47.7050091,-122.2908544],
"10721 2nd av nw":[47.70761,-122.359847],
"12217 evanston av n":[47.718339,-122.351992],
"12340 33rd av ne":[47.7186499,-122.292384],
"12349 42nd av ne":[47.7187539,-122.283652],
"13311 19th av ne":[47.725255,-122.309591],
"14344 stone av n":[47.733646,-122.342053],
"151 ne 125th st":[47.719239,-122.326692],
"1716 19th av s":[47.587877,-122.308051],
"1835 s charles st":[47.5943029,-122.307532],
"2326 14th av s":[47.582153,-122.3143134],
"2334 s warsaw st":[47.543978,-122.303039],
"2501 14th av w":[47.641039,-122.375365],
"2531 s graham st":[47.545919,-122.2988],
"26th av sw \/ sw findlay st":[47.5519319,-122.3655239],
"3017 27th av w":[47.647409,-122.391943],
"3200 s ferdinand st":[47.5581,-122.291247],
"3613 2nd av nw":[47.6537409,-122.3591522],
"4309 4th av ne":[47.6592564,-122.3243798],
"44th av sw \/ sw holgate st":[47.5867822,-122.3876665],
"4827 12th av s":[47.559356,-122.317372],
"4th av ne \/ ne northlake way":[47.6538185,-122.3245803],
"5126 sw forest st":[47.578374,-122.3985671],
"525 boylston av e":[47.6238041,-122.3230349],
"528 n 67th st":[47.678064,-122.351342],
"5718 s eddy st":[47.545069,-122.260921],
"703 24th av":[47.6081337,-122.3014622],
"704 terry av":[47.6071857,-122.3241234],
"8423 fremont av n":[47.690268,-122.3498905],
"8757 palatine av n":[47.693954,-122.357058],
"9112 1st av ne":[47.6953497,-122.3284246],
"912 m l king jr way s":[47.594247,-122.2974702],
"smith st \/ queen anne av n":[47.6414386,-122.3569196]
}