{
"10031 64th av s":[47.5106938,-122.2538059],
"1521 44th av sw":[47.589917,-122.387943],
"1820 n 53rd st":[47.667433,-122.33542],
"2012 e lynn st":[47.639764,-122.304751],
"2130 48th av sw":[47.5845317,-122.3926039],
"2703 ne 144th st":[47.732862,-122.298957],
"2919 s willow st":[47.5407096,-122.2950057],
"3000-3199 60th av se":[47.5774844,-122.4090089],
"3044 38th av w":[47.648127,-122.405418],
"3506 s austin st":[47.534658,-122.287713],
"3520 sw 106th st":[47.50841,-122.376855],
"3829 46th av sw":[47.5693334,-122.3908315],
"4026 e olive ln":[47.616628,-122.280139],
"536 19th av":[47.607256,-122.307236],
"6005 s cooper st":[47.511346,-122.257959],
"623 n 138th st":[47.728927,-122.350701],
"6408 francis av n":[47.6756647,-122.353151],
"650 w bertona st":[47.650542,-122.365865],
"7016 8th av nw":[47.6801159,-122.3657625],
"7349 50th av ne":[47.682659,-122.274715],
"7721 28th av nw":[47.6856283,-122.3934257],
"7th av \/ cherry st":[47.6053328,-122.3276034],
"822 32nd av":[47.609999,-122.29117],
"9014 4th av s":[47.5225387,-122.3296168],
"907 sw holden st":[47.533842,-122.347618],
"9615 roosevelt way ne":[47.699086,-122.317963],
"ne 125th st \/ 10th av ne":[47.7197635,-122.3181419],
"s fletcher st \/ 46th av s":[47.5190665,-122.2742399],
"valley st \/ warren av n":[47.6262452,-122.3540899]
}