{
"0 - 0 eb wsea frwy fr 23":[47.571208,-122.358479],
"0 nb i5 to olive":[47.613482,-122.3299389],
"1000 15th av e":[47.627736,-122.312202],
"10425 57th av s":[47.5074479,-122.261776],
"12222 8th av nw":[47.7185248,-122.3658761],
"14020 palatine av n":[47.73116,-122.356544],
"1711 sw brandon st":[47.553501,-122.356507],
"1774 rainier av s":[47.5870667,-122.3045052],
"1808 28th av w":[47.635426,-122.39277],
"1839 41st av e":[47.6358319,-122.2799684],
"2114 49th av sw":[47.58498,-122.393703],
"220 13th av e":[47.620663,-122.3153083],
"2207 3rd av":[47.6139564,-122.3441958],
"2400 warren av n":[47.640063,-122.354153],
"2445 warren av n":[47.6412199,-122.35483],
"300 31st av":[47.604281,-122.2924973],
"31st av e \/ e thomas st":[47.621328,-122.2922459],
"3314 17th av s":[47.5735576,-122.3110312],
"3610 sw donovan st":[47.5255829,-122.3783572],
"3706 e highland dr":[47.6297817,-122.2850248],
"3939 s americus st":[47.5600405,-122.2816923],
"4745 22nd av sw":[47.559695,-122.360779],
"4807 41st av sw":[47.559026,-122.384594],
"4th av s & s jackson st":[47.5991984,-122.3290271],
"5606 47th av sw":[47.551888,-122.392026],
"5821 3rd av nw":[47.6715329,-122.361119],
"6221 woodlawn av n":[47.673758,-122.334595],
"6527 32nd av sw":[47.5436305,-122.3740355],
"660 ne northlake way":[47.6547844,-122.321337],
"6746 murray av sw":[47.54193,-122.39353],
"700 s massachusetts st":[47.5882569,-122.3247174],
"7056 35th av ne":[47.6807379,-122.2903844],
"7100 sylvan ln sw":[47.539488,-122.39006],
"7912 15th av sw":[47.531408,-122.35361],
"800 maynard av s":[47.5953296,-122.3251407],
"8041 24th av nw":[47.6880308,-122.387942],
"8318 rainier av s":[47.5294822,-122.269971],
"9300 14 av s":[47.519962,-122.314669],
"eb sr520 at portage":[47.643045,-122.315078],
"linden av n \/ n 130th st":[47.7232255,-122.3481791],
"n 143rd st \/ stone av n":[47.7323236,-122.3423633]
}