{
"0 - 0 nb sr99 to seneca":[47.6053559,-122.3392591],
"10018 9th av nw":[47.702181,-122.368345],
"10733 14th av ne":[47.7077515,-122.3140426],
"11212 crestwood dr s":[47.502791,-122.244258],
"11549 palatine av n":[47.713736,-122.357234],
"1762 nw market st":[47.6686774,-122.3814165],
"200 nw 58th st":[47.67136,-122.359416],
"2716 32nd av s":[47.5790864,-122.2916219],
"3038 44th av sw":[47.575867,-122.387647],
"31st av ne \/ ne 57th st":[47.6703291,-122.2938364],
"401 n 130th st":[47.723185,-122.3536879],
"4015 13th av s":[47.5676119,-122.316343],
"4815 38th av ne":[47.6640482,-122.2873027],
"5246 20th av ne":[47.66785,-122.306199],
"525 23rd av e":[47.6239123,-122.3025402],
"5309 erskine way sw":[47.5548038,-122.3928049],
"5412 31st av sw":[47.553341,-122.371876],
"6920 parshall pl sw":[47.5416525,-122.3861795],
"719 m l king jr way":[47.6086375,-122.2965292],
"7220 seward park av s":[47.537258,-122.266956],
"7230 ledroit ct sw":[47.538414,-122.39452],
"7345 15th av nw":[47.6827272,-122.3768128],
"7500 27th av ne":[47.6832482,-122.2983274],
"9233 25th av sw":[47.5200433,-122.3648073],
"n 68th st \/ dayton av n":[47.6787385,-122.3526157],
"ne 43rd st \/ ne stevens way":[47.6597814,-122.3120324],
"s spokane st \/ 6th av s":[47.5714009,-122.3259746],
"terry av \/ pine st":[47.6139924,-122.3309318],
"test":[47.6012528,-122.328374]
}