{
"10516 23rd av ne":[47.705342,-122.303828],
"1146 23rd av e":[47.629947,-122.30202],
"11th av w \/ w raye st":[47.643195,-122.371548],
"1223 w nickerson st":[47.655279,-122.373222],
"1412 madrona dr":[47.612654,-122.281853],
"15th av ne \/ ne 70th st":[47.6794318,-122.312013],
"1915 13th av s":[47.5858838,-122.3160129],
"2432 nw 64th st":[47.6754443,-122.3891668],
"2707 harris pl s":[47.57889,-122.302615],
"3015 ne 60th st":[47.672008,-122.2941889],
"303 33rd av":[47.604662,-122.290823],
"3236 78th av se":[47.5807458,-122.2331617],
"3312 beach dr sw":[47.57497,-122.418392],
"4224 university way ne":[47.6590758,-122.3129094],
"5260 35th av ne":[47.6683848,-122.2900418],
"558 ne 127th st":[47.7213136,-122.3224376],
"58th av s \/ s roxbury st":[47.5168082,-122.2605047],
"5th av s \/ airport way s":[47.5958484,-122.3276949],
"608 39th av e":[47.625699,-122.281691],
"6810 8th av ne":[47.6781343,-122.3200612],
"7917 13th av sw":[47.531315,-122.352023],
"california av \/ oregon av":[47.6601083,-122.4120723]
}