{
"1003 n 47th st":[47.6626869,-122.3458589],
"1030 ne 123rd st":[47.717874,-122.316598],
"1043 ne 95th st":[47.697383,-122.31565],
"11721 palatine av n":[47.714824,-122.357245],
"126 n 143rd st":[47.732583,-122.356606],
"12704 greenwood av n":[47.7217526,-122.3555407],
"12711 8th av nw":[47.7218534,-122.3667427],
"12732 8th av nw":[47.7225886,-122.3663212],
"1319 e olive st":[47.6164397,-122.3148465],
"160 crockett st":[47.637563,-122.353854],
"17 w mercer st":[47.6243883,-122.3574755],
"2017 parkside dr e":[47.637189,-122.29131],
"2108 nw 98th st":[47.700687,-122.383474],
"217 12th av e":[47.620458,-122.317443],
"24 s king st":[47.5982916,-122.3356307],
"2561 shoreland dr s":[47.580506,-122.285896],
"2601 25th av e":[47.6431619,-122.3002618],
"2623 ne 137th st":[47.728134,-122.299396],
"2807 patten pl w":[47.645003,-122.386983],
"3003 nw 94th st":[47.696954,-122.395707],
"3021 ne 135th st":[47.726286,-122.295299],
"3611 ne 57th st":[47.670133,-122.288463],
"4101 49th av s":[47.566285,-122.272383],
"550 thomas st":[47.6209141,-122.3462632],
"5933 39th av s":[47.5486919,-122.2837849],
"5949 beach dr sw":[47.548895,-122.399187],
"622 38th av":[47.6074058,-122.2847774],
"6510 s fountain pl":[47.5035898,-122.2508609],
"6549 43rd av ne":[47.677238,-122.282659],
"7106 44th av sw":[47.539572,-122.388223],
"7501 15th av nw":[47.6833644,-122.3771741],
"955 alaskan way w - louis dreyfus-grain terminal":[47.6283593,-122.3737125],
"denny way \/ fairview av n":[47.618534,-122.3342881],
"wb i90 at east highrise":[47.589755,-122.258782]
}