{
"10 university st":[47.6059753,-122.340192],
"10247 36th av sw":[47.510572,-122.377395],
"1100 38th av":[47.6116532,-122.2845705],
"1200 hubbell pl":[47.6090368,-122.3305949],
"1202 s henderson st":[47.523295,-122.317414],
"130 28th av":[47.602579,-122.295661],
"1757 nw 57th st":[47.6701726,-122.3813756],
"1819 ne 47th st":[47.662807,-122.307544],
"1904 dexter av n":[47.6359549,-122.3423335],
"1911 broadway  e":[47.636292,-122.3214509],
"1929 queen anne av n":[47.6368275,-122.3573717],
"205 s spokane st":[47.571392,-122.3311403],
"310 n 72nd st":[47.6812865,-122.3546634],
"313 nw 75th st":[47.683053,-122.361323],
"3445 42nd av w":[47.651611,-122.410707],
"3862 delridge way sw":[47.5685309,-122.3630306],
"3960 s americus st":[47.5604108,-122.2810774],
"4129 meridian av n":[47.6577369,-122.3341072],
"416 broadway":[47.6058717,-122.3202093],
"4715 45th av s":[47.560024,-122.277364],
"4746 45th av ne":[47.664439,-122.279086],
"5511 s pilgrim st":[47.514906,-122.263498],
"5955 23rd av s":[47.548225,-122.304772],
"6505 31st av sw":[47.5445715,-122.3726364],
"6543 delridge way sw":[47.542909,-122.362261],
"7103 48th av ne":[47.6801397,-122.276726],
"7423 woodlawn av ne":[47.6825472,-122.3276813],
"8038 30th av nw":[47.6878912,-122.3954005],
"806 26th av":[47.609305,-122.298477],
"93 wall st":[47.6143425,-122.3488638],
"ne 127th st \/ 28th av ne":[47.7211006,-122.2977071],
"ne 75th st \/ 41st av ne":[47.6830439,-122.2841022],
"occidental av s \/ s walker st":[47.5839547,-122.3332545],
"sturgus av s \/ s judkins st":[47.5916312,-122.3123696]
}