{
"10027 13th av nw":[47.7021962,-122.3730375],
"10502 13th av nw":[47.7053458,-122.3724458],
"1124 35th av":[47.6123819,-122.287903],
"11866 56th pl s":[47.4957331,-122.2667625],
"1202 nw 119th st":[47.7153769,-122.372173],
"12285 corliss av n":[47.71942,-122.329453],
"12705 39th av ne":[47.721141,-122.286692],
"13714 22nd av ne":[47.728888,-122.305691],
"1419 7th av w":[47.6317242,-122.3667879],
"1422 1st av":[47.608434,-122.3393953],
"1500 w emerson st":[47.6540914,-122.3950955],
"1506 5th av w":[47.632644,-122.363311],
"15th av e \/ e olin pl":[47.6345837,-122.3130649],
"1803 n 90th st":[47.693904,-122.336262],
"29th av s \/ s holly st":[47.542653,-122.2958218],
"3224 ne 92nd st":[47.6956651,-122.2921682],
"3548 ne 85th st":[47.690416,-122.288514],
"3606 38th av w":[47.6526039,-122.405413],
"3630 linden av n":[47.652099,-122.348241],
"4022 corliss av n":[47.656284,-122.331076],
"4026 36th av sw":[47.567512,-122.3770566],
"4518 ne 110th st":[47.709305,-122.27949],
"4605 ne 54th st":[47.6676619,-122.2781108],
"5413 meridian av n":[47.6683736,-122.3339504],
"5416 30th av sw":[47.553198,-122.37054],
"5915 39th av sw":[47.5497271,-122.3821332],
"6410 roosevelt way ne":[47.6754083,-122.3168],
"7039 6th av nw":[47.680705,-122.363698],
"9257 fauntleroy way sw":[47.520779,-122.395173],
"aurora av n \/ n 165th st":[47.7486905,-122.3454181],
"high point dr sw \/ 30th av sw":[47.5501238,-122.3709522],
"lake city way ne \/ ne 125th st":[47.7192729,-122.2951529],
"whitman av n \/ n 145th st":[47.7341282,-122.3463115]
}