{
"0 sb sr99 at seneca":[47.610664,-122.345431],
"1015 37th av e":[47.627883,-122.285897],
"1200 n northgate way":[47.7052697,-122.3430429],
"12019 33rd av ne":[47.7160782,-122.292822],
"1225 n 45th st":[47.6612236,-122.3429162],
"12521 12th av ne":[47.720078,-122.315782],
"130 n 81st st":[47.6878777,-122.3566209],
"1730 lakeside av s":[47.586778,-122.28565],
"2716 ne 53rd st":[47.667335,-122.297697],
"2722 31st av s":[47.578933,-122.292655],
"2800 ne 68th st":[47.6777381,-122.297052],
"2827 30th av w":[47.645415,-122.395981],
"35th av \/ e pine st":[47.6152054,-122.288142],
"4216 43rd av ne":[47.659715,-122.280944],
"4222 ashworth av n":[47.658693,-122.339397],
"4515 41st av sw":[47.562468,-122.384532],
"4641 56th av sw":[47.561494,-122.403468],
"4824 s garden st":[47.537843,-122.271463],
"4916 purdue av ne":[47.670519,-122.274133],
"5001 green lake way n":[47.6647464,-122.3409062],
"6847 30th av ne":[47.679014,-122.295575],
"8th av nw \/ nw 75th st":[47.6832742,-122.3659872],
"9315 48th av s":[47.518595,-122.273487],
"9900 m l king jr way s":[47.5113454,-122.2783812],
"blanchard st \/ elliott av":[47.6116654,-122.3467583],
"e denny way \/ 15th av":[47.6185192,-122.3127478],
"rainier av s \/ 53rd av s":[47.5198431,-122.2661652],
"s king st \/ 3rd av s":[47.5982902,-122.3303719],
"stanley av s \/ s hardy st":[47.5460777,-122.3139248]
}