{
"0 nb i5 at 130":[47.719838,-122.324131],
"10708 17th av ne":[47.707062,-122.309651],
"1101 seneca st":[47.610687,-122.325913],
"1200 ne 43rd st":[47.6598348,-122.3154917],
"13323 23rd pl ne":[47.725398,-122.303702],
"13702 37th av ne":[47.728435,-122.287948],
"15 w galer st":[47.632079,-122.357336],
"1652 20th av":[47.6167782,-122.3060196],
"1728 nw 63rd st":[47.674698,-122.3801755],
"1746 16th av sw":[47.5864266,-122.3554361],
"1914 35th av w":[47.6363178,-122.4008105],
"24th av nw & nw market st":[47.6686787,-122.3875802],
"2515 rainier av s":[47.5806753,-122.3008587],
"2595 crestmont pl w":[47.642932,-122.408784],
"2637 46th av w":[47.644894,-122.415786],
"2646 w plymouth st":[47.6364602,-122.3923643],
"3111 s king st":[47.597732,-122.292133],
"312 ne 81st st":[47.6877192,-122.3250237],
"3200 15th av w":[47.6486903,-122.3758799],
"3416 39th av w":[47.651043,-122.406484],
"3417 28th av w":[47.6510419,-122.3932927],
"3600 bridge way n":[47.6513156,-122.3472353],
"38th av s \/ s angeline st":[47.5594664,-122.2849315],
"4033 52nd pl sw":[47.567606,-122.399869],
"407 2nd av s":[47.5987077,-122.331605],
"4103 lake washington blvd s":[47.5663259,-122.268919],
"5150 s orcas st":[47.5513328,-122.2677347],
"5301 ravenna av ne":[47.6672862,-122.3036986],
"5370 wilson av s":[47.5536888,-122.2683801],
"5730 s bangor st":[47.5062734,-122.2597539],
"6100 corson av s":[47.5477495,-122.320743],
"6302 17th av ne":[47.6749003,-122.3094925],
"6522 30th av ne":[47.67635,-122.294786],
"7058 24th av nw":[47.681162,-122.387191],
"7065 7th av nw":[47.681393,-122.364809],
"723 bellevue av e":[47.625736,-122.326968],
"730 n 101st st":[47.7023727,-122.3488131],
"7537 31st av sw":[47.5344411,-122.372848],
"7551 31st av nw":[47.684588,-122.397269],
"7738 dibble av nw":[47.686275,-122.366925],
"8312 wolcott av s":[47.529355,-122.267893],
"8324 beacon av s":[47.528961,-122.287456],
"e thomas st \/ 10th av e":[47.6210854,-122.3195585],
"fauntleroy way sw \/ sw findlay st":[47.552031,-122.3816734],
"ne 65th st \/ 20th av ne":[47.6757859,-122.3065192]
}