{
"10340 mary av nw":[47.704603,-122.375138],
"114 lakeside av s":[47.6009437,-122.2855764],
"11460 marine view dr sw":[47.499562,-122.377213],
"119 ward st":[47.627858,-122.3543717],
"128 ne 64th st":[47.6753628,-122.3268981],
"13226 35th av ne":[47.725387,-122.290014],
"154 nw 59th st":[47.671822,-122.360081],
"1625 ne 143rd st":[47.7321019,-122.3110206],
"1800 ne spokane ln":[47.6568964,-122.3088943],
"1923 5th av w":[47.636639,-122.364045],
"1st av w \/ western av w":[47.6190771,-122.3581414],
"2157 dexter av n":[47.639136,-122.34436],
"2210 n 45th st":[47.6616387,-122.3320322],
"2339 n 137th st":[47.728143,-122.329722],
"2519 nw 67th st":[47.6775073,-122.3895326],
"2530 ne 135th st":[47.7265635,-122.300181],
"2758 s washington st":[47.601082,-122.296302],
"2808 w tilden st":[47.653393,-122.393402],
"3006 12th av w":[47.647124,-122.372251],
"304 nw 48th st":[47.6638238,-122.3611247],
"30th av s \/ s frontenac st":[47.5399804,-122.293339],
"3206 s dearborn st":[47.5959379,-122.2911136],
"3215 38th av sw":[47.5750879,-122.3805738],
"3418 nw 65th st":[47.676018,-122.402017],
"3804 e garfield st":[47.633586,-122.283648],
"4002 29th av w":[47.656046,-122.394144],
"4409 26th av sw":[47.564362,-122.365856],
"44th av sw \/ sw andover st":[47.5684135,-122.3881179],
"4500 - 4699 ne 93rd st":[47.696073,-122.278362],
"45th av sw \/ sw stevens st":[47.6615144,-122.3162524],
"4751 5th av ne":[47.6646406,-122.3232163],
"4809 stone way n":[47.66383,-122.341472],
"4816 sw stevens st":[47.5777323,-122.3939791],
"5459 17th av sw":[47.5519712,-122.3562333],
"7001 - 7099 aurora av n":[47.68031,-122.345234],
"7309 19th av nw":[47.6816553,-122.3813016],
"7353 35th av s":[47.5355547,-122.2888409],
"7715 crest dr ne":[47.685124,-122.274418],
"7747 28th av nw":[47.6863615,-122.393333],
"7809 5th av ne":[47.685723,-122.323301],
"8809 delridge way sw":[47.5242926,-122.3605171],
"8th av ne \/ ne 71st st":[47.6801973,-122.3198216],
"910 n 75th st":[47.68352,-122.34587],
"9212 17th av ne":[47.6962347,-122.3091653],
"9611 54th av s":[47.516474,-122.26578],
"9748 48th av ne":[47.7008364,-122.2764633],
"elliott av w \/ w thomas st":[47.6209669,-122.3613015],
"harvard av & e pike st":[47.6140807,-122.3221056],
"university way ne & ne 45th st":[47.661282,-122.3131454],
"w boston st \/ 23rd av w":[47.6384278,-122.3862123]
}