{
"10024 44th av ne":[47.701898,-122.281001],
"10200 1st av nw":[47.7030217,-122.3578719],
"1203 41st av e":[47.629934,-122.28037],
"12203 ridgemont way n":[47.718316,-122.356443],
"1400 2nd av":[47.6085536,-122.3378866],
"16092 greenwood av n":[47.747572,-122.355179],
"1820 41st av e":[47.6355002,-122.2794374],
"1837 n 51st st":[47.665555,-122.334782],
"2212 gilman dr w":[47.639113,-122.372903],
"2632 alki av sw":[47.5799748,-122.4077008],
"2752 6th av s":[47.578189,-122.325534],
"3002 30th av s":[47.5766398,-122.2941387],
"3057 s holden st":[47.533547,-122.290991],
"3418 ne 65th st":[47.6760358,-122.2906383],
"3423 49th av sw":[47.5731275,-122.3950149],
"3511 ne 43rd st":[47.659649,-122.289665],
"37th av sw \/ sw oregon st":[47.5628714,-122.378773],
"4033 46th av s":[47.56663,-122.276155],
"40th av sw \/ sw juneau st":[47.550248,-122.3830773],
"4103 renton av s":[47.566059,-122.293259],
"4218 sw alaska st":[47.5612723,-122.3864082],
"4814 beach dr sw":[47.5590199,-122.401824],
"5038 bowen pl s":[47.555861,-122.277235],
"5413 31st av sw":[47.5533384,-122.372629],
"6438 30th av sw":[47.5446747,-122.3697976],
"6526 53rd av ne":[47.676564,-122.27021],
"7106 34th av sw":[47.538854,-122.374866],
"7526 41st av ne":[47.683862,-122.283848],
"802 ne 69th st":[47.6789418,-122.3198502],
"8126 9th av sw":[47.529282,-122.346374],
"8303 22nd av nw":[47.688846,-122.384643],
"8436 48th av s":[47.526766,-122.272231],
"8750 sand point way ne":[47.693245,-122.270209],
"8855 14th av sw":[47.5230969,-122.3530263],
"9672 renton av s":[47.515391,-122.266961],
"e howell st \/ lake washington blvd":[47.6176641,-122.2815854],
"e union st \/ 26th av":[47.6129305,-122.2987964],
"nw 61st st \/ 24th av nw":[47.6731178,-122.3875797],
"olive way \/ 4th av":[47.6121847,-122.3385492],
"s atlantic st \/ alaskan way s":[47.5907124,-122.3373543]
}