{
"1026 36th av e":[47.628215,-122.286446],
"1041 ne 123rd st":[47.717376,-122.316119],
"1301 n northlake way":[47.647582,-122.342174],
"14328 linden av n":[47.733105,-122.346998],
"1608 sunset av sw":[47.589085,-122.391276],
"1800 18th av s":[47.586813,-122.309071],
"2001 w garfield st":[47.633893,-122.387986],
"2308 ne 108th st":[47.7077523,-122.303477],
"2557 9th av w":[47.6422534,-122.3692638],
"2815 ne 105th st":[47.704408,-122.296969],
"2912 warren av n":[47.646082,-122.354172],
"309 18th av e":[47.620847,-122.309121],
"3216 e spruce st":[47.603361,-122.290604],
"3531 bagley av n":[47.6501335,-122.3329839],
"36th av ne \/ ne 125th st":[47.71924,-122.2893349],
"3748 sw ida st":[47.53447,-122.381444],
"4215 baker av nw":[47.658265,-122.359941],
"457 mcgilvra blvd e":[47.624122,-122.284779],
"5001 36th av ne":[47.6650252,-122.2893584],
"523 ne 92nd st":[47.695604,-122.322051],
"5515 ne penrith rd":[47.666589,-122.268263],
"553 n 166th st":[47.749783,-122.352255],
"6062 5th av ne":[47.674102,-122.323113],
"6622 dayton av n":[47.677662,-122.352333],
"7021 brooklyn av ne":[47.680188,-122.314784],
"7115 roosevelt way ne":[47.6805922,-122.3177215],
"720 27th av":[47.6087166,-122.2972977],
"731 broadway e":[47.6258857,-122.3216343],
"7924 16th av sw":[47.5310736,-122.3547334],
"827 33rd av s":[47.5949113,-122.2906029],
"8314 wabash av s":[47.5290896,-122.2693404],
"8454 36th av s":[47.526295,-122.286791],
"909 ne 63rd st":[47.6740132,-122.3182301],
"rainier av s \/ s norman st":[47.5935223,-122.3097398],
"s mayflower st \/ wilson av s":[47.5541079,-122.2691513],
"sw yancy st \/ sw andover st":[47.5676061,-122.3708481]
}