{
"0 sb sr99 at battery st tunnel":[47.618721,-122.3437339],
"10443 35th av sw":[47.508722,-122.376283],
"10515 dayton av n":[47.7055898,-122.3530767],
"10736 stone av n":[47.70798,-122.341677],
"12319 15th av ne":[47.7182686,-122.3126609],
"1237 federal av e":[47.6315979,-122.319479],
"13055 12th av nw":[47.725027,-122.372053],
"14400 1st av ne":[47.7336719,-122.3288572],
"1st av ne \/ n northgate way":[47.7085794,-122.3286586],
"2120 e fir st":[47.602883,-122.304053],
"2212 s mead st":[47.55065,-122.304286],
"2315 ne 45th st":[47.6612299,-122.3033185],
"2317 29th av w":[47.6393851,-122.3944615],
"2333 16th av s":[47.5820141,-122.3123841],
"2502 canterbury ln e":[47.6410914,-122.2813348],
"2507 1st av":[47.6148591,-122.3490471],
"2508 18th av s":[47.580742,-122.309462],
"4129 15th av s":[47.566333,-122.313883],
"4135 ne 96th st":[47.6984459,-122.282994],
"4206 stone way n":[47.6583146,-122.3420557],
"4217 28th av sw":[47.565761,-122.368446],
"4219 woodlawn av n":[47.658589,-122.338968],
"4338 13th av s":[47.5641869,-122.315664],
"4836 terrace dr ne":[47.6642351,-122.2851181],
"5017 sw grayson st":[47.5817433,-122.3952164],
"5864 seward park av s":[47.5501661,-122.2585827],
"617 nw 73rd st":[47.681573,-122.364114],
"6527 rainier av s":[47.543499,-122.273935],
"7352 20th av ne":[47.682757,-122.306301],
"8128 13th av sw":[47.5292654,-122.3513994],
"8151 5th av sw":[47.528593,-122.342045],
"819 ne 75th st":[47.682841,-122.319473],
"8217 35th av sw":[47.529173,-122.377079],
"8516 nesbit av n":[47.6910801,-122.3431093],
"8516 wallingford av n":[47.691009,-122.335977],
"9040 13th av sw":[47.521607,-122.351365],
"920 nw 97th st":[47.700425,-122.369978],
"e boston st \/ eastlake av e":[47.638247,-122.3258953],
"e harrison st \/ federal av e":[47.6219829,-122.318867],
"fullerton av \/ e james st":[47.6068338,-122.2834808],
"nw 67th st \/ 15th av nw":[47.6778136,-122.3767751]
}