{
"101 denny way":[47.6185708,-122.3550041],
"1013 11th av e":[47.6282167,-122.3180657],
"10245 39th av sw":[47.51072,-122.381998],
"1028 boren av":[47.6096813,-122.3253813],
"1435 e john ct":[47.6195468,-122.3130284],
"1439 sunset av sw":[47.5907442,-122.3901004],
"1449 broadmoor dr e":[47.632654,-122.288602],
"1710 n 120th st":[47.716123,-122.336784],
"1924 pike pl":[47.6101891,-122.3430251],
"2201 e madison":[47.6180276,-122.3037395],
"2441 ne 125th st":[47.718948,-122.302582],
"2500 32nd av w":[47.6413113,-122.398072],
"2525 w dravus st":[47.648249,-122.38976],
"308 mcgraw st":[47.6401541,-122.3514138],
"3323 21st av s":[47.5733385,-122.305207],
"3855 ne 92nd st":[47.695028,-122.285475],
"3950 benton ln ne":[47.6545905,-122.3064183],
"4114 woodland park av n":[47.657112,-122.344303],
"4127 ne 96th st":[47.69845,-122.283295],
"4228 phinney av n":[47.658706,-122.354179],
"4423 s rose st":[47.529359,-122.276981],
"4th av ne \/ ne pacific st":[47.655091,-122.3245454],
"504 n 179th pl":[47.759225,-122.354316],
"5113 s brighton st":[47.54134,-122.269294],
"5218 15th av ne":[47.6670538,-122.3115867],
"5519 30th av ne":[47.669112,-122.295416],
"700 s southern st":[47.5298461,-122.3251814],
"837 ne 67th st":[47.6771288,-122.3184488],
"8403 22nd av sw":[47.528114,-122.362184],
"913 27th av":[47.6105212,-122.297767],
"minor av \/ pike st":[47.6139385,-122.3278157],
"nb i5 fr northgate":[47.708629,-122.328634],
"sw elmgrove st \/ delridge way sw":[47.5300606,-122.3604279]
}