{
"10246 38th av sw":[47.5106078,-122.3801354],
"10703 renton av s":[47.504931,-122.253476],
"10752 5th av nw":[47.708397,-122.362598],
"1106 6th av w":[47.6290024,-122.3641522],
"12332 33rd av ne":[47.7184322,-122.2927146],
"1532 ne 97th st":[47.6996759,-122.310515],
"1610 12th av w":[47.6338933,-122.372491],
"1623 nob hill av n":[47.633856,-122.351047],
"1715 sunset av sw":[47.58785,-122.392313],
"211 32nd av e":[47.6205714,-122.2914892],
"2116 nw vernon pl":[47.6661975,-122.3839741],
"27th av s \/ s forest st":[47.5775168,-122.2982607],
"30th av s \/ s chicago st":[47.5323889,-122.2934133],
"323 n 103rd st":[47.7034543,-122.3544188],
"337 m l king jr way":[47.6053349,-122.297118],
"3431 33rd av w":[47.651409,-122.399908],
"3831 35th av sw":[47.569282,-122.376494],
"4011 23rd av sw":[47.5679059,-122.362488],
"41st av e \/ e prospect st":[47.6286322,-122.2799791],
"4205 e highland dr":[47.629459,-122.278203],
"5219 18th av sw":[47.5552149,-122.357415],
"5306 beacon av s":[47.554732,-122.302507],
"6005 ne kelden pl":[47.668293,-122.263099],
"6815 46th av s":[47.541097,-122.275655],
"6940 beacon av s":[47.539928,-122.2971263],
"7129 m l king jr way s":[47.538121,-122.2819784],
"7354 35th av sw":[47.5358347,-122.3763239],
"9215 32nd av sw":[47.520561,-122.374484],
"blanchard st \/ 5th av":[47.6153021,-122.3417044],
"e alder st \/ 23rd av":[47.6043237,-122.3024192],
"highland park way sw \/ sw kenyon st":[47.5319338,-122.3467705]
}