{
"10th av e \/ e garfield st":[47.6330496,-122.3199517],
"11223 cornell av s":[47.5020938,-122.2416025],
"1419 41st av e":[47.6315574,-122.2799548],
"1615 sw henderson st":[47.5226691,-122.356063],
"1620 dexter av n":[47.6336195,-122.3419403],
"1728 m l king jr way s":[47.5874138,-122.2978164],
"2202 fairmount av sw":[47.583469,-122.380307],
"2429 queen anne av n":[47.640478,-122.357303],
"2432 delmar dr e":[47.6415361,-122.315384],
"2731 s norman st":[47.5929379,-122.296611],
"3124 sw 103rd st":[47.511336,-122.372712],
"3430 36th av w":[47.651402,-122.403216],
"3915 sunnyside av n":[47.654718,-122.330623],
"4006 38th av s":[47.567637,-122.284721],
"4206 42nd av s":[47.564915,-122.280382],
"4228 decatur pl s":[47.565765,-122.318505],
"4333 sw holly st":[47.5428758,-122.3887678],
"4426 s eddy st":[47.5453194,-122.2769217],
"4520 46th av s":[47.562249,-122.275354],
"4710 42nd av sw":[47.5606466,-122.385164],
"4913 s rose st":[47.528966,-122.2711197],
"5607 5th av ne":[47.669623,-122.323124],
"700 7th av":[47.6053398,-122.3275877],
"8162 15th av sw":[47.5284409,-122.3539032],
"8602 fauntleroy way sw":[47.5266508,-122.3923624],
"8720 mary av nw":[47.693052,-122.375068],
"9017 phinney av n":[47.694775,-122.354363],
"9037 39th av sw":[47.521781,-122.382431],
"921 31st av s":[47.593927,-122.293051],
"eastlake av e \/ e garfield st":[47.6338596,-122.325587],
"ne 113th st \/ roosevelt way ne":[47.7109681,-122.3179029],
"perkins ln w \/ w ruffner st":[47.6527196,-122.4161489],
"roosevelt way ne \/ ne 56th st":[47.6694308,-122.317358]
}