{
"1224 ne 117th st":[47.714232,-122.313833],
"12329 hiram pl ne":[47.718131,-122.30105],
"14351 40th av ne":[47.7330652,-122.2860936],
"1709 m l king jr way":[47.6168283,-122.2964157],
"1717 s bayview st":[47.580857,-122.3100467],
"1718 14th av":[47.617052,-122.313759],
"1962 edgemont pl w":[47.637613,-122.402998],
"208 belmont av e":[47.6200745,-122.3238993],
"2111 29th av s":[47.584055,-122.29549],
"2407 14th av s":[47.581605,-122.315084],
"3127 nw 93rd st":[47.6961953,-122.3981136],
"3303 east laurelhurst dr ne":[47.6523139,-122.277775],
"4245 e lee st":[47.630767,-122.27675],
"4267 ne 124th st":[47.718067,-122.279877],
"4405 s dawson st":[47.554915,-122.278368],
"4415 52nd av ne":[47.660598,-122.272269],
"4610 sw lander st":[47.5795055,-122.3914332],
"4825 27th av s":[47.558949,-122.298323],
"5104 19th av s":[47.5564856,-122.3076788],
"5405 west marginal way sw":[47.553716,-122.3474501],
"5940 4th av s":[47.5492039,-122.3295666],
"6018 25th av ne":[47.6727437,-122.3003617],
"6553 51st av s":[47.54281,-122.270254],
"7409 woodlawn av ne":[47.6823201,-122.3272305],
"800 s charles st":[47.5950002,-122.3224837],
"8847 wallingford av n":[47.6936873,-122.3367665],
"9000 m l king jr way s":[47.5230123,-122.2786512],
"9008 32nd av sw":[47.5225269,-122.373625],
"9049 39th av sw":[47.5214519,-122.382438],
"9766 arrowsmith av s":[47.514595,-122.253477],
"9837 40th av sw":[47.514437,-122.383683],
"alaskan way s \/ east marginal way s":[47.587366,-122.3394774],
"bigelow av n \/ 2nd av n":[47.6289923,-122.3527528],
"e newton st \/ 41st av e":[47.6369605,-122.2796288],
"nw 70th st \/ 19th av nw":[47.6795239,-122.3810512]
}