{
"10214 47th av sw":[47.511686,-122.392245],
"10650 60th av s":[47.5046763,-122.2580008],
"10752 lakeside av ne":[47.709509,-122.276637],
"11130 beacon av s":[47.5008971,-122.2677063],
"11722 40th av ne":[47.7144819,-122.284852],
"11th av nw \/ nw 51st st":[47.6657082,-122.3707683],
"13727 28th av ne":[47.729007,-122.298176],
"13727 36th av ne":[47.729101,-122.290027],
"148 nw 83rd st":[47.6893095,-122.3601213],
"1542 madrona dr":[47.614929,-122.283338],
"1640 5th av":[47.612533,-122.3372128],
"1901 n 133rd st":[47.724778,-122.335437],
"2330 7th av":[47.617688,-122.3418857],
"2447 nw 61st st":[47.6728871,-122.3897158],
"2649 37th av w":[47.6444482,-122.4053711],
"2806 nw 70th st":[47.67985,-122.393383],
"2nd av n \/ queen anne dr":[47.6420345,-122.3535256],
"349 ne 55th st":[47.6683809,-122.323413],
"36th av e \/ lake washington blvd e":[47.6231329,-122.2865305],
"3700 nw 65th st":[47.6758384,-122.4034619],
"3801 walla walla rd ne":[47.6508408,-122.2989694],
"3902 california av sw":[47.5691403,-122.3863632],
"3920 42nd av s":[47.568123,-122.280406],
"4217 eastern av n":[47.658524,-122.329376],
"500 ne ravenna blvd":[47.677648,-122.3234555],
"5010 seelye ct s":[47.557068,-122.306746],
"5130 s frontenac st":[47.54005,-122.268508],
"5750 east green lake way n":[47.67147,-122.338944],
"6102 corliss av n":[47.673049,-122.330588],
"621 w mcgraw st":[47.6394881,-122.3659279],
"6310 21st av ne":[47.675172,-122.305178],
"639 33rd av e":[47.626125,-122.289913],
"7418 2nd av ne":[47.683091,-122.326578],
"7957 44th pl s":[47.5298814,-122.2773106],
"816 w blaine st":[47.6349288,-122.3685121],
"9819 32nd av sw":[47.515023,-122.373595]
}