{
"11027 40th av ne":[47.7091424,-122.2856702],
"1107 20th av s":[47.592757,-122.306564],
"12036 35th av ne":[47.71663,-122.291011],
"1241 ne 103rd st":[47.702817,-122.313139],
"13722 35th av ne":[47.728938,-122.290575],
"13907 2nd av ne":[47.729708,-122.32802],
"1952 26th av e":[47.637285,-122.299121],
"215 nw 48th st":[47.663362,-122.359566],
"2218 1st av w":[47.639029,-122.357866],
"2436 s columbian way":[47.560529,-122.301766],
"2552 57th av sw":[47.579719,-122.404884],
"2718 44th av sw":[47.578695,-122.387561],
"2821 39th av w":[47.6456416,-122.4073959],
"300 occidental av s":[47.5999664,-122.3326583],
"322 n 78th st":[47.6856718,-122.3542428],
"3247 64th av sw":[47.574582,-122.41498],
"3550 sw 110th st":[47.504868,-122.378198],
"3619 bella vista av s":[47.570995,-122.283914],
"3713 37th av sw":[47.570778,-122.378522],
"3963 1st av ne":[47.6553044,-122.328136],
"4201 ne 41st st":[47.658236,-122.282389],
"430 dexter av n":[47.6229688,-122.3419452],
"5116 45th av ne":[47.6665779,-122.2791337],
"5127 s orcas st":[47.550909,-122.268698],
"5923 21st av s":[47.549472,-122.306631],
"6300 23rd av ne":[47.674842,-122.302312],
"6528 26th av nw":[47.676733,-122.38938],
"656 nw 85th st":[47.6909079,-122.3657608],
"6798 murray av sw":[47.540588,-122.394581],
"6811 fremont av n":[47.6791227,-122.3502016],
"6th av nw \/ nw 92nd st":[47.6960619,-122.3633364],
"7541 11th av ne":[47.6843708,-122.3164828],
"7815 greenwood av n":[47.6860432,-122.3555967],
"8116 8th av ne":[47.688047,-122.320005],
"9107 8th av ne":[47.695199,-122.320634],
"lake washington blvd s \/ s alaska st":[47.5606401,-122.2643678],
"m l king jr way s \/ s lilac st":[47.5672463,-122.2970581],
"ne 143rd st \/ 25th av ne":[47.7320171,-122.3019443],
"nw 63rd st \/ 26th av nw":[47.6745252,-122.3901022],
"w galer st \/ 16th av w":[47.6315474,-122.3776901],
"wallingford av n \/ n 85th st":[47.6905188,-122.3364377]
}