{
"1006 spring st":[47.6098557,-122.3267478],
"10458 alderbrook pl nw":[47.7050812,-122.3651985],
"126 nw 77th st":[47.6849574,-122.3591813],
"1503 3rd av":[47.6098022,-122.3378667],
"1621 n 47th st":[47.662648,-122.338008],
"1654 interlaken pl e":[47.634855,-122.303169],
"1919 boyer av e":[47.6357928,-122.3027306],
"1930 boyer av e":[47.6366436,-122.3039327],
"1st av s \/ s hinds st":[47.5736948,-122.3343354],
"2023 sw cloverdale st":[47.5263187,-122.3600485],
"217 nw market st":[47.6647798,-122.3595857],
"2203 30th av s":[47.583475,-122.29441],
"2256 38th pl e":[47.639707,-122.284104],
"2345 rainier av s":[47.5815711,-122.3011517],
"2847 nw 72nd st":[47.680732,-122.395064],
"28th av ne \/ hiram pl ne":[47.7156391,-122.2979806],
"3213 whalley pl w":[47.6491643,-122.3910587],
"5162 s kenyon st":[47.5316832,-122.2688202],
"5449 beacon av s":[47.5523551,-122.3027279],
"5th av w \/ w galer st":[47.6323241,-122.3636982],
"602 27th av e":[47.624528,-122.297352],
"6226 44th av ne":[47.6748009,-122.2805521],
"701 5th av n":[47.625676,-122.347941],
"7905 renton av s":[47.5311847,-122.2785205],
"821 17th av":[47.6098659,-122.310618],
"9613 60th av s":[47.5163127,-122.258512],
"nw 80th st \/ 33rd av nw":[47.6867472,-122.3990903],
"renton av s \/ 53rd av s":[47.5148123,-122.2665085]
}