{
"10304 lake city way ne":[47.7032195,-122.3012924],
"10735 4th av nw":[47.7080405,-122.3621595],
"11065 5th av ne":[47.7105588,-122.32365],
"12013 12th av nw":[47.7166568,-122.372561],
"12025 9th av nw":[47.7168708,-122.3679663],
"12258 1st av nw":[47.7194505,-122.3578742],
"1518 22nd av s":[47.588932,-122.303548],
"1529 s pearl st":[47.556388,-122.312214],
"1536 ne 91st st":[47.69513,-122.310673],
"1704 boylston av":[47.6165181,-122.3234058],
"1901 34th av w":[47.636052,-122.4003076],
"2121 5th av":[47.6147307,-122.3414953],
"3020 ne 110th st":[47.708668,-122.295301],
"309 29th av s":[47.5999968,-122.295289],
"3203 beacon av s":[47.5749702,-122.3092157],
"3247 23rd av w":[47.649889,-122.386395],
"3512 densmore av n":[47.649657,-122.3372397],
"35th av s \/ s massachusetts st":[47.5876648,-122.2880542],
"4003 sw 107th st":[47.5071729,-122.382959],
"4227 2nd av ne":[47.658539,-122.327622],
"4232 rainier av s":[47.5642659,-122.2882051],
"4531 41st av sw":[47.5618989,-122.384405],
"4759 roosevelt way ne":[47.6647884,-122.3176509],
"4803 3rd av nw":[47.6638599,-122.3609658],
"5034 20th av ne":[47.6659185,-122.3063123],
"6543 18th av ne":[47.677042,-122.30907],
"700 nw 100th st":[47.7015338,-122.3656715],
"7509 32nd av sw":[47.5352073,-122.3743184],
"807 e pine st":[47.6152275,-122.3217268],
"8531 east marginal way s":[47.5261809,-122.3060883],
"8851 wallingford av n":[47.693813,-122.336863],
"924 n 91st st":[47.695135,-122.345877],
"981 20th av":[47.612691,-122.306638],
"diagonal av s \/ 4th av s":[47.5672437,-122.3293824],
"east marginal way s \/ s mead st":[47.5512161,-122.3357974],
"rainier av s \/ s holden st":[47.5336588,-122.2699653],
"s holly st \/ 44th av s":[47.5424496,-122.2781193],
"sta11":[47.5337571,-122.3547282]
}