{
"10813 24th av ne":[47.70802,-122.303314],
"1334 s dawson st":[47.555939,-122.31455],
"14th av s \/ s judkins st":[47.59154,-122.314851],
"1517 4th av w":[47.632879,-122.362754],
"1600 boyer av e":[47.6338561,-122.298725],
"2017 s lane st":[47.5964534,-122.3055567],
"20th av ne \/ ne 52nd st":[47.6664173,-122.306501],
"2304 hughes av sw":[47.583157,-122.398158],
"2800 w garfield st":[47.6339886,-122.3933959],
"2803 s walker st":[47.5834809,-122.296046],
"2847 22nd av w":[47.6461309,-122.385033],
"2912 beacon av s":[47.577426,-122.3100594],
"300 ne 45th st":[47.6616226,-122.3249405],
"317 31st av":[47.6047665,-122.2929694],
"3221 sw trenton st":[47.524414,-122.375051],
"3421 thorndyke av w":[47.6506505,-122.3790045],
"3803 38th av s":[47.569622,-122.285348],
"3845 aurora av n":[47.653924,-122.347701],
"4144 19th av sw":[47.565286,-122.357558],
"4504 fremont av n":[47.661705,-122.349616],
"4540 45th av sw":[47.5616861,-122.3890794],
"5206 delridge way sw":[47.5548183,-122.3629215],
"5th av s \/ s cloverdale st":[47.5264883,-122.3282202],
"616 n 61st st":[47.673379,-122.350579],
"6405 sand point way ne":[47.6756615,-122.2635653],
"7519 s taft st":[47.510004,-122.240249],
"7810 east green lake dr n":[47.6854732,-122.3359461],
"828 31st av":[47.610101,-122.29229],
"8555 perimeter rd s":[47.5257313,-122.294497],
"8927 beacon av s":[47.5226675,-122.2852198],
"906 36th av":[47.6106679,-122.2868683],
"9223 9th av nw":[47.696726,-122.369116],
"9257 9th av nw":[47.6977059,-122.369058],
"fairview av n \/ john st":[47.6196957,-122.3343081],
"harbor av sw \/ alki":[47.595051,-122.3853263],
"railroad way s \/ 1st av s":[47.5956837,-122.33419]
}