{
"10747 dayton av n":[47.708252,-122.353202],
"132 24th av e":[47.6199952,-122.3008387],
"1413 harvard av":[47.6133665,-122.3221229],
"1535 18th av":[47.6151063,-122.3090868],
"1914 ne 65th st":[47.6758465,-122.3070437],
"25th av ne \/ ne 133rd st":[47.7247664,-122.3018956],
"2601 50th av sw":[47.581091,-122.395643],
"3012 nw market st":[47.6686474,-122.3961927],
"3031 s holly pl":[47.5418211,-122.291767],
"316 2nd av s":[47.5995348,-122.3313931],
"316 32nd av":[47.605022,-122.291262],
"318 26th av":[47.604918,-122.298578],
"3212 sw genesee st":[47.5651706,-122.3744514],
"3409 sw holden st":[47.5335139,-122.375771],
"3422 ne blakeley st":[47.661808,-122.290348],
"3467 15th av w":[47.6504112,-122.3762177],
"3845 woodlawn av n":[47.6539576,-122.3391297],
"3909 fauntleroy way sw":[47.5681573,-122.3735722],
"3936 sw 97th st":[47.5167897,-122.3838239],
"4035 36th av sw":[47.567321,-122.377842],
"5012 47th av sw":[47.556997,-122.391942],
"509 e howell st":[47.6177318,-122.3251576],
"5627 42nd av sw":[47.551258,-122.385978],
"5741 twin maple ln ne":[47.6712922,-122.3014943],
"5th av n \/ ward st":[47.6280185,-122.3475426],
"630 boren av n":[47.625452,-122.335479],
"7912 11th av sw":[47.531485,-122.348948],
"830 28th av s":[47.594814,-122.296194],
"8304 22nd av nw":[47.6889522,-122.3840237],
"8534 11th av nw":[47.691486,-122.370079],
"8824 rainier av s":[47.523698,-122.2696359],
"8837 30th av sw":[47.523513,-122.371663],
"9553 evanston av n":[47.69935,-122.35166],
"9823 47th av sw":[47.5144499,-122.393408],
"ne 65th st \/ 31st av ne":[47.675782,-122.2942952],
"nw market st \/ 17th av nw":[47.6686714,-122.3789049]
}