{
"116 n 50th st":[47.665259,-122.356385],
"119 24th av":[47.602336,-122.30153],
"1204 22nd av e":[47.630761,-122.303144],
"1405 33rd av":[47.6131683,-122.2906047],
"1565 grand av":[47.6149042,-122.2846114],
"1619 ne 52nd st":[47.666247,-122.3099614],
"1737 airport way s":[47.5871224,-122.3221775],
"18th av \/ e olive st":[47.6164418,-122.3088369],
"1916 ne 105th st":[47.7050224,-122.306513],
"1950 1st av s":[47.5845187,-122.3339691],
"200 sw michigan st":[47.5410907,-122.3377455],
"2033 s alaska st":[47.5608626,-122.3057178],
"2423 everett av e":[47.6413392,-122.3147526],
"2460 crestmont pl w":[47.6404442,-122.4057867],
"2508 sw chicago ct":[47.532758,-122.365609],
"2512 15th av w":[47.641112,-122.375788],
"2516 ne 91st st":[47.6950165,-122.3008124],
"2539 s raymond st":[47.548327,-122.298152],
"3000 s myrtle st":[47.5388886,-122.2920041],
"4016 44th av sw":[47.567844,-122.387714],
"419 19th av e":[47.622629,-122.307674],
"4337 15th av s":[47.5641873,-122.3137995],
"4437 35th av w":[47.661143,-122.402906],
"4722 18th av ne":[47.6637389,-122.307993],
"5350 ballard av nw":[47.6677737,-122.3841517],
"538 n 104th st":[47.7045594,-122.3510966],
"5425 25th av sw":[47.55294,-122.364678],
"6024 high point dr sw":[47.5487129,-122.3686429],
"6030 princeton av ne":[47.6742,-122.27454],
"6044 49th av sw":[47.547249,-122.394795],
"6126 s keppler st":[47.5168106,-122.2567091],
"6700 sylvan way sw":[47.5408299,-122.369822],
"7209 38th av s":[47.5378637,-122.2846859],
"7706 chicago ct s":[47.5331495,-122.2828128],
"7748 30th av nw":[47.686331,-122.395346],
"7854 stroud av n":[47.6864657,-122.334381],
"819 n 49th st":[47.6639411,-122.3476672],
"8247 densmore av n":[47.690111,-122.338162],
"846 s cloverdale st":[47.526791,-122.32087],
"9007 25th av nw":[47.694513,-122.388951],
"9623 51st av s":[47.516153,-122.270586],
"atlas pl sw \/ sw juneau st":[47.5502933,-122.3958488],
"sb i5 at sr520":[47.636676,-122.323292]
}