{
"11179 beacon av s":[47.499825,-122.266882],
"12233 aurora av n":[47.7188149,-122.3449339],
"1400 nw 52nd st":[47.6667991,-122.3744847],
"1535 14th av s":[47.588911,-122.315192],
"1734 ne 55th pl":[47.669376,-122.307615],
"20 w queen anne drwy":[47.6259335,-122.3568956],
"2004 23rd av e":[47.6372524,-122.3022594],
"208 17th av s":[47.6005474,-122.3099412],
"2234 lake washington blvd s":[47.5826644,-122.2872176],
"2271 n 54th st":[47.6676795,-122.3296758],
"2400-2499 e miller st":[47.6417339,-122.3020198],
"2573 shoreland dr s":[47.5801742,-122.2857798],
"2700 10th av w":[47.6443256,-122.3701952],
"3053 3rd av w":[47.647924,-122.3608968],
"3236 44th av w":[47.649732,-122.412763],
"3400 m l king jr way s":[47.573041,-122.2966987],
"3926 woodland park av n":[47.654918,-122.344321],
"4230 pend oreille rd ne":[47.6584644,-122.3024719],
"4247 s eddy st":[47.544863,-122.278958],
"4250 ne 124th st":[47.7185119,-122.281035],
"4310 sw spokane st":[47.5721006,-122.3872756],
"4441 brygger dr w":[47.660926,-122.401239],
"4717 44th av sw":[47.5605053,-122.3885615],
"4732 22nd av ne":[47.664056,-122.303829],
"551 ne northgate way":[47.7083052,-122.3208651],
"5656 california av sw":[47.550581,-122.386619],
"6220 3rd av nw":[47.6748864,-122.3604665],
"7717 45th av sw":[47.5335188,-122.3907737],
"8005 greenwood av n":[47.6871689,-122.3557013],
"8018 bagley av n":[47.6874589,-122.331769],
"8041 31st av nw":[47.6879247,-122.3973161],
"817 m l king jr way":[47.6095736,-122.2965645],
"825 nw 50th st":[47.6648454,-122.3674055],
"8533 interlake av n":[47.6914293,-122.3405597],
"8740 19th av nw":[47.6936419,-122.3808232],
"ne campus pkwy \/ university way ne":[47.6559849,-122.3132902]
}