{
"0 40th av s":[47.533912,-122.281849],
"101 nw 104th st":[47.7043332,-122.3578985],
"10200 roosevelt way ne":[47.7023129,-122.317391],
"1025 nw 65th st":[47.6758233,-122.3707479],
"10326 55th av s":[47.5079319,-122.264243],
"1052 ne 96th st":[47.698803,-122.315441],
"113 virginia st":[47.6112114,-122.342103],
"1211 nw 100th st":[47.701309,-122.371964],
"1213 e union st":[47.6127094,-122.3160799],
"1215 2nd av":[47.6069473,-122.3370111],
"12th av s \/ corson av s":[47.5601879,-122.3171498],
"14337 32nd av ne":[47.7331069,-122.294344],
"1511 w thurman st":[47.6558122,-122.3775989],
"1915 s corgiat dr":[47.543035,-122.3071773],
"205 madison st":[47.6051705,-122.3350651],
"20th av e \/ e aloha st":[47.6268475,-122.3060649],
"2540 ne 92nd st":[47.695975,-122.299748],
"2926 walnut av sw":[47.577475,-122.38308],
"3105 e spring st":[47.6115082,-122.292245],
"3704 s dakota st":[47.5663319,-122.2857664],
"3901 s austin st":[47.534714,-122.2835569],
"4109 39th av s":[47.5658459,-122.2842228],
"4512 10th av s":[47.563015,-122.3195632],
"46th av s \/ s frontenac st":[47.5397979,-122.2753576],
"537 28th av":[47.6072959,-122.2961119],
"5647 40th av sw":[47.550681,-122.3833074],
"6012 6th av nw":[47.6728018,-122.3637118],
"6226 flora av s":[47.546659,-122.318887],
"7351 26th av sw":[47.535869,-122.366166],
"737 n 89th st":[47.693249,-122.348322],
"803 nw 64th st":[47.675039,-122.366306],
"8053 29th av nw":[47.688324,-122.394787],
"888 western av":[47.603235,-122.3360601],
"9814 45th av sw":[47.515141,-122.389593],
"9826 62nd av s":[47.512568,-122.255537],
"howell st \/ yale av":[47.6175285,-122.3296989],
"w raye st \/ 6th av w":[47.6431215,-122.3648764]
}