{
"12 seahawks way":[47.5357749,-122.1979672],
"1253 ne 140th st":[47.7301315,-122.3130768],
"13th av \/ e jefferson st":[47.6062043,-122.3154722],
"13th av s \/ s angelo st":[47.5470577,-122.3161166],
"1525 ne 92nd st":[47.695533,-122.311099],
"1540 s angeline st":[47.560858,-122.311606],
"15th av ne \/ ne 115th st":[47.7121747,-122.3124405],
"1629 s king st":[47.5982027,-122.3103582],
"1843 e shelby st":[47.646157,-122.30725],
"221 belmont av e":[47.620368,-122.324382],
"2231 franklin av e":[47.639328,-122.324857],
"2305 n 45th st":[47.6611974,-122.3310329],
"2401 nw 65th st":[47.6757573,-122.3880352],
"2428 42nd av e":[47.6409071,-122.2782741],
"2820 e ward st":[47.6273156,-122.2955168],
"3219 hunter blvd s":[47.5746898,-122.2853468],
"3225 42nd av w":[47.64944,-122.41109],
"3317 36th av s":[47.5731856,-122.2879623],
"336 nw 40th st":[47.6560782,-122.3616814],
"338 nw 85th st":[47.6908225,-122.362288],
"4231 baker av nw":[47.658704,-122.3598731],
"4445 california av sw":[47.5635403,-122.3870811],
"4542 41st av sw":[47.5616259,-122.383856],
"4747 36th av s":[47.5593413,-122.2879814],
"48th av sw \/ beach dr sw":[47.5407842,-122.3964628],
"533 federal av e":[47.6241218,-122.3190672],
"5555 phinney av n":[47.6692927,-122.354843],
"5715 31st av ne":[47.670749,-122.294201],
"5919 47th av s":[47.5491567,-122.2743089],
"624 s washington st":[47.6010328,-122.3254576],
"6738 30th av s":[47.5416459,-122.293167],
"8026 beacon av s":[47.530124,-122.287575],
"815 33rd av":[47.6097251,-122.2907027],
"820 nw 54th st":[47.668127,-122.367208],
"823 davis pl s":[47.5952043,-122.3087736],
"8650 24th av sw":[47.525014,-122.362766],
"9307 7th av s":[47.520382,-122.325257],
"delridge way sw \/ sw barton st":[47.5210261,-122.3584444],
"n 70th st \/ dayton av n":[47.6796368,-122.3526024],
"sw barton st \/ 8th av sw":[47.5209751,-122.3454701],
"sw cambridge st \/ 16th av sw":[47.5192004,-122.3551412]
}