{
"1020 34th av e":[47.628058,-122.287771],
"105 mercer st":[47.6243397,-122.3550392],
"10753 evanston av n":[47.708414,-122.351853],
"1114 17th av":[47.612006,-122.309796],
"11226 fremont av n":[47.7113704,-122.3499269],
"118 nw 82nd st":[47.6886016,-122.3588291],
"1218 sw elmgrove st":[47.5302941,-122.3513822],
"1250 17th av e":[47.63207,-122.309513],
"12546 22nd av ne":[47.720732,-122.305599],
"12726 10th av ne":[47.722082,-122.317755],
"13346 19th av ne":[47.7262248,-122.3087816],
"1428 boylston av":[47.6138396,-122.3232078],
"1517 33rd av":[47.614644,-122.290636],
"1828 14th av":[47.6185014,-122.3141127],
"2101 25th av s":[47.5843599,-122.300706],
"215 31st av s":[47.600297,-122.292929],
"2432 nw 61st st":[47.673331,-122.389106],
"2605 19th av s":[47.5800153,-122.3090336],
"2922 1st av w":[47.646516,-122.35778],
"3022 beacon av s":[47.5762599,-122.3092751],
"3134 lakewood av s":[47.575634,-122.2829102],
"406 summit av e":[47.622314,-122.324944],
"4135 stone way n":[47.6578904,-122.3426655],
"5506 22nd av nw":[47.668961,-122.3845594],
"6546 dibble av nw":[47.677263,-122.367325],
"7307 view ln sw":[47.5373256,-122.3952304],
"7344 20th av sw":[47.535811,-122.359554],
"7729 27th av sw":[47.532804,-122.367749],
"8306 seward park av s":[47.52926,-122.265976],
"8444 18th av sw":[47.526944,-122.357387],
"8826 25th av sw":[47.5238441,-122.3641483],
"9242 spear pl s":[47.5200718,-122.2738497],
"9638 47th av sw":[47.516459,-122.392224],
"e newton st \/ fairview av e":[47.6367776,-122.3289987],
"hinds pl s \/ s spokane st":[47.5716111,-122.3140526],
"ne pacific st \/ eastlake av ne":[47.6543023,-122.3189113]
}