{
"100 6th av s":[47.6014602,-122.3261128],
"10432 41st av sw":[47.5090702,-122.383906],
"1130 lake washington blvd s":[47.5924556,-122.2887427],
"16th av e \/ e denny way":[47.6185184,-122.3114347],
"1832 4th av w":[47.635761,-122.36193],
"2200 airport way s":[47.5837226,-122.321386],
"320 belmont av e":[47.6214472,-122.3239993],
"3937 s thistle st":[47.527462,-122.282067],
"5618 8th av nw":[47.6700541,-122.3658378],
"610 sw roxbury st":[47.5175574,-122.343389],
"6425 sw admiral way":[47.5759488,-122.4152022],
"6449 30th av sw":[47.544866,-122.370395],
"6522 44th av s":[47.543503,-122.277794],
"7111 58th av ne":[47.6806039,-122.2661385],
"7734 9th av nw":[47.686162,-122.368021],
"8052 14th av ne":[47.688267,-122.312965],
"8916 aurora av n":[47.6939179,-122.3441994],
"9122 15th av ne":[47.695538,-122.311797],
"913 20th av s":[47.594032,-122.306562],
"913 n 72nd st":[47.680832,-122.346361],
"9726 ashworth av n":[47.70051,-122.339434],
"9th av ne \/ ne 40th alley st":[47.6561357,-122.3188146],
"ne 113th st \/ 30th av ne":[47.7102096,-122.2962086],
"nw 59th st \/ 15th av nw":[47.6716339,-122.3762265],
"utah st \/ west point av w":[47.6605737,-122.4307162],
"w galer st \/ thorndyke av w":[47.6323122,-122.3918858]
}