{
"10713 greenwood av n":[47.7074032,-122.3557835],
"11530 stone av n":[47.7126802,-122.3420882],
"1722 m l king jr way s":[47.5875392,-122.2978645],
"2325 n 57th st":[47.669876,-122.329764],
"2707 franklin av e":[47.644799,-122.325001],
"2811 w howe st":[47.635706,-122.393608],
"3020 s willow st":[47.5408159,-122.2924239],
"316 nw 79th st":[47.686425,-122.361458],
"346 nw 75th st":[47.6834725,-122.3627141],
"4 av s\/s horton":[47.5743714,-122.3290843],
"4113 20th av sw":[47.566147,-122.359346],
"4614 s holly st":[47.542814,-122.274643],
"4742 ne 50th st":[47.6648961,-122.2764209],
"4970 12th av s":[47.5572779,-122.316856],
"516 belmont av e":[47.6237026,-122.3240114],
"5230 35th av sw":[47.554626,-122.375844],
"5413 44th av sw":[47.553492,-122.388857],
"6538 42nd av sw":[47.543672,-122.3857562],
"6608 57th av ne":[47.676965,-122.267382],
"701 n 90th st":[47.693992,-122.349702],
"8156 7th av sw":[47.528441,-122.343833],
"8553 39th av sw":[47.526846,-122.382313],
"latona av ne \/ ne 52nd st":[47.6664448,-122.3256017],
"west green lake way n \/ east green lake way n":[47.6856425,-122.3379277]
}