{
"1011 e harrison st":[47.6218997,-122.3191738],
"10727 burke av n":[47.7078211,-122.3364196],
"12545 greenwood av n":[47.7206746,-122.355546],
"13528 23rd av ne":[47.72741,-122.303807],
"1501 w galer st":[47.6321876,-122.3755739],
"1719 n 105th st":[47.704367,-122.336783],
"1804 6th av w":[47.634974,-122.364621],
"2400 13th av sw":[47.5842219,-122.3521948],
"3124 33rd av s":[47.57546,-122.290597],
"328 16th av":[47.605193,-122.311168],
"3312 s juneau st":[47.549974,-122.289921],
"3934 47th av ne":[47.65738,-122.277441],
"4030 56th av sw":[47.567578,-122.403547],
"42nd av s \/ s lucile st":[47.5526755,-122.280759],
"4336 31st av w":[47.659466,-122.396913],
"4426 s graham st":[47.546235,-122.276981],
"4427 2nd av nw":[47.661189,-122.35872],
"535 n 103rd st":[47.7033413,-122.3512765],
"6051 32nd av ne":[47.673572,-122.2936063],
"6354 22nd av sw":[47.54492,-122.36069],
"6852 52nd av ne":[47.679102,-122.27125],
"6th av s \/ s findlay st":[47.552645,-122.3268711],
"711 s rose st":[47.5288469,-122.3249292],
"719 n 39th st":[47.6540062,-122.3489413],
"7631 46th av s":[47.533751,-122.275661],
"7743 18th av sw":[47.532452,-122.358126],
"9006 corliss av n":[47.693961,-122.330156],
"n 64th st \/ woodland pl n":[47.6753045,-122.3476602],
"ne 92nd st \/ 12th av ne":[47.6958242,-122.3148501],
"oregon av":[47.654242,-122.41323],
"s oregon st \/ rainier av s":[47.5628256,-122.2878209],
"sb sr509 fr 1 av s":[47.529811,-122.33465],
"summit av \/ e denny way":[47.6184894,-122.3252807],
"west viewmont way w \/ w emerson st":[47.6540935,-122.4110127]
}