{
"1019 s southern st":[47.529581,-122.319223],
"12320 roosevelt way ne":[47.7181902,-122.3176777],
"1407 ne brockman pl":[47.72423,-122.313708],
"1610 s bayview st":[47.581247,-122.311561],
"1751 s ferdinand st":[47.5588787,-122.3084443],
"2122 wolfe pl w":[47.6383313,-122.3988146],
"2131 n 86th st":[47.690925,-122.332406],
"2312 w boston st":[47.638632,-122.38696],
"2421 nw neptune pl":[47.700665,-122.388443],
"2507 11th av w":[47.6409819,-122.371851],
"2520 2nd av":[47.6165955,-122.349055],
"2571 westview dr w":[47.6425324,-122.3710526],
"305 pine st":[47.6107691,-122.338254],
"3240 12th av w":[47.649778,-122.371902],
"327 n 105th st":[47.704864,-122.354102],
"4012 sunnyside av n":[47.65597,-122.329875],
"40th av ne \/ ne 50th st":[47.6649033,-122.284779],
"420 nw puget dr":[47.709192,-122.362991],
"4524 stanford av ne":[47.6716974,-122.2780585],
"4815 s chicago st":[47.5323319,-122.271918],
"4907 ne 39th st":[47.656934,-122.27449],
"5041 fauntleroy way sw":[47.5562332,-122.3815419],
"5163 kenilworth pl ne":[47.66699,-122.270675],
"6015 39th av s":[47.547414,-122.283768],
"6206 17th av ne":[47.6739427,-122.3095856],
"6311 ellis av s":[47.5456268,-122.3186707],
"6457 marshall av sw":[47.54414,-122.393784],
"6536 21st av sw":[47.5438029,-122.359004],
"6719 42nd av s":[47.541808,-122.281323],
"6726 15th av nw":[47.6786452,-122.376385],
"8018 19th av nw":[47.6874437,-122.3807815],
"920 13th av":[47.611025,-122.315061],
"9226 ashworth av n":[47.6967222,-122.3395553],
"e madison st \/ e pike st":[47.6141381,-122.31363],
"ne 75th st \/ 26th av ne":[47.6830465,-122.299671],
"nw 70th st \/ division av nw":[47.6795595,-122.3665786],
"westlake av n \/ republican st":[47.6232102,-122.3384361]
}