{
"10220 marine view dr sw":[47.511528,-122.389575],
"108 nw 135th pl":[47.727598,-122.358735],
"111 battery st":[47.6145664,-122.3472364],
"1111 e john st":[47.6197531,-122.317809],
"1116 nw 45th st":[47.6614727,-122.3713871],
"120 27th av s":[47.6010022,-122.2977272],
"121 34th av e":[47.6186994,-122.2895737],
"12th av ne \/ ne 97th st":[47.6994488,-122.3148922],
"140 n 81st st":[47.6878779,-122.3561367],
"14039 1st av ne":[47.7316069,-122.329272],
"14303 35th av ne":[47.732092,-122.291414],
"1616 n 45th st":[47.6615185,-122.3383747],
"1911 46th av sw":[47.58638,-122.390824],
"1924 e blaine st":[47.638415,-122.306142],
"2008 nw 56th st":[47.6696065,-122.382625],
"2011 14th av e":[47.637639,-122.315004],
"2225 5th av":[47.615605,-122.342966],
"2515 e denny way":[47.618713,-122.299149],
"2560 29th av w":[47.642943,-122.393815],
"2636 45th av sw":[47.580024,-122.388884],
"2804 sw nevada st":[47.5656209,-122.3684525],
"3000 ne 85th st":[47.690448,-122.295838],
"3008 s holly pl":[47.5420164,-122.2932793],
"32nd av ne \/ ne 143rd st":[47.7319559,-122.2938088],
"3300 ne 110th st":[47.7083992,-122.2930368],
"33rd av \/ e pike st":[47.6140581,-122.2903081],
"3606 41st av w":[47.652611,-122.409648],
"3650 55th av sw":[47.571613,-122.402413],
"3801 sw dawson st":[47.555622,-122.3802745],
"3909 dayton av n":[47.654491,-122.3527999],
"3911 ne 82nd st":[47.68821,-122.285836],
"3rd av & university st":[47.6077609,-122.3359793],
"3rd av n \/ bigelow av n":[47.6297253,-122.3513138],
"450 5th av n":[47.6227587,-122.3474873],
"48th av sw \/ sw hanford st":[47.5756929,-122.3933756],
"5163 s spencer st":[47.547133,-122.268825],
"529 n 71st st":[47.6803123,-122.3511492],
"5512 university way ne":[47.6689836,-122.3127204],
"5635 23rd av sw":[47.550855,-122.362088],
"5702 60th av ne":[47.670136,-122.263071],
"632 nw 81st st":[47.6878696,-122.3648224],
"6529 ne 61st st":[47.672781,-122.256908],
"6733 12th av sw":[47.541846,-122.350682],
"6838 24th av ne":[47.678802,-122.301395],
"7124 fauntleroy way sw":[47.5389676,-122.3910192],
"714 n 100th st":[47.701633,-122.3492614],
"718 10th av e":[47.625905,-122.319881],
"7334 15th av nw":[47.682422,-122.376425],
"7740 ridge dr ne":[47.685476,-122.274945],
"8352 29th av nw":[47.6902115,-122.3939924],
"9056 3rd av nw":[47.6958865,-122.3604764],
"9733 dayton av n":[47.700636,-122.353101],
"cedar st \/ 5th av n":[47.6185771,-122.34761],
"lake city way ne \/ 27th av ne":[47.7134669,-122.2987365],
"n 55th st \/ phinney av n":[47.6684353,-122.3543942],
"ne 50th st \/ 1st av ne":[47.6649773,-122.3282824],
"sw admiral way \/ sw spokane st":[47.5714916,-122.3713017],
"sw klickitat wy acc rd \/ sw spokane st":[47.5709131,-122.3508969]
}