{
"0 sb i5 to northgate":[47.713612,-122.3275029],
"10243 62nd av s":[47.508474,-122.256189],
"1845 41st av e":[47.6360534,-122.2799646],
"2026 10th av e":[47.638044,-122.319752],
"215 30th av s":[47.6003479,-122.294176],
"2411 sw graham st":[47.5464328,-122.3649209],
"2635 36th av w":[47.64419,-122.404019],
"2752 ne 103rd st":[47.703742,-122.296586],
"2918 9th av w":[47.646487,-122.369055],
"3002 s lucile st":[47.5527,-122.294052],
"3236 24th av w":[47.6495947,-122.3870717],
"341 nw 74th st":[47.682312,-122.362418],
"3416 e yesler way":[47.60189,-122.288637],
"3855 rainier av s":[47.568445,-122.289582],
"3rd av nw \/ nw 47th st":[47.6629207,-122.3608035],
"4032 45th av sw":[47.567445,-122.389051],
"4342 roosevelt way ne":[47.6601775,-122.3177056],
"4620 51st av s":[47.561075,-122.269067],
"4741 brooklyn av ne":[47.6643069,-122.3142314],
"519 ne 115th st":[47.711795,-122.322472],
"533 33rd av s":[47.596978,-122.290596],
"5704 26th av nw":[47.6704962,-122.3898616],
"6530 30th av sw":[47.5436514,-122.3695619],
"6545 51st av ne":[47.677116,-122.273291],
"7341 10th av nw":[47.682634,-122.369717],
"7717 40th av ne":[47.685426,-122.285605],
"815 hillside dr e":[47.62685,-122.284807],
"8226 23rd av ne":[47.6893177,-122.3023436],
"921 n 80th st":[47.6867838,-122.3462161],
"9833 63rd av s":[47.512319,-122.2550357],
"columbia st \/ alaskan e rdwy way":[47.6025069,-122.336755],
"dibble av nw \/ nw 83rd st":[47.6891138,-122.367236]
}