{
"106 31st av s":[47.6013332,-122.2923621],
"11708 38th av ne":[47.7140119,-122.286843],
"1202 n 43rd st":[47.6594176,-122.3435618],
"1357 s shelton st":[47.557669,-122.313706],
"1429 n 52nd st":[47.666281,-122.338711],
"1429 ne boat st":[47.6502621,-122.3130338],
"1514 e spruce st":[47.603679,-122.3121429],
"1538 ne 92nd st":[47.6959515,-122.3104037],
"1610 s winthrop st":[47.576173,-122.311531],
"1730 occidental av s":[47.5877519,-122.3332308],
"2015 ne skagit ln":[47.6571117,-122.3058128],
"2020 western av":[47.6107928,-122.3438529],
"2409 e aloha st":[47.626454,-122.300583],
"2414 n 41st st":[47.656849,-122.329515],
"2601 nw 56th st":[47.6694625,-122.3901474],
"2750 ne 125th st":[47.7193102,-122.2985446],
"2923 e harrison st":[47.622299,-122.293888],
"3048 nw 56th st":[47.6696575,-122.3977523],
"3410 s monroe st":[47.531206,-122.288834],
"3412 alamo pl s":[47.572655,-122.309312],
"3541 sw austin st":[47.534649,-122.378442],
"3552 s bennett st":[47.5544531,-122.2872111],
"3711 48th av ne":[47.6552434,-122.2756372],
"400 edgar martinez dr s":[47.5903001,-122.3295405],
"4226 s elmgrove st":[47.5304594,-122.2800028],
"4291 memorial way ne":[47.6597304,-122.3097744],
"4515 s fletcher st":[47.5189087,-122.2758365],
"45th av ne \/ ne 97th st":[47.6993344,-122.2800384],
"4707 36th av sw":[47.5606751,-122.3774798],
"617 n 64th st":[47.6750789,-122.350566],
"6520 24th av nw":[47.676553,-122.387172],
"7004-7009 1st av sw":[47.679922,-122.357725],
"7643 rockery dr s":[47.533827,-122.2825238],
"833 nw 51st st":[47.6656899,-122.3677619],
"845 ne 92nd st":[47.6956206,-122.3184048],
"8604 dallas av s":[47.5268699,-122.3123077],
"906 n 39th st":[47.654322,-122.346891],
"9202 ashworth av n":[47.6962088,-122.3396387],
"9246 35th av sw":[47.519518,-122.376392],
"9408 20th av ne":[47.6969761,-122.3064864],
"discovery park blvd \/ washington av":[47.6603664,-122.4089314],
"fauntleroy way sw \/ sw dawson st":[47.5556381,-122.3815447],
"spring st \/ summit av":[47.6109797,-122.3235642]
}