{
"0 nb i5 to swift":[47.542027,-122.303649],
"10330 aurora av n":[47.704176,-122.3443163],
"10905 beacon av s":[47.5043536,-122.2701426],
"1163 18th av e":[47.630485,-122.308917],
"1508 california av sw":[47.5902735,-122.3859868],
"1533 nw 58th st":[47.6707095,-122.3777062],
"1720 s forest st":[47.5780986,-122.3097101],
"1909 nw market st":[47.6684939,-122.3817374],
"2208 n 38th st":[47.65335,-122.332142],
"2561 13th av w":[47.6425128,-122.373958],
"2631 nw 56th st":[47.669174,-122.391497],
"2853 nw 62nd st":[47.673474,-122.395234],
"2926 e cherry st":[47.6080087,-122.29392],
"2nd av \/ university st":[47.6072969,-122.337088],
"3128 sw raymond st":[47.5484185,-122.3734547],
"3411 61st av sw":[47.573739,-122.411184],
"3451 38th av sw":[47.5716435,-122.380625],
"353 nw 80th st":[47.6869095,-122.3631796],
"3716 ne 75th st":[47.6835784,-122.2874813],
"4400-4599 s snoqualmie st":[47.5613103,-122.2795212],
"515 n 61st st":[47.6729753,-122.3521423],
"5404 s prentice st":[47.508148,-122.26598],
"5737 63rd av ne":[47.671028,-122.261317],
"6356 delridge way sw":[47.545149,-122.36141],
"809 post av":[47.6035308,-122.3360013],
"8153 34th av sw":[47.5285322,-122.3755965],
"834 s thistle st":[47.528405,-122.321144],
"8503 10th av s":[47.527142,-122.320507],
"8752 3rd av nw":[47.693956,-122.360307],
"9245 woodlawn av n":[47.6963867,-122.3387148],
"9th av n \/ mercer st":[47.6246902,-122.339742],
"aurora av n \/ n 81st st":[47.6876752,-122.3444111],
"bridge way n \/ n 38th st":[47.652742,-122.345816],
"n 36th st \/ burke av n":[47.6504979,-122.335128],
"nw 100th pl \/ 4th av nw":[47.7034723,-122.362044]
}