{
"10618 51st av s":[47.505562,-122.269812],
"10646 bartlett av ne":[47.706175,-122.28002],
"11420 pinehurst way ne":[47.7115362,-122.3157735],
"11th av nw \/ nw 67th st":[47.6777842,-122.3708658],
"13710 riviera pl ne":[47.728668,-122.281568],
"16th av sw \/ sw hanford st":[47.5728533,-122.3530403],
"2245 1st av s":[47.5823381,-122.3347017],
"2616 e fir st":[47.6028258,-122.2980956],
"30th av ne \/ ne 133rd st":[47.7246903,-122.2963758],
"3150 w government way":[47.660432,-122.3986339],
"319 nw 46th st":[47.6620117,-122.3617236],
"321 3rd av s":[47.5993947,-122.3306531],
"3636 35th av w":[47.653381,-122.401901],
"4223 s kenyon st":[47.531185,-122.279569],
"515 16th av":[47.6069546,-122.3115701],
"5407 fauntleroy way sw":[47.5535294,-122.3820237],
"5457 21st av sw":[47.552067,-122.360465],
"5726 34th av ne":[47.671115,-122.291082],
"6017 46th av sw":[47.5479979,-122.3915875],
"6601 woodlawn av n":[47.677459,-122.331301],
"6812 oswego pl ne":[47.6783129,-122.3225675],
"7165 holly park dr s":[47.5382002,-122.2867242],
"7704 48th av s":[47.533462,-122.272372],
"7741 mary av nw":[47.686302,-122.375914],
"9255 36th av sw":[47.51943,-122.378409],
"leary av nw \/ 17th av nw":[47.6639477,-122.3788896],
"n 143rd st \/ evanston av n":[47.7323133,-122.3517644],
"nw 67th st \/ dibble av nw":[47.677754,-122.3676301],
"nw ballard way \/ 14th av nw":[47.6629371,-122.3735289]
}