{
"0 sb i5 to james":[47.607412,-122.3304019],
"11708 3rd av ne":[47.7143944,-122.3257597],
"1934 victoria av sw":[47.585752,-122.380068],
"1st av ne\/n 145th st":[47.7340903,-122.3288834],
"2115 w barrett st":[47.6464325,-122.3841526],
"2462 utah av s":[47.5814569,-122.3351033],
"2613 nw 96th st":[47.6984221,-122.3900663],
"2916 alki av sw":[47.5780706,-122.4141586],
"2950 sw avalon way":[47.5693793,-122.3711599],
"3057 perkins ln w":[47.648477,-122.416904],
"3223 62nd av sw":[47.575122,-122.4124],
"3442 sw 111th st":[47.503685,-122.37504],
"3634 linden av n":[47.6521992,-122.3483151],
"3649 44th av sw":[47.570593,-122.388505],
"4253 palatine av n":[47.65919,-122.356459],
"4508 w sheridan st":[47.670641,-122.413121],
"4634 east marginal way s":[47.5619099,-122.3386327],
"47th av sw \/ erskine way sw":[47.554978,-122.392333],
"4818 1st av nw":[47.6641711,-122.3568453],
"509 4th av w":[47.6236979,-122.3621399],
"603 n 107th st":[47.7068718,-122.3513319],
"615 nw 78th st":[47.6852962,-122.3640392],
"6527 54th av ne":[47.6765478,-122.2698074],
"6622 28th av nw":[47.677256,-122.392598],
"6807 31st av ne":[47.677936,-122.2943956],
"6946 24th av sw":[47.540286,-122.362695],
"7531 14th av sw":[47.5345014,-122.3531179],
"7704 30th av sw":[47.533565,-122.370784],
"915 s carstens pl":[47.5508767,-122.3194076],
"9707 45th av ne":[47.699653,-122.280434],
"9804 63rd av s":[47.513184,-122.254353],
"w roy st \/ w mercer pl":[47.626623,-122.3683493]
}