{
"1017 mcgilvra blvd e":[47.627859,-122.281791],
"10828 23rd av ne":[47.70846,-122.303963],
"12009 greenwood av n":[47.716338,-122.355978],
"1410 e pine st":[47.6154287,-122.3138213],
"1415 3rd av":[47.6090018,-122.3376581],
"1522 25th av":[47.614828,-122.299715],
"1538 nw 58th st":[47.6709191,-122.3780104],
"18th av s \/ s hinds st":[47.5730881,-122.3078879],
"200 ne 50th st":[47.6652119,-122.327028],
"2032 western av":[47.6110074,-122.3444713],
"25th av ne \/ ne 128th st":[47.722029,-122.301879],
"2711 e madison st":[47.6227443,-122.2968881],
"3011 43rd av w":[47.647226,-122.412301],
"3080 63rd av sw":[47.576101,-122.412968],
"3418 21st av s":[47.572496,-122.304235],
"3549 ne 96th st":[47.698085,-122.28837],
"4214 roosevelt way ne":[47.6587773,-122.3174383],
"42nd pl ne \/ riviera pl ne":[47.7292712,-122.2822414],
"4425 41st av sw":[47.5639829,-122.384485],
"46th av sw \/ sw admiral way":[47.5812351,-122.3906254],
"4717 cottage pl sw":[47.560478,-122.362374],
"5201 57th av s":[47.5546689,-122.262727],
"521 4th av w":[47.6239229,-122.3621284],
"546 harvard av e":[47.6236575,-122.3217038],
"6012 m l king jr way s":[47.5471962,-122.2859919],
"6031 41st av sw":[47.5474809,-122.3847782],
"6408 17th av nw":[47.675574,-122.37859],
"723 26th av s":[47.5960051,-122.2989606],
"7338 35th av s":[47.535917,-122.288111],
"835 31st av":[47.6103143,-122.2929187],
"837 nw 65th st":[47.675767,-122.367531],
"8808 8th av sw":[47.5228705,-122.3454616],
"9042 31st av sw":[47.521539,-122.372293],
"908 nw 87th st":[47.692276,-122.369005],
"fremont av n \/ n 96th st":[47.6987333,-122.3499929],
"rainier av s \/ s pilgrim st":[47.5167448,-122.2545596]
}