{
"0 - 0 eb i90 at corwin":[47.594375,-122.318284],
"0 nb i5 fr olive eb":[47.616379,-122.328509],
"1006 ne 96th st":[47.698792,-122.317139],
"10641 34th av sw":[47.5070089,-122.375046],
"11 ave ne\/ne 50":[47.6649317,-122.3163507],
"1115 n 78th st":[47.685275,-122.343771],
"13742 palatine av n":[47.729934,-122.356542],
"14th av sw \/ sw elmgrove st":[47.5301062,-122.3527511],
"1504 ne 90th st":[47.6941043,-122.3118168],
"1555 23rd av":[47.6146729,-122.3028115],
"1611 nob hill av n":[47.6336042,-122.3510459],
"1661 shenandoah dr e":[47.635496,-122.289701],
"1701 w nickerson st":[47.655116,-122.378638],
"1844 41st av e":[47.6362661,-122.2793332],
"1917 ne 113th st":[47.710019,-122.307293],
"209 n 87th st":[47.692227,-122.356372],
"229 nw 53rd st":[47.6674316,-122.3596611],
"2700 boyer av e":[47.6446404,-122.3167941],
"2717 61st av sw":[47.578447,-122.411045],
"2nd av nw \/ nw 36th st":[47.6532686,-122.3589484],
"3014 sw barton st":[47.5212359,-122.3721481],
"405 e pike st":[47.614072,-122.3266031],
"4214 s kenyon st":[47.531746,-122.2799093],
"4234 ne 125th st":[47.719366,-122.281752],
"4308 sw portland st":[47.5331199,-122.387903],
"453 lake washington blvd e":[47.623432,-122.287826],
"4722 8th av ne":[47.6638293,-122.3192825],
"533 n 81st st":[47.68744,-122.351171],
"5518 roosevelt way ne":[47.6691706,-122.317044],
"5940 49th av sw":[47.549123,-122.394753],
"6009 6th av ne":[47.6725669,-122.3225885],
"6225 47th av s":[47.546258,-122.274029],
"7008 9th av nw":[47.679896,-122.368004],
"7017 35th av nw":[47.680039,-122.402441],
"7025 california av sw":[47.5400453,-122.387611],
"725 n 103rd st":[47.7034,-122.348918],
"8445 41st av sw":[47.5272295,-122.3841513]
}