{
"1000 ne 50th st":[47.6653216,-122.3171984],
"10641 durland av ne":[47.706429,-122.278037],
"11005 dayton av n":[47.7089548,-122.3530416],
"1171 fairview av e":[47.6316961,-122.3272186],
"12005 pinehurst way ne":[47.7160178,-122.311807],
"12211 densmore av n":[47.717461,-122.338665],
"12350 16th av ne":[47.718893,-122.310914],
"1514 n 95th st":[47.6977888,-122.3403238],
"1919 bigelow av n":[47.6362669,-122.348715],
"1933 blenheim dr e":[47.636251,-122.290527],
"1940 n northgate way":[47.7082452,-122.335033],
"21st av \/ e union st":[47.6129195,-122.3049555],
"2603 2nd av n":[47.643376,-122.354179],
"2627 24th av w":[47.644262,-122.387996],
"2859 nw 57th st":[47.6699609,-122.3954181],
"3043 nw 61st st":[47.672741,-122.397515],
"35th av ne \/ ne 135th st":[47.7264726,-122.2909193],
"3623 dayton av n":[47.6525139,-122.352778],
"415 n 115th st":[47.7121179,-122.353358],
"4200 phinney av n":[47.6577767,-122.3543929],
"4338 university way ne":[47.6608897,-122.3128299],
"4407 37th av sw":[47.564391,-122.379167],
"5643 s langston rd":[47.49269,-122.261816],
"610 3rd av":[47.6028541,-122.3314645],
"634 nw 114th pl":[47.712152,-122.365216],
"7019 jones av nw":[47.6801388,-122.386735],
"7201 west green lake dr n":[47.68127,-122.3444402],
"7338 keen way n":[47.6824262,-122.3428235],
"7721 44th av sw":[47.532976,-122.389254],
"8235 wallingford av n":[47.689717,-122.337051],
"9543 7th av nw":[47.699163,-122.365088],
"9813 34th av sw":[47.515177,-122.375807],
"ne 48th st \/ 8th av ne":[47.6640253,-122.3194506],
"ne elk pl \/ 4th av ne":[47.688649,-122.3243281]
}