{
"0 wb sr520 at portage":[47.642978,-122.316288],
"10617 32nd av sw":[47.507648,-122.373785],
"1124 32nd av s":[47.5927059,-122.291308],
"11258 57th av s":[47.498481,-122.2607994],
"1500 nw 85th st":[47.6906248,-122.3768225],
"1523 19th av":[47.614441,-122.307755],
"1530 pike pl":[47.6094457,-122.3414926],
"1602 bigelow av n":[47.633302,-122.347993],
"1st av nw \/ nw 62nd st":[47.6740187,-122.3574498],
"1st av nw \/ nw 90th st":[47.6942405,-122.3579905],
"2325 n 58th st":[47.670649,-122.33025],
"2328 s columbian way":[47.560101,-122.303157],
"2821 sw adams st":[47.5660049,-122.3692436],
"2931 72nd av se":[47.5834339,-122.243443],
"29th av \/ e cherry st":[47.6080004,-122.2948894],
"308 occidental av s":[47.5996312,-122.3328873],
"3339 s graham st":[47.545901,-122.288563],
"3601 beacon av s":[47.5717522,-122.3085836],
"3620 31st av w":[47.652945,-122.3966401],
"3700 sw admiral way":[47.581294,-122.377827],
"372 roy st":[47.625601,-122.3491176],
"4813 12th av s":[47.5602478,-122.3171677],
"5137 47th av ne":[47.667108,-122.277693],
"517 w highland dr":[47.629335,-122.363905],
"5307 51st av s":[47.5538167,-122.2700924],
"6057 3rd av nw":[47.67402,-122.361118],
"700 cherry st":[47.6037719,-122.3321085],
"710 e roy st":[47.6253161,-122.3230782],
"8001 15th av nw":[47.687007,-122.377092],
"811 16th av":[47.6095819,-122.3118267],
"847 s donovan st":[47.5253609,-122.320891],
"9640 m l king jr way s":[47.5156722,-122.2787099],
"delridge way sw \/ sw genesee st":[47.5647207,-122.3633135],
"n 80th st \/ interlake av n":[47.6869394,-122.3404432],
"s river st \/ east marginal way s":[47.543855,-122.3293755],
"wb i90 at rainier av s":[47.590802,-122.309163]
}