{
"1100 - 1899 nw carkeek park rd":[47.712046,-122.378466],
"1130 n 82nd st":[47.6885855,-122.3429793],
"1523 2nd av":[47.6099011,-122.3394961],
"1582 ne serpentine pl":[47.756616,-122.310638],
"2030 ne 135th pl":[47.727601,-122.3062534],
"2342 n 62nd st":[47.6738671,-122.3290108],
"2365 s mcclellan st":[47.5783409,-122.3016705],
"2817 s nevada st":[47.5638895,-122.2975335],
"3016 w ruffner st":[47.652502,-122.396352],
"3019 ne 143rd st":[47.73173,-122.295434],
"3400 airport way s":[47.5734765,-122.3216706],
"34th av ne \/ 35th av ne":[47.7132815,-122.290826],
"4001 sw concord st":[47.523408,-122.383049],
"4511 w emerson st":[47.6539165,-122.4152931],
"5125 palmer dr nw":[47.6663558,-122.3579248],
"5354 sw manning st":[47.572051,-122.40249],
"5522 s bangor st":[47.5062867,-122.2637216],
"600 s michigan st":[47.5465607,-122.3255949],
"6041 30th av sw":[47.5501421,-122.3709709],
"6421 32nd av s":[47.544623,-122.291852],
"709 n 35th st":[47.6504073,-122.3492361],
"847 nw 56th st":[47.6692228,-122.3682292],
"860 s cambridge st":[47.5189835,-122.3210452],
"9019 9th av sw":[47.522212,-122.347089],
"lake washington blvd s \/ 51st av s":[47.5673543,-122.2694379],
"n 51st st \/ keystone pl n":[47.6657673,-122.3310626],
"nw 45th st \/ 6th av nw":[47.661467,-122.3639879],
"woodlawn av n \/ n 53rd st":[47.6672352,-122.3384682]
}