{
"1007 ne boat st":[47.65301,-122.317515],
"1040 s sullivan st":[47.527538,-122.318412],
"10501 greenwood av n":[47.7053001,-122.3557265],
"10556 39th av ne":[47.706444,-122.286464],
"1104 17th av e":[47.6288709,-122.309553],
"11345 40th av ne":[47.711396,-122.285701],
"1317 n 88th st":[47.691687,-122.340879],
"1501 sw brandon st":[47.5535179,-122.353979],
"2400 s spencer st":[47.5477455,-122.3010154],
"2569 west viewmont way w":[47.642686,-122.410026],
"2652 ne university village st":[47.663296,-122.2991534],
"2745 ne 88th st":[47.692179,-122.296841],
"2nd av n \/ roy st":[47.6254461,-122.3527904],
"3045 22nd av w":[47.647834,-122.38504],
"306 n 79th st":[47.6864302,-122.3548138],
"4509 15th av s":[47.56314,-122.313924],
"5008 32nd av s":[47.5567141,-122.2912484],
"5014 sw hinds st":[47.5741609,-122.396306],
"516 e union st":[47.6131914,-122.3247569],
"5730 ne 61st st":[47.673046,-122.264733],
"633 yesler way - kobe park bldg":[47.601113,-122.325442],
"7541 34th av sw":[47.53434,-122.37564],
"8054 22nd av nw":[47.6884254,-122.3840188],
"810 17th av":[47.609575,-122.309848],
"9459 9th av sw":[47.5175089,-122.34708],
"9530 interlake av n":[47.6988204,-122.3407943],
"airport way s \/ s plum st":[47.5855611,-122.3214012],
"queen anne av n \/ w crockett st":[47.637168,-122.3569639],
"s jackson st \/ 20th av s":[47.5992537,-122.3063639]
}