{
"10022 11th av nw":[47.702221,-122.369681],
"10326 51st av s":[47.507972,-122.269715],
"1120 harvard av":[47.611893,-122.3213117],
"13558 23rd av ne":[47.72815,-122.30427],
"1402 nw 70th st":[47.6796903,-122.3738743],
"14327 27th av ne":[47.7328199,-122.299599],
"1561 alaskan way":[47.607973,-122.3427648],
"1614 w dravus st":[47.6488126,-122.3785108],
"230 35th av e":[47.621109,-122.287616],
"2636 40th av w":[47.644328,-122.408013],
"3269 40th av sw":[47.573579,-122.38285],
"32nd av s \/ s myrtle pl":[47.5388646,-122.2915262],
"3400 colorado av s":[47.5716974,-122.3366661],
"3756 sw 99th st":[47.5148513,-122.3816079],
"3922 ne 100th st":[47.7012981,-122.2856167],
"4027 25th av s":[47.567427,-122.30046],
"4212 s bozeman st":[47.5323638,-122.2800237],
"5020 51st av s":[47.5564104,-122.2695185],
"5214 pullman av ne":[47.671096,-122.272513],
"6500 34th av ne":[47.6757942,-122.2916033],
"6525 16th av ne":[47.676527,-122.311203],
"705 9th av":[47.6063369,-122.3259983],
"727 harvard av e":[47.625955,-122.322722],
"7510 44th av sw":[47.535467,-122.388226],
"9048 westwood town center ct sw":[47.5222611,-122.3650726],
"919 n 36th st":[47.6505855,-122.3464101],
"937 n 71st st":[47.680104,-122.345682],
"9372 beacon av s":[47.517231,-122.275085],
"aurora av n \/ roy st":[47.625416,-122.3435791],
"e denny way \/ 15th av e":[47.6185192,-122.3127478],
"fullerton av \/ lake washington blvd":[47.6067731,-122.2834531],
"s orcas st \/ wilson av s":[47.5511189,-122.2658564],
"sw trenton st \/ 8th av sw":[47.5246229,-122.3455896]
}