{
"1100 minor av":[47.611005,-122.324689],
"1249 16th av e":[47.632081,-122.311605],
"12752 42nd av ne":[47.72275,-122.28252],
"14353 wallingford av n":[47.7339075,-122.3372379],
"14411 greenwood av n":[47.7335748,-122.3562065],
"1449-1599 fairview av e":[47.6323152,-122.3269199],
"18th av e \/ e calhoun st":[47.6410199,-122.3089796],
"1908 e republican st":[47.623417,-122.306743],
"1911 3rd av n":[47.636135,-122.352329],
"2007 26th av e":[47.638156,-122.299746],
"219 boston st":[47.6381128,-122.352224],
"2421 s orcas st":[47.550685,-122.300643],
"2727 e madison st":[47.6231186,-122.2966738],
"2811 ne 82nd st":[47.688248,-122.296793],
"3050 s dawson st":[47.5554535,-122.2918775],
"3221 36th av s":[47.5745486,-122.2880203],
"339 27th av":[47.605458,-122.298171],
"3631 49th av sw":[47.5710902,-122.3950508],
"3902 s angeline st":[47.559611,-122.2832197],
"4500 leary way nw":[47.661703,-122.367035],
"5238 57th av s":[47.553689,-122.261712],
"5243 11th av ne":[47.667705,-122.3165688],
"5643 california av sw":[47.5508602,-122.3875329],
"6037 46th av sw":[47.5474298,-122.3915203],
"6533 37th av nw":[47.6768457,-122.4049805],
"719 26th av":[47.608612,-122.299128],
"7th av ne \/ ne 47th st":[47.6631516,-122.3207053],
"8056 27th av nw":[47.6884462,-122.3905557],
"8123 6th av sw":[47.529381,-122.343324],
"8922 corliss av n":[47.693761,-122.330708],
"919 s washington st":[47.6008921,-122.3194058],
"fairview av e \/ e boston st":[47.6382603,-122.3294033],
"fairview av n \/ republican st":[47.6231968,-122.3343284],
"fauntleroy way sw \/ sw fontanelle st":[47.5370064,-122.3919445],
"nw canal st \/ 2nd av nw":[47.6528884,-122.3595041]
}