{
"12034 1st av nw":[47.717132,-122.357886],
"12328 25th av ne":[47.718324,-122.301524],
"12870 lake city way ne":[47.7227814,-122.2931283],
"1317 sunset av sw":[47.591914,-122.388381],
"1424 29th av":[47.613746,-122.294519],
"1922 ne 113th st":[47.710602,-122.307087],
"2108 e john st":[47.620415,-122.304284],
"2208 nw 70th st":[47.679729,-122.384733],
"2322 23rd av s":[47.5822239,-122.302643],
"3028 walnut av sw":[47.575991,-122.383099],
"3030 sw spokane st":[47.5719109,-122.372625],
"3515 s alaska st":[47.560395,-122.2879945],
"3837 23rd av sw":[47.568966,-122.362539],
"544 ne 98th st":[47.7005707,-122.3212096],
"6833 weedin pl ne":[47.678783,-122.322449],
"7434 latona av ne":[47.682847,-122.325404],
"7722 15th av ne":[47.685532,-122.311806],
"810 ne 90th st":[47.694278,-122.319695],
"8234 densmore av n":[47.6898089,-122.337457],
"8304 37th av s":[47.5294265,-122.2857107],
"9338 39th av s":[47.5186352,-122.2834406],
"greenwood av n \/ n 144th st":[47.7332027,-122.3555582],
"n 43rd st \/ linden av n":[47.6593388,-122.3486523],
"ne 125th st \/ corliss av n":[47.719522,-122.3289591],
"ne 88th st \/ 20th av ne":[47.6921252,-122.30684],
"nw 82nd st \/ 3rd av nw":[47.6883917,-122.3606747],
"westlake av \/ 8th av":[47.6166562,-122.3381375]
}