{
"10002 beacon av s":[47.511057,-122.271384],
"10607 60th av s":[47.5057774,-122.2582977],
"1115 23rd av e":[47.629138,-122.302685],
"1352 ne 68th st":[47.678242,-122.312304],
"14312 24th av ne":[47.7330395,-122.3033616],
"1534 1st av s":[47.5890248,-122.3337002],
"1904 e fir st":[47.602886,-122.307326],
"2041 7th av":[47.6153709,-122.3381926],
"206 nw 143rd st":[47.7325705,-122.3600102],
"2264 12th av w":[47.6405393,-122.372276],
"2620-2700 ne university village st":[47.6635211,-122.297379],
"314 pike st":[47.6098283,-122.3376384],
"3426 40th av w":[47.651306,-122.407552],
"4433 54th av sw":[47.563846,-122.402465],
"4458 s thistle pl":[47.528609,-122.275474],
"5015 14th av nw":[47.6655232,-122.3738789],
"5018 28th av s":[47.5567105,-122.2965373],
"5042 31st av s":[47.5557535,-122.2928728],
"5118 palatine av n":[47.6664172,-122.3561633],
"5221 15th av nw":[47.666934,-122.376842],
"5624 20th av ne":[47.670064,-122.306193],
"600 galer st":[47.6337061,-122.3447735],
"6001 phinney av n":[47.6726167,-122.3546559],
"6330 30th av sw":[47.546138,-122.3703581],
"8027 17th av nw":[47.6877367,-122.3791699],
"8635 45th av s":[47.525039,-122.2760827],
"8712 palatine av n":[47.6928539,-122.356287],
"8809 12th av sw":[47.524337,-122.350909],
"923 29th av s":[47.593883,-122.295774],
"9366 beacon av s":[47.517421,-122.275225],
"n 104th st \/ dayton av n":[47.7043612,-122.3527632],
"nb sr99 at james st":[47.6014314,-122.3358527]
}