{
"1100 stewart st":[47.6169587,-122.3327207],
"13002 3rd av ne":[47.7232323,-122.3262043],
"13712 palatine av n":[47.729112,-122.35654],
"15th av ne \/ ne 102nd st":[47.7021722,-122.3122995],
"1800 fairview av e":[47.634867,-122.3269067],
"223 n 143rd st":[47.731985,-122.356504],
"26th av \/ e columbia st":[47.6090145,-122.2988425],
"2827 40th av w":[47.6458129,-122.408738],
"3220 6th av w":[47.64919,-122.364454],
"345 n 83rd st":[47.688889,-122.353259],
"3450 48th av sw":[47.5723732,-122.3931358],
"3647 12th av w":[47.653566,-122.372671],
"3717 28th av w":[47.653776,-122.3931802],
"3rd av nw \/ nw 79th st":[47.6862034,-122.3606267],
"4330 ne 58th st":[47.671508,-122.280713],
"5121 17th av nw":[47.6660892,-122.3791418],
"5225 40th av ne":[47.66747,-122.285122],
"6115 linden av n":[47.6736688,-122.3487073],
"6539 57th av s":[47.543111,-122.262148],
"7029 36th av ne":[47.680302,-122.289656],
"7300 woodlawn av ne":[47.6815278,-122.325012],
"7308 alonzo av nw":[47.6818035,-122.3743401],
"9024 17th av sw":[47.52205,-122.356147],
"9086 carkeek dr s":[47.521786,-122.280969],
"9435 25th av sw":[47.5180999,-122.364962],
"9817 marine view dr sw":[47.5147535,-122.3917406],
"brooklyn av ne \/ ne boat st":[47.6518436,-122.314637],
"corliss way n \/ banner way ne":[47.6905238,-122.3308726],
"e foster island rd":[47.6410787,-122.294682],
"meridian av n \/ mckinley pl n":[47.6731527,-122.3335394],
"ne 70th st \/ roosevelt way ne":[47.6794726,-122.3174144],
"raye st \/ 6th av n":[47.6433719,-122.3470357]
}