{
"10300 51st av s":[47.5086663,-122.2697442],
"10842 11th av ne":[47.7083697,-122.3156137],
"1212 17th av e":[47.631089,-122.309523],
"13740 stone av n":[47.729832,-122.341981],
"1415 n 49th st":[47.6642837,-122.3398956],
"1518 3rd av w":[47.632962,-122.360623],
"2025 n 78th st":[47.6854339,-122.3346266],
"208 ne 44th st":[47.6603855,-122.326803],
"3034 garlough av sw":[47.5764577,-122.3963682],
"3162 harbor av sw":[47.576775,-122.3714329],
"3323 wetmore av s":[47.5736695,-122.2933452],
"37th av s \/ s austin st":[47.5343872,-122.2860231],
"3833 39th av s":[47.568752,-122.284293],
"3843 24th av w":[47.655321,-122.387825],
"4339 university way ne":[47.660957,-122.3134134],
"4525 s henderson st":[47.523036,-122.27534],
"5018 24th pl s":[47.5567593,-122.30123],
"5408 sand point way ne":[47.6682018,-122.2769779],
"5732 17th av ne":[47.6710317,-122.3093402],
"5825 ne park point dr":[47.6774079,-122.264934],
"639 nw 85th st":[47.6904422,-122.3649671],
"718 n 59th st":[47.672131,-122.34911],
"7738 16th av ne":[47.686012,-122.31075],
"9921 arrowsmith av s":[47.512073,-122.25108],
"e thomas st \/ broadway e":[47.6210778,-122.3208909]
}