{
"1004 ne 50th st":[47.665343,-122.3170347],
"1130 15th av e":[47.629625,-122.312177],
"11442 71st pl s":[47.500776,-122.245327],
"11703 sand point way ne":[47.7138385,-122.2825812],
"1220 s winthrop st":[47.576219,-122.316417],
"12555 corliss av n":[47.720522,-122.330777],
"13550 42nd av ne":[47.72788,-122.282431],
"14018 17th av ne":[47.730869,-122.309644],
"1428 harvard av":[47.6132591,-122.3220872],
"2012 1st av n":[47.6370118,-122.3553069],
"2216 nw 64th st":[47.675512,-122.385585],
"2637 nw 59th st":[47.671421,-122.391744],
"2700 nw market st":[47.6686641,-122.3925733],
"302 n 78th st":[47.6856982,-122.3549148],
"317 n 71st st":[47.6800939,-122.354472],
"339 w nickerson st":[47.650962,-122.362694],
"369 republican st":[47.6234141,-122.3488667],
"3854 33rd av w":[47.655689,-122.399145],
"4219 s eddy st":[47.5449154,-122.2799244],
"435 m l king jr way s":[47.598228,-122.297851],
"4409 sw findlay st":[47.5520185,-122.3890927],
"5228 shilshole av nw":[47.6653167,-122.3828756],
"541 30th av":[47.6073809,-122.294],
"5840 vassar av ne":[47.6728094,-122.2767978],
"6030 31st av s":[47.5470395,-122.2923206],
"606 w howe st":[47.6360136,-122.365421],
"611 highland dr":[47.6295116,-122.3441137],
"629 3rd av":[47.6033516,-122.3319529],
"646 nw 81st st":[47.6878714,-122.3653876],
"6812 31st av sw":[47.541769,-122.3722714],
"7545 20th av ne":[47.684402,-122.3070647],
"8027 32nd av nw":[47.687702,-122.398637],
"8465 seaview pl nw":[47.6903649,-122.4020085],
"862 w etruria st":[47.648502,-122.369926],
"924 sw spokane st":[47.5714908,-122.3464311],
"mary av nw \/ nw 80th st":[47.6868779,-122.3754284],
"nb sr99 fr 14":[47.5209896,-122.3165998],
"wallingford av n \/ n 54th st":[47.667951,-122.3363645]
}