{
"10082-10095 cornell av s":[47.5107374,-122.2459425],
"1104 e yesler way":[47.6017114,-122.3177048],
"139 nw 85th st":[47.6904415,-122.3596725],
"171 17th av e":[47.6193446,-122.3101565],
"1715 nw 59th st":[47.671405,-122.37983],
"1738 boyer av e":[47.63506,-122.300287],
"1903 5th av":[47.61297,-122.338039],
"209 w mcgraw st":[47.6394128,-122.3600804],
"2111 n 53rd st":[47.666991,-122.333127],
"2322 32nd av s":[47.581795,-122.291602],
"3023 nw 95th st":[47.6976843,-122.3966614],
"3038 nw market st":[47.6689084,-122.3971335],
"3041 ne 97th st":[47.699041,-122.294439],
"3440 35th av w":[47.651652,-122.4019602],
"4022 california av sw":[47.567673,-122.386377],
"4216 34th av s":[47.5649653,-122.2903968],
"42nd av sw \/ sw dawson st":[47.5556335,-122.3854684],
"4715 ne 100th st":[47.7009722,-122.276847],
"5020 sw stevens st":[47.577825,-122.396315],
"515 4th av w":[47.6237967,-122.3623322],
"517 virginia st":[47.6136947,-122.3392216],
"6043 fauntleroy way sw":[47.547196,-122.383398],
"6517 52nd av ne":[47.676319,-122.271944],
"8008 35th av ne":[47.6868995,-122.2901648],
"8612 21st av nw":[47.691521,-122.382631],
"88 yesler way":[47.6019741,-122.3347385],
"8814 burke av n":[47.692762,-122.334721],
"8901 32nd av ne":[47.6932623,-122.293684],
"9045 3rd av sw":[47.521441,-122.339274],
"phinney av n \/ n 56th st":[47.6698,-122.3543905],
"w raye st \/ 1st av w":[47.6432503,-122.3582095]
}