{
"1000 e james":[47.6086426,-122.3183962],
"10538 aurora av n":[47.706216,-122.3443757],
"10813 44th av sw":[47.505982,-122.387349],
"114 republican st":[47.6235866,-122.3544722],
"11720 9th av ne":[47.71458,-122.318948],
"16th av w \/ w bertona st":[47.6503557,-122.3775254],
"2030 s jackson st":[47.5992736,-122.3051469],
"2223 minor av e":[47.638993,-122.3286757],
"2417 nw 62nd st":[47.673604,-122.388598],
"2611 e valley st":[47.625689,-122.298213],
"2695 ne university village st":[47.6633339,-122.2977189],
"2701 alki av sw":[47.579165,-122.4104779],
"2741 ne 92nd st":[47.695419,-122.296887],
"3114 nw 91st st":[47.695385,-122.397694],
"3224 rainier av s":[47.5742164,-122.2949791],
"4000 midvale av n":[47.655546,-122.34324],
"4057 34th av s":[47.566642,-122.291324],
"4427 44th av sw":[47.563884,-122.388411],
"4510 ne tulane pl":[47.670234,-122.2789144],
"4703 w emerson st":[47.6539456,-122.4163606],
"4714 s pearl st":[47.5563693,-122.2736829],
"5199 s spencer st":[47.547156,-122.266996],
"5620 36th av sw":[47.5513369,-122.377302],
"600 valley st":[47.6262832,-122.3449592],
"6022 48th av sw":[47.547889,-122.393467],
"6415 8th av nw":[47.675767,-122.366432],
"6801 48th av ne":[47.6777919,-122.277255],
"7227 s taft st":[47.510242,-122.242513],
"723 mcgilvra blvd e":[47.626419,-122.283335],
"8010 fairway dr ne":[47.686494,-122.277303],
"8034 24th av nw":[47.6878777,-122.3872292],
"8914 45th av ne":[47.6933827,-122.2799337],
"900 aurora av n":[47.627515,-122.343189],
"hiawatha pl s \/ s charles st":[47.5944357,-122.3091435],
"ne 68th st \/ 28th av ne":[47.6775943,-122.2973648],
"sw edmunds st \/ 45th av sw":[47.5593336,-122.3895206]
}