{
"10700 meridian av n":[47.707321,-122.3329141],
"1113 nw 54th st":[47.6676737,-122.3712057],
"125 lee st":[47.6308209,-122.354567],
"12595 17th av ne":[47.7217254,-122.3108768],
"1724 howell pl":[47.6170563,-122.2805199],
"1726 sw roxbury st":[47.5174328,-122.3569256],
"1914 ne 135th st":[47.7268058,-122.3083525],
"2005 1st av":[47.6111982,-122.3428762],
"2915 s genesee st":[47.5636796,-122.2958268],
"300 w halladay st":[47.6422206,-122.3611363],
"301 n 103rd st":[47.703621,-122.3554211],
"3010 39th av sw":[47.577011,-122.381025],
"3150 rainier av s":[47.5747422,-122.2953882],
"319 nw 100th st":[47.7014499,-122.361573],
"36th av w \/ magnolia blvd w":[47.6347798,-122.4038365],
"4110 beach dr sw":[47.567242,-122.409039],
"4604 47th av s":[47.561552,-122.274192],
"5519 airport way s":[47.5533818,-122.3211384],
"5th av s & s main st":[47.6000493,-122.3276654],
"6703 23rd av sw":[47.542741,-122.362981],
"6741 23rd av nw":[47.6789198,-122.38563],
"7015 48th av s":[47.539356,-122.272967],
"8129 16th av sw":[47.5291917,-122.3553298],
"9112 5th av ne":[47.695473,-122.322731],
"denver av s \/ utah av s":[47.5622139,-122.3353498]
}