{
"0 nb i5 to eb i90":[47.587138,-122.320156],
"11538 meridian av n":[47.713536,-122.333606],
"1312 n 39th st":[47.6543054,-122.3418237],
"14350 20th av ne":[47.7335075,-122.3071075],
"1810 w emerson pl":[47.6539905,-122.3802405],
"1815 e harrison st":[47.621841,-122.3079424],
"1920 terry av":[47.6168889,-122.3340047],
"2000 e spruce st":[47.6036689,-122.305958],
"20th av s \/ s spokane st":[47.5719271,-122.3053488],
"211 n 57th st":[47.669931,-122.35625],
"2117 n 63rd st":[47.674225,-122.332721],
"2425 34th av w":[47.640333,-122.401434],
"2535 ne 110th st":[47.708217,-122.299677],
"2584 11th av w":[47.6430916,-122.3712523],
"2637 boyer av e":[47.6443278,-122.3172679],
"2710 ne 113th st":[47.710095,-122.298465],
"3045 ne 86th st":[47.690709,-122.294125],
"3243 56th av sw":[47.5745239,-122.403858],
"3407 california av sw":[47.5734974,-122.3870611],
"4504 40th av sw":[47.5626603,-122.3828103],
"4548 34th av s":[47.5614149,-122.289616],
"4831 s orcas st":[47.550924,-122.271252],
"4919 s rose st":[47.5291069,-122.2707661],
"5021 delridge way sw":[47.556755,-122.363341],
"509 23rd av e":[47.623478,-122.302796],
"5113 s creston st":[47.50667,-122.269352],
"5612 34th av sw":[47.551486,-122.374602],
"621 n 42nd st":[47.6575549,-122.3502926],
"7909 8th av s":[47.5316649,-122.323155],
"7932 39th av s":[47.5304417,-122.2834433],
"7940 17th av sw":[47.530651,-122.35602],
"9200 myers way s":[47.5203279,-122.3340989],
"9236 woodlawn av n":[47.6964515,-122.3386778],
"beacon av s \/ s orcas st":[47.5510273,-122.3017856],
"linden av n \/ n 137th st":[47.7277321,-122.3477098],
"sunnyside av n \/ n 145th st":[47.734104,-122.3302256]
}