{
"0 eb i90 at rainier":[47.590044,-122.303897],
"102 n 80th st":[47.687153,-122.357756],
"1501 17th av":[47.6143791,-122.3102817],
"1506 22nd av e":[47.632542,-122.3032786],
"1716 ne 92nd st":[47.696025,-122.308674],
"2005 s main st":[47.5998368,-122.3059919],
"30th av nw \/ nw 65th st":[47.6758821,-122.3956815],
"323 13th av e":[47.6218056,-122.3160342],
"36th av e \/ e harrison st":[47.6225177,-122.2871214],
"3750 sw 97th st":[47.5167522,-122.3816292],
"3815 s willow st":[47.5406459,-122.2847828],
"4130 sw thistle st":[47.528733,-122.38609],
"5007 22nd av ne":[47.6648792,-122.3044461],
"5803 57th av ne":[47.6704492,-122.2670277],
"6535 24th av sw":[47.543522,-122.364297],
"7107 12th av sw":[47.538766,-122.350797],
"724 denny way":[47.6187951,-122.3429082],
"745 broadway":[47.6085912,-122.3208341],
"7535 23rd av nw":[47.6842035,-122.3856946],
"7975 46th av s":[47.529353,-122.274754],
"8720 2nd av nw":[47.693004,-122.358969],
"9525 32nd av ne":[47.698228,-122.293644],
"9590 1st av ne":[47.7008256,-122.3279962],
"denny way \/ 9th av n":[47.6185437,-122.3397763],
"renton av s \/ s prentice st":[47.508204,-122.2565133],
"sw henderson st \/ 22nd av sw":[47.5228793,-122.3619241]
}