{
"0 - 0 sb i5 exp fr 42":[47.656039,-122.322482],
"10502 aurora av n":[47.7055205,-122.3442683],
"10713 20th av ne":[47.70702,-122.306575],
"13033 4th av nw":[47.72426,-122.362698],
"13th av sw \/ sw webster st":[47.5354983,-122.3516534],
"14325 stone av n":[47.733083,-122.342711],
"1621 14th av":[47.6159389,-122.3145123],
"1770 26th av e":[47.635801,-122.299164],
"1909 s walker st":[47.5834679,-122.3076794],
"202 n 85th st":[47.6907926,-122.3564008],
"2100 thorndyke av w":[47.6378576,-122.3879665],
"2327 ne 92nd st":[47.695474,-122.302853],
"2551 thorndyke av w":[47.6423884,-122.3854719],
"2650 59th av sw":[47.5798916,-122.4078078],
"3042 nw 64th st":[47.675387,-122.39754],
"3404 31st av w":[47.650652,-122.396517],
"3541 34th av s":[47.5716172,-122.2899426],
"3932 s perry st":[47.515107,-122.281634],
"4319 w bertona st":[47.6502911,-122.4128077],
"4516 47th av sw":[47.56241,-122.391785],
"4859 beach dr sw":[47.558121,-122.403156],
"4912 42nd av s":[47.557698,-122.280342],
"510 n 67th st":[47.6780733,-122.3521116],
"5603 11th av ne":[47.669564,-122.316613],
"6029 30th av sw":[47.5501421,-122.3709709],
"7729 17th av ne":[47.685792,-122.310299],
"852 s donovan st":[47.5257916,-122.3206792],
"916 17th av e":[47.627426,-122.309574],
"9520 4th av nw":[47.6985366,-122.3620015],
"aurora av n \/ n 85 th st":[47.6905625,-122.3445219],
"john st \/ 6th av n":[47.6197279,-122.345008],
"queen anne av n \/ ward st":[47.6280762,-122.3566678]
}