{
"0 - 0 sb i5 at holgate":[47.588028,-122.320555],
"10058 arrowsmith av s":[47.511595,-122.249578],
"10750 14th av ne":[47.708203,-122.313387],
"10761 66th av s":[47.503743,-122.250659],
"122 westlake av n":[47.6193332,-122.3383004],
"129 nw 101st st":[47.701982,-122.359408],
"1415 n 82nd st":[47.688519,-122.339674],
"16th av w \/ w emerson st":[47.6539745,-122.3801662],
"1707 nw 97th st":[47.6995,-122.378933],
"1718 n 103rd st":[47.703463,-122.336759],
"17th av ne \/ ne 113th st":[47.710338,-122.3100013],
"1940 34th av w":[47.63717,-122.399702],
"2206 11th av w":[47.638973,-122.371562],
"2334 2nd av":[47.6149232,-122.3465853],
"2808 s alaska pl":[47.561102,-122.296344],
"3021 60th av sw":[47.577043,-122.409718],
"3050 nw 70th st":[47.679724,-122.397951],
"3124 east laurelhurst dr ne":[47.65112,-122.276443],
"327 32nd av":[47.605014,-122.29191],
"3800 42nd av sw":[47.5701692,-122.3854545],
"4008 burke av n":[47.6560196,-122.3347386],
"4012 ashworth av n":[47.656126,-122.33945],
"4115 sw admiral way":[47.580961,-122.384829],
"418 20th av":[47.6057874,-122.3060532],
"4805 s othello st":[47.536716,-122.272279],
"5014 university way ne":[47.6653739,-122.3130535],
"6408 phinney av n":[47.675664,-122.354002],
"6827 49th av ne":[47.678348,-122.27598],
"7056 19th av nw":[47.681178,-122.380738],
"729 12th av e":[47.6261019,-122.3171637],
"7738 22nd av nw":[47.6861673,-122.3840109],
"8346 28th av nw":[47.6903545,-122.3930121],
"9101 rainier av s":[47.5222399,-122.270423],
"914 14th av":[47.6108423,-122.3138045],
"9618 56th av s":[47.5161945,-122.2627939],
"s kenyon st \/ wolcott av s":[47.5316704,-122.2688011],
"sb i5 exp at lakecity wy":[47.682137,-122.318804]
}