{
"1027 s donovan st":[47.5254344,-122.3190365],
"10430 waters av s":[47.507412,-122.248811],
"1110 lake washington blvd s":[47.593017,-122.28871],
"1111 10th av e":[47.6291846,-122.3205295],
"11534 39th av ne":[47.712904,-122.286222],
"1514 lake washington blvd s":[47.5883619,-122.2888916],
"1538 nw 60th st":[47.672581,-122.377926],
"1608 e republican st":[47.6234342,-122.3109328],
"2035 eastlake av e":[47.6378775,-122.3262438],
"25th av ne \/ ne 47th st":[47.6631387,-122.3008925],
"3010 s andover st":[47.5681332,-122.2935823],
"3035 ne 100th st":[47.700868,-122.294651],
"3735 sw rose st":[47.528894,-122.380915],
"3903 woodlawn av n":[47.6544293,-122.3386747],
"520 31st av s":[47.597315,-122.292293],
"521 23rd av e":[47.623697,-122.302793],
"5510 airport way s":[47.5532301,-122.3203667],
"64th av sw \/ beach dr sw":[47.5730474,-122.4147657],
"6739 39th av sw":[47.5417599,-122.38224],
"7047 10th av nw":[47.680909,-122.369712],
"7358 10th av nw":[47.683102,-122.36907],
"7940 48th av s":[47.5303635,-122.2724899],
"8117 5th av ne":[47.6880937,-122.3232],
"812 e aloha st":[47.6269908,-122.3216176],
"9916 17th av nw":[47.701177,-122.377987],
"n 105th st \/ aurora av n":[47.7050489,-122.3446915],
"ne 58th st \/ cowen pl ne":[47.6718091,-122.3122788],
"s kenny st \/ 44th av s":[47.548943,-122.278103],
"sw brandon st \/ 42nd av sw":[47.5538787,-122.3855345]
}