{
"0 - 0 sb i5 exp to mercer":[47.625265,-122.331875],
"0 eb sr520 at lake washington":[47.6447,-122.299088],
"1001 taylor av n":[47.628276,-122.346544],
"11508 5th av ne":[47.712558,-122.323007],
"11611 aurora av n":[47.7137644,-122.3448463],
"12747 12th av ne":[47.722572,-122.315779],
"12th av e \/ e aloha st":[47.6265304,-122.3167912],
"1432 1st av":[47.6088238,-122.3395675],
"1612 n 45th st":[47.6616224,-122.3385416],
"17th av \/ e yesler way":[47.6016874,-122.3102634],
"200 taylor av n":[47.6204467,-122.3459383],
"2244 nw 64th st":[47.675514,-122.386803],
"2351 n 61st st":[47.6727074,-122.3287023],
"2701 california av sw":[47.5791677,-122.386888],
"3000 sw 106th st":[47.508463,-122.371118],
"3100 alaskan way":[47.6148113,-122.3546241],
"3440 e spruce st":[47.603824,-122.288467],
"3607 san juan rd ne":[47.649845,-122.312066],
"431 31st av e":[47.623402,-122.2923559],
"4315 11th av nw":[47.6602279,-122.371091],
"4509 pend oreille pl ne":[47.6617766,-122.3019701],
"4604 41st av ne":[47.6645598,-122.2835036],
"4856 38th av sw":[47.557606,-122.379705],
"603 ne 63rd st":[47.6741493,-122.3220525],
"6107 s ryan st":[47.50949,-122.256661],
"652 nw 85th st":[47.690876,-122.365572],
"6838 35th av ne":[47.678773,-122.290031],
"7350 15th av nw":[47.6829668,-122.3763642],
"7530 mary av nw":[47.68417,-122.375066],
"8315 48th av s":[47.528578,-122.273018],
"936 n 79th st":[47.6864134,-122.3455547],
"crockett st \/ westlake av n":[47.6380358,-122.3407974],
"nw 95th st \/ 24th av nw":[47.6982353,-122.3875813],
"san juan rd ne \/ ne san juan rd":[47.6497698,-122.3121892],
"sw dawson st \/ 21st av sw":[47.5573543,-122.3601332]
}