{
"10224 fischer pl ne":[47.702734,-122.300781],
"1029 ne 100th st":[47.7010691,-122.3165056],
"10601-10998 5th av ne":[47.7057182,-122.3232848],
"11532 lake city way ne":[47.7129969,-122.2983562],
"12018 17th av ne":[47.716338,-122.309611],
"148 ne 58th st":[47.671059,-122.326089],
"3511 43rd av w":[47.6517463,-122.4130349],
"37th av sw \/ sw warsaw st":[47.5430903,-122.379169],
"3913 sw arroyo ct":[47.503642,-122.383281],
"3943 s graham st":[47.545775,-122.281502],
"4038 latona av ne":[47.656675,-122.32528],
"43rd av ne \/ ne 82nd st":[47.6884,-122.2822836],
"4715 40th av ne":[47.6640503,-122.284796],
"4734 9th av ne":[47.664147,-122.318083],
"5548 canfield pl n":[47.6699252,-122.3359397],
"5605 22nd av nw":[47.6697089,-122.3851478],
"5612 1st av ne":[47.669797,-122.3279857],
"59th av sw \/ sw andover st":[47.568517,-122.4084544],
"6032 sycamore av nw":[47.673286,-122.358169],
"6100 14th av nw":[47.673097,-122.3734837],
"6223 43rd av ne":[47.674752,-122.282605],
"6310 ne 74th st":[47.6828454,-122.2609665],
"651 nw 54th st":[47.6677323,-122.365543],
"6511 18th av sw":[47.5444767,-122.3574469],
"6801 32nd av ne":[47.6777664,-122.2933521],
"7732 31st av nw":[47.6859063,-122.3966005],
"7905 detroit av sw":[47.5318571,-122.3380281],
"7944 seward park av s":[47.53043,-122.265997],
"900 w ewing st":[47.6541946,-122.3689295],
"9101 50th av s":[47.521991,-122.272151],
"921 elliott av w":[47.6268503,-122.369097],
"925 sw holden st":[47.533835,-122.348432],
"9427 17th av sw":[47.51836,-122.356883],
"delridge way sw \/ sw holly st":[47.5429141,-122.361213],
"keystone pl n \/ n 57th st":[47.6705165,-122.3342071],
"n 36th st \/ troll av n":[47.6509543,-122.3473221],
"s bradford st \/ 7th av s":[47.5689165,-122.3240428],
"w armour st \/ 12th av w":[47.6452041,-122.3720455],
"westwood town center ct sw":[47.52177,-122.3671739]
}