{
"10000 - 10199 3rd av ne":[47.701344,-122.3258139],
"11221 meridian av n":[47.709754,-122.3339964],
"117 nw 144th st":[47.732961,-122.359227],
"1501 s snoqualmie st":[47.5615007,-122.313136],
"1609 27th av":[47.6155553,-122.2977279],
"1726 s shelton st":[47.5580931,-122.3093237],
"2207 federal av e":[47.6386449,-122.319341],
"2402 s morgan st":[47.544467,-122.302107],
"2415 19th av e":[47.640849,-122.30751],
"2810 sw morgan st":[47.5448117,-122.3687574],
"2830 nw 56th st":[47.6696637,-122.394186],
"3047 nw 72nd st":[47.68071,-122.397754],
"3300 eastlake av e":[47.6515519,-122.3212754],
"3494 w blaine st":[47.635374,-122.402898],
"3634 bagley av n":[47.651455,-122.33232],
"410 e denny way":[47.6187209,-122.3259796],
"4604 sw monroe st":[47.531715,-122.391563],
"4729 university way ne":[47.6639746,-122.3131074],
"4807 49th av s":[47.559118,-122.272332],
"547 s trenton st":[47.524527,-122.326152],
"565 lee st":[47.6312421,-122.3453425],
"618 s weller st":[47.5977357,-122.3255079],
"6322 fauntleroy way sw":[47.5459375,-122.383346],
"6341 4th av ne":[47.6755773,-122.3246614],
"7008 52nd av ne":[47.679742,-122.271303],
"7216 s 115th st":[47.499892,-122.24284],
"8772 sand point way ne":[47.693703,-122.27086],
"8th av nw \/ nw 56th st":[47.6694286,-122.3661451],
"923 n 101st st":[47.7019515,-122.3462076],
"9530 48th av ne":[47.698339,-122.276162],
"n 40th st \/ greenwood av n":[47.6554341,-122.3554963],
"n 83rd st \/ greenwood av n":[47.6891229,-122.3552848]
}