{
"10005 aurora av n":[47.7016692,-122.3448463],
"1009 n 38th st":[47.6527285,-122.34552],
"101 taylor av n":[47.6189966,-122.3467203],
"10814 valmay av nw":[47.707202,-122.377303],
"11048 15th av ne":[47.70996,-122.311905],
"1115 n 82nd st":[47.6882115,-122.3436518],
"114 23rd av":[47.6021631,-122.3020623],
"1404 34th av":[47.6130977,-122.289071],
"1520 ne 143rd st":[47.7323319,-122.311897],
"1701 35th av":[47.616624,-122.288438],
"17th av \/ e cherry st":[47.6080221,-122.310238],
"2305 41st av e":[47.6393672,-122.279914],
"2531 westmont way w":[47.6417002,-122.4088631],
"3038 48th av sw":[47.5763869,-122.39299],
"3505 45th av sw":[47.5723186,-122.3894622],
"3545 ne 86th st":[47.690696,-122.288748],
"3643 wallingford av n":[47.651724,-122.336677],
"3911 sw forest st":[47.57816,-122.3818621],
"4005 14th av s":[47.567892,-122.315068],
"4220 51st av s":[47.564623,-122.269094],
"4364 28th av s":[47.563116,-122.297692],
"43rd av ne \/ ne 70th st":[47.6794157,-122.2828474],
"4431 letitia av s":[47.5632245,-122.2894442],
"4506 52nd av sw":[47.562671,-122.3985],
"5013 43rd av s":[47.5565831,-122.2798665],
"6001 39th av sw":[47.548281,-122.382176],
"6005 upland ter s":[47.548689,-122.266147],
"6242 36th av ne":[47.675239,-122.288837],
"7101 38th av s":[47.538589,-122.285396],
"9001 8th av sw":[47.522608,-122.345737],
"sturtevant av s \/ rainier av s":[47.5198561,-122.2687105],
"w blaine st \/ 1st av w":[47.6347498,-122.3582813]
}