{
"10012 12th av nw":[47.701951,-122.371019],
"10217 aurora av n":[47.703361,-122.3450619],
"11727 19th av ne":[47.714766,-122.308894],
"1301 ne 63rd st":[47.673947,-122.314129],
"1308 s massachusetts st":[47.5884644,-122.3154099],
"15 prospect st":[47.6286984,-122.3559852],
"1511 e mercer st":[47.6242314,-122.3120899],
"18th av s \/ s college st":[47.5829676,-122.309493],
"2505 ne 140th st":[47.7299685,-122.3016068],
"2518 ne 92nd st":[47.695984,-122.300299],
"2802 22nd av w":[47.6449203,-122.3843835],
"2922 sw kenyon st":[47.5320437,-122.3707779],
"3206 s orcas st":[47.5511262,-122.2912598],
"3245 fairview av e":[47.6518781,-122.3231647],
"3420 w blaine st":[47.635349,-122.40056],
"3617 woodland park av n":[47.6511176,-122.3443839],
"4227 ne 33rd st":[47.651582,-122.28024],
"4325 ne 65th st":[47.675562,-122.281098],
"45th av ne \/ ne 70th st":[47.6794186,-122.2796448],
"4954 sw forney st":[47.574881,-122.397086],
"5051 48th av sw":[47.5560202,-122.393855],
"5124 s graham st":[47.546343,-122.268949],
"6737 48th av sw":[47.542237,-122.395391],
"7144 55th av s":[47.537529,-122.262846],
"7211 33rd av s":[47.538037,-122.290397],
"85 pike":[47.6084444,-122.3405493],
"916 ne 115th st":[47.712448,-122.318393],
"9740 palatine av n":[47.700853,-122.35637],
"e yesler way \/ 12th av":[47.6016843,-122.3167388],
"nb i5 at s baily st":[47.5490362,-122.3124906],
"ne 63rd st \/ latona av ne":[47.6743741,-122.32546],
"queen anne av n \/ w nickerson st":[47.6497969,-122.3577002],
"s college st \/ 13th av s":[47.5829931,-122.316021]
}