{
"20th av ne \/ ne 82nd st":[47.6884921,-122.3068201],
"2132 broadmoor dr e":[47.638936,-122.28884],
"2205 s eddy st":[47.545166,-122.304843],
"2302 18th av s":[47.582814,-122.309106],
"2902 s holly st":[47.542853,-122.295293],
"300 nw richmond beach rd":[47.7646853,-122.3575659],
"3010 w jameson st":[47.6602724,-122.3966094],
"3245 eastlake av e":[47.651542,-122.321727],
"3534 ne 123rd st":[47.71752,-122.289595],
"3919 ne 115th st":[47.711643,-122.285757],
"431 broadway  e":[47.6225398,-122.3215982],
"4741 34th av ne":[47.664,-122.291588],
"5455 leary av nw":[47.6679399,-122.3840735],
"5821 oakhurst rd s":[47.549977,-122.26281],
"6332 26th av sw":[47.545474,-122.365082],
"817 madison st":[47.6081151,-122.3276135],
"9046 36th av sw":[47.521502,-122.377725],
"910 e mercer st":[47.624435,-122.3203284],
"9727 woodlawn av n":[47.700537,-122.339072]
}