{
"2130 n 114th st":[47.7115653,-122.3326067],
"2227 n 57th st":[47.669939,-122.331141],
"2915 1st av":[47.6171154,-122.3534679],
"3008 s bradford st":[47.569176,-122.293601],
"305 10th av e":[47.6213424,-122.3201567],
"3060 64th av sw":[47.5762069,-122.414282],
"3123 ne 85th st":[47.69,-122.29402],
"3501 w howe st":[47.635755,-122.4008284],
"3616 e ward st":[47.627554,-122.285901],
"4520 ne 92nd st":[47.6950969,-122.278974],
"4620 beach dr sw":[47.5618657,-122.4045798],
"5100 ne 54th st":[47.667772,-122.2729926],
"542 1st av s":[47.5969949,-122.3336828],
"5623 44th av sw":[47.551435,-122.388916],
"5733 28th av ne":[47.671061,-122.297667],
"5th av \/ lenora st":[47.6145415,-122.3404715],
"7229 25th av ne":[47.6815668,-122.300719],
"7802 roosevelt way ne":[47.685455,-122.317188],
"8015 15th av nw":[47.6872762,-122.377151],
"817 17th av":[47.6097449,-122.31058],
"9220 10th av sw":[47.520301,-122.347612],
"9312 31st av sw":[47.5187313,-122.3721032],
"9401 myers way s":[47.518636,-122.335383],
"9662 beacon av s":[47.515285,-122.273626],
"9841 45th av sw":[47.51453,-122.390299],
"e columbia st \/ m l king jr way":[47.6090069,-122.2962464],
"maynard al s \/ s weller st":[47.5975165,-122.3244182],
"ne 115th st \/ 8th av ne":[47.7122099,-122.320646],
"ne 115th st \/ sand point way ne":[47.7124206,-122.2818374],
"s webster st \/ east marginal way s":[47.5356406,-122.3154626],
"w parkmont pl \/ magnolia blvd w":[47.6395751,-122.4108853]
}