{
"11515 4th av ne":[47.712727,-122.32511],
"15526 interlake av n":[47.7422936,-122.3408919],
"1915 1st av w":[47.6367366,-122.3589595],
"2424 nw 60th st":[47.6725994,-122.3888791],
"2652 36th av w":[47.6446756,-122.4033465],
"2818 e thomas st":[47.6215322,-122.2952181],
"312 fulton st":[47.645879,-122.350715],
"3222 12th av w":[47.64923,-122.3719],
"3456 61st av sw":[47.572409,-122.410469],
"3723 s holly st":[47.542245,-122.285194],
"3940 densmore av n":[47.6554764,-122.3371117],
"4001 delridge way sw":[47.5683292,-122.363316],
"4809 48th av s":[47.5590896,-122.273464],
"5004 s snoqualmie st":[47.5619562,-122.2702959],
"5601 university way ne":[47.6696484,-122.3133686],
"570 mercer st":[47.624806,-122.3453542],
"5930 4th av s":[47.5495979,-122.328568],
"6208 fremont av n":[47.6741738,-122.3496598],
"6505 oswego pl ne":[47.67642,-122.321548],
"6832 vista av s":[47.5412788,-122.3000873],
"699 john st":[47.6193525,-122.3441271],
"703 22nd av":[47.6081689,-122.304113],
"7350 19th av ne":[47.682781,-122.307459],
"7548 15th av sw":[47.5341363,-122.3538993],
"8012 28th av nw":[47.6872275,-122.3927034],
"8157 10th av sw":[47.528474,-122.348397],
"8712 29th av nw":[47.692419,-122.393674],
"919 26th av":[47.610601,-122.299231],
"9216 8th av ne":[47.6963699,-122.3200986],
"9th av \/ union st":[47.6115429,-122.3302254],
"northgate mall":[47.7062086,-122.3258737]
}