{
"0 - 0 sb i5 fr 130":[47.720021,-122.324486],
"12046 31st av ne":[47.7169052,-122.2950249],
"13351 20th av ne":[47.7262578,-122.3076556],
"1410 38th av e":[47.631407,-122.283678],
"1908 nob hill av n":[47.636063,-122.350384],
"2014 nw 60th st":[47.6725853,-122.3828801],
"2232 1st av":[47.6133829,-122.3461388],
"2510 n 45th st":[47.6615284,-122.3284239],
"2715 ne 135th st":[47.726339,-122.2985],
"2728 ne 130th st":[47.723157,-122.297886],
"2745 38th av sw":[47.5778585,-122.3804027],
"2nd av \/ broad st":[47.6175837,-122.3516679],
"3014 38th av sw":[47.5769496,-122.3799477],
"3046 37th av sw":[47.576053,-122.37781],
"3050 nw 67th st":[47.677512,-122.397931],
"307 19th av":[47.6045993,-122.3076666],
"3119 ne 123rd st":[47.7173658,-122.2943141],
"31st av s \/ s day st":[47.5903335,-122.2924219],
"3211 perkins ln w":[47.648992,-122.416973],
"330 lake washington blvd s":[47.5995236,-122.288381],
"3638 50th av sw":[47.5709545,-122.3958493],
"3830 34th av w":[47.6552857,-122.4004505],
"3904 s edmunds st":[47.558881,-122.283227],
"4418 s webster st":[47.535478,-122.277077],
"4542 ne 94th st":[47.696571,-122.278005],
"4929 s rose st":[47.5291073,-122.2707236],
"500 yale av n":[47.623428,-122.3300838],
"5032 20th av ne":[47.665891,-122.306226],
"527 30th av e":[47.6244989,-122.2933763],
"5311 sw manning st":[47.571591,-122.400685],
"5409 ne 65th st":[47.675503,-122.268999],
"5932 18th av s":[47.5489669,-122.309566],
"5th av n \/ newton st":[47.636551,-122.3471118],
"6022 25th av ne":[47.672831,-122.300318],
"617 3rd av w":[47.625233,-122.3609492],
"6502 10th av nw":[47.676146,-122.369478],
"654 nw 89th st":[47.693748,-122.365792],
"6555 51st av s":[47.5427003,-122.2702634],
"6705 beach dr sw":[47.542978,-122.398041],
"718 16th av e":[47.625927,-122.310916],
"729 10th av e":[47.6262651,-122.3205209],
"7352 35th av sw":[47.5358622,-122.3762852],
"7510 24th av nw":[47.6835725,-122.3873214],
"7737 17th av nw":[47.6861463,-122.3791726],
"812 nw 49th st":[47.6645809,-122.3668786],
"855 nw 88th st":[47.6926336,-122.3676403],
"8711 25th av ne":[47.6924218,-122.3016743],
"9203 14th av sw":[47.5208466,-122.3531507],
"9211 7th av nw":[47.696572,-122.365074],
"9236 12th av sw":[47.519928,-122.350217],
"corson av s \/ s doris st":[47.549577,-122.3207205],
"s lilac st \/ m l king jr way s":[47.5672463,-122.2970581],
"sb i5 at  ne 70th st.":[47.6795882,-122.3205319],
"spruce st \/ broadway":[47.6032677,-122.3207782],
"w roy st \/ 4th av w":[47.6258637,-122.3619327]
}