{
"1023 6th av n":[47.628771,-122.345222],
"1120 16th av":[47.612179,-122.311101],
"1210 nw 70th st":[47.6797619,-122.372125],
"13233 15th av ne":[47.7250624,-122.3126704],
"14021 23rd av ne":[47.730139,-122.305664],
"1412 nw 67th st":[47.6778242,-122.3745584],
"143 n 75th st":[47.683062,-122.356087],
"1614 ne 140th st":[47.7302886,-122.3128563],
"1627 25th av":[47.6161656,-122.3003325],
"1816 m l king jr way":[47.6181627,-122.2958358],
"1830 13th av sw":[47.5864621,-122.3522011],
"1842 s king st":[47.598574,-122.307098],
"1927 44th av sw":[47.585925,-122.388087],
"1958 28th av w":[47.636756,-122.392769],
"2320 n 38th st":[47.6533338,-122.3304864],
"26th av \/ e union st":[47.6129305,-122.2987964],
"2721 50th av sw":[47.578569,-122.395736],
"2810 nw 85th st":[47.6907078,-122.3934397],
"3035 alki av sw":[47.577786,-122.417368],
"30th av s \/ s dakota st":[47.5662679,-122.2958317],
"3257 17th av w":[47.6500567,-122.3791957],
"4005 rainier av s":[47.567711,-122.289503],
"4201 linden av n":[47.6579205,-122.348668],
"4700 12th av ne":[47.663408,-122.314954],
"5012 48th av sw":[47.557122,-122.393229],
"527 ne 115th st":[47.711977,-122.322167],
"5334 ballard av nw":[47.6673602,-122.3839689],
"5433 39th av w":[47.6687589,-122.4087392],
"5610 44th av sw":[47.551699,-122.388149],
"603 n 60th st":[47.672299,-122.3510575],
"6106 kirkwood pl n":[47.672742,-122.334616],
"7638 winona av n":[47.6844247,-122.3402546],
"8802 meridian av n":[47.6926826,-122.3335473],
"8th av ne \/ ne ravenna blvd":[47.6738862,-122.3200371],
"9725 8th av nw":[47.7008568,-122.3663813],
"n 130th st \/ meridian av n":[47.7232086,-122.3341713],
"ne 85th st \/ 19th av ne":[47.6903123,-122.3079377]
}