{
"10849 31st av sw":[47.505061,-122.372583],
"11015 2nd av ne":[47.7088534,-122.3273333],
"11321 39th av ne":[47.71078,-122.286992],
"11521 7th av ne":[47.712893,-122.322361],
"1223 8th av w":[47.6306657,-122.3679421],
"1223 e aloha st":[47.626316,-122.315737],
"1423 n 49th st":[47.6641304,-122.3395744],
"17th av nw \/ shilshole av nw":[47.6624104,-122.3789286],
"1901 3rd av":[47.6115934,-122.3399279],
"2021 43rd av e":[47.637612,-122.277513],
"212 stewart st":[47.6110619,-122.3403571],
"2485 s spencer st":[47.5475213,-122.2971681],
"24th pl s \/ s hudson st":[47.5573721,-122.301544],
"3527 ne 98th st":[47.699922,-122.289406],
"4220 ne 135th st":[47.726554,-122.281588],
"4915 12th av s":[47.5582011,-122.3173889],
"5123 s holly st":[47.5422801,-122.2688907],
"52nd av s \/ renton av s":[47.5153985,-122.267395],
"5410 california av sw":[47.5534689,-122.3865197],
"5910 high point dr sw":[47.5501831,-122.3704775],
"6017 39th av ne":[47.6728449,-122.2860721],
"6621 carleton av s":[47.5437,-122.321706],
"6721 vista av s":[47.542278,-122.301406],
"6736 carleton av s":[47.5413842,-122.3220533],
"8052 19th av ne":[47.688199,-122.307568],
"806 sw henderson st":[47.5230559,-122.345755],
"8248 latona av ne":[47.689955,-122.32529],
"909 n 75th st":[47.68309,-122.345919],
"n 125th st \/ ashworth av n":[47.7195642,-122.3396775]
}