{
"10145 rainier av s":[47.510317,-122.246843],
"10412 59th av s":[47.507225,-122.25913],
"1241 nw 116th st":[47.7125757,-122.3733244],
"1251 n 143rd st":[47.732069,-122.343218],
"12542 35th av ne":[47.7205356,-122.2904159],
"14th av sw \/ sw kenyon st":[47.5318815,-122.3527804],
"1515 1st av n":[47.63277,-122.356048],
"1526 nw market st":[47.6686815,-122.3776384],
"1608 4th av w":[47.6339731,-122.3619846],
"1902 e fir st":[47.6026854,-122.3073933],
"1923 s stevens st":[47.5768072,-122.3069909],
"2256 ne 62nd st":[47.673979,-122.303362],
"229 broadway  e":[47.6208128,-122.3210796],
"2812 s dearborn st":[47.5960139,-122.295605],
"3018 s austin st":[47.5346243,-122.2924499],
"3309 e denny way":[47.6181569,-122.289363],
"3936 woodland park av n":[47.655137,-122.344328],
"3rd av nw \/ nw 76th st":[47.6840155,-122.3606244],
"5th av ne \/ ne 76th st":[47.6835553,-122.3229006],
"6019 18th av sw":[47.547618,-122.357729],
"6733 10th av nw":[47.6787704,-122.3700743],
"7267 48th av s":[47.537084,-122.272999],
"7500 delridge way sw":[47.5366634,-122.3612354],
"7733 34th av sw":[47.532756,-122.375652],
"7742 36th av ne":[47.686129,-122.289201],
"8203 21st av ne":[47.688659,-122.306027],
"beach dr sw \/ benton pl sw":[47.5746165,-122.4181523],
"cornell av s \/ s 114th st":[47.5014791,-122.2414106],
"nb i5 at s holgate st \/ s holgate br":[47.5860964,-122.3200873],
"s dakota st \/ 1st av s":[47.5672955,-122.3342001],
"w blaine st \/ 28th av w":[47.6351218,-122.3930761]
}