{
"1000 fairview av n":[47.6276765,-122.3318424],
"11026 greenwood av n":[47.7095689,-122.3552091],
"1107 m l king jr way s":[47.5927099,-122.298155],
"11545 30th av ne":[47.713334,-122.296578],
"12047 12th av ne":[47.7171612,-122.3156324],
"1411 s walker st":[47.5835416,-122.3141972],
"1415 e roy st":[47.625138,-122.3138973],
"1519 ne pacific st":[47.6516827,-122.3099016],
"1542 30th av s":[47.588128,-122.293268],
"1623 ne 143rd st":[47.7321022,-122.3110467],
"1705 ne 130th pl":[47.724328,-122.310957],
"19th av e \/ e thomas st":[47.6204915,-122.3073572],
"2310 3rd av":[47.6150002,-122.3452695],
"2522 5th av":[47.6180515,-122.3455483],
"25th av w \/ w bertona st":[47.6503107,-122.3886039],
"2656 42nd av sw":[47.5795145,-122.3848596],
"2827 12th av w":[47.6459276,-122.372792],
"2830 nw 62nd st":[47.673934,-122.394425],
"2nd av w \/ w comstock st":[47.630462,-122.3591981],
"3207 48th av sw":[47.575423,-122.393768],
"34th av sw \/ sw webster st":[47.5355532,-122.3752527],
"4018 26th av w":[47.6565028,-122.3896586],
"4962 purdue av ne":[47.6715811,-122.2733944],
"510 westlake av n":[47.6235441,-122.3380675],
"5506 1st av ne":[47.66893,-122.32797],
"5511 25th av ne":[47.6689558,-122.3009708],
"5961 18th av sw":[47.548367,-122.357466],
"6016 upland ter s":[47.548659,-122.264899],
"608 8th av s":[47.5973573,-122.3222533],
"6523 latona av ne":[47.676445,-122.326578],
"7523 20th av ne":[47.6837947,-122.3069578],
"8156 28th av sw":[47.5284261,-122.3682477],
"8353 beacon av s":[47.528039,-122.288358],
"8423 tillicum rd sw":[47.527709,-122.390759],
"8th av s \/ s director st":[47.5222617,-122.3229831],
"9016 3rd av nw":[47.6948111,-122.3603456],
"9100 45th av sw":[47.52265,-122.389878],
"94 stewart st":[47.6101953,-122.3417312],
"n 83rd st \/ dayton av n":[47.6891148,-122.3525659],
"sw 97th st \/ 41st av sw":[47.5165683,-122.3848012],
"w dravus st \/ 17th av w":[47.6484635,-122.3788691]
}