{
"0 - 0 sb i5 exp to convention ctr":[47.615294,-122.329441],
"10333 36th av ne":[47.703867,-122.289856],
"1043 s henderson st":[47.5228952,-122.3183226],
"12532 17th av ne":[47.7204368,-122.3104831],
"12547 30th av ne":[47.7204937,-122.2963246],
"12701 8th av nw":[47.721663,-122.366745],
"1804 13th av":[47.6179182,-122.3151982],
"1911 13th av w":[47.636323,-122.374221],
"1st av ne \/ ne 65th st":[47.6759368,-122.3281568],
"2100 1st av":[47.6121502,-122.3440404],
"2111 ne 82nd st":[47.688271,-122.305089],
"301-498 9th av":[47.6034143,-122.3228091],
"3050 62nd av sw":[47.5762163,-122.4117478],
"3232 62nd av sw":[47.574909,-122.4117724],
"3251 w commodore way":[47.6643722,-122.3991038],
"400 18th av e":[47.6222872,-122.3084465],
"4141 beacon av s":[47.56586,-122.3063252],
"415 w mcgraw pl":[47.6404693,-122.3626303],
"4215 palatine av n":[47.658351,-122.356466],
"4402 memorial way ne":[47.660413,-122.1381897],
"4559 california av sw":[47.5612925,-122.3870225],
"5890 west green lake way n":[47.6706076,-122.342777],
"6023 4th av nw":[47.673061,-122.362199],
"6542 46th av ne":[47.67707,-122.278647],
"6817 holly park dr s":[47.5411263,-122.2894058],
"6850 48th av ne":[47.6790933,-122.2766561],
"7338 15th av nw":[47.682531,-122.376425],
"750 valley st":[47.6263676,-122.3417208],
"7516 16th av sw":[47.5349133,-122.3546952],
"7712 37th av sw":[47.53295,-122.378927],
"7916 8th av s":[47.5313779,-122.3225286],
"8241 15th av ne":[47.6897401,-122.3125325],
"826 e gwinn pl":[47.6480476,-122.3208257],
"ne 56th st \/ brooklyn av ne":[47.6694456,-122.3141549],
"sb i5 at 145":[47.734066,-122.325108],
"summit av \/ spring st":[47.6109797,-122.3235642]
}