{
"106 n 100th st":[47.701693,-122.357629],
"11326 riviera pl ne":[47.712402,-122.276496],
"12222 densmore av n":[47.717915,-122.337354],
"1622 20th av":[47.616003,-122.305775],
"2608 36th av w":[47.643475,-122.403265],
"2658 39th av sw":[47.579994,-122.380974],
"2820 sw dakota st":[47.567171,-122.369083],
"2906 19th av s":[47.5775241,-122.3077144],
"3212 w government way":[47.660282,-122.398938],
"3225 ne 97th st":[47.699006,-122.292004],
"3403 48th av sw":[47.573703,-122.393785],
"419 20th av":[47.605724,-122.306729],
"4214 s spencer st":[47.547631,-122.280123],
"4220 s dawson st":[47.555426,-122.2797889],
"46th av s \/ s brandon st":[47.5533827,-122.2753774],
"4701 s morgan st":[47.5440751,-122.2736514],
"613 9th av":[47.6059202,-122.3253896],
"6329 15th av ne":[47.6760024,-122.3123348],
"6850 17th av ne":[47.679149,-122.309528],
"8023 bagley av n":[47.687629,-122.33242],
"8219 meridian av n":[47.689224,-122.333513],
"8222 fairway dr ne":[47.6883849,-122.276528],
"8437 25th av sw":[47.5271685,-122.3649105],
"8452 47th av s":[47.526814,-122.273076],
"8637 18th av sw":[47.5253889,-122.3581119],
"9221 37th av s":[47.5207687,-122.2863103],
"950 17th av e":[47.62839,-122.30956],
"9721 2nd av nw":[47.700322,-122.359805],
"bell st \/ 1st av":[47.6133729,-122.346515],
"ne 57th st \/ 43rd av ne":[47.6703265,-122.2821494],
"olympic way w \/ 8th av w":[47.6282381,-122.3675334]
}