{
"100 dayton av n":[47.7014967,-122.3527219],
"11715 16th av ne":[47.7144649,-122.3114189],
"128 nw 59th st":[47.671804,-122.358956],
"1411 n northgate way":[47.7048959,-122.3400725],
"1819 27th av w":[47.6357854,-122.3915947],
"1916 e madison":[47.6172641,-122.306693],
"1918 western av":[47.6099752,-122.343136],
"2529 36th av w":[47.6425996,-122.4040878],
"2627 29th av w":[47.644055,-122.394609],
"2716 harvard av e":[47.6450621,-122.3217336],
"2814 30th av s":[47.5778381,-122.293826],
"3117 sw trenton st":[47.5244913,-122.3734389],
"4005 ne 88th st":[47.692125,-122.284773],
"4122 47th av sw":[47.565898,-122.391742],
"4211 28th av w":[47.658073,-122.393199],
"5315 46th av sw":[47.5543271,-122.3909909],
"5536 s orcas st":[47.5513404,-122.2631042],
"606 5th av s":[47.5969213,-122.327329],
"7201 orchard pl s":[47.538125,-122.268493],
"7333 24th av nw":[47.68235,-122.387975],
"7356 11th av nw":[47.6831,-122.370125],
"7421 meridian av n":[47.683561,-122.3329578],
"8820 densmore av n":[47.692995,-122.337431],
"9026 28th av nw":[47.695049,-122.392551],
"9307 31st av sw":[47.5188461,-122.3726992],
"s mead st \/ 2nd av s":[47.5510804,-122.3324297]
}