{
"10333 densmore av n":[47.704196,-122.338017],
"10th av w \/ w garfield st":[47.6335352,-122.3704046],
"1533 ne grant ln":[47.655311,-122.311603],
"1622 5th av n":[47.633893,-122.346788],
"1644 32nd av w":[47.635105,-122.398543],
"1701 ne 96th st":[47.698244,-122.309228],
"1822 terry av":[47.6161359,-122.3329216],
"2123 nw 93rd st":[47.695991,-122.383709],
"219 nw 53rd st":[47.6671552,-122.3592054],
"2322 n 63rd st":[47.674641,-122.3297969],
"2323 21st av s":[47.582256,-122.305946],
"24th av ne \/ ravenna pl ne":[47.6671158,-122.3020139],
"2575 aurora av n":[47.643076,-122.3470793],
"2805 sw dakota st":[47.566605,-122.368585],
"2904 s dakota st":[47.5661348,-122.2976375],
"3017 15th av s":[47.576265,-122.313668],
"311 w halladay st":[47.6418384,-122.3615063],
"3228 sw andover st":[47.568495,-122.372476],
"357 highland dr":[47.6296,-122.3497007],
"3600 22nd av w":[47.652275,-122.384394],
"4015 airport way s":[47.567575,-122.323071],
"4136 eastern av n":[47.657777,-122.328685],
"4238 s graham st":[47.546224,-122.279262],
"425 1st av w":[47.6229706,-122.3580567],
"4921 24th av s":[47.557505,-122.3026842],
"6044 lanham pl sw":[47.5472546,-122.3734022],
"6247 2nd av nw":[47.67572,-122.359836],
"6353 sylvan way sw":[47.5440935,-122.3714443],
"6525 greenwood av n":[47.6767479,-122.3556534],
"7102 45th av s":[47.538741,-122.276329],
"7119 holly park dr s":[47.5387377,-122.2871694],
"7159 31st av sw":[47.537514,-122.372933],
"747 n 145th st":[47.7341145,-122.3491233],
"7807 linden av n":[47.6858121,-122.3474769],
"7817 8th av nw":[47.6859792,-122.3663595],
"823 ne 57th st":[47.6698744,-122.3190586],
"850 s rose st":[47.529253,-122.320623],
"9262 renton av s":[47.5194446,-122.2718149],
"9300 26th pl nw":[47.6970306,-122.3904963],
"nw market st \/ 8th av nw":[47.6686694,-122.3661518]
}