{
"- 0 sb i5 at 145":[47.72959,-122.324067],
"12708 2nd av nw":[47.721767,-122.359205],
"1414 nw 60th st":[47.672652,-122.37424],
"1709 ne pacific st":[47.6512579,-122.3090393],
"1716 nw 65th st":[47.6761592,-122.3797704],
"2329 e madison st":[47.6195585,-122.3015538],
"2330 14th av s":[47.5821296,-122.314696],
"2408 s juneau st":[47.5502778,-122.3009982],
"3200 ne 45th st":[47.6614365,-122.2920448],
"3821 s thistle st":[47.52767,-122.283852],
"3906 e madison st":[47.633077,-122.282426],
"4030 33rd av w":[47.656868,-122.399143],
"4111 ne 82nd st":[47.688164,-122.283879],
"418 ne 44th st":[47.6603495,-122.3231225],
"5008 pullman av ne":[47.669659,-122.273812],
"5038 16th av ne":[47.666004,-122.310465],
"50810 grouse ridge rd":[47.45332,-121.661394],
"5517 s leo st":[47.50204,-122.264078],
"609 20th av e":[47.6247087,-122.3060259],
"6316 44th av sw":[47.546134,-122.388311],
"6501 shaffer av s":[47.5441536,-122.2949908],
"7631 rockery dr s":[47.5339089,-122.2826907],
"8360 10th av nw":[47.690487,-122.369022],
"8433 6th av sw":[47.527266,-122.343312],
"845 terry av n":[47.6253333,-122.3371543],
"8600 46th av sw":[47.5271408,-122.3915939],
"953 e union st":[47.612715,-122.319669],
"aurora av n \/ n 60th st":[47.6724405,-122.3473111],
"ne 77th st \/ ravenna av ne":[47.6848712,-122.3039929]
}