{
"1007 s henderson st":[47.522809,-122.319931],
"1020 bellevue ct e":[47.6275956,-122.3269873],
"10216 41st av sw":[47.511529,-122.384142],
"1153 22nd av e":[47.6301446,-122.3038843],
"11th av \/ e cherry st":[47.608055,-122.3180728],
"16th av \/ e denny way":[47.6185184,-122.3114347],
"2 broad st":[47.6206888,-122.3477221],
"2012 43rd av e":[47.6374083,-122.2765895],
"2301 beacon av s":[47.5828471,-122.3168291],
"2319 s juneau st":[47.549894,-122.303287],
"2336 n 140th st":[47.730701,-122.329912],
"2566 14th av w":[47.642659,-122.3744456],
"2608 harvard av e":[47.6435404,-122.3220821],
"2615 sw barton st":[47.5202637,-122.366752],
"2650 ne university village mall":[47.664596,-122.2988073],
"3200 30th av sw":[47.5748605,-122.3718772],
"3536 ne 92nd st":[47.695481,-122.288933],
"3710 ne 41st st":[47.658662,-122.287659],
"3rd av s \/ s lucile st":[47.5534109,-122.3309269],
"402 cedar st":[47.6180915,-122.3480205],
"4022 42nd av sw":[47.5676698,-122.3850671],
"4150 california av sw":[47.5651196,-122.3864374],
"4425 51st av sw":[47.5640457,-122.39793],
"4650 s austin st":[47.534894,-122.273159],
"4823 s dawson st":[47.5546586,-122.2716311],
"6419 29th av s":[47.5447233,-122.2960957],
"6518 29th av s":[47.543802,-122.295535],
"6550 16th av nw":[47.677428,-122.377508],
"7909 8th av sw":[47.5316,-122.345883],
"8118 greenwood av n":[47.6882367,-122.3549142],
"844 ne 100th st":[47.7013015,-122.318552],
"8th av nw \/ nw 100th st":[47.7015082,-122.3660484],
"9027 meridian pl n":[47.6945679,-122.332856],
"9843 47th av sw":[47.513976,-122.393221],
"east green lake way n \/ n 65th st":[47.6759838,-122.3326847],
"lake city way ne \/ 15th av ne":[47.687515,-122.312174],
"lincoln park way sw \/ beach dr sw":[47.5406634,-122.3964676]
}