{
"11527 25th av ne":[47.712891,-122.302152],
"186 35th av e":[47.619721,-122.287665],
"18th av sw \/ sw myrtle st":[47.5391327,-122.3572532],
"2100 2nd av":[47.6125168,-122.3430556],
"2655 nw 95th st":[47.697246,-122.39224],
"26th av s \/ s massachusetts st":[47.5883241,-122.2990982],
"2704 ne blakeley st":[47.6665499,-122.2983297],
"2800 1st av":[47.6168247,-122.3517709],
"2848 nw 72nd st":[47.68117,-122.395093],
"2902 s judkins st":[47.5923312,-122.2951892],
"33rd av ne \/ ne blakeley st":[47.6630946,-122.2936207],
"3505 s portland st":[47.5328896,-122.287853],
"3650 courtland pl s":[47.5700638,-122.2869589],
"3763 sw hinds st":[47.572997,-122.3800022],
"4013 46th av sw":[47.567979,-122.391177],
"4411 48th av sw":[47.5643743,-122.3937346],
"4903 sw hinds st":[47.573716,-122.39511],
"5005 university way ne":[47.6650343,-122.3130933],
"5615 west marginal way sw":[47.5510589,-122.3470409],
"5th av sw \/ sw roxbury st":[47.5173214,-122.34159],
"6349 51st av s":[47.5446081,-122.2699358],
"6503 27th av nw":[47.676035,-122.391097],
"6723 12th av nw":[47.678521,-122.372278],
"6801 21st av ne":[47.677743,-122.305596],
"7004 beach dr sw":[47.540349,-122.3962246],
"7028 39th av ne":[47.680285,-122.285801],
"7316 fauntleroy way sw":[47.537481,-122.391418],
"7352 24th av nw":[47.682858,-122.387201],
"7th av s \/ s michigan st":[47.5465427,-122.3250364],
"806 w mcgraw st":[47.6397894,-122.3680437],
"833 29th av s":[47.594768,-122.295759],
"8437 35th av sw":[47.527197,-122.377206],
"8471 tillicum rd sw":[47.527142,-122.38882],
"9004 14th av s":[47.5227896,-122.3146337],
"9208 9th av sw":[47.52062,-122.346337],
"9719 49th av ne":[47.6999858,-122.2755742],
"airport way s \/ portland st":[47.5338837,-122.2982563],
"delridge way sw \/ sw dakota st":[47.5665557,-122.3632833],
"east marginal way s \/ s lucile st":[47.553416,-122.3369528],
"government locks":[47.6655782,-122.398332],
"n 62nd st \/ phinney av n":[47.6738761,-122.3543535],
"newton st \/ westlake shore rdwy av n":[47.6364382,-122.3400081],
"s massachusetts st \/ 24th av s":[47.5883597,-122.3012659],
"wb i90 exp at mercer":[47.591424,-122.247857]
}