{
"10701 36th av ne":[47.7068633,-122.2894357],
"127 boylston av e":[47.6193383,-122.3237004],
"13759 2nd av nw":[47.730358,-122.359991],
"13th av s \/ s dearborn st":[47.5958263,-122.3159307],
"19th av \/ e denny way":[47.6185094,-122.3073953],
"2319 w crockett st":[47.6374952,-122.3870322],
"2511 sw cloverdale st":[47.5261535,-122.3642646],
"2703 ne clark rd":[47.6585213,-122.2974707],
"2850 sw roxbury st":[47.5174169,-122.3692089],
"3037 27th av w":[47.64799,-122.391941],
"3045 ne 95th st":[47.6972887,-122.2942164],
"334 nw 41st st":[47.657209,-122.362504],
"351 elliott av w":[47.6217667,-122.3630328],
"3907 25th av s":[47.568964,-122.300868],
"415 w comstock st":[47.630232,-122.362593],
"4225 23rd av w":[47.658517,-122.3863827],
"445 bellevue av e":[47.6229849,-122.3268397],
"4508 ne 70th st":[47.679613,-122.279161],
"611 10th av e":[47.624633,-122.320207],
"6354 high point dr sw":[47.5458331,-122.3685198],
"6522 57th av ne":[47.6762439,-122.26763],
"6725 ellis av s":[47.541392,-122.320085],
"6912 32nd av nw":[47.6791505,-122.398101],
"7269 38th av s":[47.5373091,-122.2846806],
"8645 17th av sw":[47.525166,-122.356811],
"m l king jr way s \/ rainier av s":[47.5763484,-122.2965753],
"n 150th st \/ dayton av n":[47.7377181,-122.3531499],
"ne 85th st \/ latona av ne":[47.6904198,-122.3256891]
}