{
"10000 2nd av ne":[47.6958897,-122.3270587],
"10447 65th av s":[47.5068112,-122.2527304],
"114 12th av e":[47.6194026,-122.3165834],
"14312 evanston av n":[47.732809,-122.351391],
"1545 s dawson st":[47.5554174,-122.3115573],
"16th av s \/ s graham st":[47.5471659,-122.3122545],
"2104 10th av w":[47.6380058,-122.3699928],
"2336 15th av s":[47.5817635,-122.3130813],
"2452 s columbian way":[47.560765,-122.301154],
"2533 13th av w":[47.6416907,-122.3738608],
"2611 w newton st":[47.63676,-122.390957],
"2833 sw dakota st":[47.5667424,-122.3695521],
"307 n 71st st":[47.6801448,-122.3548795],
"3106 sw graham st":[47.5469277,-122.3722964],
"3207 28th av w":[47.6489849,-122.3932905],
"3207 rainier av s":[47.574603,-122.29575],
"37th av sw \/ sw lander st":[47.579276,-122.3780963],
"4003 sw webster st":[47.535568,-122.384011],
"401 2nd av w":[47.6223694,-122.3595848],
"5115 s willow st":[47.540441,-122.269234],
"5130 15th av s":[47.555785,-122.313194],
"539 ne 92nd st":[47.695599,-122.321323],
"5600 23rd av sw":[47.5518936,-122.3617406],
"600 nw 46th st":[47.6622096,-122.3640041],
"6112 s fountain st":[47.503283,-122.2567],
"701 3rd av w":[47.626114,-122.360955],
"7528 24th av nw":[47.6840253,-122.3872745],
"7554 14th av ne":[47.684621,-122.31289],
"7734 crest dr ne":[47.685635,-122.273802],
"7th av \/ marion st":[47.6067943,-122.3288707],
"8017 8th av nw":[47.6874987,-122.366418],
"8318 20th av nw":[47.689312,-122.381859],
"9037 38th av sw":[47.521796,-122.381144],
"9140 california av sw":[47.5210742,-122.3870631],
"915 13th av e":[47.6269465,-122.3161534],
"9276 57th av s":[47.5194659,-122.261355],
"9361 47th av sw":[47.517669,-122.393239],
"9730 4th av ne":[47.6994751,-122.3242144],
"comstock st \/ aurora av n":[47.6305907,-122.3435769],
"ne 107th st \/ lake city way ne":[47.706701,-122.3016233],
"s dearborn st \/ 7th av s":[47.595833,-122.3237978],
"utah av s \/ s horton st":[47.5743856,-122.3351132]
}