{
"10316 51st av s":[47.508397,-122.269707],
"12343 17th av ne":[47.718888,-122.31036],
"13063 20th av ne":[47.724842,-122.307796],
"14050 sunnyside av n":[47.731951,-122.329823],
"141 dorffel dr e":[47.618779,-122.283791],
"1600 e jefferson st":[47.6064789,-122.3111299],
"1671 broadmoor dr e":[47.635025,-122.288199],
"17th av \/ e howell st":[47.6176179,-122.3101469],
"1938 48th av sw":[47.5856722,-122.392563],
"200 nw 59th st":[47.6715164,-122.3605256],
"2416 e mcgraw st":[47.6404752,-122.3013045],
"2587 8th av w":[47.643154,-122.367946],
"2614 e pine st":[47.6155479,-122.297953],
"2810 16th av s":[47.578265,-122.311689],
"310 s henderson st":[47.5230279,-122.330184],
"317 36th av e":[47.621872,-122.287503],
"3253 22nd av w":[47.650028,-122.385049],
"3413 33rd av sw":[47.5725387,-122.3742386],
"4461 46th av sw":[47.5630861,-122.3908464],
"4646 s cooper st":[47.511401,-122.273452],
"4914 beacon av s":[47.5576,-122.303383],
"5002 11th av ne":[47.6650813,-122.3161116],
"5323 s wallace st":[47.4972009,-122.266914],
"5951 44th av sw":[47.548803,-122.388992],
"6807 36th av ne":[47.677879,-122.289556],
"7158 beacon av s":[47.537718,-122.293681],
"735 n 94th st":[47.696418,-122.34833],
"7711 greenwood av n":[47.6851849,-122.3556469],
"7723 seward park av s":[47.533283,-122.267262],
"7770 highland park way sw":[47.5326635,-122.3467711],
"8016 stroud av n":[47.687469,-122.333975],
"8050 bagley av n":[47.688381,-122.33178],
"8320 rainier av s":[47.5290876,-122.269108],
"922 26th av s":[47.5938779,-122.298659],
"e john ct \/ e john st":[47.6199587,-122.3135013]
}