{
"10502 14th av nw":[47.70534,-122.373759],
"1104 41st av e":[47.62881,-122.279589],
"1203 nw 126th st":[47.719931,-122.372029],
"1211 8th av":[47.6094364,-122.3298698],
"13030 26th av ne":[47.7239176,-122.3002236],
"13758 3rd av nw":[47.73036,-122.360541],
"1409 e marion st":[47.610166,-122.313607],
"1504 13th av s":[47.589759,-122.315625],
"1520 15th av e":[47.6329197,-122.312157],
"1531 minor av":[47.6144485,-122.32829],
"1604 ne 50th st":[47.6652831,-122.3104313],
"1851 e yesler way":[47.6015071,-122.308292],
"2050 nw 62nd st":[47.674055,-122.384304],
"2520 32nd av w":[47.6418136,-122.3979722],
"265 e edgar st":[47.644284,-122.323874],
"313 w mcgraw st":[47.6394072,-122.3613764],
"3207 37th av w":[47.648957,-122.405002],
"3418 w mcgraw st":[47.639741,-122.4019728],
"4014 36th av sw":[47.567868,-122.3770581],
"4576 s brandon st":[47.55359,-122.275752],
"4859 s morgan st":[47.5440976,-122.2701484],
"5101 s brandon st":[47.5531516,-122.2696896],
"5123 s avon st":[47.5010501,-122.2692273],
"5510 3rd av nw":[47.669053,-122.360475],
"602 1st av":[47.6021566,-122.3340968],
"6755 25th av nw":[47.679299,-122.38901],
"720 14th av":[47.608683,-122.313757],
"7300 30th av nw":[47.6818781,-122.3954834],
"7508 42nd av ne":[47.683368,-122.282776],
"8050 35th av ne":[47.688265,-122.2902706],
"816 n 48th st":[47.6637548,-122.3476643],
"8400 beacon av s":[47.5277408,-122.2874773],
"8516 29th av nw":[47.69102,-122.39371],
"8638 44th av s":[47.524903,-122.277748],
"929 23rd av":[47.6109354,-122.3030096],
"945 n 81st st":[47.6875048,-122.3451811],
"s shelton st \/ 15th av s":[47.5579035,-122.3134718],
"yesler way \/ 1st av s":[47.601724,-122.3342533]
}