{
"10101 fremont av n":[47.7023327,-122.3503367],
"1200 s donovan st":[47.5256155,-122.3175614],
"12015 8th av ne":[47.7163374,-122.3211575],
"12235 dayton av n":[47.718755,-122.353307],
"1249 ne 94th st":[47.696455,-122.312743],
"12th av s \/ s stevens st":[47.5768802,-122.3173523],
"1504 sw barton st":[47.5212062,-122.3543333],
"1512 eastlake av e":[47.6326694,-122.3256482],
"1541 elliott av w":[47.6326399,-122.3760001],
"16702 ashworth av n":[47.750735,-122.339768],
"1808 s mcclellan st":[47.5789538,-122.3087499],
"1946 8th av w":[47.637352,-122.367267],
"2002 ne 127th st":[47.72172,-122.306955],
"2209 42nd av sw":[47.583626,-122.3850879],
"2716 48th av sw":[47.5787672,-122.3927537],
"2825 e arthur pl":[47.623003,-122.295531],
"30th av nw \/ nw 77th st":[47.6849118,-122.3957308],
"33rd av w \/ w fort st":[47.6613159,-122.399445],
"351 ne 52nd st":[47.6662065,-122.323351],
"3912 w bertona st":[47.6506525,-122.4074548],
"4060 25th av s":[47.5665035,-122.2999599],
"425 pontius av n":[47.6227087,-122.3320824],
"4316 ne 33rd st":[47.652395,-122.278528],
"4500 50th av sw":[47.5627597,-122.3959415],
"5106 s brighton st":[47.5417964,-122.2694855],
"518 lakeside av s":[47.597297,-122.286617],
"5218 37th av ne":[47.667268,-122.287636],
"5235 25th av sw":[47.553976,-122.364664],
"5303 shilshole av nw":[47.6658762,-122.3844947],
"5410 seward park av s":[47.552998,-122.263269],
"5517 canfield pl n":[47.669033,-122.335625],
"5616 roosevelt way ne":[47.6699962,-122.3170472],
"7103 44th av s":[47.5387259,-122.278441],
"8202 41st av sw":[47.5297801,-122.3844035],
"9021 35th av sw":[47.5222499,-122.3771004],
"9272 spear pl s":[47.519583,-122.273184],
"marine av sw \/ alki av sw":[47.5804474,-122.407047],
"n 130th st \/ palatine av n":[47.7232335,-122.3568757],
"west green lake dr n \/ stone av n":[47.6821517,-122.3416422]
}