{
"11545 12th av ne":[47.713501,-122.31554],
"12th av sw \/ sw webster st":[47.5355049,-122.3504938],
"220 boston st":[47.6383939,-122.3522088],
"2200 w emerson pl":[47.6562932,-122.3848811],
"2406 nw 75th st":[47.6833611,-122.3879294],
"2502 s dearborn st":[47.5955658,-122.2994436],
"300 19th av e":[47.6214281,-122.3062635],
"3217 beacon av s":[47.5745032,-122.3092783],
"3236 ne 100th st":[47.70133,-122.292524],
"3817 corliss av n":[47.653652,-122.33183],
"4013 34th av s":[47.567718,-122.290874],
"4250 8th av ne":[47.658952,-122.319471],
"4th av ne \/ ne 145th st":[47.7340849,-122.3261118],
"5005 sw morgan st":[47.54469,-122.396695],
"515 n 49th st":[47.664083,-122.352091],
"5333 roosevelt way ne":[47.6681093,-122.3176829],
"5900 s pilgrim st":[47.5152196,-122.2593264],
"611 22nd av":[47.6075319,-122.3040991],
"626 n 65th st":[47.6762524,-122.3501774],
"6434 30th av sw":[47.5447363,-122.3699184],
"750 n 143rd st":[47.7327662,-122.3486024],
"7624 winona av n":[47.6843214,-122.3407344],
"7708 meridian av n":[47.685409,-122.332731],
"811 ne 80th st":[47.686543,-122.319702],
"8414 8th av sw":[47.527772,-122.345103],
"946 13th av e":[47.627915,-122.315357],
"ne 65th st \/ 42nd av ne":[47.6757844,-122.2835505]
}