{
"1135 24th av s":[47.5920311,-122.3012873],
"1327 44th av sw":[47.5913987,-122.3876063],
"138 n 130th st":[47.7233141,-122.356466],
"1650 ne san juan rd":[47.6497116,-122.3120647],
"2681 ne university village st":[47.6628815,-122.2985512],
"2710 westlake av n":[47.6444758,-122.344911],
"2820 15th av w":[47.6456177,-122.3757997],
"2935 alki av sw":[47.5779785,-122.4145998],
"3030 64th av sw":[47.576996,-122.41426],
"3600 palatine av n":[47.6527334,-122.3565683],
"3926 aurora av n":[47.6549038,-122.3469255],
"400 pine st":[47.612376,-122.337594],
"4163 beach dr sw":[47.5658711,-122.4085328],
"4820 s morgan st":[47.544742,-122.271844],
"57th av s \/ s hazel st":[47.5048765,-122.2613093],
"6117 20th av nw":[47.6736711,-122.3823967],
"656 s king st":[47.5985325,-122.3248491],
"700 5th av":[47.605078,-122.329974],
"7558 45th av sw":[47.534625,-122.38982],
"8433 35th av sw":[47.527332,-122.377104],
"88 lenora st":[47.6115411,-122.3445902],
"8843 3rd av s":[47.5232486,-122.3309823],
"8878 17th av sw":[47.5230598,-122.3564188],
"8911 15th av ne":[47.693457,-122.312496],
"linden av n \/ n 36th st":[47.651146,-122.348601],
"ne 50th st \/ 34th av ne":[47.6648797,-122.2912588]
}