{
"10709 dayton av n":[47.7072156,-122.3530486],
"11462 35th av sw":[47.4995351,-122.3758818],
"11545 evanston av n":[47.713654,-122.35194],
"1516 e prospect st":[47.6288781,-122.3116567],
"1620 26th av":[47.615955,-122.298401],
"1817 boren av":[47.6162964,-122.3316211],
"1949 7th av w":[47.6373777,-122.3667165],
"2312 n 92nd st":[47.6959371,-122.3307816],
"3950 s americus st":[47.5603884,-122.281239],
"4046 latona av ne":[47.656894,-122.325276],
"4421 44th av sw":[47.5640211,-122.3886662],
"4535 rainier av s":[47.5617383,-122.2878865],
"500 m l king jr way":[47.5980499,-122.2974254],
"5102 s graham st":[47.546262,-122.269768],
"5911 8th av ne":[47.671933,-122.320353],
"606 maynard av s":[47.5972921,-122.3247479],
"606 w highland dr":[47.6298559,-122.364833],
"6323 44th av sw":[47.546007,-122.389074],
"6733 5th av nw":[47.678698,-122.362807],
"729 n 77th st":[47.6845483,-122.348547],
"813 s southern st":[47.52958,-122.322137],
"8820 dibble av nw":[47.693581,-122.366946],
"9000 14th av nw":[47.6942523,-122.3740814],
"university st \/ alaskan way":[47.6058773,-122.3403932]
}