{
"0 - 0 sb i5 exp at ravenna":[47.666669,-122.322016],
"0 eb wsea frwy at sr99":[47.57151,-122.337962],
"10317 11th av nw":[47.703898,-122.370475],
"11257 1st av nw":[47.712168,-122.358522],
"11528 18th pl sw":[47.4995381,-122.357027],
"11750 beacon av s":[47.497365,-122.261527],
"12th av \/ e pike st":[47.6140971,-122.3168446],
"2450 55th av sw":[47.5809519,-122.4024387],
"2942 1st av s":[47.5762875,-122.3338489],
"3014 nw 93rd st":[47.6966002,-122.3960624],
"31st av s \/ s judkins st":[47.5921338,-122.2925857],
"3200 w mcgraw st":[47.6398011,-122.3985107],
"3501 w lawton cir":[47.6650341,-122.4030028],
"3700 montlake blvd ne":[47.6488034,-122.3045267],
"4006 linden av n":[47.6557012,-122.3484284],
"4316 greenwood av n":[47.6594832,-122.3552436],
"4623 s orcas st":[47.5509926,-122.2742787],
"5207 37th av s":[47.5551697,-122.2861201],
"5536 28th av ne":[47.669609,-122.296942],
"600 m l king jr way s":[47.5968175,-122.2974529],
"602 w highland dr":[47.629855,-122.364624],
"606 1st av n":[47.6249155,-122.3543614],
"629 nw 83rd st":[47.688895,-122.3646585],
"630 nw 50th st":[47.665221,-122.364735],
"6352 41st av sw":[47.5450763,-122.3841672],
"715 27th av":[47.6085544,-122.2978478],
"7540 16th av nw":[47.6843785,-122.377551],
"8221 northrop pl sw":[47.529832,-122.388909],
"8th av s \/ yesler way":[47.601704,-122.322454],
"m l king jr way s \/ s boeing access rd":[47.5079969,-122.2783367]
}