{
"10044 20th av sw":[47.512438,-122.359259],
"1116 harrison st":[47.622027,-122.3353315],
"14021 burke av n":[47.731158,-122.336193],
"1524 31st av s":[47.5886466,-122.292228],
"155 howe st":[47.635561,-122.3540476],
"16251 sylvester rd sw":[47.4575695,-122.3429934],
"1809 10th av w":[47.6351552,-122.3707988],
"2001 e olive st":[47.6171073,-122.3061283],
"211 nw 62nd st":[47.674116,-122.3600974],
"2215 nw 85th st":[47.690391,-122.385214],
"2219 41st av sw":[47.5832858,-122.3841673],
"2632 27th av w":[47.6444771,-122.3912404],
"31st av e \/ e denny way":[47.6188911,-122.2923057],
"31st av s \/ s alaska st":[47.5608136,-122.2925468],
"3439 e superior st":[47.60258,-122.287577],
"3634 42nd av ne":[47.654997,-122.281849],
"3811 sw orchard st":[47.537569,-122.380661],
"4005 sw holly st":[47.5428173,-122.3835489],
"4057 44th av sw":[47.56675,-122.388505],
"4152 13th av s":[47.565559,-122.315626],
"4220 corliss av n":[47.658637,-122.33103],
"42nd av sw \/ sw morgan st":[47.5448432,-122.3857586],
"4315 6th av nw":[47.659369,-122.364317],
"4457 39th av sw":[47.5630219,-122.381891],
"4609 14th av nw":[47.6625648,-122.3742266],
"4614 46th av s":[47.561208,-122.275347],
"4720 sw genesee st":[47.5649257,-122.3931287],
"5233 ivanhoe pl ne":[47.667327,-122.273365],
"5301 sand point way ne":[47.6682684,-122.2793546],
"5401 8th av nw":[47.667933,-122.366177],
"549 s river st":[47.5435482,-122.3267921],
"6201 22nd av nw":[47.674055,-122.385079],
"6204 51st av s":[47.546805,-122.26937],
"6208 flora av s":[47.547194,-122.318715],
"6723 39th av sw":[47.542249,-122.382255],
"7054 11th av nw":[47.681148,-122.370119],
"706 1st av":[47.603051,-122.334273],
"7315 m l king jr way s":[47.5369605,-122.2812582],
"7345 46th av ne":[47.682867,-122.279036],
"7732 29th av ne":[47.6858604,-122.2964249],
"ne 108th st \/ 12th av ne":[47.7071173,-122.3153725],
"sw graham st \/ 44th av sw":[47.5467013,-122.3886724],
"wb i90 at i5":[47.593366,-122.322191]
}