{
"0 - 0 sb sr99 at battery st tunnel":[47.618721,-122.343734],
"1000 s dearborn st":[47.5958393,-122.3203064],
"10802 32nd av sw":[47.506308,-122.373108],
"11508 roosevelt way ne":[47.7124698,-122.3172531],
"1408 n 48th st":[47.6636565,-122.3401571],
"1441 nw 95th st":[47.697639,-122.375906],
"15th av ne \/ ne 45th st":[47.6612684,-122.3119386],
"15th av sw \/ sw holden st":[47.5336949,-122.3539014],
"2519 ne 125th st":[47.7191362,-122.3007267],
"2802 s nevada st":[47.5641836,-122.2980379],
"28th av w \/ w crockett st":[47.637415,-122.3930455],
"31st av \/ e terrace st":[47.6051724,-122.2926148],
"3627 59th av sw":[47.571469,-122.40877],
"404 terry av":[47.6049409,-122.322215],
"4103 chilberg av sw":[47.5673427,-122.4085939],
"4156 40th av sw":[47.564831,-122.382419],
"452 n 36th st":[47.6521685,-122.3532452],
"4916 51st av s":[47.557643,-122.269042],
"6006 5 av ne":[47.6725436,-122.3231778],
"6500 sportsfield dr ne":[47.6758252,-122.2595162],
"6523 11th av nw":[47.676702,-122.371185],
"7107 39th av sw":[47.539405,-122.382317],
"7911 3rd av nw":[47.6866426,-122.3608868],
"818 19th av":[47.60977,-122.307218],
"e cherry st \/ m l king jr way":[47.6079931,-122.2962642],
"nb i5 at sr520":[47.638512,-122.322606],
"sb i5 to boylston av e":[47.6451986,-122.3232516],
"w ruffner st \/ 15th av w":[47.6521751,-122.3761862]
}