{
"0 - 0 nb i5 exp fr 9":[47.614686,-122.330105],
"1011 20th av s":[47.593388,-122.306576],
"1143 n 76th st":[47.6838663,-122.3423918],
"11631 meridian av n":[47.713915,-122.33452],
"12277 corliss av n":[47.719124,-122.329705],
"1248 ne 104th st":[47.7041605,-122.3129979],
"12560 corliss av n":[47.721226,-122.329957],
"1314 30th av s":[47.591693,-122.29311],
"1546 32nd av s":[47.5880902,-122.2914698],
"1717 18th av":[47.6169354,-122.3093464],
"1927 45th av sw":[47.5859809,-122.389482],
"27th av s \/ s della st":[47.5716951,-122.2977215],
"316 19th av":[47.6048866,-122.307625],
"340 nw 87th st":[47.6922489,-122.3625147],
"3802 ne 90th st":[47.694032,-122.287694],
"3826 30th av w":[47.65494,-122.395342],
"5015 s ferdinand st":[47.557982,-122.269935],
"5062 9 av ne":[47.666316,-122.3180819],
"5200 airport way s":[47.5560187,-122.3213168],
"522 ne 120th st":[47.71617,-122.322497],
"5519 12th av ne":[47.669174,-122.315517],
"5522 23rd av s":[47.5526218,-122.3037784],
"5651 18th av sw":[47.5504735,-122.3574778],
"6716 25th av sw":[47.542082,-122.363988],
"8337 32nd av nw":[47.689544,-122.399036],
"8500 15th av nw":[47.6908426,-122.3762936],
"8815 10th av sw":[47.5241421,-122.3483021],
"8825 seward park av s":[47.5242819,-122.2646564],
"9008 44th av sw":[47.523191,-122.388709],
"roosevelt way ne \/ ne 74th st":[47.6821984,-122.3174712],
"s bayview st \/ m l king jr way s":[47.5812615,-122.2969889],
"s walker st \/ beacon av s":[47.5837569,-122.3173766]
}