{
"12551 eldorado ln nw":[47.7201197,-122.3617534],
"1723 ne 94th st":[47.6964914,-122.3083957],
"2108 nw 86th st":[47.691338,-122.383792],
"2315 n 113th pl":[47.71062,-122.330624],
"2539 10th av w":[47.641817,-122.370363],
"2651 nw 56th st":[47.6692974,-122.3923625],
"2734 ne 90th st":[47.6940649,-122.2971202],
"3219 nw 60th st":[47.6719191,-122.399258],
"3430 west viewmont way w":[47.651419,-122.409633],
"3641 48th av sw":[47.5708324,-122.3937137],
"4014 e galer st":[47.6323712,-122.2805057],
"4811 s austin st":[47.5345018,-122.2720483],
"4833 s graham st":[47.545692,-122.271174],
"49th av sw \/ sw graham st":[47.546782,-122.395181],
"519 s jackson st":[47.5991358,-122.32693],
"5305 15th av nw":[47.667322,-122.3765047],
"5600 kirkwood pl n":[47.6692489,-122.3314806],
"5900 linden av n":[47.6719412,-122.3482815],
"6015 51st pl s":[47.54839,-122.269188],
"6117 24th av ne":[47.67344,-122.302038],
"616 33rd av":[47.607321,-122.2901791],
"6343 17th av sw":[47.545304,-122.356355],
"6522 42 av s":[47.543488,-122.280503],
"6555 32nd av sw":[47.5433429,-122.3739515],
"6917 heights pl sw":[47.541726,-122.38571],
"7721 39th av ne":[47.685509,-122.286663],
"9800 23rd av nw":[47.7006377,-122.3849675],
"e yesler way \/ boren av s":[47.6017002,-122.3179124],
"sb i5 cd at dearborn":[47.598717,-122.321656],
"sunset av sw \/ sw massachusetts st":[47.5881277,-122.3916723],
"west marginal way s \/ s cloverdale st":[47.5274385,-122.3250394]
}