{
"100 madison st":[47.6046826,-122.3362286],
"14015 28th av ne":[47.730664,-122.298288],
"1504 m l king jr way":[47.61437,-122.295804],
"1626 39th av e":[47.634264,-122.282259],
"1811 13th av":[47.6180081,-122.3160943],
"2424 s eddy st":[47.5455079,-122.3011647],
"2500 ne 80th st":[47.6866932,-122.3008408],
"2677 sw barton st":[47.5210424,-122.3668927],
"3011 webster point rd ne":[47.6490528,-122.2778515],
"306 fairview av n":[47.6210264,-122.3339808],
"3441 nw 59th st":[47.671043,-122.40296],
"3806 s genesee st":[47.564281,-122.2845509],
"3936 s kenyon st":[47.531735,-122.281664],
"4018 delridge way sw":[47.567784,-122.362949],
"41st av sw \/ sw edmunds st":[47.5593112,-122.3841166],
"520 30th av e":[47.6243495,-122.2928792],
"5439 ballard av nw":[47.66823,-122.3861343],
"622 ne banner pl":[47.6827489,-122.3200094],
"6400 swift av s":[47.5454155,-122.3061232],
"6th pl s \/ s lander st":[47.5798079,-122.3252293],
"7241 17th av sw":[47.536979,-122.356477],
"7254 28th av ne":[47.682206,-122.297145],
"9108 40th av sw":[47.521456,-122.382863],
"9347 7th av s":[47.519297,-122.32564],
"eb i90 exp to island crest":[47.589406,-122.2365639],
"ne 74th st \/ 5th av ne":[47.6820364,-122.3228951],
"w nickerson st \/ 6th av w":[47.6516338,-122.3644589],
"western av \/ cedar st":[47.6151295,-122.3514636]
}