{
"10039 ashworth av n":[47.702553,-122.3395811],
"10126 66th av s":[47.510184,-122.250853],
"10710 stone av n":[47.7073167,-122.342014],
"13728 3rd av nw":[47.729535,-122.360539],
"14020 wallingford av n":[47.73116,-122.336616],
"1535 29th av s":[47.588651,-122.295414],
"2402 w raye st":[47.643712,-122.387881],
"2413 e lynn st":[47.639284,-122.3013651],
"2721 california av sw":[47.5786594,-122.3866655],
"3809 45th av sw":[47.5698727,-122.3894741],
"3831 37th av s":[47.568865,-122.28645],
"4021 32nd av w":[47.656595,-122.398592],
"4200 aurora av n":[47.6579207,-122.3469757],
"4214 s brighton st":[47.5418,-122.280184],
"4221 w armour st":[47.644749,-122.411923],
"517 26th av s":[47.5974528,-122.2990371],
"531 ne 80th st":[47.686555,-122.321521],
"6415 greenwood av n":[47.675702,-122.355659],
"830 12th av":[47.6102287,-122.316766],
"833 nw 58th st":[47.6707145,-122.3676878],
"9645 m l king jr way s":[47.5151443,-122.2798424],
"eb i90 exp at 12 \/ s dearborn st":[47.5947279,-122.3170966],
"john st \/ aurora av n":[47.6197315,-122.3435074],
"sw forest st \/ walnut av sw":[47.5783251,-122.3832937],
"sw othello st \/ wright av sw":[47.5380354,-122.3939772]
}