{
"10415 39th av sw":[47.509538,-122.381936],
"123 ne 63rd st":[47.6743791,-122.3270969],
"13026 27th av ne":[47.723738,-122.298719],
"13351 ashworth av n":[47.726389,-122.33995],
"13544 16th av ne":[47.7279,-122.310687],
"157 lake washington blvd":[47.6024561,-122.2858723],
"1601 e john st":[47.6194388,-122.3110522],
"1860 s brandon pl":[47.5542222,-122.308317],
"2019 15th av s":[47.5848769,-122.3134107],
"2242 38th av e":[47.6393639,-122.2848247],
"2644 nw 63rd st":[47.674706,-122.392164],
"304 21st av":[47.604536,-122.304662],
"3137 fairview av e":[47.6502551,-122.3239375],
"3501 rainier av s":[47.571585,-122.293448],
"3668 33rd av sw":[47.5704224,-122.3737236],
"3rd av n \/ florentia st":[47.6468784,-122.3513079],
"4115 4th av s":[47.5666377,-122.3297856],
"4215 9th av ne":[47.65798,-122.3187988],
"5125 ne 52nd st":[47.6665009,-122.272107],
"5705 s dawson st":[47.55462,-122.262123],
"7117 aurora av n":[47.6807331,-122.3450244],
"7122 58th av ne":[47.680831,-122.265457],
"731 sw austin st":[47.534603,-122.345811],
"7936 wallingford av n":[47.6866928,-122.3364327],
"8839 36th av s":[47.5233281,-122.2890919],
"denny way \/ eastlake av":[47.6185344,-122.329128],
"e john st \/ bellevue av e":[47.6196187,-122.3265715],
"ne 105th st \/ durland av ne":[47.7045839,-122.2768175],
"ne 88th st \/ 8th av ne":[47.6922157,-122.3203075],
"sunnyside av n \/ n 38th st":[47.6531177,-122.3302792],
"w dravus st \/ 3rd av w":[47.6486776,-122.3608787]
}