{
"1055 e fir st":[47.6026773,-122.3181549],
"1138 20th av e":[47.629798,-122.305648],
"1221 e jefferson st":[47.605979,-122.315802],
"14th av s \/ golf dr s":[47.5926381,-122.3146635],
"1515 e madison st":[47.6147751,-122.3120839],
"1552 s shelton st":[47.558154,-122.31119],
"1606 bigelow av n":[47.63344,-122.347986],
"2376 32nd av w":[47.639526,-122.398317],
"2407 e union st":[47.612653,-122.300952],
"2508 31st av s":[47.580646,-122.292655],
"27th av \/ e denny way":[47.6189145,-122.2972491],
"30th av ne \/ ne 70th st":[47.67942,-122.2957787],
"3200 portage bay pl e":[47.6502763,-122.3193446],
"3309 s holly pl":[47.542012,-122.289708],
"3451 47th av sw":[47.572378,-122.392463],
"3549 sw 99th st":[47.514406,-122.378349],
"4018 ne 88th st":[47.692563,-122.284465],
"4710 22nd av ne":[47.663414,-122.303657],
"533 warren av n":[47.6242466,-122.354408],
"5511 15th av s - cleveland hs":[47.5523623,-122.314021],
"5540 ne 55th st":[47.668707,-122.266992],
"600 n 34th st":[47.6499219,-122.3510323],
"619 s charles st":[47.5950086,-122.3255964],
"6219 36th av nw":[47.6746075,-122.4038126],
"6544 52nd av ne":[47.677073,-122.271245],
"701 3rd av":[47.6034915,-122.332078],
"710 n 79th st":[47.6864357,-122.3493474],
"738 n 95th st":[47.6980366,-122.3481589],
"7516 12th av nw":[47.683757,-122.371125],
"919 23rd av":[47.610724,-122.303075],
"9879 43rd pl ne":[47.7017049,-122.283554],
"e union st \/ harvard av":[47.6128814,-122.3219885],
"lake washington blvd s \/ s frink pl":[47.5991216,-122.2888589],
"ne 68th st \/ 16th av ne":[47.6776184,-122.3108747],
"nw 67th st \/ 17th av nw":[47.6777172,-122.3789254],
"sb i5 exp at ne 42 st":[47.656044,-122.322371],
"sw 97th st \/ 30th av sw":[47.5160439,-122.3712768]
}