{
"11738 1st av ne":[47.715291,-122.327259],
"121 21st av":[47.6190899,-122.3052646],
"122 10th av":[47.6021422,-122.3195256],
"125 prefontaine pl s":[47.6010047,-122.3295104],
"14410 3rd av nw":[47.7334699,-122.360567],
"1634 11th av":[47.6162021,-122.3178719],
"1817 12th av s":[47.586484,-122.317658],
"2507 nob hill av n":[47.6416678,-122.3507548],
"30th av s \/ s brandon st":[47.5535315,-122.2941127],
"3328 36th av s":[47.572833,-122.287443],
"3330 sw avalon way":[47.5640848,-122.3759811],
"33rd pl s \/ s holly pl":[47.5421491,-122.2900537],
"3443 meridian av n":[47.648956,-122.33439],
"38th av ne \/ ne 125th st":[47.719228,-122.2873201],
"4006 42nd av sw":[47.5680821,-122.3850617],
"4525 s mead st":[47.550208,-122.275969],
"5353 ballard av nw":[47.6674131,-122.3844211],
"620 n 34th st":[47.6498196,-122.3504335],
"6314 28th av nw":[47.6749953,-122.3927542],
"6505 53rd av ne":[47.67609,-122.270799],
"8644 45th av ne":[47.6917339,-122.279598],
"9615 56th av s":[47.516352,-122.263383],
"california av sw \/ sw othello st":[47.5385565,-122.3872923],
"ne 105th st \/ 38th av ne":[47.7047575,-122.2881171]
}