{
"10317 9th av nw":[47.703894,-122.369142],
"11518 3rd av nw":[47.712854,-122.360499],
"11th av ne \/ ne 78th st":[47.6852942,-122.3162586],
"1401 1st av":[47.6078402,-122.3394725],
"1811 e thomas st":[47.620252,-122.308144],
"18th av s \/ s bennett st":[47.5547399,-122.3098664],
"1931 broadway  e":[47.636886,-122.3219971],
"2603 e madison st":[47.6221078,-122.298154],
"314 6th av s":[47.5995403,-122.3262164],
"3210 nw 58th st":[47.6707283,-122.3989953],
"3304 beacon av s":[47.5738089,-122.3086844],
"336 nw 79th st":[47.6863808,-122.3622208],
"3626 east marginal way s":[47.5706281,-122.3387268],
"417 n 87th st":[47.6921869,-122.353165],
"4th av nw \/ nw 65th st":[47.6759766,-122.3614705],
"5077 sw waite st":[47.581003,-122.397041],
"5509 6th av nw":[47.6690412,-122.3640065],
"5936 21st av sw":[47.549107,-122.35949],
"7703 16th av ne":[47.685026,-122.31136],
"8215 19th av ne":[47.688911,-122.308215],
"829 ne 91st st":[47.694674,-122.31896],
"8500 banner way ne":[47.6861725,-122.324265],
"8600 23rd av ne":[47.691218,-122.3041556],
"8806 30th av sw":[47.524335,-122.370884],
"9260 california av sw":[47.520521,-122.3874242],
"hamlet av s \/ 53rd av s":[47.525804,-122.2664672]
}