{
"10426 59th av s":[47.506798,-122.259134],
"10547 1st av nw":[47.7065964,-122.358423],
"1210 s bailey st":[47.5480266,-122.3170664],
"1414 elliott av w":[47.6308967,-122.3735302],
"1514 e howell st":[47.617621,-122.3125659],
"1516 e mercer st":[47.6246002,-122.3119549],
"1531 7th av":[47.6121611,-122.3342918],
"1719 nw 63rd st":[47.6745442,-122.3797954],
"1807 ne 80th st":[47.686507,-122.308497],
"208 ne northgate way":[47.7086735,-122.3268857],
"2315 n 115th st":[47.712003,-122.330652],
"28th av nw \/ nw 86th st":[47.6913164,-122.3929887],
"3147 ne 85th st":[47.689994,-122.293046],
"3200 23rd av s":[47.5743524,-122.3027212],
"334 boren av n":[47.621772,-122.335455],
"3662 hillcrest av sw":[47.5716442,-122.4066709],
"3926 sw portland st":[47.533083,-122.383229],
"3rd av nw \/ nw 90th st":[47.6942438,-122.3606953],
"4000 brooklyn av ne":[47.6553717,-122.3143912],
"4501 s brandon st":[47.553177,-122.27655],
"4819 33rd av ne":[47.6641223,-122.2926079],
"4825 ne 86th st":[47.691083,-122.275535],
"5012 rainier av s":[47.5566058,-122.2842466],
"5107 47th av sw":[47.5561508,-122.3925678],
"5202 university way ne":[47.6665988,-122.3127923],
"5210 40th av w":[47.666897,-122.408467],
"5214 25th av s":[47.5556653,-122.30014],
"6328 23rd av sw":[47.5450867,-122.3623872],
"6716 shaffer av s":[47.542121,-122.2947313],
"814 nw carkeek park rd":[47.711453,-122.366672],
"9049 13th av sw":[47.5213314,-122.3519845],
"911 n 104th st":[47.7041709,-122.346759],
"9535 ashworth av n":[47.6981219,-122.3396951],
"boyer av e \/ 14th av e":[47.64101,-122.3134266],
"cowen pl ne \/ ne ravenna blvd":[47.670988,-122.3130406],
"fremont av n \/ n 100th st":[47.7014518,-122.3500264],
"mcgraw st \/ nob hill av n":[47.6403258,-122.3507165],
"volunteer park rd \/ e highland dr":[47.6318573,-122.3160147]
}