{
"10001 lake city way ne":[47.701602,-122.303084],
"11039 35th av sw":[47.503461,-122.376439],
"1415 6th av n":[47.631832,-122.345356],
"1505 s dawson st":[47.5554289,-122.313116],
"1755 nw 62nd st":[47.6736419,-122.3813089],
"1818 20th av":[47.6182194,-122.3057044],
"1920 s spokane st":[47.572119,-122.305755],
"1934 sw brandon st":[47.553931,-122.359823],
"1956 ne pacific st":[47.6508148,-122.3081525],
"2128 n 61st st":[47.673129,-122.3322821],
"269 e boston st":[47.638091,-122.3237708],
"2745 60th av sw":[47.5780839,-122.409751],
"3237 61st av sw":[47.5747432,-122.411153],
"3420 woodlawn av n":[47.6487592,-122.3383676],
"3501 s leschi pl":[47.599821,-122.2876204],
"3710 sw 98th st":[47.515833,-122.379864],
"3743 sw manning st":[47.5710526,-122.3800076],
"3816 ne 91st st":[47.6947347,-122.2870769],
"4029 7th av ne":[47.6564105,-122.3211764],
"4400 wallingford av n":[47.6604589,-122.3360903],
"4830 s raymond st":[47.548665,-122.271262],
"5015 26th av sw":[47.557016,-122.365941],
"512 1st av s":[47.5975654,-122.3336935],
"5215 21st av s":[47.5555,-122.306414],
"5340 sw orleans st":[47.571334,-122.401877],
"5437 35th av sw":[47.5527037,-122.3767276],
"5705 17th av nw":[47.6704711,-122.3789045],
"604 e union st":[47.6131846,-122.323947],
"6409 greenwood av n":[47.675565,-122.35566],
"6530 sylvan way sw":[47.54413,-122.370998],
"6th av s \/ s dawson st":[47.5555774,-122.3269008],
"725 16th av":[47.6087325,-122.311774],
"8037 41st av ne":[47.6877533,-122.2844926],
"838 ne northgate way":[47.7095553,-122.3189201],
"9018 sylvan pl nw":[47.694325,-122.398804],
"9555 2nd av nw":[47.699377,-122.359794],
"e howe st \/ boyer av e":[47.6358919,-122.3029426],
"ne 133rd st \/ 10th av ne":[47.7248976,-122.318094],
"pontius av n \/ harrison st":[47.6219695,-122.3317151]
}