{
"1058 ne 106th st":[47.706257,-122.316266],
"12006 8th av ne":[47.716077,-122.320478],
"1226 n 46th st":[47.66237,-122.342501],
"12715 28th av ne":[47.7216407,-122.2981032],
"14317 lake city way ne":[47.7326483,-122.2929294],
"1922 10th av w":[47.6366464,-122.3699572],
"2028 nw 59th st":[47.671864,-122.383494],
"2249 nw 63rd st":[47.674331,-122.386804],
"2503 westmont way w":[47.641118,-122.408057],
"2610 western av":[47.6149632,-122.3508487],
"2632 nw 56th st":[47.6694831,-122.3916215],
"3111 s willow st":[47.54071,-122.2908915],
"35th av sw \/ marine view dr sw":[47.4990747,-122.3762346],
"3808 e madison st":[47.6324901,-122.2832934],
"4700 sw wildwood pl":[47.521907,-122.391929],
"4741 35 av sw":[47.559805,-122.376604],
"4805 14th av s":[47.56005,-122.3141655],
"5223 ne 75th st":[47.682784,-122.270653],
"531 25th av s":[47.59715,-122.300313],
"5561 22nd av s":[47.551559,-122.305469],
"5714 sw admiral way":[47.5771692,-122.406026],
"5960 beach dr sw":[47.548583,-122.397304],
"6020 west marginal way sw":[47.5475477,-122.3451322],
"6501 ravenna av ne":[47.6757769,-122.3038329],
"701 s king st":[47.5982308,-122.3235319],
"7041 14th av nw":[47.680728,-122.373933],
"7924 9th av sw":[47.531103,-122.346386],
"8402 30th av sw":[47.5273663,-122.3710053],
"848 nw 59th st":[47.671849,-122.368334],
"8th av n \/ galer st":[47.6325435,-122.3408745],
"9019 rainier av s":[47.5228614,-122.2706752],
"9233 3rd av nw":[47.6970042,-122.3609882],
"952 12th av e":[47.628043,-122.316449],
"9526 2nd av nw":[47.698683,-122.359028],
"e john st \/ m l king jr way e":[47.6201762,-122.2960892],
"madrona dr \/ e denny way":[47.6183229,-122.2853939],
"maynard av s \/ s charles st":[47.5950011,-122.3250676],
"ne 135th st \/ 23rd pl ne":[47.7265755,-122.3032513]
}