{
"10632 59th av s":[47.50512,-122.2591785],
"11501 roosevelt way ne":[47.7124459,-122.318163],
"11738 sand point way ne":[47.714825,-122.282107],
"1215 ne 64th st":[47.6747439,-122.31501],
"1600 dexter av n":[47.6331449,-122.3416961],
"1605 1st av w":[47.6337727,-122.3586232],
"1820-1899 nw carkeek park rd":[47.7117615,-122.3678688],
"1st av \/ cedar st":[47.6158,-122.350618],
"2427 nw 63rd st":[47.674333,-122.388901],
"2611 22nd av w":[47.643358,-122.385022],
"2724 57th av sw":[47.578646,-122.4053483],
"3023 50th av sw":[47.576814,-122.395766],
"31st av nw \/ nw 96th st":[47.6991623,-122.3959968],
"3219 37th pl s":[47.574655,-122.286951],
"3715 36th av sw":[47.570711,-122.377428],
"3717 sw thistle st":[47.5281664,-122.3801255],
"4030 aurora av n":[47.656306,-122.3469029],
"4103 2nd av s":[47.5665349,-122.3326503],
"4802 delridge way sw":[47.5590911,-122.362858],
"4814 55th av s":[47.5589486,-122.2641921],
"5100 ballard av nw":[47.6646081,-122.3808452],
"52nd av s \/ s ferdinand st":[47.5582537,-122.2681828],
"5720 s hazel st":[47.5050757,-122.2603381],
"5900 delridge way sw":[47.550058,-122.3629777],
"650 s industrial way":[47.5666834,-122.3250061],
"7531 12th av sw":[47.5345582,-122.350866],
"7708 9th av nw":[47.6854531,-122.3680577],
"7929 seward park av s":[47.530692,-122.266743],
"806 nw 50th st":[47.6650267,-122.3667275],
"900 sw elmgrove st":[47.530311,-122.3472997],
"9000 32nd av sw":[47.5228366,-122.3739897],
"9114 31st av nw":[47.695524,-122.396544],
"9505 35th av ne":[47.6977471,-122.2910014],
"e howell st \/ howell pl":[47.6176169,-122.2811817],
"s grattan st \/ 54th av s":[47.528552,-122.2649537],
"s henderson st \/ m l king jr way s":[47.5235248,-122.2789173],
"sb i5 at sr 520":[47.636676,-122.323292]
}