{
"107 nw 77th st":[47.6847443,-122.358392],
"1110 harvard av":[47.6126531,-122.3215589],
"12545 dayton av n":[47.720909,-122.353248],
"13721 37th av ne":[47.728931,-122.288676],
"1517 e madison st":[47.6147909,-122.3120464],
"1520 3rd av":[47.6103292,-122.3383044],
"1601 1st av n":[47.633721,-122.356036],
"224 m l king jr way e":[47.620976,-122.295697],
"2315 ne 55th st":[47.6683361,-122.3020919],
"2400 beacon av s":[47.5817533,-122.3142769],
"3722 sw tillman st":[47.5271132,-122.3803792],
"4521 40th av sw":[47.562139,-122.38333],
"51st av s \/ s ryan way":[47.5095403,-122.2700604],
"5223 s roxbury st":[47.516634,-122.266375],
"524 ne 112th st":[47.71024,-122.322103],
"541 queen anne av n":[47.624247,-122.3567333],
"5419 32nd av sw":[47.5531389,-122.3739447],
"5700 west green lake way n":[47.6703098,-122.3419329],
"6019 mckinley pl n":[47.67293,-122.334228],
"7020 rainier av s":[47.539122,-122.270314],
"7521 linden av n":[47.683874,-122.347342],
"7551 8th av s":[47.5358832,-122.3225685],
"8300 renton av s":[47.5293824,-122.2778089],
"8519 14th av nw":[47.691223,-122.374509],
"8844 delridge way sw":[47.52335,-122.360051],
"922 nw 100th st":[47.7017303,-122.3697707],
"9623 41st av sw":[47.5167827,-122.3851023],
"9th av\/convention pl":[47.6125353,-122.3311337],
"dayton av n \/ n 92nd st":[47.696033,-122.3526536],
"loyal way nw \/ nw 85th st":[47.6904754,-122.3983165],
"ne pacific st \/ 2nd av ne":[47.654437,-122.3268304],
"roosevelt way ne \/ ne 108th st":[47.7076466,-122.3178416]
}