{
"100 union st":[47.6078335,-122.3391225],
"1100 nw 85th st":[47.690642,-122.3704277],
"115 w raye st":[47.643037,-122.359022],
"12008 7th av nw":[47.7163714,-122.3645989],
"1206 lexington way e":[47.6303918,-122.2876843],
"121 nw 120th st":[47.7158232,-122.3592081],
"1414 m l king jr way":[47.613465,-122.295733],
"14310 1st av nw":[47.732704,-122.35772],
"14350 35th av ne":[47.7334109,-122.290693],
"1436 nw 59th st":[47.6719213,-122.3752801],
"1508 7th av":[47.6119394,-122.3335743],
"1712 ne 97th st":[47.699663,-122.308854],
"2014 e madison st":[47.6176058,-122.3056091],
"2545 ne 108th pl":[47.707139,-122.299339],
"2908 w hayes st":[47.6347,-122.394678],
"3000 e olive st":[47.616638,-122.293299],
"3119 ne 118th st":[47.714063,-122.2938995],
"316 25th av s":[47.5998862,-122.2996354],
"3801 s holly park dr":[47.5360378,-122.284406],
"4009 california av sw":[47.5680214,-122.3870387],
"4026 eastern av n":[47.656391,-122.328651],
"4060 california av sw":[47.5666751,-122.3864774],
"4225 28th pl w":[47.6583779,-122.394334],
"4245 27th av w":[47.658941,-122.391364],
"4739 university way ne":[47.6642204,-122.3133533],
"4900 wallingford av n":[47.6643076,-122.3363781],
"5007 51st av s":[47.556677,-122.270295],
"5601 ne ambleside rd":[47.66527,-122.265388],
"5718 s ryan st":[47.50995,-122.261233],
"6705 s bangor st":[47.5062158,-122.2498135],
"800 poplar pl s":[47.5958095,-122.3128204],
"903 boylston av e":[47.62708,-122.323933],
"9225 8th av ne":[47.6965752,-122.3205139],
"9656 waters av s":[47.5161024,-122.2568677],
"n 49th st \/ whitman av n":[47.6642933,-122.3460806]
}