{
"103 vine st":[47.6153201,-122.3492514],
"14018 midvale av n":[47.7310155,-122.3437707],
"14342 19th av ne":[47.73332,-122.308323],
"1508 ne 117th st":[47.7139847,-122.312156],
"15th av w \/ w dravus st":[47.6484699,-122.3767672],
"1617 warren av n":[47.633725,-122.354791],
"1920 n 48th st":[47.6637506,-122.33413],
"2134 n 64th st":[47.6753688,-122.3316549],
"2320 w newton st":[47.6371758,-122.3871991],
"2329 n 63rd st":[47.6741984,-122.329615],
"24th av s \/ s columbian way":[47.5598294,-122.3031259],
"2641 28th av w":[47.6443183,-122.3933372],
"2808 23rd av s":[47.577993,-122.303022],
"3044 s holden st":[47.533966,-122.291497],
"3260 ne 103rd st":[47.703309,-122.29158],
"4227 8th av ne":[47.658297,-122.320113],
"4339 sw hudson st":[47.557252,-122.388677],
"4403 thackeray pl ne":[47.6603919,-122.3264426],
"4412 34th av s":[47.5636202,-122.2900233],
"4751 brooklyn av ne":[47.6645905,-122.3142284],
"5017 40th av ne":[47.66546,-122.285238],
"523 prospect st":[47.6288304,-122.3465208],
"5801 3rd av s":[47.5507297,-122.3321936],
"5919 beach dr sw":[47.5496399,-122.39925],
"6221 27th av ne":[47.6746682,-122.2988098],
"638 4th av w":[47.6256236,-122.3616899],
"6550 32nd av sw":[47.5438336,-122.3735259],
"7737 12th av sw":[47.5329148,-122.350894],
"800 jefferson st":[47.604906,-122.32533],
"8335 9th av nw":[47.689798,-122.368633],
"913 23rd av s":[47.594091,-122.302545],
"9249 17th av sw":[47.5195543,-122.3567709],
"9432 27th av sw":[47.518211,-122.366894],
"9525 15th av nw":[47.6985922,-122.3768225],
"harrison st \/ westlake av n":[47.6220467,-122.3384426],
"ne 45th st \/ 9th av ne":[47.6613029,-122.318412]
}