{
"10718 12th av nw":[47.707108,-122.371114],
"10733 evanston av n":[47.707879,-122.351845],
"118 nw 35th st":[47.6521852,-122.3568264],
"12017 2nd av ne":[47.716545,-122.3279],
"1408 18th av":[47.6132468,-122.3085629],
"1408 45th av sw":[47.5911544,-122.388232],
"1540 palm av sw":[47.589672,-122.383416],
"1550 nw market st":[47.6690089,-122.378556],
"180 nickerson st":[47.6486481,-122.3543114],
"2121 ne pacific pl":[47.6503201,-122.3059657],
"2612 california av sw":[47.5807396,-122.3865539],
"300 nw 56th st":[47.6696182,-122.3609809],
"301 broadway   e":[47.6213079,-122.3211824],
"311 nw 85th st":[47.69061,-122.361197],
"324 summit av e":[47.6216685,-122.3251045],
"3618 dayton av n":[47.652307,-122.351935],
"4034 38th av sw":[47.5673303,-122.3797089],
"4548 33rd av w":[47.6625817,-122.3992303],
"4748 7th av ne":[47.6646024,-122.3204188],
"4903 30th av s":[47.558146,-122.29447],
"5516 wallingford av n":[47.6693301,-122.3362632],
"6502 park point way ne":[47.6757488,-122.2654148],
"740 ne 56th st":[47.669548,-122.321009],
"949 n 90th st":[47.6941911,-122.3451709],
"e madison st \/ 32nd av e":[47.6270414,-122.2909174],
"harbor av sw \/ sw avalon way":[47.5717533,-122.3707831],
"nw 117th st \/ 3rd av nw":[47.7141787,-122.3609148],
"sb i5 at union st":[47.6110558,-122.3312983],
"sw juneau st \/ croft pl sw":[47.5501044,-122.3616807]
}