{
"10506 17th av ne":[47.705045,-122.3094],
"12213 4th av sw":[47.493556,-122.339553],
"1418 bellevue av":[47.613528,-122.326479],
"1722 nw 58th st":[47.6711293,-122.3799052],
"18th av nw \/ nw 80th st":[47.6868566,-122.3800152],
"1940 westlake av":[47.614655,-122.337323],
"232 2nd av n":[47.6201401,-122.3528346],
"2671 ne 46th st":[47.6620384,-122.2986421],
"30th av nw \/ nw 69th st":[47.6787324,-122.3956997],
"3242 44th av sw":[47.574436,-122.387661],
"3419 16th av s":[47.5724668,-122.3127077],
"35th av w \/ w bertona st":[47.6504446,-122.4022741],
"3621 s lucile st":[47.5525288,-122.2876334],
"3645 meridian av n":[47.6518154,-122.3341343],
"3923 west stevens way ne":[47.6539352,-122.310436],
"4006 corliss av n":[47.6558771,-122.3311904],
"405 ne 95th st":[47.6974189,-122.324311],
"4832 18th av sw":[47.557424,-122.35645],
"5026 18th av ne":[47.665658,-122.307996],
"5618 s bangor st":[47.506365,-122.26237],
"5th av w \/ w roy st":[47.6258619,-122.3632537],
"6030 7th av nw":[47.6733229,-122.365012],
"6820 greenwood av n":[47.6793967,-122.3550773],
"9015 13th av sw":[47.522343,-122.352039],
"904 m l king jr way":[47.610227,-122.295853],
"921 16th av":[47.6110416,-122.3118681],
"e roanoke st \/ franklin av e":[47.6431912,-122.3246181],
"n 143rd st \/ midvale av n":[47.7323135,-122.34397],
"n 45th st \/ interlake av n":[47.6613838,-122.3406583],
"sw willow st \/ 37th av sw":[47.5410675,-122.3791964]
}