{
"1015 nw 85th st":[47.6904827,-122.3700703],
"10332 riviera pl ne":[47.703852,-122.274161],
"10415 59th av s":[47.507713,-122.259952],
"1513 sw holden st":[47.5334585,-122.3546858],
"158 n 137th st":[47.7287431,-122.3573003],
"1722 19th av":[47.617419,-122.307066],
"1817 n 52nd st":[47.666279,-122.335536],
"1915 e fir st":[47.6024883,-122.3067318],
"217 pike st":[47.6094458,-122.3379976],
"2331 fairview av e":[47.640704,-122.3298184],
"2990 s dakota st":[47.566441,-122.294997],
"3011 sw morgan st":[47.5442188,-122.3704777],
"315 m l king jr way e":[47.621864,-122.296485],
"3250 15th av w":[47.6501497,-122.375749],
"3729 densmore av n":[47.652816,-122.33786],
"3838 48th av sw":[47.569045,-122.393054],
"4527 48th av s":[47.562092,-122.273611],
"5024 40th av ne":[47.6655935,-122.2847672],
"5026 20th av ne":[47.6657713,-122.3062098],
"5052 sw waite st":[47.581444,-122.396554],
"5322 keystone pl n":[47.667933,-122.332075],
"5745 65th av ne":[47.671318,-122.258522],
"5752 27th av ne":[47.6715,-122.298203],
"6325 22nd av ne":[47.6755037,-122.304724],
"6525 california av sw":[47.5439759,-122.3876493],
"6812 12th av ne":[47.6781281,-122.3156895],
"723 4th av":[47.60435,-122.3316747],
"7302 fremont av n":[47.6820242,-122.3496498],
"830 35th av":[47.610187,-122.287961],
"9545 14th av nw":[47.699232,-122.374499]
}