{
"0 - 0 sb sr99 to wb wsea frwy":[47.573037,-122.339393],
"10740 3rd av nw":[47.708135,-122.360431],
"10808 marine view dr sw":[47.5062489,-122.3809],
"13035 3rd av ne":[47.724131,-122.326598],
"1905 ne 73rd st":[47.6812477,-122.3074956],
"1916 harvard av e":[47.6364328,-122.3220695],
"2000 s mcclellan st":[47.578748,-122.3067221],
"2024 constance dr w":[47.636637,-122.404608],
"2227 e terrace st":[47.604886,-122.302945],
"2723 california av sw":[47.5786145,-122.3868484],
"3411 sw 102nd st":[47.5116439,-122.37555],
"3511 s austin st":[47.534241,-122.2875505],
"3rd av nw \/ nw 97th st":[47.6996748,-122.3606944],
"4005 sw massachusetts st":[47.587865,-122.381922],
"4210 26th av sw":[47.5658001,-122.3651167],
"4324 whitman av n":[47.6602799,-122.3454198],
"4738 47th av sw":[47.5600359,-122.39182],
"519 ne 89th st":[47.6929242,-122.3222065],
"5615 12th av ne":[47.669924,-122.315517],
"601 5th av":[47.6036852,-122.3292132],
"700-827 12th av s":[47.5966472,-122.3172624],
"7006 27th av ne":[47.6796825,-122.2982077],
"7700 west green lake dr n":[47.6846431,-122.3393857],
"7742 31st av sw":[47.5324623,-122.3722682],
"7753 18th av sw":[47.532123,-122.358127],
"9021 sand point way ne":[47.6935632,-122.2738364],
"924 13th av":[47.611146,-122.3151202],
"927 n 85th st":[47.690269,-122.346],
"alaskan way \/ university st":[47.6058773,-122.3403932],
"stewart st \/ 2nd av":[47.6109697,-122.3404526]
}