{
"106 ne 46th st":[47.662812,-122.327876],
"1115 30th av s":[47.5928479,-122.293693],
"11734 lakeside av ne":[47.714661,-122.278338],
"12310 lake city way ne":[47.7178506,-122.2957591],
"12759 palatine av n":[47.722993,-122.357167],
"1408 nw 85th st":[47.690862,-122.3745197],
"1527 western av":[47.60895,-122.3421585],
"1912 e yesler way":[47.6018854,-122.3070682],
"21st av s \/ s jackson st":[47.5992677,-122.3043337],
"2342 nw 98th st":[47.700688,-122.387134],
"2636 nw 56th st":[47.66968,-122.3917441],
"2648 cascadia av s":[47.579211,-122.285254],
"2903 s dakota st":[47.5661156,-122.2975998],
"3005 3rd av w":[47.64691,-122.361266],
"308 columbia st":[47.6044571,-122.3325407],
"3249 nw market st":[47.668359,-122.400687],
"3722 beach dr sw":[47.5706071,-122.4100902],
"406 highland dr":[47.629973,-122.348368],
"4320 s holden st":[47.533672,-122.278037],
"4726 w roberts way":[47.6535322,-122.4168159],
"5120 s fisher pl":[47.5214789,-122.2693665],
"531 s trenton st":[47.524529,-122.326907],
"5529 24th av nw":[47.6692612,-122.3878217],
"5812 mckinley pl n":[47.671218,-122.335526],
"6917 flora av s":[47.540565,-122.321512],
"6924 55th av s":[47.539918,-122.2643033],
"7008 holly park dr s":[47.5394614,-122.2874837],
"7930 49th av s":[47.530619,-122.271505],
"8721 16th av nw":[47.693164,-122.378195],
"8741 14th av nw":[47.693228,-122.374503],
"9827 62nd av s":[47.5125072,-122.2561943],
"9850 62nd av s":[47.5118605,-122.2556],
"duncan av s \/ seward park av s":[47.528907,-122.2663279],
"e thomas st \/ 16th av e":[47.6205137,-122.3114005],
"greenwood av n \/ n 104th st":[47.7043682,-122.3554264],
"neikie":[47.6012184,-122.3283401]
}