{
"1011 columbia st":[47.6075484,-122.3243413],
"12397 corliss av n":[47.7194195,-122.329066],
"13044 26th av ne":[47.724241,-122.300117],
"13440 40th av ne":[47.725642,-122.283771],
"13547 23rd pl ne":[47.727884,-122.303449],
"14330 15th av ne":[47.7328676,-122.3122533],
"23rd av e \/ e mercer st":[47.6243907,-122.3023932],
"2415 e louisa st":[47.642215,-122.301313],
"2820 e denny way":[47.6190362,-122.2950884],
"2837 39th av w":[47.646126,-122.407376],
"2905 mayfair av n":[47.6458609,-122.352701],
"3011 35th av w":[47.6472679,-122.402677],
"3220 belvidere av sw":[47.574875,-122.378885],
"3229 viewmont way w":[47.649492,-122.409902],
"3302 fuhrman av e":[47.6518906,-122.3214888],
"4204 s orcas st":[47.5513922,-122.280479],
"4701 37th av ne":[47.662737,-122.288538],
"526 1st av n":[47.6240532,-122.3550436],
"5810 14th av nw":[47.671331,-122.373173],
"6116 phinney av n":[47.6736409,-122.3540987],
"645 n 138th st":[47.7293179,-122.3498115],
"6931 31st pl s":[47.5400055,-122.291477],
"7722 forest dr ne":[47.685131,-122.276138],
"807 3rd av n":[47.6265539,-122.3518428],
"e newton st \/ eastlake av e":[47.6367664,-122.3258988],
"e republican st \/ 17th av e":[47.6232704,-122.3098038],
"greenwood av n \/ n 78th st":[47.6855003,-122.3552885],
"james st \/ minor av":[47.6069529,-122.321416],
"ne 117th st \/ 15th av ne":[47.7139722,-122.3124975],
"s graham st \/ 39th av s":[47.5459995,-122.283347],
"w government way \/ 31st av w":[47.6612634,-122.3971619]
}