{
"102 10th av s":[47.6016733,-122.3195591],
"104 n 39th st":[47.6543427,-122.3567386],
"112 nw 136th st":[47.7284833,-122.358838],
"11512 aurora av n":[47.7128568,-122.3442347],
"120 nw 100th st":[47.701699,-122.358971],
"1250 ne 69th st":[47.6789444,-122.3134086],
"1612 n 137th st":[47.7288644,-122.338953],
"1625 1st av w":[47.6343487,-122.3587153],
"17th av s \/ s ferdinand st":[47.5590358,-122.310551],
"2100 4th av":[47.6142067,-122.341355],
"2212 ne 125th st":[47.720018,-122.305012],
"2300 n northgate way":[47.7087036,-122.3307176],
"2530 s americus st":[47.560688,-122.299383],
"3003 nw 93rd st":[47.69623,-122.395723],
"3900 s kenyon st":[47.5315445,-122.2831994],
"3925 ne surber dr":[47.655365,-122.286267],
"4030 ne 109th st":[47.707118,-122.2847572],
"45th av ne \/ ne 74th st":[47.6822777,-122.2797234],
"4633 s chicago st":[47.532333,-122.273899],
"4851 50th av sw":[47.557951,-122.396711],
"6020 s roxbury st":[47.517332,-122.257649],
"6031 48th av sw":[47.5476835,-122.3941327],
"6515 18th av sw":[47.544426,-122.358029],
"6550 ravenna av ne":[47.6772573,-122.3036498],
"6807 42nd av s":[47.541271,-122.281501],
"715 nob hill av n":[47.6259434,-122.3504953],
"7329 8th av nw":[47.682329,-122.366436],
"7530 16th av nw":[47.684144,-122.377547],
"7900 35th av sw":[47.531773,-122.376304],
"8112 rainier av s":[47.530086,-122.269641]
}