{
"10200 59th av s":[47.509556,-122.259086],
"11015 15th av ne":[47.709195,-122.312833],
"1185 broadway  e":[47.6302084,-122.3215647],
"130 nw 56th st":[47.67013,-122.358897],
"1410 e yesler way":[47.6017033,-122.3135147],
"1600 crawford pl":[47.6152327,-122.3261608],
"1628 4th av w":[47.634424,-122.361947],
"18th av ne \/ ne 58th st":[47.6710864,-122.3084739],
"1900 15th av s":[47.5863576,-122.3133594],
"2020 17th av s":[47.584819,-122.310392],
"208 n 85th st":[47.6908368,-122.3560248],
"2446 queen anne av n":[47.64093,-122.356514],
"2608 nw 57th st":[47.670482,-122.390579],
"3234 33rd av s":[47.5741416,-122.2906524],
"3616 nw 64th st":[47.6750256,-122.4043402],
"3815 39th av s":[47.569246,-122.284285],
"3816 49th av ne":[47.655975,-122.274303],
"412 s main st":[47.6000672,-122.3288029],
"4503 33rd av w":[47.661493,-122.39991],
"4613 48th av s":[47.5612804,-122.2735676],
"5430 17th av sw":[47.5528023,-122.355692],
"5601 greenwood av n":[47.669887,-122.355812],
"5917 35th av sw":[47.549585,-122.376761],
"6026 41st av sw":[47.547616,-122.384034],
"6026 lanham pl sw":[47.54749,-122.3734808],
"7317 greenwood av n":[47.6823677,-122.3555728],
"817 w armour st":[47.644811,-122.368395],
"9414 45th av sw":[47.5179573,-122.3911801],
"aurora av n\/howe st":[47.635954,-122.3435096],
"ne 68th st \/ 38th av ne":[47.6776153,-122.2870902]
}