{
"0 - 0 nb i5 to 85":[47.685562,-122.324337],
"10306 8th av nw":[47.7036195,-122.3660451],
"1154 nw 59th st":[47.671854,-122.373172],
"12312 2nd av ne":[47.7187119,-122.327106],
"12545 greenwood av n - cottage 6":[47.7206746,-122.355546],
"12553 37th av ne":[47.720765,-122.289183],
"13041 7th av nw":[47.724436,-122.365382],
"13052 35th av ne":[47.724565,-122.29031],
"13709 39th av ne":[47.7286092,-122.2872947],
"1512 2nd av":[47.6094524,-122.3389517],
"1803 42nd av e":[47.6347228,-122.2787644],
"2204 w emerson st":[47.654171,-122.3851383],
"2434 e valley st":[47.626139,-122.299611],
"2515 sw portland ct":[47.533029,-122.365604],
"2607 s holly st":[47.5424974,-122.2987651],
"2709 w galer st":[47.6318849,-122.392449],
"3010 s findlay st":[47.55154,-122.293623],
"3226 22nd av s":[47.574236,-122.304058],
"35th av sw \/ sw edmunds st":[47.5592675,-122.376234],
"3600 west laurelhurst dr ne":[47.655133,-122.279805],
"3641 44th av sw":[47.57081,-122.388504],
"3812 bagley av n":[47.653543,-122.332294],
"4112 cascadia av s":[47.565784,-122.282473],
"4202 wallingford av n":[47.658126,-122.335928],
"46th av sw \/ sw hanford st":[47.5756756,-122.3907881],
"52 battery st":[47.6134757,-122.3486799],
"5240 20th av ne":[47.6677187,-122.3061943],
"5609 12th av ne":[47.6697991,-122.3152083],
"6239 25th av ne":[47.6749539,-122.3009085],
"6319 17th av sw":[47.545935,-122.356341],
"656 nw 54th st":[47.6681135,-122.3657126],
"6710 14th av nw":[47.6781611,-122.3740523],
"7315 12th av sw":[47.5367975,-122.3507603],
"90 bell st":[47.6129848,-122.347079],
"corgiat dr s \/ 16th av s":[47.5479653,-122.3120599],
"john st \/ terry av n":[47.6197135,-122.3371679],
"n 45th st \/ wallingford av n":[47.661387,-122.336168],
"nb aurora av n \/ lynn st":[47.6391015,-122.3454386]
}