{
"10304 rainier av s":[47.5110787,-122.2407226],
"10471 62nd av s":[47.5063452,-122.2562108],
"1523 4th av n":[47.6330231,-122.3498508],
"1732 dexter av n":[47.6349138,-122.3422506],
"1817 12th av":[47.6183621,-122.3171137],
"2516 ne 134th st":[47.725673,-122.30107],
"3239 ne 87th st":[47.691422,-122.291528],
"3706 meridian av n":[47.652259,-122.333495],
"3724 sw holden st":[47.533714,-122.380477],
"3907 s angeline st":[47.559221,-122.283077],
"400 broadway":[47.605465,-122.3204247],
"4600 rainier av s":[47.5617467,-122.287515],
"4833 12th av s":[47.5591554,-122.3174047],
"600 e pike st":[47.6143046,-122.324138],
"6259 airport way s":[47.5467881,-122.3136886],
"6320 4th av ne":[47.675016,-122.324112],
"6th av n \/ dexter av n":[47.6403776,-122.3444339],
"7311 35th av sw":[47.536976,-122.377114],
"7906 34th av sw":[47.531576,-122.374889],
"8028 forest dr ne":[47.686994,-122.276185],
"8517 midvale av n":[47.6910214,-122.3426934],
"densmore av n \/ n 92nd st":[47.6959556,-122.3376049],
"fremont pl n \/ fremont av n":[47.6505109,-122.3498711],
"n 39th st \/ linden av n":[47.6541423,-122.3485799],
"seward park av s \/ s fisher pl":[47.5215425,-122.2642084],
"sw dakota st \/ 47th av sw":[47.5666251,-122.3921244],
"sw roxbury st \/ 18th av sw":[47.517356,-122.357848]
}