{
"1009 boren av":[47.6095367,-122.3256258],
"1010 marion st":[47.6082227,-122.3254734],
"10357 dibble av nw":[47.704996,-122.367807],
"117 stewart st":[47.610413,-122.3411392],
"1218 41st av e":[47.630341,-122.279605],
"1311 n 49th st":[47.6640923,-122.3414693],
"1323 16th av s":[47.590805,-122.313006],
"1509 41st av e":[47.632536,-122.280354],
"1525 ne elshin pl":[47.705356,-122.3115328],
"170 nw 73rd st":[47.682013,-122.359406],
"1806 25th av s":[47.5866252,-122.3002741],
"18th av e \/ e galer st":[47.6323257,-122.3085705],
"2203 15th av s":[47.583545,-122.3136553],
"2288 w commodore way":[47.6613444,-122.385324],
"2309 s lane st":[47.5963158,-122.3017877],
"2518 s brandon ct":[47.553167,-122.30057],
"2940 sw avalon way":[47.5697525,-122.3710946],
"2nd av w \/ w boston st":[47.6383885,-122.359591],
"301 14th av s":[47.6000068,-122.3141669],
"3050 s dakota st":[47.5663517,-122.2927047],
"310 n 77th st":[47.6849351,-122.3547738],
"314 m l king jr way e":[47.621815,-122.295746],
"3530 ne 88th st":[47.6925593,-122.288995],
"3641 francis av n":[47.653304,-122.35373],
"3656 34th av s":[47.569932,-122.289635],
"3706 s willow st":[47.540856,-122.285862],
"3710 s chicago st":[47.5324937,-122.285357],
"3819 carr pl n":[47.653321,-122.339501],
"3823 37th av s":[47.5690839,-122.286448],
"3870 montlake blvd ne":[47.6520376,-122.3022294],
"3909 49th av ne":[47.657374,-122.274769],
"4000 sw alaska st":[47.5613568,-122.3831111],
"4118 m l king jr way s":[47.5657091,-122.2963374],
"4514 sw trenton st":[47.5250166,-122.3909924],
"5119 meridian av n":[47.666351,-122.333983],
"516 ne 120th st":[47.716172,-122.322741],
"6004 airport way s":[47.5490361,-122.3161374],
"6420 california av sw - calmor circle":[47.5454547,-122.3867605],
"6622 east green lake way n":[47.677856,-122.331415],
"7559 46th av sw":[47.5346432,-122.3918191],
"7711 seward park av s":[47.533619,-122.267304],
"7936 10th av sw":[47.5308259,-122.3477866],
"8824 42nd av s":[47.5234461,-122.280463],
"8848 midvale av n":[47.6937353,-122.342183],
"9024 20th av sw":[47.5220608,-122.3591179],
"montlake blvd e \/ east montlake pl e":[47.6439866,-122.3041022],
"ne 75th st \/ 9th av ne":[47.6830835,-122.3186004],
"s kenyon st \/ 5th av s":[47.5319607,-122.3309272],
"w howe st \/ 34th av w":[47.635885,-122.3999354]
}