{
"11721 north park av n":[47.714809,-122.349389],
"12232 fremont av n":[47.7187495,-122.3500076],
"1308 6th av n":[47.6309309,-122.3446358],
"13223 aurora av n":[47.7249533,-122.3450003],
"1423 n 52nd st":[47.666266,-122.339025],
"1513 2nd av":[47.609655,-122.3392692],
"1541 ne 143rd st":[47.732111,-122.3121498],
"200 wall st":[47.6153714,-122.3478987],
"2025 4th av":[47.6133042,-122.3410511],
"2128 47th av sw":[47.5845173,-122.3916155],
"342 n 138th st":[47.730127,-122.353716],
"36th av \/ e pine st":[47.6151965,-122.2870315],
"3840 linden av n":[47.653965,-122.348221],
"3961 dayton av n":[47.654947,-122.352975],
"407 15th av e":[47.6222203,-122.3129257],
"44th av sw \/ sw juneau st":[47.5503162,-122.3885741],
"4754 46th av ne":[47.6646519,-122.278073],
"4901 s kenyon st":[47.5315639,-122.2709402],
"5002 university way ne":[47.6650617,-122.3128084],
"5016 36th av sw":[47.556847,-122.377204],
"506 s henderson st":[47.523325,-122.327789],
"513 31st av":[47.606585,-122.292932],
"5972 26th av sw":[47.547965,-122.364736],
"7709 12th av sw":[47.5336789,-122.350881],
"7901 aurora av n":[47.6863347,-122.3448445],
"7903 california av sw":[47.532182,-122.387821],
"8225 wallingford av n":[47.689501,-122.337043],
"9002 12th av ne":[47.694148,-122.314567],
"928 n 98th st":[47.700795,-122.346313],
"beacon av s \/ s ferdinand st":[47.5574632,-122.3036929],
"queen anne av n \/ fulton st":[47.6458281,-122.3568593],
"s henderson st \/ 7th av s":[47.5230768,-122.3256432]
}