{
"1001 4 av":[47.6062178,-122.333842],
"10043 35th av sw":[47.512436,-122.376589],
"11307 14th av ne":[47.710647,-122.3141252],
"11435 marine view dr sw":[47.499443,-122.378977],
"1219 ne 97th st":[47.699187,-122.313982],
"14318 17th av ne":[47.732709,-122.309636],
"1718 sw dawson st":[47.5559579,-122.356803],
"1755 15th av s":[47.587424,-122.314122],
"1835 11th av w":[47.635793,-122.371975],
"1952 5th av w":[47.637462,-122.363246],
"2015 8th av":[47.6159677,-122.3370242],
"2037 32nd av s":[47.584013,-122.29225],
"2132 n 137th st":[47.728906,-122.332761],
"22nd av s \/ s jackson st":[47.5992718,-122.303287],
"2404 55th av sw":[47.582049,-122.402325],
"2557 28th av w":[47.642549,-122.393349],
"3219 nw 77th st":[47.6847772,-122.3990272],
"322 n 73rd st":[47.682026,-122.354208],
"3803 37th av sw":[47.5698773,-122.3787899],
"4226 linden av n":[47.658547,-122.348194],
"4300 sw college st":[47.583009,-122.386489],
"4606 s juneau st":[47.549929,-122.274963],
"4700 east marginal way s":[47.5600557,-122.3393648],
"4712 13th av s":[47.5605199,-122.315736],
"500 s henderson st":[47.5230942,-122.3282273],
"5000 30th av ne":[47.6651804,-122.2952134],
"518 30th av":[47.606739,-122.293333],
"6044 32nd av s":[47.546622,-122.291206],
"611 32nd av":[47.60718,-122.29187],
"6546 20th av nw":[47.677362,-122.381794],
"6742 10th av nw":[47.679024,-122.3695],
"7556 12th av ne":[47.6847535,-122.3149284],
"7809 45th av sw":[47.5328004,-122.3907414],
"8044 20th av nw":[47.6882386,-122.3818546],
"8457 dallas av s":[47.5274568,-122.3155834],
"942 n 102nd st":[47.703094,-122.3457213],
"ne 135th st \/ 32nd av ne":[47.7264851,-122.2935449],
"queen anne av n \/ mcgraw st":[47.6395826,-122.3569384],
"sw kenyon st \/ 13th av sw":[47.5319033,-122.3516796],
"sw roxbury st \/ 12th av sw":[47.5173339,-122.3506536]
}