{
"10th av \/ e jefferson st":[47.606207,-122.3194272],
"11740 19th av ne":[47.715253,-122.308115],
"12338 lake city way ne":[47.7184851,-122.2953448],
"12732 lake city way ne":[47.7221551,-122.2932568],
"1715 nagle pl":[47.6166378,-122.3202852],
"2115 bonair dr sw":[47.5851627,-122.3979218],
"2351 10th av e":[47.6410794,-122.3203205],
"2738 ne 97th st":[47.699594,-122.297093],
"2812 thorndyke av w":[47.6448066,-122.3832063],
"2823 4th av w":[47.645644,-122.362579],
"28th av s \/ s dearborn st":[47.5955066,-122.2963702],
"3912 s kenyon st":[47.531796,-122.282612],
"411 boylston av e":[47.6224315,-122.3233294],
"4204 m l king jr way s":[47.5648497,-122.2955671],
"5007 30th av s":[47.5569097,-122.2944557],
"5606 39th av w":[47.669784,-122.408256],
"6025 50th av ne":[47.672405,-122.274111],
"6100 sand point way ne":[47.6730026,-122.2664184],
"650 nw 74th st":[47.6827348,-122.3655593],
"702 s director st":[47.5223924,-122.3254371],
"7701 16th av s":[47.5343119,-122.3132251],
"826 s trenton st":[47.525007,-122.321707],
"8880 42nd av sw":[47.5229039,-122.386654],
"9756 holman rd nw":[47.7006732,-122.3637148],
"9803 19th av ne":[47.700455,-122.308169],
"9th av nw \/ leary way nw":[47.662818,-122.3684418],
"broadway ct \/ e union st":[47.6129508,-122.319859],
"n 143rd st \/ corliss av n":[47.7322829,-122.3315486]
}