{
"1012 ne 69th st":[47.67897,-122.316739],
"1101 34th av":[47.6117543,-122.2895434],
"12017 17th av ne":[47.716258,-122.310306],
"13237 7th av nw":[47.726242,-122.365309],
"13308 23rd pl ne":[47.725086,-122.302843],
"148 n 136th st":[47.728495,-122.355884],
"1517 6th av w":[47.6329171,-122.365041],
"1702 nw 89th st":[47.6941383,-122.3791969],
"1720 s jackson st":[47.5994446,-122.3093402],
"20th av s \/ s pearl st":[47.5568348,-122.3068031],
"2113 sw brandon st":[47.553435,-122.360887],
"2317 32nd av s":[47.581935,-122.29225],
"2701 ne 110th st":[47.708228,-122.299151],
"2911 w howe st":[47.635683,-122.394876],
"300 n 105th st":[47.7050976,-122.3554163],
"3243 ne 100th st":[47.700854,-122.291634],
"3248 california av sw":[47.5743393,-122.3865104],
"3600 s morgan st":[47.544292,-122.2861411],
"3701 sw southern st":[47.529592,-122.379532],
"4269 gilman av w":[47.658917,-122.390733],
"4316 29th av w":[47.6589689,-122.3945698],
"4317 12th av ne":[47.6606693,-122.3157342],
"46th av s \/ s snoqualmie st":[47.5617728,-122.275734],
"5001 27th av s":[47.5570793,-122.2982182],
"518 broadway  e":[47.623672,-122.3205391],
"5515 55th av s":[47.551958,-122.265099],
"5606 28th av nw":[47.669742,-122.39253],
"5th av w \/ w prospect st":[47.6287485,-122.3631885],
"6003 35th av s":[47.5477723,-122.2892173],
"6236 6th av nw":[47.675287,-122.363685],
"6413 30th av s":[47.544809,-122.293974],
"7107 m l king jr way s":[47.5394478,-122.2824698],
"838 nw 53rd st":[47.6673348,-122.3679682],
"8702 35th av ne":[47.6919413,-122.2904119],
"9414 27th av sw":[47.518705,-122.36689],
"9922 9th av nw":[47.7013672,-122.3686972],
"e john st \/ 20th av e":[47.6201983,-122.3060625]
}