{
"10753 2nd av nw":[47.708539,-122.359735],
"1139 nw market st":[47.6684151,-122.3720359],
"1309 alaskan way":[47.6058815,-122.3404194],
"1314 ne 75th st":[47.683312,-122.313493],
"1905 n 45th st":[47.6611876,-122.3346604],
"1921 10th av w":[47.6365605,-122.3706184],
"2025 25th av s":[47.584682,-122.300703],
"2321 nw 100th st":[47.701384,-122.386222],
"2633 perkins ln w":[47.6441609,-122.417221],
"312 boren av s":[47.5997859,-122.3149996],
"3328 34th av s":[47.5728593,-122.289625],
"3422 22nd av w":[47.6510785,-122.3844073],
"3902 burke av n":[47.654452,-122.334775],
"4002 25th av s":[47.5680539,-122.2998466],
"411 westlake av n":[47.6223784,-122.3387962],
"5042 roosevelt way ne":[47.666224,-122.3170362],
"5241 38th av ne":[47.667928,-122.287178],
"5th av w \/ w mercer st":[47.6246008,-122.363275],
"6043 ne 61st st":[47.6726463,-122.2616297],
"6216 4th av nw":[47.674731,-122.361524],
"6313 sw marguerite ct":[47.5737176,-122.414052],
"6724 24th av nw":[47.678464,-122.387185],
"6750 11th av nw":[47.679238,-122.370574],
"6900 37th av sw":[47.540913,-122.378847],
"7711 aurora av n":[47.6851377,-122.34458],
"7900 delridge way sw":[47.5317462,-122.3604175],
"814 6th av s":[47.5953266,-122.3260079],
"9359 31st pl sw":[47.5181318,-122.3736997]
}