{
"1150 nw 45th st":[47.6616212,-122.3731622],
"11835 9th av nw":[47.7158159,-122.368708],
"12341 36th av ne":[47.718413,-122.289717],
"1235 22nd av e":[47.631667,-122.303855],
"12505 35th av ne":[47.7196,-122.2907898],
"12742 7th av nw":[47.722724,-122.364609],
"13525 40th av ne":[47.726947,-122.285929],
"1825 s jackson st":[47.5990141,-122.3076362],
"2108 ne 65th st":[47.6759399,-122.3047035],
"2329 10th av e":[47.6404487,-122.3204463],
"2414 e pine st":[47.6153104,-122.3006188],
"2612 nw 96th st":[47.6988057,-122.3897197],
"2720 45th av sw":[47.578665,-122.388917],
"317 w prospect st":[47.62845,-122.361355],
"3519 ne 60th st":[47.6719714,-122.2893501],
"4235 interlake av n":[47.65903,-122.341095],
"504 n 65th st":[47.676265,-122.352285],
"6031 52nd av ne":[47.673036,-122.27197],
"614 n 105th st":[47.7050791,-122.3508545],
"6501 20th av ne":[47.6759861,-122.3067485],
"75 vine st":[47.6142457,-122.3505536],
"7810 se 30th":[47.5839583,-122.2327409],
"7910 ashworth av n":[47.68653,-122.3388483],
"8232 34th av ne":[47.688807,-122.291023],
"8820 corliss av n":[47.692865,-122.330792],
"915 nw 56th st":[47.6694281,-122.3693759],
"9704 mary av nw":[47.7003468,-122.3751312],
"s ferdinand st \/ lake washington blvd s":[47.5582793,-122.263303]
}