{
"10th av w \/ w barrett st":[47.646868,-122.3704133],
"1101 nw 59th st":[47.671397,-122.370989],
"11216 57th av s":[47.499634,-122.260596],
"1124 columbia st":[47.6083333,-122.3235769],
"11525 40th av ne":[47.712724,-122.285647],
"11733 sand point way ne":[47.7145129,-122.282882],
"1203 nw 116th st":[47.712848,-122.3717347],
"1315 3rd av w":[47.630943,-122.360838],
"13733 30th av ne":[47.728996,-122.296875],
"1419 broadmoor dr e":[47.63176,-122.288415],
"1420 nw 61st st":[47.6733137,-122.3746812],
"14303 32nd av ne":[47.7321197,-122.2941403],
"1526 nw 96th st":[47.6991638,-122.3781312],
"1901 e lynn st":[47.6393935,-122.3071531],
"2710 11th av e":[47.6449303,-122.3179626],
"27th av nw \/ nw 80th st":[47.686776,-122.3908632],
"3020 38th av w":[47.64747,-122.405421],
"308 28th av s":[47.600008,-122.2958998],
"3817 s holly park dr":[47.5360196,-122.2838893],
"40th av ne \/ ne 56th st":[47.669457,-122.2848171],
"4227 meridian av n":[47.658709,-122.334155],
"5028 44th av s":[47.556185,-122.278244],
"5338 7th av ne":[47.668231,-122.320348],
"534 n 78th st":[47.685699,-122.350873],
"61st av sw \/ sw spokane st":[47.5723026,-122.4108466],
"6312 8th av ne":[47.6745779,-122.319677],
"6337 30th av sw":[47.5444399,-122.3699713],
"6343 sand point way ne":[47.6748319,-122.2644563],
"6713 shaffer av s":[47.5422129,-122.295055],
"7343 44th av sw":[47.5371122,-122.3889134],
"7719 31st av sw":[47.533144,-122.372961],
"8200 green lake dr n":[47.688404,-122.3431383],
"8620 26th av nw":[47.691957,-122.389934],
"9009 greenwood ave":[47.6946099,-122.3557921],
"9036 4th av sw":[47.52165,-122.339812],
"9224 mary av nw":[47.696866,-122.375053],
"9316 31st pl sw":[47.519445,-122.373102],
"boren av s \/ s main st":[47.6000168,-122.3159245],
"e madison st \/ 12th av":[47.6128341,-122.3167799],
"prospect st \/ 1st av n":[47.6293788,-122.3553775],
"roosevelt way n \/ meridian av n":[47.7286557,-122.3342084],
"sb i5 at 130":[47.720021,-122.324486]
}