{
"10668 durland av ne":[47.707203,-122.277651],
"10700 stone av n":[47.706906,-122.3420064],
"11th av e \/ e miller st":[47.6408489,-122.317952],
"1208 ne 105th st":[47.705022,-122.3145687],
"13003 20th av ne":[47.723238,-122.307548],
"1417 3rd av":[47.6090617,-122.3376992],
"1621 17th av":[47.615993,-122.310137],
"1621 n 40th st":[47.6554825,-122.3376974],
"16th av sw \/ sw elmgrove st":[47.5300747,-122.3550436],
"1806 ne 55th st":[47.6687572,-122.3078491],
"2016 broadway e":[47.63785,-122.320977],
"2416 beacon av s":[47.5813816,-122.3141406],
"2418 e union st":[47.6129531,-122.3005599],
"31st av sw \/ sw holden st":[47.533738,-122.3725809],
"3268 42nd av sw":[47.573616,-122.385353],
"34th av sw \/ sw willow st":[47.541031,-122.3751988],
"3837 woodland park av n":[47.653798,-122.34504],
"4552 university way ne":[47.662896,-122.312776],
"510 n 138th st":[47.729871,-122.35262],
"6145 4th av s":[47.5462771,-122.3302738],
"6364 high point dr sw":[47.5458236,-122.3685168],
"6611 36th av s":[47.542982,-122.28768],
"8016 23rd av nw":[47.6874019,-122.3851142],
"8819 renton av s":[47.5236373,-122.2766762],
"9131 10th av s":[47.5210453,-122.3209302],
"9222 8th av nw":[47.696738,-122.365652],
"933 n northlake way":[47.6484601,-122.345626],
"columbia st \/ 7th av":[47.6060638,-122.3282457],
"eagle st \/ western av":[47.6170302,-122.3546963],
"st25":[47.6155588,-122.3151463]
}