{
"1050 pike st":[47.613634,-122.3293955],
"10802 66th av s":[47.503527,-122.250063],
"109 w raye st":[47.6430465,-122.3587872],
"143 34th av e":[47.619321,-122.289394],
"14819 whitman av n":[47.736624,-122.346717],
"1525 n 128th st":[47.721848,-122.3385558],
"212 ne northgate way":[47.7086605,-122.3268362],
"2222 44th av sw":[47.583346,-122.387389],
"2304 ne 115th st":[47.7122479,-122.3040136],
"2408 6th av w":[47.639923,-122.364553],
"2606 w boston st":[47.638626,-122.390772],
"3809 sw admiral way":[47.5809262,-122.3807666],
"3908 s burns st":[47.516756,-122.283293],
"4006 12th av s":[47.5678,-122.316897],
"415 w republican st":[47.6231372,-122.3628481],
"4618 s chicago st":[47.532919,-122.274339],
"5043 8th av ne":[47.666217,-122.319865],
"5515 s avon st":[47.501057,-122.264411],
"5634 brooklyn av ne":[47.6704522,-122.3138582],
"6001 17th av nw":[47.6721323,-122.3791282],
"602 nw 86th st":[47.691572,-122.363548],
"6313 s eddy ct":[47.5453264,-122.2897218],
"6748 earl av nw":[47.679053,-122.391563],
"6821 52nd av s":[47.5409463,-122.2673942],
"7237 s taft st":[47.51024,-122.2423098],
"7607 7th av sw":[47.5345923,-122.3443497],
"7744 58th av ne":[47.6860349,-122.266038],
"837 nw 58th st":[47.670663,-122.367862],
"8th av nw \/ nw 58th st":[47.6708884,-122.3661434],
"906 1st av w":[47.6275159,-122.3574675],
"906 22nd av":[47.610281,-122.303441],
"n 65th st \/ woodlawn av n":[47.6759685,-122.3314234],
"sw trenton st \/ 9th av sw":[47.5246375,-122.3467288]
}