{
"1127 federal av e":[47.6295232,-122.3194447],
"12th av s \/ s pearl st":[47.5563935,-122.3171715],
"1408 nw 50th st":[47.665254,-122.374101],
"1606 california av sw":[47.5890146,-122.3858635],
"16th av sw \/ sw trenton st":[47.5247069,-122.3550797],
"1901 ne 135th st":[47.7264282,-122.3085721],
"2830 boyer av e":[47.646609,-122.3167383],
"3058 s holden st":[47.533959,-122.290987],
"3114 ne 118th st":[47.7142296,-122.2949788],
"3230 11th av w":[47.649295,-122.371191],
"3233 14th av w":[47.649566,-122.3749298],
"3236 30th av w":[47.649805,-122.395182],
"410 s front st":[47.5484804,-122.3286518],
"4102 eastern av n":[47.6568309,-122.328645],
"440 ne thornton pl":[47.7029867,-122.3249148],
"4400 - 4743 21st av sw":[47.564774,-122.360218],
"5237 26th av s":[47.555008,-122.299546],
"5716 woodlawn av n":[47.670734,-122.337384],
"5964 wilson av s":[47.547947,-122.26297],
"6425 32nd av s":[47.544471,-122.29185],
"6521 sylvan way sw":[47.544125,-122.371784],
"6900 56th av ne":[47.6784715,-122.2681713],
"714 denny way":[47.6185755,-122.3435661],
"7520 37th av ne":[47.6836922,-122.2883613],
"8232 42nd av ne":[47.6893814,-122.2830862],
"8545 stone av n":[47.691776,-122.341735],
"9246 30th av sw":[47.519672,-122.370971],
"n 58th st \/ greenwood av n":[47.6711721,-122.3553381],
"palatine av n \/ n 107th st":[47.7069055,-122.3567698],
"s massachusetts st \/ valentine pl s":[47.588417,-122.3073297]
}