{
"123 n 136th st":[47.7280128,-122.357108],
"12567 35th av ne":[47.721175,-122.2911283],
"13056 8th ct ne":[47.724303,-122.3211],
"13822 greenwood av n":[47.730101,-122.354685],
"1419 35th av s":[47.589313,-122.288375],
"15th av w \/ gilman dr w":[47.6428049,-122.3762362],
"1649 n 130th st":[47.7229384,-122.3372779],
"1900 s main st":[47.599623,-122.307012],
"226 33rd av e":[47.620945,-122.289831],
"2521 ne 98th st":[47.699983,-122.300579],
"2633 warren av n":[47.644336,-122.354836],
"3053 32nd av w":[47.6484221,-122.3985313],
"308 summit av e":[47.621272,-122.324939],
"3425 west laurelhurst dr ne":[47.6539162,-122.2795535],
"407 2nd av et   s":[47.6011522,-122.3319104],
"4205 46th av s":[47.565078,-122.276144],
"4300 30th av sw":[47.5654235,-122.3708133],
"4505 36th av ne":[47.6616315,-122.2894882],
"4815 erskine way sw":[47.559103,-122.387697],
"5232 california av sw":[47.55472,-122.386499],
"5350 sw manning st":[47.5720435,-122.4022258],
"5917 8th av nw":[47.672123,-122.366457],
"5920 24th av nw":[47.672153,-122.3872337],
"6828 17th av ne":[47.678491,-122.309514],
"7815 32nd av s":[47.5319014,-122.2910515],
"8028 bagley av n":[47.6878003,-122.3317988],
"8321 32nd av nw":[47.689059,-122.399159],
"8747 dayton av n":[47.693883,-122.352909],
"8837 10th av sw":[47.523593,-122.34837],
"9400 stone av n":[47.697173,-122.341577],
"california av sw \/ sw 106th st":[47.5082882,-122.387065],
"green lake way n \/ n 55th st":[47.6688039,-122.3400411],
"nw 83rd st \/ 21st av nw":[47.6887178,-122.3832438],
"yesler way \/ dilling way":[47.6017178,-122.3300466]
}