{
"100 wall st":[47.6150418,-122.3485637],
"10573 14th av nw":[47.70728,-122.374401],
"10726 aurora av n":[47.7077328,-122.3443026],
"1132 34th av":[47.6126035,-122.2890134],
"11728 meridian av n":[47.714941,-122.333681],
"12011 17th av ne":[47.7160778,-122.3098869],
"1405 30th av":[47.6132612,-122.2937921],
"2140 n northgate way":[47.7092219,-122.332606],
"2232 12th av w":[47.6396609,-122.3722787],
"2329 4th av":[47.6160658,-122.3447654],
"2414 alki av sw":[47.5820635,-122.4033185],
"3355 east laurelhurst dr ne":[47.653035,-122.277487],
"3909 s morgan st":[47.5437161,-122.2826869],
"3922 sw henderson st":[47.5230649,-122.383071],
"4035 40th av sw":[47.5673259,-122.3832254],
"4036 47th av sw":[47.5673216,-122.3918087],
"4053 m l king jr way s":[47.5669447,-122.297084],
"4312 36th av ne":[47.660257,-122.288941],
"4605 49th av s":[47.56154,-122.2722264],
"47th av ne \/ ne 65th st":[47.6757831,-122.2779009],
"4977 17th av s":[47.5569486,-122.310787],
"5610 26th av sw":[47.551572,-122.365225],
"6553 7th av nw":[47.677496,-122.364824],
"707 33rd av":[47.60822,-122.290798],
"7559 california av sw":[47.534845,-122.387706],
"8151 7th av sw":[47.528611,-122.344593],
"9800 roosevelt way ne":[47.700632,-122.317307]
}