{
"10026 64th av s":[47.5108349,-122.2532699],
"10803 24th av ne":[47.707789,-122.303111],
"12550 dayton av n":[47.7210729,-122.352577],
"134 nw 144th st":[47.733436,-122.36008],
"1510 ne 68th st":[47.6778,-122.311368],
"1518 s ferdinand st":[47.559446,-122.312521],
"20th av nw \/ russell av nw":[47.6678784,-122.3821492],
"2728 ne 96th st":[47.698686,-122.297554],
"2801 21st av w":[47.644913,-122.383721],
"3021 w galer st":[47.6323619,-122.3947591],
"3253 21st av w":[47.6500639,-122.383876],
"4028 sw trenton st":[47.5244209,-122.3842647],
"4407 sw hudson st":[47.557257,-122.389082],
"4514 sw roxbury st":[47.517753,-122.391979],
"4525 california av sw":[47.562129,-122.3871679],
"5512 31st av s":[47.552083,-122.292347],
"5514 22nd av s":[47.552858,-122.304802],
"5700 seward park av s":[47.550859,-122.261592],
"5927 s eastwood dr":[47.50348,-122.258281],
"621 ne 77th st":[47.6843936,-122.3205527],
"7040 east marginal way s":[47.5399656,-122.3227663],
"718 n 86th st":[47.6914996,-122.3490541],
"731 n 73rd st":[47.6815804,-122.3485251],
"7532 11th av nw":[47.684202,-122.370097],
"9252 spear pl s":[47.519987,-122.273636],
"9500 ravenna av ne":[47.6975931,-122.3048734],
"w nickerson st \/ jesse av w":[47.6537885,-122.3699774]
}