{
"100 4th av n":[47.6189732,-122.3485257],
"13300 lake city way ne":[47.724838,-122.2920206],
"1439 nw 54th st":[47.6678908,-122.3751576],
"162 22nd av":[47.6031907,-122.3034856],
"1818 25th av e":[47.635505,-122.30028],
"1941 edgemont pl w":[47.6370624,-122.4029519],
"2024 3rd av":[47.613144,-122.341556],
"21 s nevada st":[47.5654059,-122.3406925],
"2402 e interlaken blvd":[47.634851,-122.301227],
"2623 w plymouth st":[47.6360804,-122.3913993],
"2624 47th av sw":[47.580383,-122.3915728],
"3025 nw esplanade":[47.698942,-122.397176],
"343 nw 87th st":[47.691851,-122.3625],
"3809 sw willow st":[47.540537,-122.381122],
"406 2nd av et   s":[47.6010528,-122.3310867],
"4122 45th av sw":[47.565869,-122.389064],
"4300 5th av nw":[47.6589552,-122.3628882],
"4400 woodland park av n":[47.660083,-122.344291],
"4415 s graham st":[47.545757,-122.27751],
"4516 greenwood av n":[47.6619559,-122.3551658],
"4528 sunnyside av n":[47.662331,-122.329791],
"4715 beach dr sw":[47.5605509,-122.405068],
"5520 26th av ne":[47.6692304,-122.2992664],
"5701 29th av ne":[47.670431,-122.296542],
"6010 15th av nw":[47.672723,-122.375818],
"6019 whitman av n":[47.6649929,-122.3460931],
"6025 roosevelt way ne":[47.6728306,-122.3176709],
"6719 15th av nw":[47.6782847,-122.3770876],
"6924 38th av sw":[47.5399798,-122.3801512],
"6927 55th av s":[47.539882,-122.2649331],
"7721 18th av sw":[47.533,-122.358123],
"7749 32nd av nw":[47.6863305,-122.398567],
"7th av nw \/ nw 60th st":[47.6723548,-122.3650455],
"8012 linden av n":[47.687376,-122.3469],
"8714 mary av nw":[47.6928262,-122.3751996],
"906 nw 62nd st":[47.674037,-122.369121],
"9538 dayton av n":[47.6989651,-122.3524264]
}