{
"1588 alki av sw":[47.5884659,-122.394778],
"16th av nw \/ nw 65th st":[47.6759959,-122.3778487],
"1724 ne 98th st":[47.700564,-122.308503],
"2204 california av sw":[47.5837718,-122.3864222],
"2225 eastlake av e":[47.6392469,-122.3262436],
"2359 s raymond st":[47.548477,-122.302927],
"2629 sw nevada st":[47.5652025,-122.3667992],
"3017 59th av sw":[47.577131,-122.4084979],
"3200 ne 125th st":[47.7195691,-122.2938123],
"3207 fuhrman av e":[47.649984,-122.320177],
"35th av ne \/ ne 123rd st":[47.7173206,-122.2913541],
"4422 s myrtle st":[47.539138,-122.277027],
"451 5th av s":[47.5986262,-122.3276699],
"5013 bowen pl s":[47.556567,-122.277841],
"5301 wallingford av n":[47.6673457,-122.3366205],
"541 s cloverdale st":[47.5264742,-122.3264119],
"5562 wilson av s":[47.5518005,-122.266585],
"5704 s hawthorn rd":[47.549508,-122.26223],
"64th av s \/ s prentice st":[47.5081814,-122.253552],
"6724 31st av sw":[47.542051,-122.3720331],
"7547 37th av ne":[47.684429,-122.28874],
"7603 m l king jr way s":[47.5354503,-122.2809272],
"7710 48th av s":[47.533238,-122.272219],
"7800 east green lake dr n":[47.685071,-122.3357323],
"8002 19th av nw":[47.6870402,-122.3808777],
"916 nw 122nd st":[47.7180899,-122.368412],
"denny way \/ warren av n":[47.618576,-122.3541286],
"nb i5 exp fr":[47.6035782,-122.3268458]
}