{
"0 - 0 nb i5 at lake city":[47.67769,-122.320387],
"1011 n 50th st":[47.6648695,-122.3454177],
"10410 waters av s":[47.507925,-122.249166],
"10532 20th av ne":[47.705826,-122.305859],
"10622 marine view dr sw":[47.507607,-122.387412],
"10624 59th av s":[47.505325,-122.259134],
"10822 roosevelt way ne":[47.7081965,-122.3173596],
"1250 ne 90th st":[47.6941687,-122.3127718],
"13000 35th av ne":[47.7229741,-122.2908112],
"1312 minor av":[47.6128664,-122.3266121],
"14032 midvale av n":[47.7314627,-122.3437893],
"2000 beacon av s":[47.5851109,-122.3185962],
"2409 sw barton st":[47.520786,-122.363732],
"2476 lorentz pl n":[47.641637,-122.352762],
"3101 w commodore way":[47.6634139,-122.3972122],
"3104 western av":[47.6181925,-122.355937],
"3400 40th av sw":[47.5730082,-122.3823031],
"4026 32nd av sw":[47.567037,-122.372186],
"4305 ne 38th st":[47.6554687,-122.2809077],
"4706 13th av s":[47.560647,-122.315735],
"4835 15th av s":[47.55947,-122.313814],
"500 warren av n":[47.6232983,-122.3540841],
"6728 26th av nw":[47.678508,-122.38941],
"8314 island dr s":[47.529158,-122.261792],
"8921 42nd av ne":[47.693086,-122.282842],
"9851 renton av s":[47.512454,-122.263432]
}