{
"10036 stone av n":[47.7025471,-122.3416494],
"10516 lake city way ne":[47.7053302,-122.30125],
"11039 35th av ne":[47.7095198,-122.2910191],
"1105 n 38th st":[47.652516,-122.3436371],
"1435 9th av w":[47.632167,-122.369465],
"1616 nw 87th st":[47.6925957,-122.3785666],
"1700 ne 55th st":[47.6685516,-122.3096043],
"1915 s orcas st":[47.551001,-122.307945],
"2321 14th av s":[47.5822936,-122.315003],
"2643 31st av w":[47.644467,-122.397326],
"450 3rd av":[47.6019187,-122.3306018],
"5043 18th av ne":[47.666101,-122.30863],
"5101 leary av nw":[47.6653508,-122.3807661],
"5636 2nd av nw":[47.6706033,-122.3598712],
"7138 17th av sw":[47.53797,-122.355818],
"727 sw 122nd st":[47.493422,-122.34408],
"7554 1st av ne":[47.684751,-122.327924],
"7600 banner way ne":[47.6838971,-122.3214956],
"838 nw 59th st":[47.671849,-122.3679],
"9046 17th av sw":[47.5215074,-122.3562144],
"9069 holman rd nw":[47.695852,-122.3744104],
"ne 107th st \/ 30th av ne":[47.7066763,-122.2961645],
"nw 41st st \/ burke gilman trl":[47.6569219,-122.3639473]
}