{
"100 clay st":[47.6163677,-122.3515596],
"1018 alaskan way":[47.604394,-122.3389781],
"1206 16th av e":[47.630905,-122.310848],
"1312 s pearl st":[47.556617,-122.315376],
"1913 15th av s":[47.585956,-122.313746],
"211 20th av":[47.60393,-122.306621],
"2117 4th av n":[47.637968,-122.349874],
"2601 23rd av s":[47.579803,-122.303626],
"318 ne maple leaf pl":[47.6811737,-122.3254806],
"3201 alki av sw":[47.5759243,-122.4213136],
"3426 38th av sw":[47.572305,-122.379989],
"3603 sw 107th st":[47.507036,-122.377162],
"3747 sw elmgrove st":[47.530375,-122.381368],
"3834 49th av ne":[47.656525,-122.274368],
"4233 ashworth av n":[47.659025,-122.34004],
"4321 s morgan st":[47.543975,-122.278801],
"4915 25th av ne":[47.6651492,-122.3017994],
"4953 purdue av ne":[47.67108,-122.27302],
"5011 19th av ne":[47.665214,-122.3073348],
"5040 16th av ne":[47.666114,-122.310464],
"6614 beacon av s":[47.5431479,-122.29906],
"6714 47th pl sw":[47.542552,-122.392353],
"7014 29th av ne":[47.679924,-122.296125],
"712 s director st":[47.522467,-122.325029],
"731 16th av e":[47.6261011,-122.311789],
"7632 highland park way sw":[47.533857,-122.346633],
"8513 24th av nw":[47.6910424,-122.3878703],
"909 4th av n":[47.6275381,-122.3491438],
"9401 39th av s":[47.5180942,-122.2840686],
"9526 phinney av n":[47.698683,-122.353662],
"aurora av n \/ highland dr":[47.6297403,-122.3435934],
"lakeview blvd e \/ e blaine st":[47.6349432,-122.3224013]
}