{
"119 n 49th st":[47.664086,-122.356201],
"1249 ne 145th st":[47.733662,-122.313909],
"13003 linden av n":[47.7241217,-122.3480972],
"13539 30th av ne":[47.727727,-122.296734],
"160 roy st":[47.6256836,-122.3535185],
"1816 25th av":[47.618214,-122.2996076],
"19 w thomas st":[47.6207822,-122.3577469],
"1919 federal av e":[47.636561,-122.319357],
"2002 1st av n":[47.6367103,-122.3553125],
"2054 nw blue ridge dr":[47.7038579,-122.384467],
"2419 dexter av n":[47.6402069,-122.3443928],
"2611 39th av w":[47.643592,-122.407492],
"2815 23rd av s":[47.577888,-122.3035925],
"301 s king st":[47.5982861,-122.3305817],
"3019 nw 94th st":[47.6969042,-122.3964239],
"3057 42nd av w":[47.648451,-122.411089],
"323 1st av s":[47.5993348,-122.3345145],
"4234 3rd av nw":[47.658702,-122.360449],
"4500 s henderson st":[47.523322,-122.2763584],
"4515 university way ne":[47.6617732,-122.3134794],
"5111 48th av s":[47.55578,-122.272975],
"5275 s brandon st":[47.553128,-122.264949],
"5418 25th av sw":[47.5531549,-122.363946],
"5520 s juniper st":[47.495824,-122.263325],
"5711 24th av nw":[47.6705674,-122.387891],
"6th av s \/ s lander st":[47.5798094,-122.3260457],
"7034 15th av nw":[47.6805837,-122.3763191],
"721 columbia st":[47.6062146,-122.3278557],
"7813 12th av ne":[47.685765,-122.315331],
"8846 39th av sw":[47.523336,-122.38169],
"banner way ne \/ corliss way n":[47.6905238,-122.3308726]
}