{
"12211 dayton av n":[47.718202,-122.353302],
"12318 15th av ne":[47.7180183,-122.3119154],
"12323 22nd av ne":[47.718274,-122.3061024],
"1313 5th av w":[47.6309697,-122.3634127],
"1321 e union st":[47.6124514,-122.3143288],
"13339 11th av ne":[47.726026,-122.317114],
"212 25th av":[47.603917,-122.299639],
"2159 waverly pl n":[47.6392967,-122.3434424],
"2237 nw 58th st":[47.670907,-122.3869286],
"2847 s alaska st":[47.5606531,-122.2947317],
"3218 25th av s":[47.57449,-122.300335],
"325 n 102nd st":[47.7026914,-122.3542458],
"410 maynard av s":[47.5988585,-122.325039],
"4109 s perry st":[47.5148257,-122.2814521],
"411 lakeside av s":[47.5987099,-122.287144],
"4422 31st av s":[47.5631921,-122.2927022],
"4622 48th av s":[47.5610039,-122.272842],
"5518 ne penrith rd":[47.6670494,-122.2679977],
"606 25th av e":[47.6246721,-122.299605],
"624 n 138th st":[47.729876,-122.350604],
"6317 s fountain st":[47.5031192,-122.2522455],
"6353 40th av sw":[47.5450752,-122.3835206],
"638 ne banner pl":[47.682513,-122.319538],
"6519 15th av nw":[47.6764823,-122.37684],
"8420 dayton av n":[47.6903926,-122.3523016],
"8712 31st av nw":[47.692587,-122.396666],
"8908 8th av s":[47.523584,-122.322691],
"burke gilman trl \/ pend oreille rd ne":[47.6601474,-122.301824],
"fauntleroy pl sw \/ fauntleroy way sw":[47.5284405,-122.3927217]
}