{
"11639 1st av nw":[47.7140057,-122.3585463],
"1310 n 131st st":[47.7244213,-122.3415572],
"1510 11th av":[47.6144605,-122.3176794],
"1717 25th av":[47.617016,-122.300448],
"201 ne 40th st":[47.655292,-122.326503],
"2110 w ruffner st":[47.6523358,-122.3839876],
"2506 n 50th st":[47.6649921,-122.3285923],
"2654 nw market st":[47.6689374,-122.3924275],
"2662 37th av w":[47.644787,-122.405095],
"2700-2707 e foster island rd":[47.6410786,-122.2931168],
"2831 sw dakota st":[47.566604,-122.369598],
"3055 sw avalon way":[47.565383,-122.371731],
"318 n 137th st":[47.729,-122.354675],
"3306 20th av s":[47.5737556,-122.305676],
"3918 24th av s":[47.568662,-122.301472],
"5130 s myrtle st":[47.5391275,-122.2686817],
"5518 e martin st":[47.5520944,-122.2880977],
"5758 31st av ne":[47.6720075,-122.2935785],
"6710 17th av sw":[47.542489,-122.3557859],
"7027 15th av nw":[47.6803814,-122.3770776],
"7212 27th av ne":[47.68115,-122.298243],
"800 nw 54th st":[47.6681934,-122.3664164],
"808 e blaine st":[47.635289,-122.321862],
"8817 renton av s":[47.5237281,-122.2766768],
"900 e union st":[47.6129747,-122.3208134],
"9601 50th av sw":[47.5174714,-122.3984031],
"aurora av n \/ n 71st st":[47.6803173,-122.3452746],
"greenwood av n \/ n 130th st":[47.723252,-122.355524],
"palatine av n \/ n 87th st":[47.6924373,-122.3566326],
"w lynn st \/ 28th av w":[47.6391137,-122.3930212]
}