{
"104 pike st":[47.6091195,-122.3398232],
"1117 m l king jr way":[47.6121241,-122.2965888],
"11338 17th av ne":[47.711539,-122.309274],
"11524 3rd av nw":[47.713183,-122.360503],
"11735 26th av ne":[47.7152046,-122.3006435],
"120 ne 94th st":[47.6971149,-122.327595],
"121 n 46th st":[47.662117,-122.356731],
"1248 s king st":[47.5983483,-122.3151095],
"1257 ne 88th st":[47.692031,-122.312532],
"12th av nw \/ nw 125th st":[47.7197121,-122.3717486],
"1715 rainier av s":[47.5879868,-122.3059364],
"1805 queen anne av n":[47.6349788,-122.3573766],
"1808 18th av":[47.6179325,-122.3084736],
"1904 e mcgraw st":[47.640497,-122.30688],
"2140 5th av w":[47.6389705,-122.3633099],
"2418 sw roxbury st":[47.517558,-122.364126],
"2830 s columbian way":[47.562596,-122.296108],
"3177 m l king jr way s":[47.5752684,-122.2968746],
"3808 29th av w":[47.65443,-122.394172],
"3911 s angeline st":[47.55922,-122.282925],
"4023 37th av s":[47.5671432,-122.2864343],
"4401 renton av s":[47.5644453,-122.2924754],
"4508 corliss av n":[47.6617937,-122.3309189],
"4703 sw stevens st":[47.577213,-122.39226],
"505 n 72nd st":[47.680844,-122.352298],
"5203 s dawson st":[47.554625,-122.267897],
"5717 seward park av s":[47.550609,-122.262281],
"5939 beacon av s":[47.5488899,-122.3016947],
"624 35th av":[47.6074689,-122.2880607],
"6406 60th pl s":[47.544624,-122.25741],
"6549 19th av ne":[47.677272,-122.308003],
"8149 13th av sw":[47.528725,-122.352036],
"819 s cloverdale st":[47.5264687,-122.3220181],
"8634 46th av sw":[47.525686,-122.391262],
"8648 beacon av s":[47.524617,-122.2866],
"8725 24th av nw":[47.693097,-122.387903],
"8762 sand point way ne":[47.693167,-122.27147],
"910 n 74th st":[47.682848,-122.345738],
"9334 53rd av s":[47.5179438,-122.2659129],
"e john st \/ 23rd av e":[47.6202167,-122.3025407],
"ne 127th st \/ roosevelt way ne":[47.7211771,-122.3204032],
"nw 60th st \/ 28th av nw":[47.6722576,-122.3929402],
"s cloverdale st \/ 10th av s":[47.5264616,-122.3202379],
"sunnyside av n \/ woodlawn av n":[47.6775643,-122.329465],
"west marginal way s \/ nb sr99 at kenyon":[47.5319694,-122.3297917]
}