{
"1031 32nd av e":[47.6284329,-122.291157],
"1107 lake washington blvd s":[47.593191,-122.289536],
"12360 16th av ne":[47.719223,-122.310923],
"13507 linden av n":[47.7269017,-122.3477204],
"13800 5th av ne":[47.7240258,-122.3236052],
"1406 31st av":[47.61318,-122.292216],
"1469 elliott av w":[47.6316682,-122.3755828],
"185 37th av e":[47.619879,-122.286183],
"2125 1st av":[47.612297,-122.34515],
"2322 nw 95th st":[47.698462,-122.38634],
"2437 nw 60th st":[47.672147,-122.38931],
"2453 s columbian way":[47.5602469,-122.301035],
"3018 22nd av w":[47.6471639,-122.384282],
"3101 s willow st":[47.5406256,-122.2912256],
"3212 s dawson st":[47.5555583,-122.2910496],
"3223 16th av s":[47.574369,-122.3126794],
"3526 ne 92nd st":[47.695485,-122.289303],
"3825 1st av s":[47.5689075,-122.3348122],
"436 ne ravenna blvd":[47.6781019,-122.323867],
"4517 linden av n":[47.661947,-122.348916],
"4932 43rd av s":[47.5571783,-122.2792064],
"5000 36th av sw":[47.557288,-122.377192],
"51st av s \/ wilson av s":[47.5546066,-122.2697103],
"5227 56th av s":[47.553905,-122.263414],
"6521 38th av sw":[47.544082,-122.380909],
"7017 15th av ne":[47.679953,-122.312373],
"722 s orcas st":[47.5509681,-122.3235124],
"7542 42nd av ne":[47.684354,-122.282809],
"7822 roosevelt way ne":[47.686061,-122.3172],
"8439 9th av sw":[47.52713,-122.347156],
"9007 12th av ne":[47.694255,-122.315183],
"m l king jr way s \/ s alaska st":[47.5608342,-122.2935679],
"ne 45th st \/ 42nd av ne":[47.6612864,-122.2827372]
}