{
"1016 e lynn st":[47.6397169,-122.3192405],
"10627 60th av s":[47.5052876,-122.2586328],
"1104 alki av sw":[47.5948652,-122.3854604],
"115 broadway  e":[47.619402,-122.321272],
"11734 riviera pl ne":[47.71549,-122.27746],
"1200 sw webster st":[47.5355175,-122.3505055],
"1209 ne 135th st":[47.726488,-122.3148384],
"15th av \/ e marion st":[47.6103826,-122.312833],
"1700 21st av s":[47.588286,-122.3048168],
"1818 11th av":[47.618264,-122.3181136],
"206 western av w":[47.6203845,-122.3597129],
"2123 16th av s":[47.583841,-122.312457],
"2522 s graham st":[47.546603,-122.299451],
"3003 harbor av sw":[47.577245,-122.372065],
"3237 41st av sw":[47.574504,-122.38496],
"3333 wetmore av s":[47.5733693,-122.2931936],
"3537 s bennett st":[47.5540506,-122.2878397],
"3806 sw admiral way":[47.5813663,-122.3806305],
"417 ward st":[47.627855,-122.3480553],
"4411 44th av sw":[47.5643293,-122.3885487],
"4826 ne princeton way":[47.675129,-122.275207],
"5044 28th av s":[47.55598,-122.29651],
"5045 26th av sw":[47.556139,-122.365951],
"5110 greenwood av n":[47.6661186,-122.355101],
"5222 44th av sw":[47.5557019,-122.388035],
"523 ne 95th st":[47.697426,-122.321895],
"538 broadway  e":[47.6241122,-122.3206319],
"5910 51st av s":[47.5492936,-122.269656],
"5939 vassar av ne":[47.672848,-122.2771718],
"6023 3rd av nw":[47.6730563,-122.3610479],
"605 federal av e":[47.624501,-122.319158],
"611 s charlestown st":[47.5694999,-122.3256837],
"6235 25th av ne":[47.6748616,-122.3009],
"6402 34th av nw":[47.674997,-122.400704],
"717 belmont av e":[47.6254149,-122.3245727],
"7201 west marginal way sw":[47.5382433,-122.3393297],
"750 16th av e":[47.626665,-122.310906],
"7527 11th av nw":[47.6841052,-122.3706661],
"7538 roosevelt way ne":[47.6842789,-122.3171944],
"7716 12th av nw":[47.685652,-122.371128],
"8017 bagley av n":[47.687327,-122.332416],
"8410 fauntleroy pl sw":[47.528198,-122.392025],
"8617 10th av s":[47.5263158,-122.3202585],
"924 e lynn st":[47.639683,-122.3203103],
"9849 61st av s":[47.5119803,-122.2573289]
}