{
"0 35th av sw \/ sw avalon way":[47.5640721,-122.3761623],
"10334 38th av ne":[47.703924,-122.287725],
"1108 e spruce st":[47.6036907,-122.3175523],
"11537 40th av ne":[47.712998,-122.285639],
"120 m l king jr way e":[47.619589,-122.295726],
"1219 ne 104th st":[47.7038089,-122.3141732],
"13327 30th av ne":[47.725608,-122.296821],
"14333 aurora av n":[47.733504,-122.345543],
"1564 airport way s":[47.5889705,-122.3216818],
"1629 22nd av":[47.6161807,-122.3038084],
"1903 e yesler way":[47.6016664,-122.3076199],
"1959 ne pacific pl":[47.6506935,-122.3091341],
"205 mcgraw st":[47.639722,-122.352815],
"2512 2nd av":[47.615441,-122.3479983],
"30th av w \/ w howe st":[47.6359165,-122.3957058],
"310 columbia st":[47.6042598,-122.3325934],
"3232 nw 61st st":[47.673231,-122.399921],
"4700 8th av ne":[47.663266,-122.319224],
"5018 54th av s":[47.5565073,-122.2656496],
"5116 sw hudson st":[47.557685,-122.398448],
"515 occidental av s":[47.5981642,-122.3332943],
"5742 s gazelle st":[47.512647,-122.260135],
"5922 wilson av s":[47.549162,-122.263293],
"5957 california av sw":[47.548645,-122.387498],
"650 nw 89th st":[47.693747,-122.365593],
"716 23rd av":[47.608556,-122.302415],
"7319 17th av nw":[47.681977,-122.379255],
"7606 6th av ne":[47.6842141,-122.321281],
"8016 12th av nw":[47.687511,-122.37113],
"816 17th av":[47.60974,-122.309847],
"9099 seward park av s":[47.5204236,-122.2632021],
"911 alder st":[47.6034608,-122.3226618],
"9945 51st av s":[47.511073,-122.270627],
"n 39th st \/ winslow pl n":[47.654142,-122.3466122],
"ne 125th st \/ 35th av ne":[47.7192613,-122.2907858],
"republican st \/ boren av n":[47.6232,-122.3358147],
"sw 106th st \/ seola beach dr sw":[47.5082021,-122.3708737],
"w blaine st \/ 8th av w":[47.634745,-122.3678059],
"wb sr520 at mid span":[47.645106,-122.292311]
}