{
"10733 phinney av n":[47.707885,-122.354534],
"12355 11th av ne":[47.719268,-122.316519],
"13344 28th av ne":[47.726024,-122.297401],
"1616 27th av":[47.615811,-122.297095],
"16209 8th av sw":[47.457438,-122.344614],
"1641 nagle pl":[47.616018,-122.320147],
"2000 18th av e":[47.637894,-122.309997],
"2120 2nd av w":[47.63783,-122.35922],
"2128 n 60th st":[47.6724977,-122.3323437],
"220 nw 70th st":[47.6796561,-122.3602179],
"2323 elliott ave":[47.6122089,-122.349131],
"235 nw 52nd st":[47.6667036,-122.3602589],
"2552 24th av w":[47.6423849,-122.3874319],
"2559 magnolia blvd w":[47.64331,-122.41529],
"2629 sw holden st":[47.53347,-122.367027],
"2800 w barrett st":[47.6468448,-122.3935856],
"2801 16th av s":[47.578437,-122.312429],
"3047 s holden st":[47.533549,-122.291446],
"3250 60th av sw":[47.5743591,-122.4094606],
"3402 west viewmont way w":[47.650584,-122.409261],
"3616 s genesee st":[47.5642917,-122.2863083],
"3863 42nd av ne":[47.657899,-122.2831214],
"3939 walla walla rd ne":[47.6547104,-122.3005959],
"4509 sw brace point dr":[47.519741,-122.391139],
"4708 45th av sw":[47.560846,-122.389111],
"4746 delridge way sw":[47.559738,-122.362486],
"5022 sw edmunds st":[47.5596066,-122.3973593],
"601 e roy st":[47.6250182,-122.3236926],
"6016 2nd av nw":[47.672924,-122.359187],
"6214 dayton av n":[47.6743863,-122.352631],
"712 s monroe st":[47.531453,-122.324929],
"8341 43rd av s":[47.5280328,-122.2792866],
"8540 15th av nw":[47.691921,-122.376793],
"8853 nesbit av n":[47.6939166,-122.3438122],
"eb wsea frwy to columbian":[47.572353,-122.31897],
"n 96th st \/ aurora av n":[47.6987235,-122.344605],
"nb i5 at lakeview bv":[47.629452,-122.326694],
"rainier av s \/ s dearborn st":[47.5958521,-122.3115089],
"s lander st \/ airport way s":[47.5798133,-122.3214152]
}