{
"10050 41st av ne":[47.702284,-122.284025],
"1031 ne 102nd st":[47.70203,-122.3165277],
"13th av w \/ w nickerson st":[47.6554612,-122.3736332],
"18th av sw \/ sw henderson st":[47.522862,-122.3577911],
"2046 minor av e":[47.6380849,-122.3281],
"2123 3rd av w":[47.638507,-122.361336],
"2217 n 77th st":[47.6849216,-122.3306694],
"2305 n 41st st":[47.656545,-122.331072],
"25th av ne \/ ne 125th st":[47.7193204,-122.3018832],
"25th av ne \/ ne 75th st":[47.6830488,-122.3007437],
"2641 nw 57th st":[47.6699061,-122.3918958],
"2815 13th av w":[47.6451407,-122.3732261],
"2832 42nd av w":[47.6459649,-122.410522],
"3104 sw graham st":[47.546971,-122.3722659],
"3316 s austin st":[47.5346132,-122.2888024],
"3903 corliss av n":[47.654452,-122.331739],
"3935 densmore av n":[47.6553449,-122.337821],
"3960 s chicago st":[47.5326041,-122.2824809],
"4020 25th av w":[47.656597,-122.388354],
"500 union st":[47.6099983,-122.3343625],
"5031 university way ne":[47.6658945,-122.3136236],
"5319 24th av ne":[47.667689,-122.302193],
"5521 s orcas st":[47.550835,-122.263757],
"6206 44th av ne":[47.674254,-122.280466],
"6417 65th av ne":[47.675341,-122.258595],
"6527 sylvan way sw":[47.543948,-122.371613],
"724 15th av":[47.608843,-122.312467],
"8712 sand point way ne":[47.6922381,-122.2699748],
"8733 29th av nw":[47.692873,-122.394605],
"9000 holman rd nw":[47.6944267,-122.3750767],
"9023 22nd av nw":[47.695139,-122.384342],
"904 20th av":[47.6102502,-122.3060169]
}