{
"0 eb sr520 at montlake":[47.643417,-122.308528],
"14008 riviera pl ne":[47.730285,-122.281651],
"1600 1st av":[47.6100454,-122.3408696],
"1600 w thurman st":[47.65584,-122.3781012],
"16th av s \/ east marginal way s":[47.5343139,-122.3132062],
"1765 14th av s":[47.587326,-122.315298],
"2106 47th av sw":[47.5851796,-122.3915464],
"2149 n 64th st":[47.6749798,-122.3313874],
"2808 nw 93rd st":[47.697003,-122.393427],
"325 eastlake av e":[47.621229,-122.329202],
"3445 40th av w":[47.651787,-122.408216],
"3855 34th av w":[47.65563,-122.401345],
"3911 sw portland st":[47.532618,-122.382627],
"414 6th av s":[47.5986168,-122.3259849],
"4533 40th av sw":[47.561942,-122.383321],
"4852 40th av sw":[47.5577119,-122.3828334],
"515 21st av":[47.6066259,-122.3053066],
"5540 east green lake way n":[47.6699801,-122.3398825],
"5608 4th av nw":[47.669761,-122.361521],
"6503 21st av sw":[47.5447515,-122.3599542],
"722 n 47th st":[47.663111,-122.3489771],
"7426 40th av s":[47.5353026,-122.2819376],
"7700 11th av sw":[47.5340452,-122.3492435],
"7800 lake city way ne":[47.6851059,-122.3151556],
"9717 14th av nw":[47.700686,-122.374492],
"n 45th st \/ fremont av n":[47.6614196,-122.3500608]
}