{
"10541 ashworth av n":[47.706241,-122.339711],
"115 n 83rd st":[47.6889004,-122.3572678],
"13032 25th av ne":[47.72413,-122.301625],
"1310 15th av s":[47.591216,-122.313814],
"14025 greenwood av n":[47.7311649,-122.3558612],
"15 w florentia st":[47.6468803,-122.358155],
"1763 4th av s":[47.5864363,-122.329421],
"2328 48th av sw":[47.582496,-122.392519],
"3109 sw roxbury st":[47.51719,-122.372551],
"3307 lafayette av s":[47.5737764,-122.3105711],
"35th av sw \/ sw henderson st":[47.522863,-122.3766772],
"3801 s othello st":[47.5370175,-122.2846434],
"419 malden av e":[47.622504,-122.313944],
"426 broadway e":[47.62275,-122.320582],
"4418 s graham st":[47.5461967,-122.2773428],
"5228 25th av sw":[47.5540744,-122.364043],
"524 malden av e":[47.6238389,-122.313318],
"546 31st av":[47.607513,-122.292267],
"547 s river st":[47.5434755,-122.3271337],
"5530 s orcas st":[47.551357,-122.263452],
"6226 27th av ne":[47.6748148,-122.2983636],
"7025 23rd av ne":[47.680161,-122.303171],
"707 s donovan st":[47.525374,-122.325198],
"806 15th av e":[47.62633,-122.312222],
"811 nw 97th st":[47.699701,-122.366793],
"8403 perimeter rd s":[47.5264441,-122.2948144],
"9714 holman rd nw":[47.6998846,-122.3656575],
"9826 33rd av sw":[47.514833,-122.373995],
"s lane st \/ 7th av s":[47.596676,-122.3237759]
}