{
"1017 terrace st":[47.6045588,-122.3213079],
"10737 roosevelt way ne":[47.707433,-122.3178592],
"11639 2nd av nw":[47.71401,-122.359892],
"1225 n northgate way":[47.705018,-122.3430114],
"13008 3rd av ne":[47.723466,-122.325864],
"1305 1st av w":[47.6305016,-122.3579077],
"13357 3rd av ne":[47.726611,-122.326568],
"15th av \/ e spruce st":[47.6035155,-122.3128726],
"21st av \/ e spruce st":[47.603511,-122.305044],
"2317 14th av s":[47.582425,-122.315081],
"2332 e madison st":[47.6200784,-122.3015258],
"2407 41st av e":[47.6407594,-122.2794736],
"2517 ne 120th st":[47.7155299,-122.3008606],
"2528 ne 110th st":[47.708686,-122.300089],
"3000 s walker st":[47.5836426,-122.2940508],
"3230 sw avalon way":[47.5643479,-122.3735076],
"327 n 79th st":[47.6860039,-122.353983],
"3340 59th av sw":[47.574168,-122.407768],
"349 nw 83rd st":[47.688934,-122.3627819],
"3938 s mead st":[47.550659,-122.281718],
"4504 sw roxbury pl":[47.517186,-122.390522],
"4611 s henderson st":[47.5232983,-122.2737666],
"4725 s brandon st":[47.55319,-122.2733807],
"4755 1st av s":[47.5583363,-122.3344379],
"5326 7th av ne":[47.667901,-122.320351],
"5511 7th av nw":[47.669132,-122.365435],
"6106 17th av nw":[47.6735016,-122.3788582],
"6303 high point dr sw":[47.5460318,-122.3686301],
"8069 dibble av nw":[47.688962,-122.3675535],
"8818 9th av nw":[47.69336,-122.368253],
"907 25th av s":[47.594322,-122.300439],
"9717 9th av nw":[47.700682,-122.36913],
"nb i5 at swift av s":[47.5485547,-122.3117074],
"nw 85th st \/ 16th av nw":[47.6906021,-122.3778869],
"swift av s \/ 18th av s":[47.5480803,-122.3099481],
"tallman av nw \/ 17th av nw":[47.6662645,-122.3788823]
}