{
"114 21st av":[47.6021349,-122.304666],
"118 ne 94th st":[47.6969534,-122.3276189],
"1202 n 42nd st":[47.658221,-122.343355],
"1223 n 88th st":[47.6921449,-122.341533],
"148 n 144th st":[47.7332152,-122.3563551],
"1521 nw ballard way":[47.6626454,-122.3771786],
"16th av s \/ s washington st":[47.6008457,-122.311574],
"211 s washington st":[47.6007069,-122.3307462],
"2686 ne 49th st":[47.6642936,-122.2980322],
"306 nw 45th st":[47.661676,-122.361166],
"3470 gilman av w":[47.6520765,-122.3831601],
"3612 palatine av n":[47.6531827,-122.3562934],
"4300 sw 104th st":[47.5100915,-122.3871512],
"4806 25th av sw":[47.559033,-122.363873],
"4815 s fontanelle st":[47.5357314,-122.2720228],
"5324 46th av sw":[47.5540882,-122.390388],
"5922 37th av sw":[47.5494739,-122.378662],
"6200 sand point way ne":[47.6738469,-122.2652262],
"6204 40th av ne":[47.674135,-122.284564],
"629 12th av e":[47.6251195,-122.317026],
"6498 sw stevens st":[47.5769947,-122.4160818],
"7340 35th av ne":[47.6826263,-122.2893697],
"823 madison st":[47.6082585,-122.3275367],
"828 s thistle st":[47.5283513,-122.3215669],
"9747 sand point way ne":[47.700821,-122.278069],
"9916 59th av s":[47.511828,-122.259061],
"delridge way sw \/ sw henderson st":[47.5228594,-122.3600128],
"ne 71st st \/ 6th av ne":[47.6801838,-122.3217639],
"renton av s \/ s charlestown st":[47.5698497,-122.2954922]
}