{
"10502 victory ln ne":[47.704884,-122.302616],
"1210 ne 98th st":[47.7005431,-122.3143624],
"1302 queen anne av n":[47.630696,-122.35627],
"1500 ne 47th st":[47.6631044,-122.3119847],
"1820 e lynn st":[47.639778,-122.308021],
"200 20th av s":[47.600578,-122.306042],
"210 4th av s":[47.6008139,-122.3289635],
"23rd av s \/ s massachusetts st":[47.5883798,-122.3025835],
"3 av\/seneca st":[47.6071118,-122.3353139],
"3000 s willow st":[47.5407424,-122.293297],
"3024 nw 95th st":[47.698049,-122.396563],
"3217 ne 80th st":[47.6864484,-122.2930385],
"3218 13th av w":[47.649084,-122.373206],
"3863 51st av ne":[47.656585,-122.272811],
"3917 s angeline st":[47.5594402,-122.2826603],
"45th av ne \/ ne 95th st":[47.6973754,-122.2800112],
"4705 16th av ne":[47.6633078,-122.3111307],
"4801 s brandon st":[47.553157,-122.272408],
"4810 sw dawson st":[47.5558311,-122.3941969],
"5528 east green lake way n":[47.6695965,-122.3396435],
"5700 64th av ne":[47.670135,-122.2592],
"5929 california av sw":[47.5494157,-122.3873689],
"5980 west marginal way sw":[47.5478724,-122.3451997],
"6530 16th av nw":[47.67688,-122.377506],
"6633 m l king jr way s":[47.5428707,-122.2841703],
"6723 palatine av n":[47.678482,-122.35672],
"6809 dayton av n":[47.6791793,-122.3528522],
"7600 west marginal way s":[47.5349496,-122.3328507],
"7701 56th av ne":[47.684596,-122.267675],
"7703 1st av nw":[47.684894,-122.35822],
"7756 4th av ne":[47.6866271,-122.3239558],
"808 ne 59th st":[47.671715,-122.319608],
"8821 meridian av n":[47.692907,-122.334171],
"9023 roosevelt way ne":[47.6945827,-122.3177823],
"9281 56th av s":[47.5191813,-122.2631004],
"fremont av n \/ n 77th st":[47.6847629,-122.349879]
}