{
"0 - 0 nb i5 to columbian":[47.569155,-122.319826],
"115 s brandon st":[47.5539202,-122.3330984],
"1200 - 1237 s sullivan st":[47.527297,-122.316648],
"12015 3rd av ne":[47.7163949,-122.326423],
"1210 s mcclellan st":[47.5788889,-122.316785],
"125 30th av":[47.602437,-122.294095],
"13 s nevada st":[47.565426,-122.341356],
"14359 15 av ne":[47.7336463,-122.3131508],
"1525 4th av":[47.6107816,-122.3376424],
"1550 e garfield st":[47.6343234,-122.3117396],
"1637 california av sw":[47.588216,-122.386667],
"1725 25th av s":[47.587447,-122.300617],
"1736 alki av sw":[47.587156,-122.396388],
"20th av s \/ s jackson st":[47.5992537,-122.3063639],
"2117 w ruffner st":[47.6519995,-122.3841595],
"2636 cascadia av s":[47.579495,-122.285314],
"301 belmont av e":[47.6210012,-122.3242505],
"33rd av w \/ w mcgraw st":[47.639549,-122.3996304],
"3611 2nd av nw":[47.653663,-122.359229],
"4600 s raymond pl":[47.548664,-122.275076],
"4734 50th av s":[47.55959,-122.270393],
"4804 s frontenac st":[47.5399939,-122.272413],
"6512 51st av s":[47.543877,-122.269561],
"808 5th av n":[47.626644,-122.3472882],
"852 nw 90th st":[47.69448,-122.367577],
"8523 23rd av ne":[47.690994,-122.304497],
"9720 rainier av s":[47.516115,-122.253531],
"9800 4th ave nem - group health":[47.7008179,-122.3236968],
"highland dr \/ queen anne av n":[47.6295785,-122.3566313],
"ne 66th st \/ 15th av ne":[47.6764875,-122.3119431],
"nw 83rd st \/ 28th av nw":[47.6886926,-122.3930232],
"roosevelt way ne \/ ne 62nd st":[47.6733401,-122.3173477],
"summit av \/ seneca st":[47.6116941,-122.3242093]
}