{
"104 n 137th st":[47.7288579,-122.3578561],
"1080 w ewing pl":[47.655881,-122.369542],
"11224 beacon av s":[47.4990949,-122.264557],
"11838 26th av ne":[47.7151513,-122.300243],
"1223 nw 83rd st":[47.688536,-122.3725288],
"13327 23rd pl ne":[47.725573,-122.303671],
"1417 10th av":[47.613587,-122.3198023],
"1501 nw 61st st":[47.6730923,-122.3762496],
"15th av s \/ s winthrop st":[47.5759918,-122.3133883],
"1716 ne 135th st":[47.726887,-122.309153],
"1818 e prospect st":[47.628875,-122.307698],
"2126 n 134th st":[47.7257724,-122.333026],
"2214 n 140th st":[47.730706,-122.332044],
"23rd av e \/ e galer st":[47.6322866,-122.3022998],
"2417 2nd av w":[47.64013,-122.359982],
"2721 belvidere av sw":[47.5786433,-122.3792012],
"2nd av s \/ s findlay st":[47.5527024,-122.3324101],
"3015 nw 73rd st":[47.681434,-122.396348],
"3033 16th av w":[47.647642,-122.377874],
"3100 e jefferson st":[47.6062981,-122.2924378],
"3230 lafayette av s":[47.574184,-122.309911],
"4332 8th av ne":[47.6604016,-122.3195238],
"4602 s fletcher st":[47.519257,-122.274012],
"4974 12th av s":[47.5571455,-122.3168713],
"5017 38th av ne":[47.66546,-122.287159],
"5111 ne 65th st":[47.675515,-122.27228],
"515 22nd av e":[47.623713,-122.30391],
"530 dexter av n":[47.6245986,-122.3420834],
"5600 35th av sw":[47.551941,-122.3763079],
"5643 47th av sw":[47.5508118,-122.3926578],
"640 ne banner pl":[47.682604,-122.319254],
"6543 sylvan way sw":[47.5438264,-122.3712753],
"656 nw 51st st":[47.665951,-122.365748],
"6737 aurora av n":[47.6785718,-122.3456168],
"7100 california av sw":[47.5397851,-122.3868334],
"8324 30th av nw":[47.689459,-122.3954475],
"8600 beacon av s":[47.5261266,-122.2876578],
"9015 22nd av nw":[47.6949898,-122.384283],
"9525 3rd av nw":[47.6986148,-122.3610094],
"9939 51st av s":[47.511264,-122.270465],
"boren av \/ stewart st":[47.6169437,-122.3327154],
"holman rd nw \/ 12th av nw":[47.6970041,-122.3713873],
"ne 75th st \/ 28th av ne":[47.6830473,-122.2971909],
"nw 80th st \/ dibble av nw":[47.6869142,-122.3672496]
}