{
"1022 nw elford dr":[47.728198,-122.370637],
"11538 24th av ne":[47.713226,-122.302706],
"11756 exeter av ne":[47.7150279,-122.2809],
"13816 dayton av n":[47.730181,-122.352494],
"14300 linden av n":[47.7323396,-122.3477523],
"164 lynn st":[47.6392757,-122.3536363],
"2034 nw 64th st":[47.67551,-122.383695],
"2415 s ferdinand st":[47.558517,-122.3020323],
"26th av w \/ w commodore way":[47.6618361,-122.3899085],
"2742 ne 91st st":[47.695047,-122.296828],
"2800 e olive st":[47.6164752,-122.2961413],
"3008 15th av s":[47.5764761,-122.3130759],
"3212 cascadia av s":[47.5747969,-122.283122],
"4042 52nd av sw":[47.567261,-122.398427],
"4119 dayton av n":[47.657248,-122.35287],
"4148 54th av sw":[47.5653239,-122.401149],
"4329 university way ne":[47.6607051,-122.313471],
"4835 california av sw":[47.5579772,-122.3872686],
"524 ne 89th st":[47.693379,-122.321907],
"55th av s \/ seward park av s":[47.5422133,-122.2646452],
"7025 38th av ne":[47.680186,-122.287487],
"7703 22nd av nw":[47.6851259,-122.384627],
"7711 earl av nw":[47.6853042,-122.3922386],
"815 ne 82nd st":[47.687985,-122.319602],
"8500 meridian av n":[47.6908584,-122.3335363],
"8724 2nd av nw":[47.693278,-122.358971],
"lake washington blvd e \/ 32nd av e":[47.6249536,-122.2910284],
"ne 63rd st \/ 16th av ne":[47.6747614,-122.3108452],
"s barton st \/ 37th av s":[47.5213812,-122.2859796]
}