{
"10 denny way":[47.6189424,-122.3563551],
"10201 65th av s":[47.509568,-122.252695],
"10265 renton av s":[47.508289,-122.257114],
"11026 exeter av ne":[47.710202,-122.277762],
"11th av e \/ e roanoke st":[47.6432633,-122.3183914],
"12326 14th av ne":[47.71839,-122.313754],
"1500 e spring st":[47.6115644,-122.3128177],
"2100 2nd av n":[47.6374278,-122.3531269],
"2135 clise pl w":[47.6387807,-122.399377],
"2310 42nd av e":[47.639472,-122.27806],
"2319 n 64th st":[47.6749673,-122.3300455],
"2555 shoreland dr s":[47.580642,-122.285938],
"3003 sw roxbury st":[47.5172116,-122.3716067],
"321 broadway":[47.6042531,-122.3208197],
"3218 ne 98th st":[47.700483,-122.292548],
"3230 ne 96th st":[47.698591,-122.291992],
"332 nw 87th st":[47.692277,-122.362098],
"3632 43rd av w":[47.653811,-122.413],
"3820 42nd av sw":[47.5695482,-122.3851232],
"3921 15th av s":[47.5683115,-122.3138395],
"3932 bagley av n":[47.6552709,-122.3321696],
"4133 midvale av n":[47.657604,-122.343879],
"4135 39th av s":[47.5651122,-122.2841296],
"418 29th av e":[47.623083,-122.294447],
"4200 ne 50th st":[47.6650948,-122.2821852],
"4236 ne 113th st":[47.710732,-122.282073],
"4321 30th av w":[47.6591518,-122.3964822],
"4748 25th av sw":[47.559636,-122.363865],
"5208 green lake way n":[47.6667686,-122.3397665],
"5315 4th av s":[47.5543641,-122.3299685],
"5337 green lake way n":[47.6677711,-122.3400867],
"542 ne 83rd st":[47.689165,-122.321143],
"6311 high point dr sw":[47.5459453,-122.3685983],
"6762 38th av sw":[47.541171,-122.380199],
"6924 beacon av s":[47.5402336,-122.2975702],
"717 n 47th st":[47.66266,-122.3492],
"7304 54th av ne":[47.68138,-122.269289],
"742 n 90th st":[47.694417,-122.348196],
"909 nw northwood rd":[47.730883,-122.368745],
"9748 2nd av nw":[47.7010999,-122.359053],
"e union st \/ 38th av":[47.6127828,-122.2849279],
"ne 80th st \/ roosevelt way ne":[47.6867364,-122.3175514],
"s kenyon st \/ 8th av s":[47.5319579,-122.3228177]
}