{
"1025 s sullivan st":[47.527055,-122.319006],
"10455 56th av s":[47.506596,-122.263515],
"11021 fremont av n":[47.709387,-122.350535],
"12700 15th av ne":[47.7206938,-122.3126605],
"13330 31st av ne":[47.725675,-122.294175],
"1401 3rd av":[47.6088163,-122.337526],
"1501 2nd av":[47.609405,-122.339345],
"1616 ne 50th st":[47.6650992,-122.3099984],
"2008 17th av s":[47.5852304,-122.3104733],
"2012 ne 50th st":[47.664917,-122.3059198],
"2121 ne 102nd st":[47.701865,-122.304804],
"2339 ne 127th st":[47.720629,-122.303096],
"2414 ne 123rd st":[47.717754,-122.302378],
"3017 61st av sw":[47.5771495,-122.4109763],
"3221 14th av w":[47.6487481,-122.3754122],
"3rd av \/ clay st":[47.6176962,-122.3498461],
"4424 dayton av n":[47.661018,-122.351647],
"4626 sw myrtle st":[47.5396519,-122.392693],
"4821 s fletcher st":[47.5190444,-122.2728612],
"529 ne 90th st":[47.6938272,-122.3217444],
"5332 s wallace st":[47.4975547,-122.2662524],
"5713 65th av ne":[47.670482,-122.2585],
"5900 28th av s":[47.5499248,-122.2968491],
"7726 delridge way sw":[47.532887,-122.360053],
"7901 34th av sw":[47.5317719,-122.375656],
"810 ne 84th st":[47.68976,-122.31975],
"815 s thistle st":[47.5279881,-122.3222247],
"8630 18th av sw":[47.5255628,-122.357472],
"913 nw 62nd st":[47.673582,-122.369477],
"9207 15th av ne":[47.6960658,-122.3124121],
"lake city way ne \/ roosevelt way ne":[47.6822569,-122.3174704],
"west marginal way s \/ kenyon on rp":[47.5297817,-122.328043]
}