{
"110 8th av s":[47.6016168,-122.3224344],
"11020 greenwood av n":[47.70937,-122.354989],
"11234 37th av sw":[47.502079,-122.378715],
"1124 n 97th st":[47.6998091,-122.3434888],
"1215 ne northgate way":[47.708283,-122.314262],
"1421 western av":[47.607895,-122.3408781],
"1511 ne 100th st":[47.700987,-122.311717],
"1900 - 1999 boren av":[47.616945,-122.332718],
"2459 s edmunds st":[47.5593571,-122.3018599],
"2496 lake washington blvd s":[47.5809827,-122.2847801],
"2606 sw holden st":[47.5337179,-122.3676888],
"26th av sw\/sw holden st":[47.5337073,-122.3668311],
"26th av w \/ w barrett st":[47.6468484,-122.3903203],
"3122 23rd av s":[47.575199,-122.303026],
"3305 e john st":[47.6199382,-122.2898334],
"3360 59th av sw":[47.573568,-122.40784],
"351 22nd av e":[47.622891,-122.303923],
"3700 s irving st":[47.5911225,-122.2869907],
"3849 49th av sw":[47.5687844,-122.3950885],
"3951 1st av ne":[47.65498,-122.328211],
"4020 1st av ne":[47.65625,-122.327545],
"420 4th av":[47.602483,-122.329248],
"4216 7th av ne":[47.658059,-122.320419],
"5111 greenwood av n":[47.666142,-122.355729],
"6257 53rd av ne":[47.675438,-122.270628],
"6848 31st av sw":[47.5414418,-122.3722647],
"6852 54th av ne":[47.6790779,-122.269916],
"8030 40th av ne":[47.687466,-122.2849635],
"8250 interlake av n":[47.690192,-122.340073],
"8601 vashon view sw":[47.526411,-122.385106],
"8616 35th av ne":[47.6913187,-122.2906684],
"8719 17th av nw":[47.693109,-122.3792223],
"9500 45th av ne":[47.6975436,-122.2797574],
"boren av & james st":[47.6064867,-122.3225458],
"e roy st \/ 11th av e":[47.6253638,-122.3180736],
"s king st \/ 26th av s":[47.5980736,-122.2987015]
}