{
"10319 midvale av n":[47.7039355,-122.3435679],
"10344 stone av n":[47.704579,-122.341615],
"1115 n 42nd st":[47.6578529,-122.3438009],
"12 seahawk wy":[47.5357749,-122.1979672],
"12026 15th av ne":[47.7166097,-122.3121251],
"13251 35th av ne":[47.72609,-122.291202],
"14114 evanston av n":[47.731384,-122.351384],
"1415 20th av":[47.613485,-122.30662],
"161 18th av":[47.6029849,-122.309285],
"1610 2nd av w":[47.633913,-122.35927],
"1702 11 av s":[47.5881169,-122.318123],
"2126 20th av s":[47.5838067,-122.3065663],
"215 n 36th st":[47.6523276,-122.3559268],
"217 s henderson st":[47.522615,-122.331005],
"2331 ne 55th st":[47.6684037,-122.3018144],
"2333 nw 98th st":[47.7002697,-122.3867869],
"2644 w lynn st":[47.639332,-122.392306],
"3228 s chicago st":[47.53258,-122.289563],
"3930 sw monroe st":[47.531628,-122.383373],
"4027 43rd av s":[47.566782,-122.279909],
"4036 ne 45th st":[47.6612942,-122.2843328],
"4052 36th av w":[47.657448,-122.403201],
"4750 18th av ne":[47.6645067,-122.3080028],
"5063 harold pl ne":[47.6661,-122.272994],
"517 james st":[47.6039617,-122.3284775],
"5305 8th av ne":[47.6673647,-122.3198116],
"5401 48th av s":[47.553146,-122.2728854],
"6528 40th av ne":[47.676665,-122.284524],
"7126 42nd av s":[47.5385249,-122.2807548],
"713 nw 62nd st":[47.6740785,-122.3657134],
"7521 2nd av ne":[47.68377,-122.327341],
"8711 14th av nw":[47.692725,-122.3744],
"90 pike st":[47.6087122,-122.340546],
"9409 17th av sw":[47.5187234,-122.3564739],
"9559 sand point way ne":[47.699176,-122.278097],
"9th av n \/ john st":[47.6197149,-122.339755],
"ne 85th st \/ 16th av ne":[47.6903163,-122.3111496],
"westbound i90 at midspan":[47.589974,-122.268055]
}