{
"104 nw 137th st":[47.7289125,-122.3584993],
"10638 exeter av ne":[47.706593,-122.276147],
"1108 nw 57th st":[47.6703233,-122.3712502],
"1200 stewart st":[47.6178625,-122.3318996],
"12726 35th av ne":[47.721976,-122.290329],
"1352 ne 62nd st":[47.674111,-122.312291],
"1406 34th av":[47.613171,-122.2890581],
"1821 e thomas st":[47.620482,-122.3077224],
"2028 waverly pl n":[47.6374989,-122.3419478],
"2350 n 60th st":[47.672471,-122.32874],
"2828 sw adams st":[47.566446,-122.369468],
"3128 sw holly st":[47.5428555,-122.3728463],
"3232 ne 100th st":[47.7015249,-122.292659],
"3315 s morgan st":[47.544056,-122.289611],
"5559 28th av ne":[47.670205,-122.297643],
"5618 12th av ne":[47.670022,-122.314867],
"6008 36th av ne":[47.672485,-122.288806],
"6096 upland ter s":[47.546248,-122.26598],
"625 w emerson st":[47.650857,-122.366111],
"7724 16th av ne":[47.685745,-122.310744],
"8013 20th av ne":[47.687129,-122.307098],
"814 nw 108th st":[47.707282,-122.367103],
"8611 beacon av s":[47.525698,-122.28834],
"8702 jones av nw":[47.6920492,-122.3865945],
"9049 9th av sw":[47.521334,-122.347084],
"917 n 35th st":[47.6497458,-122.3466126],
"s frontenac st \/ rainier av s":[47.5398384,-122.2710165],
"sb sr509 fr front":[47.545542,-122.333346]
}