{
"1300 rainier av s":[47.5910386,-122.3078327],
"13267 15th av ne":[47.7251631,-122.3126672],
"14332 meridian av n":[47.733274,-122.33387],
"1441 n 34th st":[47.6476908,-122.3392856],
"15510 densmore av n":[47.7417868,-122.3382368],
"1616 42nd av sw":[47.5887486,-122.384655],
"1712 lake washington blvd s":[47.5873145,-122.2893132],
"1815 sw cloverdale st":[47.5263177,-122.3586025],
"2204 3rd av w":[47.638674,-122.36067],
"2300 41st av e":[47.6391307,-122.279583],
"2536 s willow st":[47.5410602,-122.2992484],
"2608 4th av w":[47.643602,-122.361858],
"320 ne 97th st":[47.6994329,-122.3246564],
"3630 48th av sw":[47.5711859,-122.3931667],
"4236 11th av ne":[47.6595287,-122.3163083],
"4715 6th av s":[47.5606225,-122.3271583],
"4848 s raymond st":[47.548667,-122.270567],
"5252 35th av sw":[47.5540134,-122.3759291],
"5401 20th av nw":[47.6682139,-122.382343],
"6117 s ryan st":[47.5095058,-122.2562753],
"6711 fremont av n":[47.678174,-122.350289],
"6728 16th av nw":[47.678552,-122.377512],
"7013 linden av n":[47.68004,-122.347533],
"9828 32nd av sw":[47.514781,-122.372843],
"minor av \/ cherry st":[47.607675,-122.3220627],
"n 44th st \/ greenwood av n":[47.6602257,-122.3554357],
"seneca st \/ 3rd av":[47.6070486,-122.3353252]
}