{
"1237 s sullivan st":[47.527046,-122.315935],
"1450 palm av sw":[47.5905237,-122.3842781],
"214 5th av s":[47.6003774,-122.3274296],
"2527 ne 125th st":[47.719069,-122.300527],
"2702 14th av s":[47.579348,-122.314277],
"2901 28th av w":[47.645833,-122.393315],
"3615 sw 106th st":[47.507938,-122.377721],
"404 nw 72nd st":[47.6809371,-122.3618078],
"4147 44th av sw":[47.5651933,-122.3885358],
"4542 42nd av sw":[47.5613544,-122.3854541],
"5071 7th av ne":[47.666993,-122.3209479],
"5119 keystone pl n":[47.6663183,-122.3317079],
"5221 17th av ne":[47.667015,-122.309955],
"5506 33rd av ne":[47.6687529,-122.2922827],
"5622 kirkwood pl n":[47.6697972,-122.3319532],
"611 broadway  e":[47.6244247,-122.3209618],
"6321 30th av sw":[47.5444399,-122.3699713],
"6502 40th av sw":[47.544646,-122.382794],
"8012 21st av nw":[47.6872865,-122.3829406],
"805 w cremona st":[47.6490611,-122.3675931],
"901 broadway":[47.6103495,-122.3210079],
"9022 14th av sw":[47.522119,-122.352489],
"nw 107th st \/ 3rd av nw":[47.7069243,-122.3608062],
"wall st \/ 6th av":[47.6180151,-122.3444626]
}