{
"11 vine st":[47.6135341,-122.3513615],
"12045 aurora ave n":[47.7173009,-122.3455148],
"1215 e union st":[47.6126368,-122.3158656],
"13702 19th av ne":[47.7286901,-122.30839],
"13th av \/ e olive st":[47.6164522,-122.3155609],
"1625 30th av":[47.616131,-122.293927],
"2109 condon way w":[47.637985,-122.396211],
"220 20th av s":[47.6001679,-122.306043],
"25th av ne \/ ne 54th st":[47.6679812,-122.3005991],
"312 2nd av s":[47.599536,-122.3311781],
"3235 nw 59th st":[47.671042,-122.39992],
"36th av \/ e pike st":[47.6140463,-122.2870657],
"4149 38th av sw":[47.5650306,-122.3804261],
"4603 3rd av nw":[47.6624188,-122.3609765],
"4732 18th av ne":[47.6640747,-122.3079861],
"5008 48th av sw":[47.5572351,-122.3932794],
"600 e olive st":[47.6164605,-122.3240748],
"600 lenora st":[47.615173,-122.3396215],
"6003 31st av s":[47.547844,-122.292921],
"6251 airport way s":[47.5471679,-122.314104],
"701 25th av s":[47.59663,-122.300451],
"726 m l king jr way s":[47.5958931,-122.2971775],
"7535 10th av nw":[47.684373,-122.3696645],
"8416 41st av sw":[47.527945,-122.383758],
"851 poplar pl s":[47.59416,-122.311965],
"8749 13th av nw":[47.6937516,-122.3730801],
"947 26th av s":[47.593186,-122.299384],
"9551 ashworth av n":[47.699319,-122.3400613],
"nw 95th st \/ 6th av nw":[47.6978633,-122.3633385],
"s adams st \/ s nevada st":[47.564105,-122.2983412],
"sw warsaw st \/ 39th av sw":[47.5438982,-122.3818684],
"w emerson pl \/ gilman av w":[47.6558678,-122.3864326]
}