{
"10th av ne \/ ne 125th st":[47.7197635,-122.3181419],
"1118 nw ballard way":[47.6630976,-122.3715839],
"12571 corliss av n":[47.7208778,-122.3312732],
"1529 alaskan way":[47.6078819,-122.3426105],
"158 11th av":[47.603052,-122.317729],
"2125 2nd av":[47.6128395,-122.3434107],
"2303 w commodore way":[47.6602806,-122.3862464],
"2606 ne 45th st":[47.6612583,-122.2988934],
"2801 s hanford st":[47.5744763,-122.2964444],
"2950 s frontenac st":[47.5401605,-122.2938456],
"341 n 102nd st":[47.7026898,-122.3536012],
"402 sw roxbury st":[47.5173284,-122.3418591],
"4403 cascadia av s":[47.563971,-122.283167],
"4527 s henderson st":[47.522716,-122.275039],
"4546 w cramer st":[47.669454,-122.415526],
"4634 s frontenac st":[47.5399893,-122.2738305],
"4693 ne 89th st":[47.692571,-122.274357],
"4729 25th av sw":[47.5601935,-122.3645087],
"4927 green lake way n":[47.6648118,-122.3412217],
"5001 delridge way sw":[47.5573324,-122.3631706],
"519 n 63rd st":[47.674372,-122.351957],
"5637 37th av sw":[47.5509351,-122.3790226],
"60 s main st":[47.6000714,-122.3353361],
"6050 32nd av s":[47.5464537,-122.2915171],
"60th av s \/ waters av s":[47.5165783,-122.2580491],
"6335 7th av s":[47.5454017,-122.3253672],
"6529 9th av nw":[47.6768397,-122.3689425],
"6608 beacon av s":[47.543397,-122.299119],
"7910 32nd av sw":[47.531548,-122.373555],
"8618 43rd av ne":[47.6906725,-122.2818344],
"920 n 35th st":[47.6502496,-122.346337],
"9417 17th av ne":[47.697242,-122.309728],
"9722 4th av nw":[47.70038,-122.361664],
"nb i5 at 145":[47.72959,-122.324067],
"s oregon st \/ cascadia av s":[47.5628483,-122.2827903]
}