{
"1129 29th av s":[47.5924416,-122.2958015],
"1276 n 143rd st":[47.7324265,-122.342803],
"14317 meridian av n":[47.732894,-122.334564],
"15th av w on rp":[47.653932,-122.3757018],
"1608 dexter av n":[47.6334204,-122.3421375],
"1628 california av sw":[47.5884028,-122.3857511],
"1719 ne 106th st":[47.7054944,-122.3089732],
"1734 ne 113th st":[47.7104852,-122.3084854],
"1741 n 130th st":[47.7230196,-122.3354574],
"2324 4th av":[47.6159461,-122.3448621],
"2808 40th av w":[47.645318,-122.407997],
"2828 nw 58th st":[47.671137,-122.394196],
"2909 s plum st":[47.585244,-122.294563],
"2919 s brandon st":[47.5535901,-122.296503],
"3301 w mcgraw st":[47.6392065,-122.4000443],
"3407 w mcgraw st":[47.6393518,-122.4016321],
"3515 ne 45th st":[47.6609311,-122.2895841],
"36th av nw \/ nw 60th st":[47.6721734,-122.4034795],
"4201 35th av w":[47.657917,-122.402541],
"4312 s myrtle st":[47.539136,-122.278745],
"4827 50th av sw":[47.55854,-122.396699],
"500 2nd av":[47.6017286,-122.3319885],
"5618 roosevelt way ne":[47.6696339,-122.3173403],
"5900 rainier av s":[47.5495031,-122.2767251],
"6344 41st av sw":[47.545295,-122.384072],
"6519 35th av ne":[47.6763826,-122.290702],
"6745 38th av s":[47.541123,-122.285093],
"6902 40th av sw":[47.541113,-122.382896],
"7161 beach dr sw":[47.537518,-122.396582],
"720 lakeside av s":[47.5959232,-122.2871695],
"7725 26th av sw":[47.532928,-122.366145],
"8001 aurora av n":[47.6871943,-122.3448287],
"8838 earl av nw":[47.693881,-122.39173],
"9101 8th av ne":[47.695064,-122.320634],
"high point dr sw \/ sylvan way sw":[47.5429361,-122.3706598]
}