{
"10314 61st av s":[47.508257,-122.257641],
"1036 ne 96th st":[47.698807,-122.316014],
"116 vine st":[47.615899,-122.349243],
"12500 lake city way ne":[47.719442,-122.2948364],
"1350 discovery park blvd":[47.6607355,-122.4289078],
"166 nw 60th st":[47.6725863,-122.3588818],
"1747 s dawson st":[47.555319,-122.3085],
"1st av nw \/ n 78th st":[47.6854747,-122.3579535],
"3039 61st av sw":[47.5765763,-122.411099],
"320 aloha st":[47.6272602,-122.3504769],
"3822 ne 91st st":[47.6947402,-122.2868335],
"3835 52nd av sw":[47.569261,-122.399214],
"4005 e highland dr":[47.629512,-122.280942],
"404 fairview av n":[47.6220611,-122.3342943],
"4206 greenwood av n":[47.658041,-122.355126],
"4429 26th av w":[47.660376,-122.3902987],
"516 4th av":[47.6028071,-122.3298871],
"6201 carleton av s":[47.547217,-122.320574],
"6325 57th av s":[47.5454859,-122.262091],
"636 lake washington blvd e":[47.6256905,-122.2921861],
"6954 23rd av sw":[47.5401677,-122.3618589],
"7712 30th av sw":[47.533287,-122.370787],
"8409 20th av sw":[47.527948,-122.359492],
"918 nw 51st st":[47.665922,-122.369502],
"ne 113th st \/ pinehurst way ne":[47.7105977,-122.3174204],
"pike hill climb \/ western av":[47.6083568,-122.3411236],
"s dawson st \/ 2nd av s":[47.5556746,-122.3323712],
"sb i5 at lakecity":[47.678271,-122.321027],
"sw kenyon st \/ 37th av sw":[47.5320096,-122.3793144]
}