{
"10616 32nd av sw":[47.507651,-122.373039],
"12325 40th av ne":[47.7181984,-122.2856594],
"1512 ne 102nd st":[47.702394,-122.31147],
"1628 m l king jr way":[47.6161952,-122.2958848],
"1923 s walker st":[47.5834509,-122.307118],
"19th av \/ e madison st":[47.6167309,-122.307411],
"2130 harbor av sw":[47.5853965,-122.3760576],
"2408 nw blue ridge dr":[47.70271,-122.387967],
"2617 28th av w":[47.6438052,-122.393253],
"2732 3rd av n":[47.6453739,-122.3510492],
"331 ne 92nd st":[47.6956149,-122.325344],
"334 ne 58th st":[47.671044,-122.323995],
"3986 s kenyon st":[47.5315454,-122.281044],
"400 s jackson st":[47.5994769,-122.3284721],
"4295 memorial way ne":[47.6597424,-122.3097761],
"4318 ne 87th st":[47.691864,-122.28159],
"434 yale av n":[47.6230027,-122.3301881],
"4345 s holden st":[47.5332118,-122.2769055],
"4455 s kenyon st":[47.531386,-122.2766103],
"5122 ne 75th st":[47.6832189,-122.2722279],
"5311 roosevelt way ne":[47.6674182,-122.3173961],
"5529 34th av nw":[47.6690558,-122.4011398],
"5567 16th av s":[47.5514898,-122.3125548],
"5800 3rd av nw":[47.6710985,-122.3602865],
"704 e thomas st":[47.621287,-122.322802],
"8403 roosevelt way ne":[47.689791,-122.317963],
"9275 52nd av s":[47.519082,-122.267783],
"9814 35th av sw":[47.51515,-122.376233],
"9843 arrowsmith av s":[47.513084,-122.252392],
"boylston av e \/ bellevue pl e":[47.6278731,-122.3235293],
"lewis pl sw \/ erskine way sw":[47.5588046,-122.3875927],
"w raye st \/ 34th av w":[47.6431623,-122.4009678]
}