{
"109 nw 76th st":[47.683786,-122.358484],
"1200 ne 64th st":[47.6753046,-122.3150032],
"12713 26th av ne":[47.721615,-122.300901],
"1757 nw 61st st":[47.6728624,-122.3813681],
"2036 32nd av s":[47.584014,-122.291602],
"2859 nw 96th st":[47.698937,-122.395716],
"2nd av \/ 2nd av et s":[47.601716,-122.3319992],
"3612 26th pl w":[47.652621,-122.388397],
"3643 densmore av n":[47.651733,-122.337871],
"4069 1st av s":[47.566961,-122.3342203],
"418 nw market st":[47.6686725,-122.362576],
"444 ne ravenna blvd":[47.678146,-122.3232953],
"459 boston st":[47.6380985,-122.3478383],
"5212 ivanhoe pl ne":[47.667096,-122.271964],
"5225 s brighton st":[47.541393,-122.266117],
"545 28 av":[47.6074651,-122.2960819],
"5th av ne \/ ne 78th st":[47.6853323,-122.3229462],
"6016 48th av sw":[47.547999,-122.393463],
"6215 s bangor st":[47.505924,-122.255269],
"7036 27th av nw":[47.680606,-122.390504],
"7544 earl av nw":[47.6844702,-122.3915852],
"8039 military rd s":[47.5306085,-122.2928224],
"806 ne 40th st":[47.6559596,-122.3194597],
"8439 beacon av s":[47.526697,-122.288363],
"8534 32nd av nw":[47.6916129,-122.397999],
"8606 meridian av n":[47.691422,-122.333447],
"8639 31st av sw":[47.5253132,-122.3728979],
"boren av n \/ john st":[47.6197109,-122.3358627],
"nb i5 at albro":[47.548716,-122.311984],
"sb i5 at north boeing field":[47.5431087,-122.3057422]
}