{
"10301 ravenna av ne":[47.703082,-122.299214],
"10724 interlake av n":[47.7076909,-122.340315],
"10832 42nd av sw":[47.505739,-122.384326],
"11047 31st av ne":[47.7097679,-122.295242],
"12058 lake city way ne":[47.7172238,-122.2961103],
"1260 parkside dr e":[47.6316774,-122.2904627],
"1423 41st av e":[47.6317129,-122.280266],
"1430 1st av n":[47.6320022,-122.3553918],
"14344 37th av ne":[47.733247,-122.288004],
"1728 37th av":[47.617355,-122.28555],
"1804 e hamlin st":[47.645757,-122.308793],
"2218 airport way s":[47.5833645,-122.3208725],
"22nd av \/ e pine st":[47.6152995,-122.3035773],
"2402 s irving st":[47.591473,-122.301088],
"2608 s morgan st":[47.5447245,-122.2992035],
"2655 46th av sw":[47.579537,-122.390957],
"2938 2nd av n":[47.6467772,-122.3533938],
"300 10th av":[47.6047639,-122.3188857],
"310 w raye st":[47.6432666,-122.3615601],
"4010 courtland pl s":[47.567603,-122.28645],
"4102 42nd av s":[47.56626,-122.280393],
"4103 delridge way sw":[47.566316,-122.363657],
"4515 s snoqualmie st":[47.5615376,-122.2762406],
"4604 mount view dr s":[47.5613355,-122.2969535],
"4814 13th av s":[47.559696,-122.315744],
"5025 california av sw":[47.5567024,-122.3872822],
"528 33rd av s":[47.5970427,-122.2899365],
"536 5th av w":[47.624188,-122.3632791],
"6310 meridian av n":[47.674752,-122.333195],
"6357 41st av sw":[47.544977,-122.384818],
"654 w olympic pl":[47.6280101,-122.3662345],
"7307 12th av ne":[47.681772,-122.315677],
"7400 greenwood av n":[47.6826567,-122.355051],
"8321 29th av nw":[47.689332,-122.394784],
"856 nw 114th st":[47.7117486,-122.3676934],
"9000 23rd av nw":[47.6945583,-122.3847187],
"9338 beacon av s":[47.5180957,-122.2757055],
"9902 32nd av sw":[47.514502,-122.37281],
"kirkwood pl n \/ mckinley pl n":[47.6723481,-122.3345165]
}