{
"10604 61st av s":[47.505931,-122.2569151],
"1102 32nd av e":[47.62868,-122.290477],
"1122 n 180th st":[47.759875,-122.3448014],
"1244 ne 103rd st":[47.703338,-122.313093],
"12749-12999 33rd av ne":[47.722715,-122.2920089],
"21 w lee st":[47.6312885,-122.3576277],
"218 21st av e":[47.6208,-122.304384],
"2545 s eddy st":[47.5451781,-122.2981191],
"300-399 university st":[47.6077671,-122.3360002],
"3037 nw market st":[47.6682768,-122.3973203],
"3281 36th av sw":[47.5732772,-122.3773842],
"3426 21st av w":[47.6511967,-122.3830977],
"3523 s dawson st":[47.554882,-122.288319],
"4216 winslow pl n":[47.658274,-122.346382],
"4815 s garden st":[47.537431,-122.27195],
"4th av nw \/ nw 125th st":[47.7196426,-122.3622895],
"5037 sw prince st":[47.582438,-122.396038],
"603 nw 50th st":[47.6648349,-122.364221],
"6855 35th av ne":[47.6791436,-122.2906089],
"7042 13th av sw":[47.539774,-122.35118],
"7912 8th av ne":[47.6864801,-122.3200222],
"8741 seward park av s":[47.524382,-122.26495],
"9001 renton av s":[47.523018,-122.276671],
"9345 37th av s":[47.518387,-122.286459],
"9440 27th av s":[47.5402013,-122.2981345],
"broadway e & e olive way":[47.6199037,-122.3208691],
"n canal st \/ 1st av nw":[47.6519668,-122.3575817],
"occidental av s \/ s lander st":[47.579812,-122.3332553],
"w smith st \/ 29th av w":[47.6411705,-122.3941869]
}