{
"1100 broadway":[47.6116345,-122.3202662],
"1130 30th av":[47.6125735,-122.2933933],
"1131 30th av s":[47.592354,-122.293707],
"12311 sand point way ne":[47.717778,-122.284592],
"13558 15th pl ne":[47.728292,-122.311714],
"13744 20th av ne":[47.729739,-122.306944],
"2132 n 117th st":[47.714427,-122.332644],
"2304 n 113th pl":[47.7108679,-122.3310713],
"2601 46th av sw":[47.581066,-122.391017],
"315 27th av s":[47.599926,-122.297671],
"3917 university way ne":[47.6540452,-122.3134372],
"4208 s chicago st":[47.5326547,-122.2802106],
"4311 sunnyside av n":[47.659526,-122.330555],
"4352 15th av s":[47.5638258,-122.312989],
"4608 dayton av n":[47.6624769,-122.3524882],
"4827 ne 42nd st":[47.658925,-122.275419],
"503 westlake av n":[47.6233867,-122.3388454],
"8001 bagley av n":[47.6869044,-122.3320906],
"9400 roosevelt way ne":[47.6969385,-122.3172642],
"9420 6th av sw":[47.5184994,-122.3425676],
"9741 8th av nw":[47.701344,-122.366454],
"alder st \/ broadway":[47.6042588,-122.320801],
"madison st \/ alaskan way":[47.6037637,-122.3384844],
"ne 65th st \/ 48th av ne":[47.6757778,-122.2768796],
"sw dakota st \/ 37th av sw":[47.5664831,-122.3787879]
}