{
"0 - 0 wb wsea frwy to 6":[47.5716611,-122.3259553],
"101 m l king jr way e":[47.619072,-122.296424],
"10541 stone av n":[47.7062488,-122.3421981],
"11509 2nd av nw":[47.712694,-122.359898],
"11519 12th av ne":[47.712855,-122.3167077],
"11th av \/ e union st":[47.612932,-122.3181203],
"1202 e pine st":[47.6154371,-122.3165523],
"1250 ne 145th st":[47.7346139,-122.3137984],
"139 22nd av e":[47.6195189,-122.30398],
"1615 n 50th st":[47.6647806,-122.338483],
"1621 grand av":[47.615907,-122.28496],
"17th av s \/ s forest st":[47.5777955,-122.3108317],
"2206 41st av sw":[47.583741,-122.38346],
"2228 2nd av w":[47.639299,-122.359202],
"2602 w dravus st":[47.6488319,-122.3900436],
"3214 nw 60th st":[47.6723827,-122.3990949],
"32nd av ne \/ ne 50th st":[47.6648783,-122.2934366],
"4317 36th av ne":[47.6603986,-122.2894762],
"4407 51st av ne":[47.660358,-122.273282],
"4537 sw director st":[47.5227369,-122.3918462],
"4702 s cloverdale st":[47.526369,-122.273198],
"4944 ne 85th st":[47.6908,-122.272713],
"4th av \/ university st":[47.608228,-122.334873],
"4th av n \/ smith st":[47.641507,-122.3495741],
"524 n 137th st":[47.7286191,-122.3521504],
"5461 lake washington blvd s":[47.551631,-122.260492],
"5511 6th av s":[47.5530115,-122.3273458],
"5960 31st av sw":[47.5486649,-122.3719277],
"6515 19th av nw":[47.67629,-122.381376],
"676 s jackson st":[47.5993565,-122.3240437],
"75 e lynn st":[47.6395302,-122.3279888],
"819 24th av":[47.609627,-122.301878],
"8470 inverness dr ne":[47.690335,-122.276935],
"8700 seward park av s":[47.5256584,-122.264751],
"9251 21st av sw":[47.5195771,-122.3607858],
"927 25th av s":[47.5937284,-122.3004127],
"9717 roosevelt way ne":[47.7000188,-122.3178994],
"beacon av s \/ s morgan st":[47.5442541,-122.2999561],
"n 105th st \/ north park av n":[47.7050634,-122.3487159],
"nb i5 fr s albro pl":[47.5488009,-122.3118147],
"s nye pl \/ 20th pl s":[47.5951761,-122.3048853]
}