{
"1009 s henderson st":[47.5228019,-122.3198335],
"13027 25th av ne":[47.723761,-122.302284],
"13100 aurora av n":[47.7240661,-122.3449394],
"1311 n 79th st":[47.6860406,-122.3411659],
"13528 1st av nw":[47.727665,-122.357621],
"145 ne 133rd st":[47.724313,-122.327051],
"15th av s \/ s lander st":[47.5794708,-122.3134046],
"16303 interlake av n":[47.747018,-122.341625],
"1752 14th av s":[47.587676,-122.314527],
"17th av e \/ e denny way":[47.6185272,-122.3101379],
"20th av e \/ e lynn st":[47.6395434,-122.3055501],
"2350 w commodore way":[47.6608723,-122.3873722],
"320 ne 82nd st":[47.68847,-122.324739],
"36th av w \/ w lawton st":[47.66347,-122.4035608],
"3757 s ridgeway pl":[47.5770544,-122.285097],
"3944 s eddy st":[47.545467,-122.281395],
"4200 s raymond st":[47.5483954,-122.2806436],
"4511 8th av ne":[47.6616136,-122.3198973],
"4727 beacon av s":[47.5601713,-122.3051616],
"5379 16th av sw":[47.5536717,-122.3548134],
"5633 26th av sw":[47.550925,-122.365928],
"5943 28th av s":[47.5486859,-122.297241],
"6525 fauntleroy way sw":[47.5449144,-122.3884533],
"7315 51st av ne":[47.681881,-122.273395],
"8315 greenwood av n":[47.689617,-122.3556783],
"8565 30th av nw":[47.692587,-122.396239],
"8734 20th av nw":[47.6934305,-122.3819157],
"9231 greenwood av n":[47.696981,-122.3553771],
"nb i5 exp to 1":[47.703072,-122.328857],
"ne 76th st \/ 15th av ne":[47.6839657,-122.3121018],
"s brighton st \/ 42nd av s":[47.5415652,-122.2808029]
}