{
"10431 57th av s":[47.507311,-122.261778],
"106 nw 101st st":[47.702453,-122.358615],
"1127 nw 56th st":[47.6692954,-122.3720276],
"1208 pine st":[47.6149626,-122.3286458],
"1213 4th av w":[47.6300628,-122.3621302],
"1218 e spruce st":[47.6035296,-122.3165238],
"12313 33rd av ne":[47.7177449,-122.2931196],
"13346 20th av ne":[47.72611,-122.3072724],
"1527 32nd av":[47.614896,-122.291669],
"1542 nw woodbine way":[47.707705,-122.379052],
"1620 34th ct w":[47.63311,-122.3999],
"19671 15th av ne":[47.7716116,-122.3137126],
"2450 westlake av n":[47.6408963,-122.3419355],
"3035 64th av sw":[47.5769178,-122.414989],
"3518 1st av nw":[47.6527054,-122.3574934],
"3639 dayton av n":[47.653028,-122.352678],
"383 nw 112th st":[47.709834,-122.364776],
"4309 sw seattle st":[47.589082,-122.386753],
"4334 latona av ne":[47.65996,-122.324801],
"4561 33rd av s":[47.5610912,-122.2912112],
"5452 32nd av sw":[47.55225,-122.373229],
"601 belmont av e":[47.624654,-122.324406],
"6301 sw admiral way":[47.57576,-122.413734],
"6510 47th av ne":[47.676128,-122.277612],
"6706 s bangor st":[47.5065174,-122.2497121],
"912 nw 63rd st":[47.674766,-122.369372],
"946 n 90th st":[47.6943524,-122.3452194],
"broadway e \/ e miller st":[47.6413686,-122.3213646],
"east marginal way s \/ s boeing access rd":[47.5070954,-122.2911125]
}