{
"12365 35th av ne":[47.7185007,-122.2910614],
"1250 denny way":[47.619088,-122.331604],
"1730 dexter av n":[47.634858,-122.34188],
"1932 n 120th st":[47.716127,-122.334383],
"2006 2nd av n":[47.636848,-122.352807],
"2009 e aloha st":[47.626632,-122.305538],
"2100 sw orchard st":[47.5379232,-122.3605365],
"2123 4th av n":[47.638123,-122.3497647],
"2325 nw market st":[47.6685124,-122.3873588],
"2329 california av sw":[47.5821494,-122.3868939],
"2515 n 42nd st":[47.6575766,-122.3282546],
"2618 47th av sw":[47.5806239,-122.3915649],
"340 nw 112th st":[47.7107389,-122.362665],
"3415 e denny way":[47.618137,-122.288249],
"3446 nw 65th st":[47.67615,-122.403057],
"422 nw 97th st":[47.699924,-122.363114],
"4339 5th av ne":[47.6600589,-122.32324],
"4411 s dawson st":[47.554931,-122.277924],
"4531 8th av ne":[47.6621952,-122.3198931],
"4618 s austin st":[47.5348813,-122.2743642],
"4738 16th av ne":[47.6641927,-122.3104851],
"515 1st av n":[47.6237647,-122.3556267],
"5203 18th av ne":[47.6665668,-122.3086242],
"5223 57th av s":[47.554134,-122.262425],
"5458 leary av nw":[47.6681466,-122.3835325],
"5565 ne windermere rd":[47.667073,-122.266329],
"58 w etruria st":[47.6479777,-122.360113],
"6914 40th av sw":[47.540762,-122.382813],
"7022 21st av ne":[47.680126,-122.304889],
"7026 26th av nw":[47.680335,-122.389431],
"7336 55th av ne":[47.682286,-122.268684],
"7526 brooklyn av ne":[47.683866,-122.313946],
"7709 15th av nw":[47.6854254,-122.3770644],
"919 w newell st":[47.6441466,-122.3697834]
}