{
"110 vine st":[47.6153315,-122.3496009],
"11338 3rd av ne":[47.711717,-122.325693],
"1415 29th av":[47.613469,-122.295212],
"1511 n 122nd st":[47.7169035,-122.3389504],
"1512 5th av w":[47.632768,-122.363309],
"1600 s weller st":[47.5977289,-122.3107051],
"2100 beacon av s":[47.5848341,-122.3183899],
"213 w lee st":[47.631026,-122.359911],
"222 w roy st":[47.6259236,-122.3603467],
"231 dexter av n":[47.6207199,-122.3428246],
"2321 n northlake way":[47.6499528,-122.3307797],
"2324 bonair pl sw":[47.582634,-122.401039],
"23rd av ne \/ ne 125th st":[47.719343,-122.3045514],
"2600 1st av n":[47.643377,-122.355255],
"2nd av sw \/ highland park way sw":[47.5397405,-122.33709],
"3025 62nd av sw":[47.576983,-122.41239],
"3037 59th av sw":[47.576582,-122.408505],
"3226 63rd av sw":[47.57514,-122.413003],
"332 n 76th st":[47.684243,-122.353853],
"3544 s morgan st":[47.5447429,-122.286906],
"3617 12th av w":[47.652743,-122.372668],
"4021 52nd av sw":[47.5678354,-122.3992107],
"420 13th av e":[47.622615,-122.315391],
"4219 s brandon st":[47.553244,-122.2799557],
"4457 fauntleroy way sw":[47.5633143,-122.3792271],
"4618 s fontanelle st":[47.536149,-122.274438],
"4729 51st pl sw":[47.56035,-122.398668],
"5224 17th av sw":[47.55502,-122.355603],
"6526 51st av ne":[47.67657,-122.272533],
"714 cherry st":[47.6055273,-122.3271885],
"735 17th av e":[47.6263232,-122.3103652],
"7719 58th av ne":[47.685124,-122.266399],
"minor av \/ madison st":[47.60981,-122.324029],
"nb sr509 to holden":[47.5339681,-122.331604],
"richwood av nw \/ nw 100th st":[47.7015592,-122.3875546],
"s dearborn st \/ eb i90 exp at 12":[47.5948876,-122.3171791]
}