{
"0 railroad way s":[47.597044,-122.334698],
"10120 marine view dr sw":[47.5122969,-122.390282],
"10258 37th av sw":[47.510345,-122.377836],
"1112 25th av":[47.612029,-122.29973],
"11515 aurora av n":[47.7124965,-122.3448233],
"14338 wayne pl n":[47.733437,-122.335032],
"18th av sw \/ sw roxbury st":[47.517356,-122.357848],
"2124 california av sw":[47.58452,-122.38599],
"2400 8th av n":[47.6398733,-122.3426508],
"2600 s grand st":[47.5870367,-122.2989252],
"2600 sw myrtle st":[47.5393487,-122.3665617],
"322 30th av e":[47.6220205,-122.2928881],
"3319 59th av sw":[47.5747349,-122.408567],
"3460 east marginal way s":[47.5708054,-122.3398178],
"4147 39th av s":[47.564815,-122.2841714],
"4333 wallingford av n":[47.6601245,-122.3364443],
"4505 s holden st":[47.532704,-122.276426],
"4818 s orcas st":[47.5513133,-122.2716803],
"5205 s mayflower st":[47.553879,-122.267803],
"5560 ne ambleside rd":[47.66623,-122.266704],
"7033 42nd av ne":[47.680446,-122.284272],
"7348 55th av ne":[47.682597,-122.268715],
"7515 dibble av nw":[47.68371,-122.367595],
"7710 32nd av nw":[47.685301,-122.39791],
"8022 32nd av nw":[47.687415,-122.397885],
"810 nw 63rd st":[47.674763,-122.36667],
"8807 17th av ne":[47.6924042,-122.3097358],
"9015 9th av sw":[47.522322,-122.347089],
"9056 18th av sw":[47.5213882,-122.3575868],
"9211 holman rd nw":[47.6968783,-122.3722285],
"925 m l king jr way":[47.6107599,-122.2965712],
"9430 16th av sw":[47.5182462,-122.3549419],
"9702 35th av ne":[47.699494,-122.290299],
"ne 105th st \/ 17th av ne":[47.7049081,-122.3097582],
"queen anne av n \/ denny way":[47.6185894,-122.3567585],
"s bayview st \/ 14th av s":[47.5810266,-122.3147029]
}