{
"12736 9th av nw":[47.722538,-122.367328],
"13606 3rd av ne":[47.727626,-122.326191],
"1405 e spruce st":[47.6035015,-122.3139646],
"1949 3rd av w":[47.637379,-122.361354],
"2134 48th av sw":[47.5843952,-122.3926092],
"2211 western av":[47.6120284,-122.346226],
"2711 e yesler way":[47.601391,-122.297289],
"3113 harbor av sw":[47.575233,-122.3710935],
"3119 sw 97th st":[47.516398,-122.372914],
"3217 s kenyon st":[47.5314838,-122.2900044],
"34th av s \/ s alaska st":[47.5607262,-122.2899079],
"4063 spokane ln ne":[47.6558391,-122.3100675],
"53rd av s \/ s fountain st":[47.5036796,-122.2675308],
"548 lake washington blvd e":[47.6245369,-122.289863],
"5646 30th av sw":[47.550748,-122.3706472],
"5th av ne \/ ne 44th st":[47.6602041,-122.3229707],
"6624 fauntleroy way sw":[47.5435445,-122.3896182],
"835 ne 97th st":[47.6993115,-122.3188263],
"8th av nw \/ nw 80th st":[47.6869329,-122.3660253],
"9205 3rd av nw":[47.696208,-122.361073],
"9222 32nd av sw":[47.520408,-122.373294],
"9663 51st av s":[47.515015,-122.270664],
"holman rd nw \/ 3rd av nw":[47.7023685,-122.3607337],
"nw 50th st \/ 11th av nw":[47.6650444,-122.370768],
"nw 64th st \/ 9th av nw":[47.6752698,-122.3687315],
"s byron st \/ wetmore av s":[47.5743464,-122.2936147],
"sw hudson st \/ 49th av sw":[47.5575691,-122.3949294]
}