{
"0 - 0 nb i5 to wb wsea frwy":[47.566974,-122.32047],
"12030 8th av ne":[47.716748,-122.320303],
"1728 n 122nd st":[47.717641,-122.335682],
"1801 westlake av":[47.6126765,-122.3374608],
"1913 n 45th st":[47.6611946,-122.334459],
"211 dexter av n":[47.6203035,-122.342797],
"262 nw 43rd st":[47.6591227,-122.3604165],
"3221 e morley way":[47.629731,-122.289891],
"3464 e alder st":[47.604541,-122.28831],
"4129 50th av s":[47.565537,-122.271136],
"4543 rainier av s":[47.5616273,-122.2878504],
"5006 40th av sw":[47.557175,-122.382477],
"618 n 45th st":[47.661681,-122.350618],
"6716 34th av sw":[47.5420487,-122.3751749],
"7000 37th av sw":[47.539768,-122.3792211],
"7001 holly park dr s":[47.5394701,-122.2881397],
"720 queen anne av n":[47.6260005,-122.3564277],
"9117 23rd av nw":[47.695442,-122.38571],
"9723 palatine av n":[47.7004779,-122.357126],
"9936 rainier av s":[47.512764,-122.248804],
"s massachusetts st \/ 1st av s":[47.5882161,-122.3342052],
"s thistle pl \/ renton av s":[47.5285385,-122.2779394]
}