{
"11023 8th av ne":[47.7094769,-122.3211547],
"1115 9th av w":[47.629216,-122.369431],
"1132 29th av s":[47.5924827,-122.2952732],
"1201 n northgate way":[47.7050133,-122.3433147],
"12540 4th av nw":[47.720794,-122.361941],
"1312 e denny way":[47.6189662,-122.3148036],
"1536 12th av s":[47.588868,-122.316902],
"1818 15th av":[47.6182174,-122.3124206],
"23 john st":[47.6197682,-122.3564498],
"2519 ne 95th st":[47.697315,-122.3006241],
"3003 e cherry st":[47.6077535,-122.2933769],
"3248 36th av w":[47.65013,-122.403222],
"3710 wallingford av n":[47.652313,-122.335939],
"452 n 130th st":[47.723543,-122.352995],
"4730 32nd av s":[47.5600851,-122.2905723],
"4863 14th av s":[47.5591144,-122.3144624],
"5248 s morgan st":[47.544602,-122.264995],
"5313 shilshole av nw":[47.6664499,-122.3850741],
"542 s cloverdale st":[47.5266802,-122.3263628],
"5916 17th av s":[47.5493857,-122.3107624],
"6408 42nd av s":[47.5447809,-122.2805117],
"6746 19th av nw":[47.679096,-122.38073],
"6809 oswego pl ne":[47.6780848,-122.3229103],
"6842 36th av ne":[47.678899,-122.288975],
"703 n 67th st":[47.677584,-122.349759],
"720 taylor av n":[47.6260265,-122.3457493],
"7503 24th av nw":[47.6834008,-122.3875877],
"8007 densmore av n":[47.6872841,-122.3377648],
"8818 20th av ne":[47.692762,-122.306532],
"9268 fauntleroy way sw":[47.52002,-122.393519],
"queen anne av n \/ blaine st":[47.634748,-122.3569827]
}