{
"1000 7th av s":[47.5941526,-122.3237534],
"11343 corliss av n":[47.7114556,-122.3317573],
"1220 federal av e":[47.631118,-122.318831],
"12715 2nd av nw":[47.721938,-122.360001],
"1543 ne 145th st":[47.7339599,-122.3119455],
"1701 dexter av n":[47.6340823,-122.3426436],
"1729 13th av s":[47.587487,-122.316492],
"1910 e mcgraw st":[47.640496,-122.306718],
"2319 california av sw":[47.582377,-122.3868843],
"2512 42nd av w":[47.642566,-122.410556],
"2607 nw market st":[47.6684634,-122.3905719],
"2701 30th av s":[47.5794858,-122.2944607],
"2854 sw dakota st":[47.56717,-122.370297],
"3201 magnolia blvd w":[47.648864,-122.414663],
"3443 21st av w":[47.6515743,-122.3836238],
"4770 54th av sw":[47.5597884,-122.4012696],
"519 ne 79th st":[47.685828,-122.322027],
"5209 s dawson st":[47.554625,-122.267656],
"5935 30th av s":[47.5487422,-122.2940155],
"6532 25th av ne":[47.6767642,-122.3002968],
"6715 palatine av n":[47.678163,-122.356721],
"6910 california av sw":[47.5419113,-122.3868076],
"7312 16th av ne":[47.681657,-122.3109614],
"744 bellevue av e":[47.6264012,-122.3265809],
"9022 20th av ne":[47.6946137,-122.3065312],
"9519 4th av nw":[47.698516,-122.362635],
"s grand st \/ 24th av s":[47.5869142,-122.3013183]
}