{
"11025 fremont av n":[47.709497,-122.350537],
"12524 evanston av n":[47.720393,-122.351236],
"12755 27th av ne":[47.7227576,-122.2994082],
"1317 sturgus av s":[47.590925,-122.312212],
"13526 riviera pl ne":[47.727123,-122.280745],
"1420 n 45th st - chevron service station":[47.6615658,-122.3395193],
"14318 burke av n":[47.732888,-122.335617],
"204 pontius av n":[47.6197641,-122.3316702],
"20th av s \/ s college st":[47.5829589,-122.3068809],
"2307 mcgilvra blvd e":[47.639378,-122.281142],
"2610 ne 127th st":[47.721361,-122.299943],
"2800 - 3099 fairview av e":[47.647699,-122.325457],
"314 boylston av e":[47.6215849,-122.3228431],
"3621 14th av w":[47.6528772,-122.3752642],
"4034 woodland park av n":[47.656386,-122.344312],
"419 26th av s":[47.598628,-122.299054],
"4232 11th av ne":[47.6593165,-122.316622],
"4232 4th av nw":[47.658782,-122.361533],
"4651 s holden st":[47.533436,-122.273136],
"4800 university way ne":[47.6648472,-122.3130763],
"4855 ne 41st st":[47.658222,-122.274264],
"515 minor av":[47.6064224,-122.3220492],
"51st av s \/ s graham st":[47.546071,-122.2698978],
"5220 pullman av ne":[47.671244,-122.272407],
"5418 green lake way n":[47.6683702,-122.3400484],
"5531 35th av s":[47.55154,-122.289647],
"5611 delridge way sw":[47.5514806,-122.363253],
"5802 3rd av s":[47.5510835,-122.3309363],
"611 w raye st":[47.642923,-122.365509],
"615 s alaska st":[47.5607939,-122.3259885],
"733 e pike st":[47.6140683,-122.3222511],
"7600 8th av sw":[47.5335787,-122.3463747],
"8034 10th av nw":[47.687962,-122.368962],
"816 2nd av":[47.6043901,-122.3340855],
"820 e pike st":[47.6141002,-122.3210989],
"9833 61st av s":[47.5123718,-122.2573798],
"east green lake dr n \/ ne maple leaf pl":[47.6807105,-122.3261301],
"eb mercer to i5 split":[47.624541,-122.334287],
"ne 41st st \/ 12th av ne":[47.6568622,-122.3155714]
}