{
"0 - 0 sb i5 at 105":[47.7051151,-122.329925],
"11211 fremont av n":[47.710942,-122.350561],
"1240 sw othello st":[47.537563,-122.35222],
"12743 37th av ne":[47.722319,-122.289435],
"128 n 49th st":[47.6645415,-122.3558365],
"1344 e interlaken blvd":[47.639991,-122.314289],
"1441 - 1501 discovery park blvd":[47.66107,-122.432529],
"14th av sw \/ sw holden st":[47.5341163,-122.3527796],
"1556 nw ballard way":[47.6630939,-122.3786592],
"1604 ne ravenna blvd":[47.67061,-122.310396],
"24th av s \/ s raymond st":[47.5487142,-122.3022569],
"2542 31st av w":[47.642381,-122.396599],
"2743 california av sw":[47.5780006,-122.3870615],
"2846 s alaska st":[47.5608741,-122.2947416],
"3110 sw graham st":[47.5469288,-122.3724969],
"3356 e shore dr":[47.640101,-122.288439],
"3708 e superior st":[47.603057,-122.286703],
"4159 38th av s":[47.564487,-122.285275],
"4647 s chicago st":[47.532333,-122.273292],
"4809 s thistle st":[47.5277154,-122.2724247],
"509 olive way":[47.6127103,-122.3366522],
"529 broadway e":[47.6238943,-122.3209558],
"5933 33rd av s":[47.54881,-122.290692],
"615 18th av s":[47.5969448,-122.3090067],
"624 2nd av":[47.6028529,-122.3330058],
"6501 aurora av n":[47.6767294,-122.3469123],
"6616 flora av s":[47.5435612,-122.3199265],
"7939 7th av sw":[47.5307646,-122.3444948],
"825 nw 46th st":[47.6621917,-122.3670921],
"8301 32nd av nw":[47.688513,-122.399175],
"8500 lake city way ne":[47.6906029,-122.3072528],
"n 67th st \/ greenwood av n":[47.6778851,-122.3551422],
"nw 41st st \/ 3rd av nw":[47.6563394,-122.3608236],
"nw 80th st \/ 14th av nw":[47.6868788,-122.3740881],
"sw 106th st \/ 31st av sw":[47.5081982,-122.3721205],
"western av \/ union st":[47.6073689,-122.3402071]
}