{
"1024 s henderson st":[47.5230734,-122.3192358],
"1109 34th av":[47.6120171,-122.2896661],
"11219 greenwood av n":[47.711193,-122.35591],
"1254 ne 130th st":[47.723278,-122.312912],
"12th av sw \/ sw kenyon st":[47.5319129,-122.3505842],
"1330 terry av":[47.611336,-122.3284788],
"1710 ne 86th st":[47.6914164,-122.3086966],
"1720 e olive way":[47.6199598,-122.3226847],
"20th av \/ e union st":[47.6129073,-122.3062722],
"2258 15th av w":[47.640396,-122.375784],
"2306 hobart av sw":[47.583485,-122.398645],
"27th av ne \/ ne 75th st":[47.6830506,-122.2985762],
"3044 61st av sw":[47.5764394,-122.4104807],
"310 ne 103rd st":[47.7031721,-122.325758],
"3404 ne 57th st":[47.670512,-122.291187],
"3431 11th av sw":[47.5725061,-122.3505264],
"3921 linden av n":[47.654808,-122.3489],
"4021 22nd av w":[47.6566446,-122.384852],
"41st av sw \/ sw juneau st":[47.550262,-122.3843261],
"4500 university way ne":[47.6614719,-122.3127982],
"5011 bernie whitebear way":[47.6679466,-122.4180202],
"50th av ne \/ ne 44th st":[47.660089,-122.2739882],
"51st av s \/ s hudson st":[47.557087,-122.2698149],
"5201 42nd av s":[47.5552297,-122.2816195],
"5316 green lake way n":[47.6676379,-122.339718],
"6111 4th av s":[47.5472792,-122.3302456],
"6413 roosevelt way ne":[47.6754367,-122.3175961],
"672 s king st":[47.5984972,-122.3239332],
"7743 18th av nw":[47.6862792,-122.3803295],
"8030 19th av nw":[47.6877837,-122.3807837],
"8400 wabash av s":[47.527735,-122.267163],
"8445 30th av sw":[47.526966,-122.371629],
"9106 beacon av s":[47.521574,-122.283248],
"9508 densmore av n":[47.6981279,-122.337305],
"boren av n \/ harrison st":[47.6220217,-122.3358359],
"s dearborn st":[47.5958687,-122.3072865],
"s irving st \/ 31st av s":[47.5912416,-122.2924031]
}