{
"101 w lee st (lee cmd)":[47.6311129,-122.3582591],
"1038 34th av e":[47.628558,-122.287767],
"10416 42nd av ne":[47.704279,-122.282401],
"1101 nw 57th st":[47.669938,-122.370993],
"11522 8th av ne":[47.712871,-122.3203],
"1431 broadway":[47.6133497,-122.3208355],
"200 virginia st":[47.6143342,-122.3387011],
"230 36th av e":[47.6208839,-122.286548],
"2476 westlake av n":[47.6418158,-122.3424917],
"2525 boyer av e":[47.6420272,-122.3153171],
"301 northgate mall":[47.7062086,-122.3258737],
"3121 25th av s":[47.5752028,-122.3005649],
"3727 s pilgrim st":[47.515475,-122.284776],
"3907 sw ida st":[47.534059,-122.38241],
"410 21st av e":[47.622623,-122.304353],
"4401 memorial way ne":[47.6604416,-122.309769],
"4845 s raymond st":[47.54822,-122.270804],
"5032 11th av ne":[47.6659212,-122.3160021],
"5224 21st av s":[47.5552097,-122.3058536],
"5611 37th av sw":[47.551619,-122.379383],
"5730 keystone pl n":[47.671449,-122.334383],
"600 western av":[47.6018647,-122.3352945],
"6008 princeton av ne":[47.673586,-122.274504],
"6019 2nd av nw":[47.673037,-122.3597816],
"610 cherry st":[47.6049097,-122.3286644],
"614 nw 75th st":[47.683489,-122.364044],
"6557 1st av nw":[47.6776348,-122.3576961],
"7017 15th av nw":[47.6800834,-122.3770725],
"7034 50th av ne":[47.680213,-122.273946],
"7045 alonzo av nw":[47.68088,-122.374989],
"7200-blk west green lake dr n":[47.681249,-122.3444192],
"7357 27th av nw":[47.6829759,-122.39117],
"819 sw henderson st":[47.522585,-122.346223],
"8748 dayton av n":[47.693921,-122.352265],
"9012 36th av sw":[47.522453,-122.377693],
"9800 59th av s":[47.513219,-122.259047],
"s roxbury st \/ 57th av s":[47.516816,-122.2620227]
}