{
"10050 39th av sw":[47.512298,-122.381354],
"10723 renton av s":[47.504527,-122.253037],
"1290 nw elford dr":[47.7302797,-122.3708287],
"130 nw 48th st":[47.6638,-122.35857],
"13273 15th av ne":[47.7251809,-122.3126666],
"1406 13th av":[47.6133478,-122.3154997],
"1507 34th av":[47.614351,-122.289591],
"1825 7th av w":[47.635567,-122.366741],
"1930 8th av w":[47.636907,-122.367273],
"2103 n 45th st":[47.6612646,-122.3335121],
"2300 viewmont way w":[47.63855,-122.402218],
"2301 3rd av":[47.6146615,-122.3451508],
"240 2nd av s":[47.6002123,-122.3311793],
"2627 36th av w":[47.644013,-122.404032],
"2810 sw nevada st":[47.5656382,-122.3687683],
"31st av s \/ s dearborn st":[47.595761,-122.292717],
"4034 32nd av w":[47.65689,-122.397862],
"4513 california av sw":[47.5625425,-122.3871248],
"4754 37th av sw":[47.559405,-122.378428],
"4823 s orcas st":[47.5509735,-122.271571],
"5818 24th av nw":[47.6715316,-122.3872441],
"6236 33rd av ne":[47.675108,-122.291883],
"733 n 92nd st":[47.6954875,-122.3484721],
"737 n 90th st":[47.693971,-122.34828],
"7433 keen way n":[47.6836955,-122.3413616],
"7540 32nd av sw":[47.5343343,-122.3734891],
"800 ne 64th st":[47.6751539,-122.3197364],
"911 n 85th st":[47.6904546,-122.3467246],
"9157 7th av s":[47.5206466,-122.3252476],
"e madison st \/ e garfield st":[47.633346,-122.2816176],
"e marion st \/ 19th av":[47.6103624,-122.3075774],
"midvale av n \/ n 40th st":[47.6553978,-122.3435635],
"n 49th st \/ densmore av n":[47.6643008,-122.3376591],
"ne 45th st \/ 36th av ne":[47.6611343,-122.2892012],
"s hanford st \/ 25th av s":[47.5750708,-122.3006056],
"s lander st \/ 14th av s":[47.5794803,-122.3147009],
"sb i5 at alaska":[47.566556,-122.320956],
"sw othello st \/ 44th av sw":[47.5383269,-122.3880574]
}