{
"1004 4th av":[47.6064952,-122.3332575],
"10200 airport way s":[47.5125164,-122.2874057],
"1149 sturgus av s":[47.591723,-122.3128338],
"1200 - 1299 1st av w":[47.630213,-122.357912],
"121 32nd av e":[47.6195759,-122.2915483],
"13239 4th av nw":[47.726233,-122.362676],
"13th av nw \/ nw 130th st":[47.7233899,-122.3717932],
"19th av s \/ s ferdinand st":[47.5590225,-122.3078491],
"222 dexter av n":[47.6203889,-122.3420373],
"2450 s hudson st":[47.5575004,-122.3012187],
"2459 14th av s":[47.581113,-122.3147222],
"3055 ne 140th st":[47.7299416,-122.2940434],
"3114 ne 80th st":[47.686895,-122.294297],
"3200 3rd av s":[47.5755198,-122.3299701],
"3324 18th av s":[47.5733272,-122.3076768],
"335 nw 51st st":[47.6655146,-122.3622723],
"3432 13th av w":[47.651327,-122.373214],
"3611 magnolia blvd w":[47.6521396,-122.4121533],
"4109 38th av sw":[47.566135,-122.380485],
"4228 fremont av n":[47.6585646,-122.3497787],
"4234 11th av ne":[47.6593643,-122.3163142],
"4511 49th av ne":[47.6616969,-122.27499],
"4704 s mead st":[47.550618,-122.273886],
"5018 university way ne":[47.6654649,-122.313053],
"512 n 82nd st":[47.688609,-122.351937],
"5222 35th av s":[47.5544114,-122.2891668],
"531 ne 79th st":[47.685825,-122.321499],
"550 14th av":[47.607117,-122.313508],
"5735 s cooper st":[47.511555,-122.260146],
"6522 39th av sw":[47.544088,-122.381499],
"6616 8th av ne":[47.677161,-122.319795],
"670 s king st":[47.5983648,-122.324033],
"708 ne 53rd st":[47.667306,-122.320215],
"8116 50th av s":[47.529823,-122.270507],
"9631 54th av s":[47.5159,-122.265769],
"bay st \/ alaskan way":[47.6169703,-122.3570826],
"dayton av n \/ n 172nd st":[47.7541307,-122.3531917],
"eb i90 at corwin":[47.594375,-122.318284],
"nw 58th st \/ 22nd av nw":[47.6709191,-122.3847294]
}