{
"1007 w galer st":[47.632131,-122.370804],
"10650 61st av s":[47.5046389,-122.2569326],
"11324 30th av ne":[47.710964,-122.295814],
"12330 sand point way ne":[47.7182098,-122.2841284],
"132 nw 49th st":[47.664521,-122.358597],
"13520 27th av ne":[47.7271878,-122.2988677],
"136 26th av e":[47.6200308,-122.298405],
"1424 sw sullivan st":[47.52771,-122.3543],
"1502 30th av":[47.6142764,-122.2933132],
"1750 ne naomi pl":[47.67415,-122.3078332],
"1809 13th av":[47.617915,-122.315919],
"2507 14th av s":[47.5806347,-122.3148811],
"2848 s othello st":[47.536919,-122.294564],
"301 n 104th st":[47.7042563,-122.3550425],
"3115 ne 123rd st":[47.7172037,-122.2943366],
"37th av sw \/ sw olga st":[47.5802736,-122.3780791],
"4054 23rd av w":[47.6574823,-122.385446],
"4347 ne 55th st":[47.6688886,-122.2801509],
"4708 s bond st":[47.514502,-122.273404],
"5223 37th av sw":[47.554885,-122.379336],
"5304 ballard av nw":[47.6665544,-122.3833295],
"5931 s fountain st":[47.502759,-122.258135],
"6018 greenwood av n":[47.6730517,-122.3550733],
"709 n 79th st":[47.6862162,-122.3494272],
"7508 40th av s":[47.5343155,-122.281927],
"806 3rd av":[47.6045463,-122.3327534],
"9209 renton av s":[47.5206348,-122.2736785],
"9709 lake shore blvd ne":[47.699633,-122.273742],
"aurora av n \/ n 62nd st":[47.6737987,-122.3474261],
"ne 115th st \/ 5th av ne":[47.7122431,-122.3233831],
"ne 89th st \/ ravenna av ne":[47.6930084,-122.3027347]
}