{
"10th av w \/ w crockett st":[47.6377712,-122.3703426],
"11029 8th av ne":[47.7095056,-122.3205915],
"11460 69th pl s":[47.500177,-122.247828],
"1610 s king st":[47.5986027,-122.3107555],
"1622 sw roxbury st":[47.5176026,-122.3563284],
"1708 35th av s":[47.5873289,-122.287711],
"1723 summit av":[47.6170381,-122.3259253],
"197 26th av s":[47.6008822,-122.2989535],
"1980 8th av":[47.6156069,-122.3363879],
"2nd av nw \/ nw 107th st":[47.7069219,-122.3594481],
"3509 1st av nw":[47.652543,-122.3578896],
"3816 ashworth av n":[47.6532392,-122.3398993],
"39th av s \/ s findlay st":[47.5519635,-122.2834493],
"4215 27th av w":[47.658092,-122.39136],
"5614 7th av s":[47.5520665,-122.3232382],
"611 n 143rd st":[47.732072,-122.350945],
"6201 rainier av s":[47.5469822,-122.277067],
"7030 10th av nw":[47.6804922,-122.3690879],
"7315 44th av sw":[47.5379146,-122.3886561],
"8611 wallingford av n":[47.691757,-122.336747],
"8621 55th av s":[47.5260615,-122.2640365],
"8663 beacon av s":[47.524486,-122.288266],
"9102 50th av s":[47.522243,-122.270972],
"9208 11th av sw":[47.520636,-122.348888],
"9211 38th av s":[47.521,-122.285169],
"9318 47th av sw":[47.518894,-122.392528],
"9409 whitney pl nw":[47.6977059,-122.399316],
"9517 evanston av n":[47.698389,-122.351659]
}