{
"10006 7th av nw":[47.7027592,-122.3641256],
"10423 renton av s":[47.507516,-122.256398],
"11055 sand point way ne":[47.710313,-122.281227],
"1226 25 av e":[47.631104,-122.300015],
"12345 15th av ne":[47.7189139,-122.313198],
"12568 33rd av ne":[47.7211359,-122.291857],
"1427 1st av":[47.6085077,-122.3400377],
"14380 30th av ne":[47.7329837,-122.2964981],
"2125 queen anne av n":[47.6379381,-122.3573138],
"213 s main st":[47.5998694,-122.3307134],
"2501 harbor av sw":[47.5809056,-122.3731015],
"3015 e alder st":[47.6040368,-122.2931056],
"3101 25th av s":[47.575732,-122.300595],
"320 33rd av e":[47.621986,-122.289538],
"3700 west marginal way sw":[47.5719805,-122.3600798],
"4136 38th av sw":[47.565378,-122.379696],
"4143 sw kenyon st":[47.532021,-122.386539],
"4200 lake washington blvd s":[47.5651654,-122.2679589],
"4218 sw 107th st":[47.507668,-122.386472],
"450 n 130th st":[47.72355,-122.353081],
"4514 34th av s":[47.562354,-122.289607],
"4800 airport way s":[47.559654,-122.323019],
"4933 s rose st":[47.5291074,-122.2707066],
"5039 11th av ne":[47.6661243,-122.3165663],
"5823 16th av s":[47.550502,-122.312667],
"5940 wilson av s":[47.548639,-122.263088],
"6010 29th av sw":[47.5477444,-122.3700085],
"6403 roosevelt way ne":[47.6751916,-122.3176212],
"6615 beveridge pl sw":[47.5448405,-122.3908648],
"7000 seward park av s":[47.539799,-122.2668496],
"7119 beach dr sw":[47.5385149,-122.397423],
"755 nw 70th st":[47.6793569,-122.3657331],
"7756 43rd av ne":[47.6864909,-122.281824],
"8018 fremont av n":[47.6874352,-122.3496342],
"8057 stroud av n":[47.688548,-122.334686],
"920 n 90th st":[47.694412,-122.346462],
"9247 24th av nw":[47.6974052,-122.3875979],
"9367 marcus av s":[47.5172865,-122.2745961],
"fauntleroy way sw \/ sw henderson st":[47.523537,-122.3927311],
"renton av s \/ s norfolk st":[47.5133218,-122.2642515]
}