{
"12033 28th av ne":[47.71688,-122.298308],
"14376 30th av ne":[47.7329553,-122.2964991],
"1451 nw 46th st":[47.6621927,-122.3761709],
"2025 33rd av s":[47.584345,-122.291197],
"3076 63rd av sw":[47.57621,-122.412971],
"31 etruria st":[47.6476008,-122.3563065],
"3209 s holden st":[47.533544,-122.290384],
"3327 56th av sw":[47.572941,-122.403906],
"3716 sw trenton st":[47.52492,-122.380121],
"3839 24th av w":[47.655184,-122.387826],
"4428 39th av sw":[47.563823,-122.381019],
"4585 texas way w":[47.6634589,-122.4056851],
"464 n 36th st":[47.6518911,-122.3528409],
"4911 11th av nw":[47.6647134,-122.3711007],
"5028 renton av s":[47.5560595,-122.2877943],
"6038 2nd av nw":[47.673506,-122.359181],
"611 12th av e":[47.6246002,-122.3170364],
"6230 beacon av s":[47.546688,-122.3001317],
"6449 sand point way ne":[47.6756913,-122.2635604],
"6542 9th av nw":[47.677192,-122.368388],
"6839 35th av ne":[47.6787096,-122.2906724],
"720 19th av":[47.608657,-122.30721],
"8535 16th av nw":[47.691629,-122.378198],
"9003 corliss av n":[47.693981,-122.331425],
"9040 3rd av sw":[47.5216179,-122.338587],
"905 8th av":[47.6072633,-122.3281549],
"9090 ravenna av ne":[47.6947319,-122.3042198],
"discovery park blvd \/ idaho av":[47.6607647,-122.4146874],
"nw 62nd st \/ 36th av nw":[47.673923,-122.403471]
}