{
"10102 34th av sw":[47.512773,-122.374815],
"11511 exeter av ne":[47.713178,-122.279888],
"1325 lake washington blvd s":[47.591481,-122.289594],
"1721 25th av s":[47.5875485,-122.3003859],
"2101 n 77th st":[47.6848636,-122.3328794],
"2106 s brandon st":[47.5543274,-122.3058319],
"2316 ne 85th st":[47.690531,-122.303272],
"2501 30th av w":[47.6413332,-122.3958955],
"2702 broadway   e":[47.6442065,-122.3212062],
"2834 29th av w":[47.645696,-122.393869],
"3047 s oregon st":[47.5629741,-122.2931271],
"311 36th av e":[47.621723,-122.287663],
"3241 29th av w":[47.649943,-122.394628],
"3409 sw webster st":[47.5355416,-122.3753691],
"3910 ne belvoir pl":[47.657284,-122.286053],
"402 nw 62nd st":[47.674388,-122.362098],
"4317-1\/2 s morgan st":[47.544037,-122.279019],
"4644 s holden st":[47.533956,-122.27344],
"4659 25th av ne":[47.6628394,-122.3013863],
"4730 university way ne":[47.6638595,-122.3127645],
"4831 california av sw":[47.5581221,-122.3870814],
"5119 s angeline st":[47.559219,-122.268446],
"5156 s director st":[47.5221009,-122.2675626],
"5th av w \/ w emerson st":[47.6504663,-122.3636215],
"601 westlake av n":[47.6250954,-122.3389293],
"614 galer st":[47.633427,-122.345059],
"6833 oswego pl ne":[47.6786711,-122.3235426],
"768 n 75th st":[47.6834983,-122.3469391],
"7900 aurora av n":[47.6862496,-122.344382],
"9033 34th av sw":[47.521871,-122.375753],
"912 ne 73rd st":[47.6817609,-122.3181652],
"9244 25th av nw":[47.697377,-122.388303],
"9340 31st pl sw":[47.51876,-122.373115],
"9415 20th av sw":[47.5186932,-122.3594478],
"s 112th pl \/ renton av s":[47.5025192,-122.2506062]
}