{
"0 - 0 nb i5 fr spokane":[47.571428,-122.325101],
"1100 e highland dr":[47.6305005,-122.319896],
"1120 w ewing st":[47.6559278,-122.3707582],
"120 broadway  e":[47.6190404,-122.3208371],
"1310 ne 68th st":[47.6782263,-122.3139995],
"150 yesler way":[47.6017298,-122.333063],
"1500 alki av sw":[47.590328,-122.392605],
"2123 2nd av n":[47.6380057,-122.353448],
"2221 5th av":[47.615497,-122.342783],
"2337 w newton st":[47.6369849,-122.387763],
"2356 nw blue ridge dr":[47.703057,-122.387204],
"2611 s warsaw st":[47.5434848,-122.2988875],
"2811 prosch av w":[47.64504,-122.3739812],
"300 wells av s":[47.4796781,-122.2054213],
"315 n 46th st":[47.6619205,-122.3546568],
"324 ne 88th st":[47.6924386,-122.3245922],
"3446 40th av sw":[47.571775,-122.382204],
"3645 13th av w":[47.6535172,-122.3736687],
"4735 19th av ne":[47.664099,-122.307209],
"49th av sw \/ sw juneau st":[47.5502924,-122.3951053],
"500 16th av":[47.6061892,-122.3115373],
"509 3rd av":[47.6022982,-122.3311788],
"5125 s fountain st":[47.503359,-122.268969],
"5256 42nd av sw":[47.554017,-122.385148],
"605 n 130th st":[47.7232189,-122.3515517],
"6333 ne radford dr":[47.6742701,-122.260304],
"6559 beacon av s":[47.543843,-122.300167],
"7110 s taft st":[47.510436,-122.244773],
"7402 34th av nw":[47.6825288,-122.4003651],
"834 davis pl s":[47.5949216,-122.3078982],
"854 20th av s":[47.5949896,-122.3059833],
"8809 densmore av n":[47.6926869,-122.338141],
"9402 8th av sw":[47.51897,-122.345045],
"burke gilman trl \/ wallingford av n":[47.6468732,-122.3363538],
"dallas av s \/ s southern st":[47.5297871,-122.3197524],
"fremont av n \/ n 39th st":[47.6541266,-122.3499466]
}