{
"109 30th av s":[47.601292,-122.294115],
"1115 columbia st":[47.608022,-122.322849],
"1145 broadway ct":[47.6124056,-122.3212714],
"11508 23rd av ne":[47.712415,-122.304028],
"11520 40th av ne":[47.7126189,-122.284989],
"11907 stendall dr n":[47.715367,-122.340895],
"123 s main st":[47.6000456,-122.3335314],
"13753 26th av ne":[47.7296959,-122.301422],
"1503 1st av":[47.6090218,-122.3405094],
"1925 n 122nd st":[47.716923,-122.334395],
"2001 24th av s":[47.5853227,-122.3019883],
"2132 e shelby st":[47.6466319,-122.302991],
"2161 e interlaken blvd":[47.63427,-122.301926],
"2276 viewmont way w":[47.6382247,-122.4026963],
"2300 alaskan way":[47.6111116,-122.3481525],
"2343 23rd av s":[47.581698,-122.303352],
"2900 montlake blvd e":[47.6468106,-122.3046178],
"311 19th av e":[47.620843,-122.307636],
"4316 francis av n":[47.659518,-122.352923],
"4332 ne 43rd st":[47.660084,-122.279908],
"4526 california av sw":[47.5620885,-122.3863703],
"4701 36th av ne":[47.6627551,-122.2895049],
"5933 36th av sw":[47.549159,-122.378084],
"6004 greenwood av n":[47.6727829,-122.355053],
"6303 18th av sw":[47.546377,-122.357731],
"6323 21st av ne":[47.675501,-122.305766],
"6516 park point ln ne":[47.6761111,-122.2660752],
"6701 31st av sw":[47.5423672,-122.3725114],
"6732 greenwood av n":[47.6786159,-122.3550227],
"7060 east marginal way s":[47.5397654,-122.3224219],
"7221 33rd av s":[47.537706,-122.290391],
"7610 48th av s":[47.534342,-122.272331],
"782 s stacy st":[47.5819043,-122.3230514],
"8132 20th av sw":[47.529079,-122.358725],
"836 28th av s":[47.5948014,-122.2965036],
"926 broadway e":[47.6276505,-122.321013]
}