{
"107 w bertona st":[47.65017,-122.359394],
"1920 9th av w":[47.636545,-122.3689912],
"205 15th av":[47.6037326,-122.3131317],
"210 nw 40th st":[47.655804,-122.359677],
"2214 s mead st":[47.5504464,-122.3042446],
"2222 ne 92nd st":[47.6957623,-122.3046313],
"2236 franklin av e":[47.639391,-122.3244384],
"2306 51st av sw":[47.5828,-122.3969683],
"2500 - 2599 ne university village st":[47.663266,-122.300887],
"2543 13th av w":[47.641999,-122.374054],
"3919 ne 45th st":[47.6612669,-122.2853643],
"400 w mcgraw pl":[47.6405439,-122.3624641],
"45th av sw \/ sw othello st":[47.538015,-122.3902732],
"46th av sw \/ sw dakota st":[47.5666042,-122.3907992],
"4th av s & s walker st":[47.5840217,-122.3290515],
"500 1st av s":[47.5980136,-122.3337626],
"5136 s frontenac st":[47.540049,-122.268265],
"5206 25th av sw":[47.554795,-122.363925],
"5252 15th av ne":[47.6679475,-122.3118115],
"5437 lake washington blvd s":[47.552321,-122.260832],
"6708 8th av ne":[47.677599,-122.319784],
"721 n 91st st":[47.6949172,-122.3489107],
"9361 44th av sw":[47.5182495,-122.389964],
"e john st \/ e john ct":[47.6199587,-122.3135013],
"glenn way sw \/ 46th av sw":[47.5647056,-122.3908197],
"s director st \/ rainier av s":[47.521894,-122.2699942]
}