{
"1011 mcgilvra blvd e":[47.6277151,-122.2817758],
"10412 63rd av s":[47.507744,-122.254368],
"1107 36th av":[47.611874,-122.287463],
"1115 m l king jr way":[47.6120187,-122.2965902],
"12348 23rd av ne":[47.7189888,-122.3042288],
"1439 nw 60th st":[47.6721347,-122.3752838],
"1517 ne 63rd st":[47.6745133,-122.3110804],
"153 erie av":[47.602472,-122.286457],
"2021 ne 90th st":[47.6937581,-122.3059764],
"225 37th av e":[47.6208627,-122.2861462],
"2401 n 45th st":[47.6611914,-122.3298907],
"2520 1st av":[47.6152583,-122.3492877],
"2827 s charles st":[47.5943655,-122.2956506],
"307 ne 65th st":[47.6758793,-122.3249754],
"311 nw 42nd st":[47.6575843,-122.3614764],
"3226 s edmunds st":[47.558863,-122.290278],
"3506 s holly st":[47.543286,-122.288516],
"3656 34th av w":[47.6539086,-122.4004513],
"3800 s orcas st":[47.5512345,-122.2850285],
"4010 19th av sw":[47.5679981,-122.3577152],
"4014 29th av w":[47.656396,-122.394107],
"424 24th av e":[47.623411,-122.300771],
"4410 glenn way sw":[47.5642932,-122.3902784],
"4620 50th av s":[47.561094,-122.270324],
"4837 ne 85th st":[47.6903412,-122.2756549],
"4856 ne 41st st":[47.658647,-122.274182],
"509 s donovan st":[47.5254318,-122.3277681],
"700 fairview av n":[47.6257073,-122.3336006],
"715 s lane st":[47.5965491,-122.3230044],
"7939 16th av sw":[47.5307121,-122.3553236],
"918 19th av e":[47.627426,-122.306904],
"9219 5th av ne":[47.6965165,-122.3233597],
"950 20th av":[47.6115489,-122.305889],
"nb i5 at ravenna bv":[47.66933,-122.321692],
"ne 61st st \/ 12th av ne":[47.6724203,-122.3156732],
"s adams st \/ lake washington blvd s":[47.5652989,-122.2679495],
"s hanford st \/ beacon av s":[47.5750817,-122.3092302],
"sb i5 exp to cherry":[47.604891,-122.329262]
}