{
"0 - 0 nb i5 at 50":[47.664964,-122.321726],
"1232 nw 116th st":[47.713092,-122.373037],
"1342 14th av s":[47.5902772,-122.3146158],
"1401 broadway":[47.61391,-122.321265],
"1518 23rd av":[47.614818,-122.302264],
"18th av sw \/ sw brandon st":[47.5537026,-122.357079],
"20th av s \/ s ferdinand st":[47.5584572,-122.3067396],
"2410 sw brandon st":[47.5539384,-122.3635928],
"2635 nw 96th st":[47.6985249,-122.391083],
"2711 rainier av s":[47.5793094,-122.2996981],
"2922 w bertona st":[47.6506543,-122.395275],
"3011 21st av s":[47.576526,-122.305786],
"3122 34th av s":[47.576018,-122.289532],
"315 27th av":[47.604771,-122.298173],
"3200 28th av w":[47.648857,-122.392627],
"3321 nw 72nd st":[47.680713,-122.400779],
"3504 30th av w":[47.651519,-122.395174],
"38th av \/ e columbia st":[47.6091623,-122.2847018],
"414 ne ravenna blvd":[47.678596,-122.324003],
"4142 39th av sw":[47.565241,-122.381017],
"453 n 42nd st":[47.6575952,-122.3530506],
"524 n 72nd st":[47.681268,-122.351453],
"5410 s lucile st":[47.5526839,-122.2656527],
"6543 12th av nw":[47.677284,-122.372262],
"7035 8th av nw":[47.680608,-122.36643],
"801 seneca st":[47.6093493,-122.3297641],
"9736 57th av s":[47.5141459,-122.260849],
"n 112th st \/ 1st av nw":[47.7105358,-122.3581484],
"s main st \/ 20th av s":[47.5999935,-122.3063704]
}