{
"1027 31st av e":[47.628312,-122.292268],
"1028 s sullivan st":[47.5274577,-122.3189993],
"106 nw 132nd st":[47.7250856,-122.3586289],
"11538 28th av ne":[47.7131534,-122.2971455],
"1205 ne 50th st":[47.6646638,-122.3149437],
"12050 fremont av n":[47.7175469,-122.3500064],
"1207 17th av e":[47.630875,-122.310296],
"1617 n 105th st":[47.704749,-122.338566],
"1732 47th av sw":[47.587137,-122.391344],
"1911 ne 137th st":[47.728162,-122.308108],
"1st av w \/ w republican st":[47.623284,-122.3580314],
"2311 nw market st":[47.6685052,-122.386709],
"2429 e valley st":[47.6257019,-122.299782],
"3050 38th av w":[47.6482999,-122.4054627],
"3111 broadway e":[47.649142,-122.320813],
"39th av s \/ s dakota st":[47.5661858,-122.2839217],
"3rd av nw \/ nw 67th st":[47.6777908,-122.3604887],
"4107 bagley av n":[47.6569519,-122.332908],
"4114 sw thistle st":[47.5287076,-122.3854268],
"4207 11th av ne":[47.6586061,-122.3169828],
"425 5th av s":[47.5987597,-122.3276702],
"4704 17th av nw":[47.6632465,-122.3786374],
"5237 20th av s":[47.554547,-122.307411],
"544 ne 97th st":[47.6996936,-122.3211678],
"5521 woodlawn av n":[47.669365,-122.338313],
"5607 keystone pl n":[47.6689213,-122.3334701],
"5714 15th av ne":[47.6713432,-122.3116773],
"7047 51st av ne":[47.680811,-122.273372],
"7348 10th av nw":[47.682892,-122.369069],
"8037 ravenna av ne":[47.687194,-122.302214],
"818 ne 69th st":[47.67898,-122.319143],
"8430 24th av sw":[47.5272991,-122.3626479],
"8728 holman rd nw":[47.6934322,-122.3756653],
"9008 6th av nw":[47.694598,-122.362971],
"917 24th av s":[47.594036,-122.301492],
"9420 27th av sw":[47.518541,-122.366892],
"9506 21st av nw":[47.698535,-122.382716],
"nw 59th st \/ 22nd av nw":[47.671651,-122.3847275]
}