{
"1000 sw kenyon st":[47.5319384,-122.3480567],
"10063 62nd av s":[47.509848,-122.256226],
"1145 parkside dr e":[47.6297629,-122.291304],
"11705 stendall pl n":[47.714733,-122.340639],
"121 25th av":[47.602303,-122.300293],
"13247 2nd av nw":[47.726443,-122.359996],
"14338 22nd av ne":[47.733374,-122.305661],
"14490 aurora av n":[47.7342059,-122.3449533],
"2001 20th av s":[47.585357,-122.307225],
"2236 yale av e":[47.639369,-122.326766],
"2511 9th av w":[47.6411276,-122.3692758],
"2622 58th av sw":[47.5801079,-122.4059165],
"2807 30th av w":[47.64487,-122.395989],
"2810 cascadia av s":[47.5784019,-122.284812],
"2846 23rd av w":[47.6460072,-122.3855846],
"2943 25th av w":[47.646902,-122.389806],
"2ave \/ seneca st.":[47.6065806,-122.3364249],
"3500 fremont av n":[47.6506375,-122.349658],
"3622 35th av sw":[47.5713202,-122.3758145],
"3916 ne surber dr":[47.656236,-122.285509],
"40th av ne \/ ne 60th st":[47.6721507,-122.2848549],
"4402 sw juneau st":[47.5504756,-122.3888182],
"4708 s cloverdale st":[47.5263632,-122.2729929],
"4743 45th av sw":[47.559883,-122.389883],
"538 ne 102nd st":[47.7023889,-122.3215406],
"6743 dibble av nw":[47.679011,-122.36798],
"7047 23rd av nw":[47.680891,-122.385704],
"706 34th av":[47.6081906,-122.2893897],
"7147 m l king jr way s":[47.5377237,-122.2817873],
"7335 21st av ne":[47.682346,-122.305722],
"802 nw 70th st":[47.6797535,-122.366293],
"838 nw 52nd st":[47.666713,-122.367876],
"8525 burke av n":[47.6912382,-122.3353957],
"9548 phinney av n":[47.699218,-122.353668],
"n 59th st \/ aurora av n":[47.6717258,-122.3473074],
"ne 125th st \/ roosevelt way ne":[47.7197635,-122.3181419],
"roosevelt way ne \/ 1st av ne":[47.7261059,-122.328875]
}