{
"12530 lake city way ne":[47.7201585,-122.2941985],
"132 n canal st":[47.6514428,-122.3565994],
"1553 s pearl st":[47.5565179,-122.31112],
"1617 s hanford st":[47.5748933,-122.3115247],
"2526 e madison st":[47.6216982,-122.2988114],
"2624 e ward st":[47.627614,-122.297638],
"2625 41st av sw":[47.5803798,-122.3842719],
"3602 47th av ne":[47.654528,-122.276678],
"3927 ne 115th st":[47.7117104,-122.2855344],
"400 ne 65th st":[47.6760426,-122.3240983],
"4135 fauntleroy way sw":[47.56588,-122.37541],
"4207 sunnyside av n":[47.658221,-122.330573],
"4433 46th av sw":[47.563783,-122.391227],
"4718 19th av ne":[47.6636662,-122.3071778],
"5200 rainier av s":[47.5559754,-122.2831749],
"5231 39th av ne":[47.667603,-122.286064],
"5446 45th av sw":[47.5525687,-122.3895088],
"602 n 105th st":[47.70524,-122.3509885],
"6820 62nd av ne":[47.6782981,-122.2622164],
"6828 44th pl ne":[47.67861,-122.279955],
"6th av w \/ w comstock st":[47.6304709,-122.3643839],
"739 harvard av e":[47.6261806,-122.3226068],
"7509 31st av sw":[47.535208,-122.372945],
"816 ne 86th st":[47.691543,-122.319506],
"8207 wallingford av n":[47.688953,-122.336756],
"8555 13th av nw":[47.692286,-122.373032],
"9317 23rd av nw":[47.6968012,-122.3858697],
"9601 8th av nw":[47.699292,-122.366363],
"east marginal way s \/ s hanford st":[47.5755818,-122.3400245],
"nw ione pl \/ russell av nw":[47.666092,-122.3800597],
"s mcclellan st \/ 25th av s":[47.5783512,-122.3002803],
"s walden st \/ rainier av s":[47.5729189,-122.2940163],
"sw admiral way \/ 44th av sw":[47.581213,-122.3878737]
}