{
"11058 31st av sw":[47.502911,-122.371939],
"1324 n allen pl":[47.66089,-122.34102],
"13332 2nd av ne":[47.7258449,-122.3272368],
"1402 s nevada st":[47.5655103,-122.3144166],
"149 nw 144th st":[47.732963,-122.360568],
"1520 18th av e":[47.6329801,-122.3085272],
"17th av nw \/ nw 89th st":[47.6939926,-122.3789568],
"1911 44th av sw":[47.5863859,-122.3880093],
"2103 nw 85th st":[47.690395,-122.383476],
"2200 nw 67th st":[47.6778678,-122.3844893],
"2221 ne 46th st":[47.661534,-122.303653],
"2506 s norman st":[47.5929561,-122.2997424],
"27th av w \/ w elmore st":[47.6576815,-122.3910113],
"2nd av \/ madison st":[47.6051579,-122.335131],
"3021 s byron st":[47.5741454,-122.2937344],
"4108 50th av s":[47.566127,-122.270357],
"520 s king st":[47.5985157,-122.3268228],
"5508 11th av nw":[47.669028,-122.37043],
"5530 s 119th st":[47.4966269,-122.263202],
"6023 sw stevens st":[47.5775065,-122.4103226],
"706 n 83rd st":[47.689332,-122.349504],
"707 n 78th st":[47.6853014,-122.3494701],
"721 nw 125th st":[47.7194953,-122.3660406],
"7733 sunnyside av n":[47.686074,-122.329707],
"8233 38th av ne":[47.689409,-122.287799],
"8607 corliss av n":[47.691392,-122.331397],
"n 88th st \/ midvale av n":[47.6923675,-122.3423903],
"ne ambleside rd \/ ne windermere rd":[47.6668993,-122.2634205],
"s angeline st \/ m l king jr way s":[47.5593447,-122.2922693],
"s hinds st \/ lafayette av s":[47.5730917,-122.3102707]
}