{
"1008 washington pl e":[47.6277728,-122.2923273],
"1027 23rd av e":[47.6282092,-122.3027167],
"117 ne 51st st":[47.665501,-122.327486],
"12317 15th av ne":[47.7181936,-122.3130123],
"14th av \/ e spring st":[47.6115516,-122.3141265],
"1611 33rd av":[47.615609,-122.290607],
"2122 ne 65th st":[47.6759596,-122.3041949],
"2946 1st av s":[47.5761682,-122.3338835],
"3031 44th av w":[47.6477689,-122.413452],
"3600 east marginal way s":[47.571101,-122.3386428],
"4049 2nd av ne":[47.657015,-122.327127],
"4207 woodland park av n":[47.658041,-122.344923],
"4336 11th av s":[47.564281,-122.318221],
"4508 46th av s":[47.562605,-122.275357],
"4730 20th av ne":[47.663911,-122.306187],
"4933 50th av s":[47.557236,-122.27106],
"505 e denny way":[47.6183193,-122.3249204],
"5113 s director st":[47.5216391,-122.2693308],
"5577 kenwood pl n":[47.6703587,-122.3358673],
"6009 sw admiral way":[47.5756639,-122.4099992],
"7110 34th av sw":[47.538717,-122.374866],
"7748 39th av ne":[47.686318,-122.28604],
"8025 46th av sw":[47.5305511,-122.3918317],
"8301 48th av s":[47.5289868,-122.2730078],
"8717 41st av sw":[47.524416,-122.3849107],
"8827 delridge way sw":[47.5238667,-122.3607185],
"ne 104th st \/ 5th av ne":[47.7040589,-122.3231581]
}