{
"11544 6th pl ne":[47.7135419,-122.322302],
"1420 30th av s":[47.5896715,-122.293508],
"1500 31st av":[47.614241,-122.292077],
"1570 n 115th st":[47.712727,-122.33655],
"1819 24th av e":[47.6359619,-122.3016346],
"1824 nw 89th st":[47.6941416,-122.3810321],
"210 n 101st st":[47.702432,-122.356377],
"2901 w commodore way":[47.6628051,-122.3956443],
"2921 1st av s":[47.5770186,-122.3346649],
"3457 meridian av n":[47.6488572,-122.3341385],
"3624 courtland pl s":[47.5706976,-122.2870715],
"3739 sw cloverdale st":[47.5259349,-122.381018],
"3951 renton av s":[47.5684929,-122.295019],
"4118 sw college st":[47.5831926,-122.3847286],
"456 ne maple leaf pl":[47.682541,-122.323669],
"555 n 74th st":[47.6823859,-122.3502426],
"6114 sw stevens st":[47.577968,-122.411428],
"6524 division av nw":[47.6767037,-122.3663146],
"6854 40th av ne":[47.6792,-122.284759],
"7018 56th av ne":[47.6799331,-122.2676032],
"705 n 50th st":[47.664792,-122.349588],
"7317 19th av ne":[47.68185,-122.308098],
"7451 4th av ne":[47.6828343,-122.3243822],
"9226 20th av nw":[47.6963601,-122.3811103],
"9772 61st av s":[47.513502,-122.256705],
"galer st \/ queen anne av n":[47.6323165,-122.3567771],
"n 143rd st \/ lenora pl n":[47.7323133,-122.3433986],
"ne 115th st \/ 20th av ne":[47.7121183,-122.3071229],
"pend oreille rd ne \/ mason rd ne":[47.6581022,-122.3027472],
"sw alaska st \/ delridge way sw":[47.5610861,-122.3628566]
}