{
"10627 53rd av s":[47.505358,-122.267799],
"11229 37th av sw":[47.501798,-122.379777],
"11251 3rd av ne":[47.710439,-122.3260383],
"11533 19th av ne":[47.713284,-122.308853],
"1415 e alder st":[47.60414,-122.313444],
"1519 21st av s":[47.589,-122.305505],
"1709 18th av":[47.616776,-122.30922],
"1764 22nd av s":[47.5870225,-122.303557],
"2817 e alder st":[47.6042019,-122.2956892],
"3208 w dravus st":[47.648866,-122.398742],
"341 ne 51st st":[47.665475,-122.323825],
"3rd av w \/ w ewing st":[47.6515761,-122.3608482],
"4158 37th av sw":[47.564829,-122.378376],
"501 queen anne av n":[47.6232773,-122.3567399],
"5610 roosevelt way ne":[47.669768,-122.3170273],
"6740 shaffer av s":[47.5415343,-122.2947296],
"700 crockett st":[47.6377937,-122.344281],
"7014 15th av nw":[47.6799774,-122.3767642],
"7718 linden av n":[47.6853686,-122.3469336],
"820 9th av":[47.6074047,-122.3264225],
"8904 corliss av n":[47.693154,-122.330206],
"931 n 97th st":[47.699447,-122.345938],
"9756 wallingford av n":[47.7012519,-122.336239],
"n 92nd st \/ fremont av n":[47.6956563,-122.3499429],
"nw leary way \/ 9th av nw":[47.6636669,-122.3686126]
}