{
"0 - 0 eb sr520 to montlake":[47.643417,-122.308528],
"10108 renton av s":[47.510168,-122.258877],
"1019 ne 117th st":[47.7138087,-122.3170574],
"120 galer st":[47.6324912,-122.354627],
"1218 ne 75th st":[47.683324,-122.31441],
"12545 2nd av nw":[47.7209623,-122.3599401],
"175 s jackson st":[47.5991917,-122.3318955],
"1911 n 45th st":[47.6611844,-122.3345071],
"1st av nw \/ n 36th st":[47.6529673,-122.3576565],
"2113 s hanford st":[47.574839,-122.304764],
"2132 ne park rd":[47.6696529,-122.304036],
"228 nw 41st st":[47.656568,-122.360223],
"2315 w boston st":[47.638194,-122.386943],
"2605 harbor av sw":[47.5808641,-122.3731689],
"29th av ne \/ ne 55th st":[47.6685211,-122.2961831],
"2nd av s & s main st":[47.6000368,-122.331575],
"3015 s bradford st":[47.568742,-122.293537],
"321 broadway e":[47.6216827,-122.3212949],
"3512 s bennett st":[47.5544044,-122.2888441],
"35th av ne \/ ne 105th st":[47.7047806,-122.290839],
"3617 linden av n":[47.65169,-122.348959],
"3817 m l king jr way s":[47.569534,-122.297277],
"4012 34th av w":[47.656317,-122.400451],
"4030 pasadena pl ne":[47.6564973,-122.3215152],
"4143 sw southern st":[47.529783,-122.386564],
"416 34th av":[47.605699,-122.289194],
"460 n 43rd st":[47.659175,-122.352853],
"4730 s pearl st":[47.55631,-122.273092],
"4806 purdue av ne":[47.670091,-122.275976],
"50th av ne \/ ivanhoe pl ne":[47.6680598,-122.2740844],
"5108 55th av s":[47.5564899,-122.265346],
"518 s king st":[47.5984624,-122.3268247],
"5246 22nd av ne":[47.6678427,-122.3041066],
"5401 20th av s":[47.554195,-122.3077791],
"5406 30th av sw":[47.5534729,-122.370538],
"6556 35th av ne":[47.6769997,-122.2899672],
"6856 27th av ne":[47.679286,-122.298157],
"816 s kenyon st":[47.5319637,-122.3220975],
"9022 carkeek dr s":[47.5220353,-122.280991],
"ne 86th st \/ 15th av ne":[47.691246,-122.3122189],
"sb sr509 fr 1":[47.529811,-122.33465]
}