{
"10002 aurora av n":[47.7022284,-122.3441163],
"1110 ne 80th st":[47.686918,-122.315723],
"12293 corliss av n":[47.71936,-122.330711],
"12541 9 av nw":[47.720872,-122.368086],
"12735 1st av nw":[47.7224239,-122.358651],
"12735 33rd av ne":[47.7212789,-122.2924158],
"13575 linden av n":[47.7276631,-122.3477279],
"1539 s angeline st":[47.5603654,-122.3117378],
"1912 nob hill av n":[47.636155,-122.350383],
"2106 ne 65th st":[47.6759577,-122.3048878],
"2226 2nd av":[47.6139792,-122.3450322],
"2400 sw holden st":[47.533709,-122.3645975],
"2423 2nd av":[47.6151111,-122.3479634],
"2711 s lane st":[47.5965768,-122.2966864],
"3020 ne 85th st":[47.6904449,-122.295101],
"3311 s juneau st":[47.5496081,-122.2898039],
"361 newton st":[47.636337,-122.350198],
"4504 39th av s":[47.562613,-122.283549],
"500 eastlake av e":[47.6231356,-122.329144],
"5014 37th av sw":[47.556966,-122.378515],
"505 nw 70th st":[47.679549,-122.36268],
"5149 s garden st":[47.537449,-122.268177],
"525 pike st":[47.6107806,-122.3352939],
"5738 kirkwood pl n":[47.671293,-122.332812],
"5900 2nd av s":[47.5504561,-122.3322798],
"6037 seward park av s":[47.547897,-122.260646],
"6346 34th av sw":[47.545096,-122.374586],
"6721 32nd av nw":[47.6776798,-122.3986919],
"707 n 48th st":[47.663366,-122.34959],
"708 17th av e":[47.625524,-122.309599],
"7232 s ryan st":[47.509648,-122.242569],
"7944 10th av sw":[47.5306067,-122.3477985],
"801 ne 85th st":[47.6902425,-122.3200717],
"8117 17th av sw":[47.529518,-122.356789],
"8720 14th av nw":[47.692895,-122.37371],
"9721 11th av nw":[47.700682,-122.370484],
"colorado av s \/ s hanford st":[47.5755765,-122.3367116],
"minor av n \/ virginia st":[47.6185159,-122.3329677],
"nw 48th st \/ 17th av nw":[47.6637259,-122.3788956],
"s myrtle st \/ rainier av s":[47.5389026,-122.2707153]
}