{
"10322 stone av n":[47.703921,-122.341606],
"115 n 47th st":[47.663075,-122.357093],
"122 nw 76th st":[47.6842193,-122.3590956],
"1420 e denny way":[47.6187459,-122.3134866],
"1715 nw 58th st":[47.670675,-122.379526],
"1720 sw barton st":[47.5211647,-122.3572456],
"18th av sw \/ sw kenyon st":[47.5318709,-122.3577281],
"212 4th av s":[47.6008024,-122.3289631],
"2500 6th av n":[47.642413,-122.3457],
"2507 e roy st":[47.624949,-122.299406],
"2562 thorndyke av w":[47.6426881,-122.3842711],
"2709 44th av sw":[47.578982,-122.388338],
"2715 nw 85th st":[47.690379,-122.391641],
"2720 e roy st":[47.625369,-122.296657],
"3201 45th av sw":[47.575519,-122.389827],
"3403 wallingford av n":[47.6483925,-122.3363792],
"35th av ne \/ ne 88th st":[47.6923744,-122.2906497],
"3650 26th pl w":[47.6532076,-122.3896671],
"3801 s willow st":[47.540465,-122.284487],
"3808 47th av sw":[47.569915,-122.391716],
"3808 s willow st":[47.540862,-122.284426],
"3891 44th av ne":[47.65811,-122.280441],
"3966 evanston av n":[47.6551587,-122.3508011],
"4320 s holly st":[47.542695,-122.278822],
"4511 evanston av n":[47.661791,-122.351901],
"4517 sw hanford st":[47.575511,-122.390394],
"5424 delridge way sw":[47.5529352,-122.3627769],
"6531 31st av s":[47.5434519,-122.2930252],
"6563 31st av sw":[47.5434412,-122.3723446],
"732 12th av":[47.6089612,-122.3165789],
"8106 4th av ne":[47.687784,-122.3240614],
"829 ne 125th st":[47.7192099,-122.319596],
"9518 sand point way ne":[47.698062,-122.277385],
"elliott av w \/ w mercer st":[47.6246358,-122.3656962],
"nw 45th st \/ shilshole av nw":[47.6614866,-122.375661]
}