{
"10th av s \/ s henderson st":[47.5230691,-122.3202931],
"1111 harbor av sw":[47.5933813,-122.3837895],
"117 nw 77th st":[47.684517,-122.358798],
"15 garfield st":[47.633294,-122.356204],
"1717 16th av s":[47.5879648,-122.3129244],
"1915 10th av e":[47.636401,-122.320469],
"1917 e spruce st":[47.6035011,-122.3067812],
"2302 ne northgate way":[47.709251,-122.304087],
"2529 queen anne av n":[47.642292,-122.357291],
"2655 nw 86th st":[47.691089,-122.392635],
"2734 ne 88th st":[47.6926119,-122.297267],
"3085 w mercer way":[47.582069,-122.248946],
"30th av ne \/ ne 80th st":[47.6866672,-122.2959545],
"315 w smith st":[47.641229,-122.361682],
"3311 8th av w":[47.649643,-122.367863],
"3401 15th av s":[47.572984,-122.313775],
"348 n 71st st":[47.680531,-122.353172],
"3802 ne 123rd st":[47.717564,-122.287083],
"3910 sw elmgrove st":[47.5308303,-122.3825387],
"4224 34th av s":[47.5647055,-122.2906361],
"46th av sw \/ sw andover st":[47.5684433,-122.3908262],
"4806 50th av sw":[47.5590819,-122.395924],
"487 ne thornton pl":[47.7031569,-122.324878],
"5229 11th av ne":[47.6672968,-122.3166204],
"604 n 43rd st":[47.6589717,-122.3506726],
"62 marion st":[47.603478,-122.3368767],
"6203 15th av nw":[47.6739806,-122.3765076],
"6852 28th av ne":[47.679122,-122.297098],
"6921 31st av sw":[47.540842,-122.3718964],
"7016 46th av sw":[47.5400258,-122.391133],
"7216 36th av sw":[47.538124,-122.377877],
"732 n 95th st":[47.698085,-122.348526],
"8030 13th av nw":[47.687818,-122.372379],
"915 northgate mall":[47.7062086,-122.3258737],
"921 nw 63rd st":[47.6745259,-122.3697433],
"sb i5 fr ne northgate wy":[47.7088152,-122.3311373]
}