{
"1006 s donovan st":[47.525851,-122.319834],
"10214 23rd av ne":[47.702506,-122.303791],
"11040 35th av ne":[47.709553,-122.290074],
"11441 arroyo beach pl sw":[47.500303,-122.382198],
"117 27th av s":[47.6012268,-122.2978881],
"1208 ne 94th st":[47.6969058,-122.3143581],
"1316 26th av s":[47.5917243,-122.2983526],
"1705 n 82nd st":[47.6885322,-122.3373234],
"1910 37th pl e":[47.636157,-122.285097],
"2103 nw 95th st":[47.698019,-122.383265],
"2191 38th av e":[47.639486,-122.285163],
"2300 38th av e":[47.6395667,-122.2848233],
"2503 16th av s":[47.5808103,-122.3121301],
"3002 w garfield st":[47.6339221,-122.3960217],
"3035 63rd av sw":[47.577242,-122.413688],
"312 n 100th st":[47.7016457,-122.3547119],
"332 ne 50th st":[47.6651594,-122.3241785],
"3522 s portland st":[47.5332188,-122.2870887],
"3602 30th av w":[47.652437,-122.39517],
"3800 marginal pl sw":[47.5697395,-122.3558148],
"4009 30th av w":[47.6563159,-122.396033],
"4536 49th av sw":[47.561866,-122.394422],
"4749 ballard av nw":[47.663596,-122.3805849],
"4901 s roxbury st":[47.5166085,-122.2719194],
"5626 s hazel st":[47.505087,-122.261883],
"5834 32nd av s":[47.549929,-122.291227],
"6700 15th av nw":[47.678025,-122.376432],
"7309 28th av sw":[47.5370289,-122.3689],
"735 n 77th st":[47.684548,-122.3483661],
"7713 18th av sw":[47.533219,-122.358122],
"809 e pine st":[47.6152275,-122.3217206],
"8145 34th av sw":[47.528749,-122.375665],
"n 93rd st \/ linden av n":[47.6963728,-122.3472776]
}