{
"1102 8th av":[47.6089596,-122.3289337],
"111 queen anne av n":[47.6188689,-122.357126],
"11210 marine view dr sw":[47.502328,-122.380497],
"1145 california av sw":[47.592026,-122.386483],
"1379 31st av s":[47.590439,-122.292729],
"1400 nw 50th st":[47.6652806,-122.373868],
"14092 23rd pl ne":[47.73229,-122.304261],
"16th av sw \/ sw cloverdale st":[47.526505,-122.3550667],
"1724 s spokane st":[47.572112,-122.3101],
"2400 e louisa st":[47.6425941,-122.3017583],
"2411 e marion st":[47.6098587,-122.3009046],
"2626 4th av n":[47.6441766,-122.3492944],
"2637 58th av sw":[47.579685,-122.406473],
"3700 26th pl w":[47.65378,-122.389795],
"3828 4th av s":[47.5692278,-122.3286233],
"3928 s angeline st":[47.559684,-122.282154],
"4046 39th av s":[47.56657,-122.283624],
"5209 39th av ne":[47.667054,-122.28606],
"5435 beacon av s":[47.5527926,-122.3028268],
"5644 38th av sw":[47.550667,-122.379983],
"5903 51st av s":[47.549529,-122.2701483],
"6015 beach dr sw":[47.5479714,-122.3984346],
"6300 wilson av s":[47.5460305,-122.2637194],
"6520 49th av sw":[47.544357,-122.394769],
"7023 20th av nw":[47.680693,-122.382489],
"714 bellevue av e":[47.6255049,-122.326224],
"8656 30th av sw":[47.52483,-122.370882],
"harrison st \/ 1st av n":[47.622101,-122.355426],
"nw 46th st \/ 14th av nw":[47.6622006,-122.3735383],
"roosevelt way n \/ midvale av n":[47.7332977,-122.3439827]
}