{
"10324 riviera pl ne":[47.7036469,-122.274061],
"11544 greenwood av n":[47.7136817,-122.3550724],
"13333 20th av ne":[47.7257982,-122.3075796],
"1700 36th av":[47.616516,-122.286677],
"1762 s columbian way":[47.5608358,-122.3078133],
"209 nw 41st st":[47.656107,-122.359493],
"2600 s brandon st":[47.5537993,-122.2992832],
"2704 48th av sw":[47.5791969,-122.3927379],
"2717 w halladay st":[47.6421724,-122.39258],
"317 17th av s":[47.5995476,-122.310533],
"352 n 81st st":[47.687885,-122.353029],
"37th av s \/ s juneau st":[47.5497616,-122.286264],
"3827 26th av w":[47.654904,-122.39027],
"4700 19th av ne":[47.663082,-122.3071863],
"500 dexter av n":[47.6233628,-122.3421313],
"515 s weller st":[47.5974098,-122.3271313],
"5208 11th av nw":[47.666752,-122.3705264],
"52nd av s \/ sturtevant av s":[47.5168301,-122.2674338],
"5300 31st av s":[47.554449,-122.292351],
"5420 kirkwood pl n":[47.668237,-122.330806],
"5577 s 119th st":[47.4963184,-122.261008],
"635 s edmunds st":[47.5596938,-122.3247492],
"7033 alonzo av nw":[47.680544,-122.374923],
"7738 12th av nw":[47.6862,-122.371129],
"7th av & pine st":[47.6126111,-122.3342451],
"817 ne 97th st":[47.699228,-122.31937],
"817 nw 85th st":[47.6905069,-122.3667304],
"8720 14 ave s":[47.5249877,-122.314615],
"9021 28th av nw":[47.694811,-122.393213],
"948 harvard av e":[47.628258,-122.322006],
"fauntleroy way sw \/ sw juneau st":[47.5502432,-122.3824286],
"harrison st \/ 6th av n":[47.6220764,-122.3449382]
}