{
"10026 51st av s":[47.510255,-122.26938],
"10825 42nd av sw":[47.5058534,-122.3848713],
"1224 ne 97th st":[47.6996471,-122.3136627],
"12503 densmore av n":[47.7197419,-122.339049],
"1321 harbor av sw":[47.5913955,-122.3827806],
"1441 16th av":[47.6135588,-122.3118406],
"1518 ne 140th st":[47.7302924,-122.3130116],
"1521 queen anne av n":[47.6330139,-122.3572757],
"16847 little rock rd":[47.0268965,-122.2175032],
"1805 nw blue ridge dr":[47.703238,-122.379566],
"1824 n 54th st":[47.668157,-122.335262],
"25 s horton st":[47.5742059,-122.337641],
"300 cherry st":[47.6035065,-122.3320546],
"342 ne 58th st":[47.671041,-122.32363],
"3446 37th av sw":[47.5717401,-122.3778899],
"4020 6th av nw":[47.6567459,-122.3634259],
"4130 38th av s":[47.5652523,-122.2846705],
"417 w galer st":[47.6321539,-122.3626376],
"4518 university way ne":[47.6618554,-122.3127996],
"4528 1st av ne":[47.662256,-122.3280774],
"4731 34th av ne":[47.663657,-122.2915548],
"5018 s alaska st":[47.5607531,-122.2698373],
"504 19th av e":[47.6234393,-122.307298],
"5309 sw dakota st":[47.566529,-122.4007],
"6022 8th av nw":[47.673124,-122.365784],
"6025 32nd av ne":[47.673003,-122.293581],
"64th av sw \/ alki av sw":[47.5779686,-122.414586],
"719 n 85th st":[47.690344,-122.348934],
"7601 rainier av s":[47.5347168,-122.2699844],
"9501 8th av nw":[47.6980042,-122.3662049],
"9770 m l king jr way s":[47.5134918,-122.2786506],
"beacon av s \/ s thistle st":[47.5278851,-122.2880019],
"broadway e \/ harvard av e":[47.6413686,-122.3213646],
"marion st \/ 7th av":[47.6067943,-122.3288707],
"sw barton st \/ 9th av sw":[47.5209768,-122.3467089],
"w armour st \/ 10th av w":[47.6450436,-122.3701877],
"w government way \/ 33rd av w":[47.6599386,-122.3995076],
"williams av w \/ gilman av w":[47.6603409,-122.3922039]
}