{
"10112 rainier av s":[47.511678,-122.245535],
"11044 30th av ne":[47.709776,-122.295807],
"12726 5th av ne":[47.722125,-122.323146],
"1837 26th av":[47.6187711,-122.2988637],
"2001 e madison st":[47.6173163,-122.3050968],
"2121 s graham st":[47.5463007,-122.3055908],
"2122 e jefferson st":[47.606362,-122.304129],
"2550 westlake av n":[47.6434476,-122.3443119],
"2603 nw 98th st":[47.699871,-122.390877],
"26th av e \/ e newton st":[47.6379094,-122.2994176],
"2820 w lynn st":[47.63905,-122.393994],
"3817 36th av sw":[47.569472,-122.377826],
"413 nw 100th pl":[47.7030957,-122.3627577],
"4216 55th av ne":[47.658941,-122.268661],
"4706 latona av ne":[47.663412,-122.32475],
"4900 ne 50th st":[47.6655221,-122.2745604],
"5500 26th av s":[47.552417,-122.2989834],
"5649 37th av sw":[47.5505481,-122.3792602],
"5850 mckinley pl n":[47.671902,-122.334632],
"603 s riverside dr":[47.5347949,-122.3260637],
"628 12th av e":[47.6251308,-122.3164307],
"6544 park point ln ne":[47.676281,-122.2660336],
"6553 32nd av sw":[47.543325,-122.374171],
"6665 carleton av s":[47.5426073,-122.3216954],
"6838 18th av ne":[47.678776,-122.308448],
"723 broadway  e":[47.6257178,-122.3216022],
"7717 iago pl s":[47.5332416,-122.2821347],
"814 e blaine st":[47.635198,-122.321678],
"8455 50th av s":[47.526416,-122.271703],
"9000 14th av s":[47.5230305,-122.3149534],
"9008 25th av sw":[47.5223628,-122.3642245],
"9227 20th av nw":[47.696349,-122.381797],
"945 nw 61st st":[47.6728935,-122.3707275],
"bellevue av \/ e denny way":[47.6184909,-122.3267382],
"n 145th st \/ 1st av ne":[47.7340903,-122.3288834],
"n 82nd st \/ green lake dr n":[47.6883885,-122.3431397],
"nw 80th st \/ jones av nw":[47.6868068,-122.3864908],
"s washington st \/ 5th av s":[47.6008732,-122.3276527]
}