{
"10228 rainier av s":[47.5114189,-122.242527],
"10712 51st av s":[47.504505,-122.269833],
"11325 19th av ne":[47.71112,-122.308464],
"1409 e aloha st":[47.626644,-122.314266],
"1617 n 137th st":[47.728446,-122.338774],
"171 boston st":[47.6381347,-122.3534188],
"17520 linden av n":[47.7564086,-122.3475955],
"1919 3rd av":[47.6118709,-122.3404754],
"2nd av nw \/ nw 39th st":[47.6541531,-122.3590359],
"2nd av s \/ s king st":[47.5982995,-122.3315808],
"4002 34th av w":[47.6560615,-122.400514],
"421 w roy st":[47.6259139,-122.3629547],
"437 ne 72nd st":[47.6807615,-122.3233426],
"4726 44th av s":[47.559717,-122.277907],
"5003 49th av s":[47.556851,-122.271898],
"5100 s bangor st":[47.5061147,-122.270107],
"6540 31st av ne":[47.6771259,-122.29379],
"733 n 102nd st":[47.702674,-122.348535],
"800 nw 85th st":[47.6908063,-122.3664921],
"8909 2nd av ne":[47.6935589,-122.327383],
"9245 30th av sw":[47.519728,-122.371679],
"9248 12th av sw":[47.51956,-122.350215],
"9660 7th av ne":[47.699225,-122.321163],
"illinois av \/ kansas av":[47.6607047,-122.4159771],
"rainier av s & s cloverdale st":[47.5261979,-122.2699854],
"rainier av s \/ s jackson st":[47.5992138,-122.3141341],
"w galer st flyover \/ elliott av w":[47.6314425,-122.374635]
}