{
"1001 4th av - safeco plaza":[47.6062178,-122.333842],
"1107 nw 58th st":[47.6707167,-122.3711843],
"12325 24th av ne":[47.7183094,-122.3036181],
"128 nw 81st st":[47.687876,-122.359311],
"14017 roslyn pl n":[47.731022,-122.341007],
"1516 17th av s":[47.5892989,-122.310217],
"1600 12th av":[47.6152782,-122.3168419],
"1622 31st av":[47.6159369,-122.29215],
"1658 federal av e":[47.634532,-122.318522],
"1811 7th av":[47.6138781,-122.3355984],
"206 w mcgraw st":[47.639801,-122.359984],
"2264 ne 60th st":[47.672369,-122.303118],
"2819 ne 75th st":[47.682818,-122.296373],
"2851 nw 73rd st":[47.681443,-122.395273],
"3003 nw 63rd st":[47.674279,-122.3959321],
"3408 10th av w":[47.6509896,-122.36994],
"3517 sw thistle st":[47.52808,-122.377412],
"3628 west viewmont way w":[47.6529563,-122.410755],
"3743 sw ida st":[47.534013,-122.381127],
"400 james st":[47.6032509,-122.3303043],
"4204 ne 50th st":[47.665047,-122.2820667],
"4530 corliss av n":[47.6623571,-122.331169],
"4811 36th av ne":[47.663927,-122.289512],
"5410 36th av sw":[47.553432,-122.377259],
"6034 38th av sw":[47.547418,-122.38006],
"6509 43rd av ne":[47.676115,-122.2825278],
"7327 40th av sw":[47.5367102,-122.3839713],
"752 n 88th st":[47.692967,-122.347658],
"756 n 75th st":[47.683518,-122.347539],
"7711 17th av nw":[47.6854272,-122.3792457],
"7723 44th av ne":[47.685544,-122.281386],
"8th av ne \/ ne 89th st":[47.6931214,-122.3202897],
"9028 4th av sw":[47.521864,-122.339842],
"906 virginia st":[47.6167493,-122.3354965]
}