{
"1010 e lynn st":[47.6397119,-122.3194475],
"10212 34th av sw":[47.51145,-122.374622],
"10542 12th av nw":[47.7062587,-122.3710829],
"11509 32nd av ne":[47.712322,-122.294131],
"12533 33rd av ne":[47.720064,-122.2927318],
"13826 greenwood av n":[47.730386,-122.35511],
"1408 elliott av w":[47.6308084,-122.3731422],
"1539 18th av s":[47.5888441,-122.309497],
"15557 greenwood av n":[47.743127,-122.356451],
"16th av sw \/ sw andover st":[47.568296,-122.3551504],
"17th av s \/ s main st":[47.6000047,-122.3102742],
"1801 15th av s":[47.58683,-122.31377],
"1911 e jefferson st":[47.605916,-122.307058],
"22 av ne \/ ne 52 st":[47.6664571,-122.3043741],
"2200 4th av":[47.6148949,-122.3426149],
"2207 nw 65th st":[47.6758114,-122.385121],
"2300 e olive st":[47.616849,-122.301915],
"2564 9th av w":[47.642551,-122.368502],
"2710 23rd av s":[47.578814,-122.303021],
"2nd av \/ lenora st":[47.6125138,-122.3430794],
"325 n 138th st":[47.7294152,-122.3544509],
"3314 e ford pl":[47.6245591,-122.2885316],
"339 n 74th st":[47.682339,-122.35366],
"3903 46th av s":[47.568591,-122.276171],
"4210 48th av s":[47.564844,-122.272875],
"4411 leary way nw":[47.6608529,-122.3670817],
"5522 renton av s":[47.552107,-122.284976],
"6521 fremont av n":[47.676736,-122.350215],
"7727 26th av nw":[47.6857827,-122.3901084],
"7922 12th av sw":[47.531166,-122.35022],
"900 n northlake way":[47.6484512,-122.3474255],
"9202 36th av s":[47.52125,-122.28682],
"9433 36th av sw":[47.518321,-122.37856],
"947 26th av":[47.611406,-122.299132],
"n 44th st \/ sunnyside av n":[47.6602857,-122.3301722],
"ne 113th st \/ 15th av ne":[47.7103487,-122.3124304],
"sw austin st \/ fauntleroy way sw":[47.5349716,-122.3926519],
"terry av \/ cherry st":[47.6067309,-122.324295]
}