{
"10123 waters av s":[47.5100473,-122.2503037],
"1060 ne 98th st":[47.7005309,-122.315249],
"1100 nw carkeek park rd":[47.7117508,-122.3678786],
"11251 palatine av n":[47.712021,-122.357225],
"135 w comstock st":[47.6304484,-122.3588518],
"17th av s \/ s shelton st":[47.5578905,-122.3105164],
"185 university st":[47.6069491,-122.3373982],
"1912 warren av n":[47.6361537,-122.3540074],
"1st av w \/ w olympic pl":[47.6267174,-122.3579854],
"20th av \/ e denny way":[47.6185042,-122.3060952],
"2716 e jefferson st":[47.6063269,-122.2971168],
"303 n 64th st":[47.6750829,-122.3550737],
"304 w highland dr":[47.629848,-122.360825],
"3110 23rd av s":[47.575527,-122.303026],
"3625 15th av s":[47.570831,-122.3138],
"4200 7th av ne":[47.6572825,-122.3208626],
"466 smith st":[47.641723,-122.347536],
"4710 ne 70th st":[47.6797925,-122.2774568],
"4818 13th av s":[47.559569,-122.315745],
"5022 41st av sw":[47.5567627,-122.3838407],
"5131 20th av s":[47.556056,-122.307368],
"5349 s creston st":[47.5068577,-122.2654304],
"539 28th av s":[47.5968557,-122.2966728],
"6547 24th av nw":[47.677259,-122.387905],
"6919 m l king jr way s":[47.5399605,-122.2827261],
"7030 holly park dr s":[47.5389897,-122.2871984],
"715 10th av e":[47.625814,-122.320572],
"7949 seward park av s":[47.5302203,-122.2663456],
"8405 3rd av nw":[47.690118,-122.3608232],
"9100 50th av s":[47.5223165,-122.2713361],
"s dearborn st \/ 5th av s":[47.5958642,-122.3276378],
"station 33":[47.515922,-122.268818]
}