{
"10749 aurora av n":[47.707312,-122.3447397],
"11835 8th av nw":[47.715809,-122.366623],
"120 nw 84th st":[47.6900732,-122.3589849],
"1205 sw myrtle st":[47.5389577,-122.3507911],
"123 3rd av s":[47.6010542,-122.3305226],
"12305 2nd av ne":[47.7183007,-122.327888],
"12500 1st av ne":[47.7195466,-122.3289398],
"131 28th av":[47.60258,-122.296356],
"1519 5th av n":[47.632876,-122.347541],
"2133 dexter way n":[47.6380931,-122.3442405],
"2800 w boston st":[47.6383439,-122.393333],
"34th av sw \/ sw roxbury st":[47.5174708,-122.3755221],
"3519 s hudson st":[47.5568758,-122.2880128],
"3615 sw barton st":[47.5210679,-122.3786909],
"3618 35th av s":[47.5709589,-122.2886684],
"3703 40th av sw":[47.571086,-122.382853],
"3717 s dawson st":[47.555253,-122.28537],
"3860 e olive st":[47.6166837,-122.2839561],
"4075 sw stevens st":[47.5764314,-122.3836639],
"4200 sw lander st":[47.5793151,-122.3852685],
"45th av sw \/ sw raymond st":[47.5485315,-122.3899244],
"4614 s cloverdale st":[47.526352,-122.273935],
"4748 23rd av sw":[47.559731,-122.361253],
"4829 ne 75th st":[47.682811,-122.275305],
"5116 s orchard st":[47.5384776,-122.269186],
"517 30th av e":[47.6243188,-122.2931671],
"521 ne 95th st":[47.6975023,-122.3220893],
"568 lynn st":[47.639319,-122.345024],
"6522 35th av ne":[47.6764569,-122.2899308],
"6755 east marginal way s":[47.5422926,-122.3288465],
"7053 23rd av nw":[47.681028,-122.385705],
"8132 delridge way sw":[47.529077,-122.360075],
"921 n 50th st":[47.6648266,-122.3463974],
"9277 20th av nw":[47.69774,-122.382126],
"9500 rainier av s":[47.5211701,-122.2614996],
"denny way \/ melrose av":[47.6184967,-122.3278535],
"nw 56th st \/ 22nd av nw":[47.6694587,-122.3847502]
}