{
"10317 interlake av n":[47.703811,-122.341008],
"1443 ne 143rd st":[47.7321199,-122.3132288],
"2200 montavista pl w":[47.6385049,-122.4070442],
"2225 alaskan way":[47.6115014,-122.3499652],
"2302 e madison st":[47.6195241,-122.3022948],
"2416 n 43rd st":[47.6592965,-122.3292614],
"2753 sw macarthur ln":[47.5498109,-122.3688647],
"3504 west laurelhurst dr ne":[47.654357,-122.27968],
"3600 - 3799 s holly park dr":[47.536448,-122.286048],
"3809 44th av sw":[47.56986,-122.388506],
"3945 sw monroe st":[47.5311949,-122.383982],
"42 av sw\/sw donovan st":[47.5249451,-122.3851187],
"4208 49th av s":[47.5649439,-122.271604],
"4758 shilshole av nw":[47.6631775,-122.3807779],
"5420 beacon av s":[47.553058,-122.302015],
"5636 35th av sw":[47.550834,-122.3759],
"7726 39th av ne":[47.6856812,-122.2860151],
"8041 meridian av n":[47.688014,-122.333498],
"819 6th av n":[47.6268461,-122.3452061],
"8802 interlake av n":[47.692516,-122.339916],
"9035 palatine av n":[47.695196,-122.357082],
"9234 45th av s":[47.5199102,-122.276085],
"9268 46th av sw":[47.52042,-122.391133]
}