{
"1008 western av":[47.6046632,-122.3373538],
"106 lee st":[47.6310228,-122.3554606],
"10749 11th av nw":[47.708464,-122.369576],
"11231 goodwin way ne":[47.709829,-122.311292],
"132 ne 95th st":[47.698217,-122.3271557],
"1710 11th av":[47.6168205,-122.3177578],
"1842 n 53rd st":[47.6674056,-122.3345021],
"1921 16th av s":[47.5856772,-122.3123687],
"2106 e union st":[47.6131396,-122.3045273],
"219 ne 90th st":[47.6938976,-122.3261658],
"2312 18th av s":[47.58254,-122.309108],
"2406 s irving st":[47.591472,-122.300925],
"2514 lake park dr s":[47.580983,-122.287706],
"258 e newton st":[47.636957,-122.324198],
"3012 ne 127th st":[47.7216861,-122.2961277],
"3321 36th av w":[47.650161,-122.403922],
"3535 27th pl w":[47.6519977,-122.3901639],
"4046 34th av sw":[47.5665172,-122.3751703],
"4119 ne 60th st":[47.6719269,-122.282671],
"4515 sw alaska st":[47.5609804,-122.3902734],
"503 s weller st":[47.5974174,-122.3273719],
"5228 21st av ne":[47.667287,-122.305189],
"5415 16th av sw":[47.553243,-122.355154],
"5621 s prentice st":[47.508061,-122.2620651],
"6017 45th av sw":[47.5479823,-122.3903028],
"619 nw market st":[47.6684119,-122.364166],
"6247 26th av ne":[47.6753069,-122.299904],
"6400 44th av s":[47.544958,-122.277721],
"7451 woodlawn av ne":[47.6826142,-122.3277859],
"7706 37th av s":[47.533461,-122.285656],
"7916 ashworth av n":[47.6867207,-122.3388584],
"814 n 128th st":[47.7225409,-122.3486104],
"8814 midvale av n":[47.6928899,-122.3421535]
}