{
"10519 whitman av n":[47.7056698,-122.3463971],
"115 nw 73rd st":[47.6816549,-122.3581293],
"14001 evanston av n":[47.7304,-122.352022],
"1512 s snoqualmie st":[47.5617062,-122.3134775],
"1701 lake washington blvd e":[47.630856,-122.2972393],
"1722 bellevue av":[47.6170435,-122.3264467],
"2026 s hill st":[47.5845345,-122.3065054],
"2347 19th av s":[47.5815669,-122.3084789],
"2503 nob hill av n":[47.6415581,-122.3507605],
"2513 n 42nd st":[47.657602,-122.328485],
"306 w prospect st":[47.628979,-122.360943],
"3325 s webster st":[47.5350431,-122.2887864],
"414 n 36th st":[47.6521253,-122.3538805],
"4209 ne 75th st":[47.682799,-122.283218],
"4390 whitman ct ne":[47.6602553,-122.3049402],
"445 26th av e":[47.623928,-122.299108],
"4526 27th av ne":[47.6663726,-122.2984783],
"4545 fauntleroy way sw":[47.5618735,-122.3810253],
"4844 s gazelle st":[47.5126162,-122.2709559],
"504 ne 95th st":[47.6982079,-122.3212309],
"522 s king st":[47.598371,-122.3267279],
"5236 42nd av sw":[47.5545684,-122.385126],
"54 university st":[47.606845,-122.3381895],
"5615 9th av nw":[47.669888,-122.3686071],
"6024 31st av s":[47.5472012,-122.292306],
"6613 s ryan st":[47.50949,-122.250489],
"706 15th av e":[47.6255198,-122.3122314],
"7753 27th av nw":[47.6865091,-122.3911913],
"7924 35th av sw":[47.531194,-122.376212],
"8028 45th av ne":[47.68748,-122.279578],
"811 n 36th st":[47.650834,-122.348081],
"8225 4th av ne":[47.689089,-122.324711],
"902 n 127th st":[47.7217104,-122.3471763],
"916 ne 70th st":[47.679694,-122.318092],
"east park dr e \/ e shelby st":[47.6463491,-122.301595],
"ne 50th st \/ sand point way ne":[47.6648764,-122.2828589],
"s willow st \/ 55th av s":[47.5406906,-122.2645968]
}