{
"10053 62nd av s":[47.5101157,-122.2562276],
"1019 ne 125th st":[47.719153,-122.317171],
"10244 37th pl sw":[47.5106945,-122.3790161],
"10309 stone av n":[47.703591,-122.342364],
"14343 interlake av n":[47.733666,-122.341626],
"15th av w \/ magnolia br":[47.6335053,-122.3761832],
"18 w dravus st":[47.648914,-122.358485],
"2015 nw 85th st":[47.6904194,-122.3828972],
"28th av sw \/ sw elmgrove st":[47.530082,-122.3685806],
"2915 harris pl s":[47.577021,-122.302618],
"2928 1st av":[47.6175154,-122.3535125],
"324 nw 47th st":[47.663131,-122.361973],
"3727 38th av sw":[47.5704616,-122.3809304],
"37th av sw \/ sw henderson st":[47.5228909,-122.3793863],
"3819 ne 125th st":[47.718737,-122.28657],
"3822 s holly park dr":[47.5361889,-122.283381],
"4105 e garfield st":[47.633182,-122.2795113],
"4121 midvale av n":[47.657289,-122.34388],
"4508 sw dakota st":[47.566784,-122.389948],
"4th av w \/ w lee st":[47.6313352,-122.3617767],
"5715 s gazelle st":[47.512116,-122.261395],
"5838 18th av s":[47.5500821,-122.3096269],
"6140 s keppler st":[47.5170997,-122.2562227],
"714 taylor av n":[47.6259122,-122.3457405],
"8053 16th av nw":[47.688374,-122.378167],
"851 nw 85th st":[47.6904953,-122.3674533],
"8517 wallingford av n":[47.691065,-122.33692],
"8600 15th av ne":[47.691389,-122.311882],
"8622 8th av ne":[47.6920853,-122.3200434],
"9300 56th av s":[47.5189864,-122.2627775],
"9401 27th av sw":[47.5191507,-122.3672907],
"delridge way sw \/ sw oregon st":[47.5628999,-122.3633555],
"federal av e \/ e boston st":[47.6383964,-122.3190185],
"nb i5 fr 45 st":[47.661806,-122.320725],
"sb i5 fr 85 \/ n 85th st":[47.6904941,-122.3311456],
"stone av n \/ n 80th st":[47.6869337,-122.3418242],
"sw genesee st \/ 46th av sw":[47.5647632,-122.3908231],
"wallingford av n \/ n 35th st":[47.6491963,-122.3363511]
}