{
"11039 2nd av ne":[47.7091574,-122.3273433],
"1128 23rd av e":[47.629486,-122.302028],
"1135 18th av e":[47.6297311,-122.3089094],
"12558 corliss av n":[47.721074,-122.329851],
"1400 nw 70th st":[47.6795553,-122.3735664],
"14045 palatine av n":[47.7318377,-122.357659],
"1732 broadway":[47.6173378,-122.320412],
"2130 n 62nd st":[47.673898,-122.3321493],
"2836 harvard av e":[47.646748,-122.32173],
"3259 63rd av sw":[47.574257,-122.413779],
"3453 meridian av n":[47.6487568,-122.3341395],
"3701 sw 98th st":[47.5153419,-122.37952],
"3806 e mcgilvra st":[47.64117,-122.2844412],
"407 11th av e":[47.622216,-122.318143],
"4415 sw admiral way":[47.5810471,-122.3886147],
"5239 19th av sw":[47.554608,-122.358661],
"6527 woodlawn av n":[47.6767515,-122.3311761],
"7318 15th av ne":[47.681824,-122.311333],
"7942 18th av sw":[47.5306109,-122.3574502],
"8332 46th av s":[47.5281094,-122.2741473],
"841 nw 116th st":[47.7125879,-122.367979],
"8429 island dr s":[47.527802,-122.261708],
"8824 38th av s":[47.52343,-122.284507],
"8826 28th av sw":[47.523849,-122.368297],
"8840 stone av n":[47.6936383,-122.3410236],
"airport way s & s holgate st":[47.5861885,-122.3213982],
"nb i5 cd to james":[47.60459,-122.326944]
}