{
"1112 sw florida st":[47.584144,-122.3504228],
"11526 roosevelt way ne":[47.713003,-122.317491],
"12026 phinney av n":[47.716805,-122.353825],
"12315 35th av ne":[47.717844,-122.291962],
"13035 lake city way ne":[47.7239477,-122.2932026],
"1414 western av":[47.6077561,-122.3405406],
"1442 s donovan st":[47.525825,-122.313233],
"2349 10th av e":[47.640942,-122.320446],
"2501 s jackson st":[47.5990788,-122.2997208],
"2645 nw 59th st":[47.6716371,-122.3920827],
"2925 utah av s":[47.578535,-122.3351393],
"304 29th av s":[47.600081,-122.294703],
"3581 s morgan st":[47.543863,-122.285792],
"3717 39th av s":[47.570158,-122.284276],
"3756 rainier av s":[47.570025,-122.2906269],
"3827 s morgan st":[47.543685,-122.283628],
"4201 s orcas st":[47.5511786,-122.2807489],
"4402 sw hill st":[47.585611,-122.387982],
"4904 erskine way sw":[47.558385,-122.387759],
"50 republican st":[47.6232889,-122.3556628],
"500 - 599 seneca st":[47.608236,-122.33249],
"5215 s holly st":[47.542224,-122.26643],
"5407 31st av s":[47.553221,-122.293],
"5427 beach dr sw":[47.553385,-122.400095],
"6205 corson av s":[47.5469589,-122.322212],
"6511 ne 61st st":[47.67268,-122.257529],
"705 26th av s":[47.5965625,-122.2990085],
"7506 28th av nw":[47.6833713,-122.3926716],
"8303 9th av nw":[47.688922,-122.368616],
"8340 rainier av s":[47.5282608,-122.2694888],
"8515 paisley dr ne":[47.6910805,-122.2749696],
"8755 phinney av n":[47.693941,-122.354341],
"907 nw market st":[47.668386,-122.369136],
"9112 12th av ne":[47.69529,-122.314548],
"9611 53rd av s":[47.516346,-122.266789],
"965 n allen pl":[47.6604433,-122.3458977],
"97 s jackson st":[47.5989974,-122.3345049],
"e olive st \/ 14th av":[47.6164525,-122.3142702],
"jefferson rd ne \/ mason rd ne":[47.6524644,-122.3039149],
"winslow pl n \/ n motor pl":[47.658673,-122.346701]
}