{
"10725 greenwood av n":[47.7077196,-122.355882],
"10817 55th av s":[47.503135,-122.265225],
"118 lake washington blvd":[47.6018957,-122.2864804],
"2050 nw market st":[47.6689494,-122.384301],
"230 ne 92nd st":[47.696156,-122.325693],
"2910 s dakota st":[47.5661694,-122.2974551],
"2912 15th av s":[47.5772683,-122.3130017],
"33rd av s \/ s horton st":[47.573782,-122.2909607],
"34th av w \/ w barrett st":[47.6468324,-122.4009267],
"3726 sw trenton st":[47.524938,-122.380658],
"400 n 122nd st":[47.7177912,-122.3541679],
"4120 greenwood av n":[47.657365,-122.35519],
"4509 40th av ne":[47.6615367,-122.2851428],
"4545 california av sw":[47.5615979,-122.3869907],
"46th av s \/ s fontanelle st":[47.5359139,-122.2753321],
"5230 39th av s":[47.554758,-122.283115],
"535 n 78th st":[47.6852882,-122.350856],
"5500 8th av ne":[47.6686021,-122.3200978],
"5956 26th av sw":[47.548401,-122.364639],
"5th av n \/ mercer st":[47.624542,-122.347625],
"712 ne 45th st":[47.6614826,-122.3200211],
"7500 renton av s":[47.53499,-122.279734],
"8616 5th av ne":[47.6918389,-122.3227177],
"8620 island dr s":[47.526245,-122.260656],
"9245 6th av nw":[47.697364,-122.363746],
"9406 11th av sw":[47.518834,-122.348875],
"9918 arrowsmith av s":[47.512393,-122.250616],
"corliss av n \/ n 42nd st":[47.6579599,-122.3313956],
"rainier av s \/ cloverdale pl s":[47.5261708,-122.269983],
"s massachusetts st \/ 6th av s":[47.5882304,-122.3259825],
"western av w \/ 2nd av w":[47.6198813,-122.3594882]
}