{
"10032 29th av ne":[47.702162,-122.296466],
"1019 n 50th st":[47.6650285,-122.3451159],
"10516 39th av sw":[47.50859,-122.381138],
"10650 exeter av ne":[47.707001,-122.276191],
"10720 53rd av s":[47.50409,-122.267228],
"110 27th av":[47.602099,-122.297539],
"11338 35th av ne":[47.711467,-122.29027],
"12361 lake city way ne":[47.7190654,-122.2952561],
"1251 sw myrtle st":[47.538836,-122.352712],
"12th av sw \/ sw henderson st":[47.5228289,-122.3506006],
"13061 37th av ne":[47.724837,-122.288968],
"13247 37th av ne":[47.7260015,-122.2889007],
"1416 n 107th st":[47.7070491,-122.3398283],
"1417 newport way":[47.612893,-122.283382],
"1425 4th av":[47.6098945,-122.3368166],
"1812 19th av s":[47.58652,-122.307768],
"2030 s columbian way":[47.5603089,-122.305942],
"2210 1st av":[47.6128354,-122.3455789],
"2328 ne 94th st":[47.6968646,-122.3028658],
"2434 perkins ln w":[47.639929,-122.412715],
"3020 sw morgan st":[47.5444376,-122.3707983],
"3023 s willow st":[47.5405709,-122.2924398],
"3025 s nevada st":[47.5646347,-122.295046],
"311 bellevue av e":[47.6212274,-122.3267789],
"3647 35th av w":[47.653653,-122.402655],
"4433 29th av w":[47.661073,-122.395262],
"5057 42nd av sw":[47.555836,-122.385845],
"5216 university way ne":[47.6669209,-122.3126809],
"529 ne 82nd st":[47.6880411,-122.3216701],
"5410 keystone pl n":[47.668504,-122.33245],
"5651 keystone pl n":[47.669995,-122.334192],
"5948 fauntleroy way sw":[47.548898,-122.3826747],
"6621 fauntleroy way sw":[47.543731,-122.390356],
"700 union st":[47.611039,-122.332395],
"8516 15th av ne":[47.690892,-122.311902],
"8914 14th av s":[47.5234093,-122.3146642],
"n 58th st \/ 1st av ne":[47.6708657,-122.3282373],
"nb i5 to 85":[47.685562,-122.324337],
"sw morgan st \/ 34th av sw":[47.5446686,-122.375087],
"sw roxbury st \/ 7th av sw":[47.5172903,-122.3441463],
"w galer st \/ 1st av w":[47.6323206,-122.357871]
}