{
"1028 california ln sw":[47.591991,-122.388865],
"11041 alton av ne":[47.7094285,-122.283531],
"11551 1st av ne":[47.713746,-122.329099],
"12730 10th av nw":[47.72233,-122.368671],
"12753 7th av nw":[47.722909,-122.365409],
"13350 aurora av n":[47.7256918,-122.3449692],
"14044 sunnyside av n":[47.731787,-122.329822],
"1424 bigelow av n":[47.6321705,-122.3482165],
"1902 n northgate way":[47.7081849,-122.33511],
"210 s jackson st":[47.5994175,-122.3310265],
"3011 49th av sw":[47.577118,-122.394422],
"3202 e terrace st":[47.6053123,-122.2913481],
"3281 31st av sw":[47.5740326,-122.3724176],
"3412 nw 72nd st":[47.681184,-122.401631],
"40th av w \/ w lawton st":[47.665078,-122.4092924],
"4200 36th av s":[47.565262,-122.2870147],
"4619 densmore av n":[47.6627034,-122.3378812],
"4703 s orcas st":[47.550937,-122.273988],
"5730 ashworth av n":[47.671016,-122.338526],
"5800 18th av s":[47.5511094,-122.3095881],
"6505 29th av sw":[47.544215,-122.3692632],
"6732 35th pl s":[47.541141,-122.287924],
"708 s director st":[47.522468,-122.325231],
"7309 47th av ne":[47.6819021,-122.2777341],
"7900 1st av s":[47.532019,-122.3351434],
"903 james st":[47.6056496,-122.324492],
"9th av nw \/ holman rd nw":[47.6983584,-122.3687171],
"linden av n \/ n 143rd st":[47.7323213,-122.3477711],
"nb i5 fr dearborn":[47.595825,-122.3192149],
"ne 130th st \/ roosevelt way ne":[47.7228571,-122.32309],
"nw 127th st \/ 3rd av nw":[47.7214708,-122.3609671],
"woodland park av n \/ n 41st st":[47.6566584,-122.3446381]
}