{
"12246 corliss av n":[47.718296,-122.329469],
"1513 pike pl":[47.6087203,-122.3406063],
"1839 e yesler way":[47.6016691,-122.308435],
"2623 w newton st":[47.636759,-122.391403],
"2743 ne 100th st":[47.700875,-122.296879],
"2858 32nd av w":[47.64624,-122.397893],
"300 ne northlake way":[47.6537949,-122.3256932],
"3506 ne 95th st":[47.6977353,-122.2898932],
"361 newell st":[47.6442162,-122.3500925],
"3798 ne 97th st":[47.6991829,-122.2883099],
"3902 ne 135th st":[47.726435,-122.2866994],
"4508 s myrtle st":[47.539139,-122.276501],
"4515 s holly st":[47.5422579,-122.275831],
"4600 university way ne":[47.6629725,-122.3130856],
"4735 47th av ne":[47.6642083,-122.2776308],
"501 s dawson st":[47.5552857,-122.3281581],
"5010 ravenna av ne":[47.6653107,-122.3032171],
"5126 48th av ne":[47.6668662,-122.2756934],
"5952 31st av sw":[47.548906,-122.371434],
"603 32nd av e":[47.6252515,-122.2912138],
"6511 40th av sw":[47.544416,-122.3835334],
"6521 23rd av ne":[47.6764735,-122.3030322],
"7102 greenwood av n":[47.6804468,-122.3549486],
"7220 5th av nw":[47.681368,-122.362187],
"7314 46th av s":[47.536457,-122.275055],
"748 n 72nd st":[47.6812382,-122.3477421],
"806 nw 85th st":[47.6906575,-122.3668646],
"8314 19th av nw":[47.6892043,-122.3807881],
"8549 greenwood av n":[47.6917747,-122.3556634],
"9072 holman rd nw":[47.6955528,-122.3735442],
"9227 renton av s":[47.520252,-122.273221],
"e olive way \/ melrose av":[47.6166471,-122.3279046],
"n 112th st \/ greenwood av n":[47.710537,-122.3555502],
"s avon st \/ beacon av s":[47.5011826,-122.2687248]
}