{
"10443 67th av s":[47.5069703,-122.2502694],
"11723 16th av ne":[47.7146444,-122.3114165],
"1311 32nd av s":[47.5917648,-122.2915766],
"14613 12th av sw":[47.471879,-122.350308],
"1722 13th av s":[47.5877789,-122.3157155],
"207 2nd av s":[47.6005882,-122.3319641],
"2307 broadway  e":[47.639842,-122.321678],
"232 belmont av e":[47.62059,-122.323697],
"2405 ne 115th st":[47.7119173,-122.3029529],
"2534 mayfair av n":[47.6427161,-122.3518966],
"3522 sw thistle st":[47.528543,-122.377688],
"3829 23rd av w":[47.6548463,-122.386296],
"4308 6th av nw":[47.6591598,-122.363544],
"4514 13th av s":[47.5630329,-122.3157409],
"4720 ne 100th st":[47.701383,-122.276719],
"4732 46th av sw":[47.560162,-122.390452],
"4808 s orchard st":[47.5384839,-122.272161],
"5101 46th av sw":[47.556301,-122.391489],
"5104 47th av sw":[47.5561897,-122.3919376],
"5446 40th av w":[47.6691145,-122.4089261],
"5520 31st av s":[47.551901,-122.292347],
"55th av s \/ s juniper st":[47.4955849,-122.2642389],
"700 e roy st":[47.6251365,-122.3235545],
"721 nob hill av n":[47.626112,-122.350564],
"7636 39th av s":[47.5337254,-122.2831663],
"820 ne 117th st":[47.714269,-122.319821],
"8532 4th av ne":[47.69139,-122.323976],
"8601 wabash av s":[47.5264983,-122.2662952],
"melrose \/ pine st":[47.6152384,-122.3279036],
"n 85th st \/ midvale av n":[47.6905419,-122.3423544],
"ne 75th st \/ 14th av ne":[47.6830717,-122.3131639]
}