{
"1013 summit av e":[47.6277475,-122.3257873],
"10515 phinney av n":[47.705574,-122.354512],
"112 ne 112th st":[47.7099704,-122.3285537],
"115 27th av":[47.60214,-122.298187],
"1750 19th av s":[47.5875658,-122.3081269],
"2000 2nd av":[47.6120622,-122.3416665],
"2023 30th av w":[47.637424,-122.395987],
"2023 s washington st":[47.600577,-122.305295],
"217 23rd av e":[47.6207909,-122.302839],
"2227 10th av e":[47.639247,-122.320449],
"2333 n 59th st":[47.671349,-122.32942],
"2508 5th av":[47.6179638,-122.3453113],
"27th av ne \/ ne 45th st":[47.6612868,-122.2977756],
"2988 sw avalon way":[47.568026,-122.371193],
"3000 e spruce st":[47.603347,-122.293398],
"3011 ne 86th st":[47.690719,-122.295587],
"3550 sw 100th st":[47.5139218,-122.3785366],
"4000 m l king jr way s":[47.567879,-122.296402],
"414 22nd av":[47.60564,-122.303511],
"4206 12th av ne":[47.658584,-122.3152063],
"4540 university way ne":[47.662489,-122.3130973],
"50 columbia st":[47.6025495,-122.3367092],
"5403 16th av sw":[47.553559,-122.355152],
"5631 45th av sw":[47.5511772,-122.3902164],
"5959 delridge way sw":[47.5491668,-122.3630303],
"6554 23rd av ne":[47.6773903,-122.3024869],
"8224 latona av ne":[47.689296,-122.325282],
"8324 wabash av s":[47.5288383,-122.2690133],
"8555 mary av nw":[47.6911292,-122.3754598],
"8th av nw \/ nw 47th st":[47.6629364,-122.3661637],
"900 john st":[47.6197277,-122.3397504],
"912 2nd av w":[47.6271686,-122.35894],
"9561 1st av ne":[47.6981893,-122.3285002],
"9630 56th av s":[47.515911,-122.262772],
"east montlake pl e \/ e louisa st":[47.6424625,-122.3060345],
"harbor av sw \/ sw maryland pl":[47.5931166,-122.3833066],
"harvard av e \/ e mercer st":[47.6242656,-122.3219786],
"n 87th st \/ palatine av n":[47.6924373,-122.3566326],
"union st \/ bellevue av":[47.6130132,-122.3267877]
}