{
"10729 3rd av nw":[47.707837,-122.36113],
"11315 durland pl ne":[47.7115698,-122.2794613],
"12300 lake city way ne":[47.7175964,-122.2957598],
"13755 25th av ne":[47.72972,-122.302732],
"2025 e alder st":[47.6043158,-122.3054373],
"2105 queen anne av n":[47.6374727,-122.3572394],
"2351 21st av s":[47.5814329,-122.305951],
"2720 walnut av sw":[47.5786209,-122.3832531],
"336 nw 52nd st":[47.666677,-122.362256],
"3423 23rd av w":[47.6510761,-122.3859977],
"39th av e \/ lake washington blvd e":[47.6211784,-122.2828991],
"4th av \/ vine st":[47.617241,-122.347107],
"558 s donovan st":[47.5258018,-122.3258112],
"6533 dibble av nw":[47.676955,-122.367955],
"7704 46th av sw":[47.533826,-122.3912387],
"7730 9th av nw":[47.6860658,-122.3680466],
"7971 46th av s":[47.529501,-122.274811],
"8333 27th av nw":[47.6900053,-122.391116],
"9219 15th av sw":[47.520442,-122.354337],
"9455 14th av sw":[47.5175399,-122.353219],
"98 union st":[47.6079474,-122.3396928],
"boylston av \/ madison st":[47.6107309,-122.3218105]
}