{
"10312 linden av n":[47.7040567,-122.3470836],
"10628 34th av sw":[47.507284,-122.374321],
"1122 harvard av e":[47.629379,-122.321997],
"1524 nw ballard way":[47.663163,-122.377541],
"1947 34th av w":[47.637236,-122.4005076],
"2109 s brandon st":[47.553944,-122.305793],
"2210 41st av sw":[47.583604,-122.383465],
"25th av s \/ s walker st":[47.5836502,-122.3003199],
"2810 ne 137th st":[47.7282579,-122.297231],
"2831 nw 91st st":[47.6951589,-122.394404],
"3005 ne 62nd st":[47.6738218,-122.2950341],
"30th wr av nw \/ nw 54th sr st":[47.6676451,-122.3961349],
"3227 s monroe st":[47.530798,-122.289646],
"3247 28th av w":[47.650083,-122.393289],
"419 21st av":[47.6057447,-122.305419],
"4516 36th av w":[47.661895,-122.403247],
"4536 47th av sw":[47.561844,-122.391785],
"4846 46th av sw":[47.557956,-122.390516],
"4859 40th av sw":[47.557644,-122.383325],
"4914 s ferdinand st":[47.5584122,-122.2711933],
"5101 29th av ne":[47.666284,-122.297061],
"530 ne 88th st":[47.692466,-122.321671],
"553 n 70th st":[47.679405,-122.350262],
"6118 beacon av s":[47.547116,-122.299996],
"6851 40th av ne":[47.67907,-122.28554],
"715 n 85th st":[47.690345,-122.349178],
"797 maynard av s":[47.5960694,-122.3252455],
"8221 greenwood av n":[47.6889745,-122.3556686],
"9328 23rd av nw":[47.697094,-122.385024],
"9420 8th av sw":[47.518476,-122.345042],
"dearborn pl s \/ s dearborn st":[47.5958178,-122.3122395],
"m l king jr way s \/ s dakota st":[47.5662814,-122.2966672],
"s hanford st \/ 24th av s":[47.5750773,-122.3016308],
"wabash av s \/ s rose st":[47.5290812,-122.2693545]
}