{
"1000 alaskan way":[47.6043682,-122.3389539],
"12325 30th av ne":[47.7182165,-122.2969205],
"1320 queen anne av n":[47.631037,-122.356265],
"13804 greenwood av n":[47.729845,-122.355256],
"1415 ne 45th st":[47.6612577,-122.3120499],
"1416 e columbia st":[47.6093553,-122.3130625],
"2101 22nd av s":[47.5842385,-122.3050453],
"2110 california av sw":[47.584911,-122.385975],
"3156 s austin st":[47.5344534,-122.2908534],
"3430 ne 45th st":[47.6613924,-122.2904478],
"3539 ne 130th st":[47.7227832,-122.2890946],
"3808 sw andover st":[47.5684764,-122.3805149],
"3843 ne 90th st":[47.693582,-122.285998],
"4008 rainier av s":[47.5670247,-122.2889577],
"415 jefferson st":[47.6032116,-122.3277508],
"4455 35th av sw":[47.5631569,-122.376526],
"4551 5th av ne":[47.662796,-122.323218],
"4846 50th av sw":[47.55801,-122.3960625],
"509 26th av s":[47.59778,-122.299079],
"5533 20th av s":[47.552382,-122.307739],
"5626 sw winthrop st":[47.576884,-122.405191],
"6215 phinney av n":[47.6743565,-122.3547552],
"6611 57th av ne":[47.677205,-122.268081],
"710 8th av s":[47.5964748,-122.3221844],
"7239 se 24th st":[47.58888,-122.241183],
"7528 earl av nw":[47.6840325,-122.3916178],
"8157 8th av sw":[47.528455,-122.345864],
"8351 37th av s":[47.5280893,-122.2861568],
"9021 corliss av n":[47.6944089,-122.331365],
"9508 30th av ne":[47.69779,-122.295724],
"boylston av \/ e union st":[47.6129798,-122.3233643],
"lake city way ne \/ ne 123rd st":[47.7174196,-122.2962666],
"stewart st \/ olive way":[47.6121799,-122.338544]
}