{
"1204 20th av e":[47.630785,-122.305635],
"1248 nw 126th st":[47.720519,-122.373924],
"13026 10th av nw":[47.724125,-122.368979],
"1404 45th av sw":[47.5912899,-122.3882271],
"14214 32nd av ne":[47.7315956,-122.2937972],
"1611 16th av":[47.6152601,-122.31149],
"1715 30th av s":[47.587532,-122.293945],
"1808 1st av w":[47.635072,-122.357914],
"1916 ne 73rd st":[47.681465,-122.306915],
"20th av \/ e madison st":[47.6172781,-122.306128],
"2100 ne 47th st":[47.6630752,-122.3054423],
"2118 3rd av":[47.6138101,-122.3426964],
"219 erie av":[47.603405,-122.286136],
"2325 n 137th st":[47.728457,-122.330516],
"2630 nw 56th st":[47.6694833,-122.3915608],
"2712 s winthrop st":[47.5759626,-122.2982449],
"3233 19th av s":[47.574183,-122.307493],
"3400 sw admiral way":[47.576649,-122.37512],
"3909 sw southern st":[47.529671,-122.382472],
"402 n 44th st":[47.6604021,-122.3541669],
"4738 2nd av ne":[47.664299,-122.32688],
"5006 25th av s":[47.5570654,-122.3000367],
"5426 18th av sw":[47.552934,-122.356742],
"5637 48th av sw":[47.551035,-122.394138],
"632 nw 75th st":[47.6834879,-122.364749],
"6335 30th av sw":[47.5444399,-122.3699713],
"6501 east marginal way s":[47.5444902,-122.3314356],
"6827 44th av ne":[47.678424,-122.281574],
"7712 14th av sw":[47.5337424,-122.352475],
"8804 seward park av s":[47.5242177,-122.2646151],
"8th lower av \/ university st":[47.6098765,-122.3301378],
"970 thomas st":[47.6208782,-122.3378482],
"ellis av s \/ east marginal way s":[47.5386655,-122.3206164],
"n 97th st \/ evanston av n":[47.6996354,-122.3512585],
"nw 90th st \/ dibble av nw":[47.6942713,-122.3673135],
"w thurman st \/ 32nd av w":[47.6558775,-122.3982201]
}