{
"1016 ne 104th st":[47.704267,-122.317092],
"11013 arroyo beach pl sw":[47.503969,-122.3881],
"11750 phinney av n":[47.715638,-122.353818],
"12011 roosevelt way ne":[47.71632,-122.318416],
"1315 35th av s":[47.59173,-122.288298],
"13717 lake city way ne":[47.7289188,-122.2925699],
"1900 4th av s":[47.5857596,-122.3285189],
"1914 terry av":[47.6164049,-122.3337665],
"1917 n 46th st":[47.6619277,-122.3343414],
"2102 nw 77th st":[47.685184,-122.3834868],
"2606 nw 57th st":[47.6703601,-122.3905779],
"2619 ne 82nd st":[47.688213,-122.299018],
"302 14th av":[47.604435,-122.3141856],
"30th av sw \/ sw findlay st":[47.5519541,-122.370968],
"3803 e howell st":[47.617405,-122.284273],
"4027 13th av w":[47.6557785,-122.3735839],
"4044 george washington ln ne":[47.6562236,-122.3113527],
"409 s jackson st":[47.5991866,-122.3281845],
"4119 ne 142nd st":[47.731599,-122.284132],
"458 wheeler st":[47.640945,-122.347948],
"4604 sw brace point dr":[47.5198272,-122.3921481],
"4908 13th av s":[47.558347,-122.315756],
"5629 s bangor st":[47.5058984,-122.2618624],
"5926 37th av sw":[47.5493347,-122.3787415],
"625 12th av e":[47.6250039,-122.317049],
"7222 3rd av nw":[47.6813999,-122.36016],
"7237 36th av sw":[47.537557,-122.378856],
"910 sw thistle st":[47.5284836,-122.3473097],
"9305 46th av sw":[47.51938,-122.392258],
"9659 51st av s":[47.515258,-122.27063],
"e newton st \/ 22nd av e":[47.638326,-122.304013]
}