{
"0 rainier av s \/ s massachusetts st":[47.588422,-122.3058458],
"11615 1st av nw":[47.713337,-122.358584],
"12 seahawk way":[47.5357749,-122.1979672],
"1201 1st av":[47.6061166,-122.3379341],
"12321 22nd av ne":[47.7181206,-122.3058757],
"12539 11th av nw":[47.720678,-122.370789],
"14024 25th av ne":[47.731023,-122.301563],
"1511 nw 64th st":[47.675049,-122.37691],
"1618 shenandoah dr e":[47.634028,-122.288931],
"1730 e madison st":[47.6160985,-122.3089665],
"2419 e lake washington blvd":[47.643904,-122.3011],
"2726 32nd av s":[47.5788087,-122.291595],
"2752 nw 83rd st":[47.6891428,-122.392222],
"2800 21st av w":[47.6449088,-122.3831813],
"28th av ne \/ ne 125th st":[47.7192913,-122.2976645],
"2920 s dakota st":[47.5662231,-122.2971225],
"32nd av ne \/ ne 65th st":[47.6757812,-122.2932549],
"336 nw 84th st":[47.6900631,-122.3622309],
"3813 48th av sw":[47.569791,-122.393819],
"3819 california av sw":[47.569457,-122.387052],
"4002 24th pl s":[47.5681123,-122.3009307],
"408 aurora av n":[47.6223983,-122.3433655],
"413 n 39th st":[47.653956,-122.353819],
"4602 45th av ne":[47.6629439,-122.2793653],
"511 25th av s":[47.5977063,-122.3001924],
"5707 sw bradford st":[47.569154,-122.405335],
"5th av w \/ w barrett st":[47.6468617,-122.3634493],
"7244 west green lake dr n":[47.6817663,-122.3431683],
"7415 keen way n":[47.6832836,-122.3417372],
"7717 15th av ne":[47.6854428,-122.3125325],
"7745 1st av s":[47.5333546,-122.3369012],
"930 31st av s":[47.593662,-122.292396],
"997 western av":[47.6039979,-122.3374166],
"n 42nd st \/ greenwood av n":[47.6577744,-122.3554592],
"nw 75th st \/ 16th av nw":[47.6832208,-122.3778571],
"palatine av n \/ n 127th st":[47.721421,-122.3568917]
}