{
"100 w mercer st":[47.6248339,-122.3583565],
"10501 aurora av n":[47.7052673,-122.3451127],
"109 nw 79th st":[47.685978,-122.358463],
"110 nw 39th st":[47.654377,-122.3578215],
"11th av \/ e marion st":[47.6103999,-122.3180515],
"1212 n 85th st":[47.6907378,-122.3416805],
"125 n 132nd st":[47.7248973,-122.35788],
"1473 22nd av":[47.61507,-122.303908],
"1521 nw 54th st":[47.6676909,-122.3774031],
"1620 belmont av":[47.6161025,-122.3243725],
"1801 n 45th st":[47.6618283,-122.3362397],
"1900 s waite st":[47.580464,-122.308452],
"2053 nw 64th st":[47.6752845,-122.3843081],
"2500 sw graham st":[47.5468923,-122.3647306],
"2655 49th av sw":[47.5796371,-122.3944215],
"2822 22nd av w":[47.6454537,-122.3842735],
"337 e republican st":[47.6230414,-122.3268359],
"3818 42nd av ne":[47.656687,-122.282394],
"400 broadway  e":[47.6221129,-122.3205619],
"4550 shilshole av nw":[47.661885,-122.3771575],
"4550 sw alaska st":[47.5611515,-122.3905057],
"464 12th av":[47.605982,-122.316438],
"510 bellevue av e":[47.6234642,-122.3263542],
"5627 s prentice st":[47.5080609,-122.2618733],
"6053 26th av ne":[47.673687,-122.299915],
"607 w galer st":[47.632108,-122.364808],
"625 s lander st":[47.5795878,-122.3247613],
"6305 greenwood av n":[47.674743,-122.355665],
"6546 37th av ne":[47.6771835,-122.287901],
"7337 12th av nw":[47.6825508,-122.3717936],
"7503 s taft st":[47.51015,-122.240837],
"7756 s mission dr":[47.5033249,-122.235333],
"9315 45th av sw":[47.5196495,-122.3909774],
"e john st \/ summit av e":[47.6196834,-122.3252875],
"republican st \/ 9th av n":[47.6232172,-122.3397643],
"s bailey st \/ carleton av s":[47.5473821,-122.320117],
"s royal brougham way \/ sodo trl":[47.5923994,-122.3272556]
}