{
"106 n 75th st":[47.6835049,-122.357552],
"108 14th av e":[47.6191493,-122.3142692],
"12010 2nd av nw":[47.716318,-122.359188],
"13508 23rd pl ne":[47.7268929,-122.302736],
"1516 11th av":[47.6147234,-122.3177605],
"2139 6th av w":[47.6388737,-122.3653625],
"2317 4th av":[47.6156585,-122.3446606],
"2505 14th av s":[47.58076,-122.314723],
"2521 24th av w":[47.64182,-122.38806],
"300 boren av":[47.619522,-122.3358926],
"3216 nw 57th st":[47.670626,-122.399239],
"3418 28th av w":[47.6509969,-122.392495],
"34th av s \/ s genesee st":[47.5646444,-122.2906373],
"4037 francis av n":[47.6567125,-122.3533949],
"416 5th av s":[47.598706,-122.3274389],
"5213 columbia dr s":[47.555417,-122.30551],
"6048 26th av sw":[47.546871,-122.365241],
"6345 6th av ne":[47.675725,-122.322526],
"6821 ravenna av ne":[47.678325,-122.304259],
"7724 meridian av n":[47.6858558,-122.3327294],
"8150 8th av sw":[47.528614,-122.345108],
"8408 40th av sw":[47.5281211,-122.3826254],
"8741 15th av nw":[47.6937402,-122.3771382],
"8956 aurora av n":[47.6940781,-122.3442665],
"fremont way n \/ n 38th st":[47.6523758,-122.3481464],
"nw 74th st \/ 30th av nw":[47.6823704,-122.3957177],
"sw dakota st \/ 55th av sw":[47.566726,-122.4028206]
}