{
"10439 42nd av sw":[47.508914,-122.386101],
"1218 s lander st":[47.5796696,-122.3162837],
"1300 s lander st":[47.5794787,-122.3157934],
"1406 sw holden st":[47.5342631,-122.3530995],
"1508 37th av e":[47.632412,-122.285041],
"1517 42nd av sw":[47.589974,-122.385295],
"2029 n 77th st":[47.6847,-122.3337056],
"2520 ne university village st":[47.6632791,-122.2994488],
"2615 25th av s":[47.579513,-122.300585],
"2953 s dakota st":[47.566269,-122.2966631],
"3214 ne 95th st":[47.6977509,-122.292578],
"3240 california av sw":[47.574311,-122.3864],
"32nd av \/ e columbia st":[47.6092732,-122.2914677],
"3707 14th av s":[47.570433,-122.315124],
"4117 sw edmunds st":[47.5591933,-122.3849763],
"4515 37th av sw":[47.5623991,-122.3789984],
"465 n 45th st":[47.6612405,-122.3524401],
"4917 s snoqualmie st":[47.5617461,-122.2714756],
"518 34th av":[47.606361,-122.289124],
"7025 3rd av nw":[47.68031,-122.360798],
"729 2nd av":[47.6036073,-122.3337427],
"7505 26th av ne":[47.683334,-122.300024],
"7758 14th av nw":[47.686741,-122.373817],
"8915 14th av s":[47.5232997,-122.3151529],
"9200 woodlawn av n":[47.696112,-122.338365],
"9417 45th av sw":[47.518366,-122.391522],
"9800 - 9899 37th av sw":[47.515614,-122.379327],
"e union st \/ 37th av":[47.6128137,-122.2859923],
"ne 54th st \/ 5th av ne":[47.667866,-122.3228698],
"sb i5 at roanoke":[47.643234,-122.323195],
"seneca st \/ minor av":[47.6112378,-122.3253216]
}