{
"1000 lake washington blvd":[47.6107078,-122.282796],
"12th av ne \/ ne 108th st":[47.7071173,-122.3153725],
"1511 e jefferson st":[47.605938,-122.312251],
"1513 4th av w":[47.632796,-122.362755],
"18th av s \/ s horton st":[47.5740444,-122.308198],
"218 ne 120th st":[47.7160559,-122.3267031],
"2246 nw 60th st":[47.6725843,-122.3867702],
"26th av ne \/ ne blakeley st":[47.6663794,-122.2995396],
"2923 s willow st":[47.5406198,-122.2948786],
"3058 beacon av s":[47.5755559,-122.3093569],
"316 maynard av s":[47.5995606,-122.3247927],
"3304 27th av s":[47.573814,-122.297409],
"3306 e spring st":[47.6117736,-122.2899964],
"3518 fremont av n":[47.651131,-122.3496487],
"4050 latona av ne":[47.6570271,-122.3253411],
"426 15th av e":[47.6229619,-122.31231],
"4828 38th av sw":[47.558385,-122.379705],
"5210 keystone pl n":[47.66696,-122.331437],
"5267 12th av ne":[47.668404,-122.3155197],
"5314 wallingford av n":[47.667653,-122.336083],
"5329 46th av s":[47.5535926,-122.2756027],
"5656 31st av sw":[47.5502884,-122.3719032],
"600 harvard av e":[47.6242741,-122.3219597],
"606 sw othello st":[47.537228,-122.343493],
"611 ne ravenna blvd":[47.6751792,-122.321963],
"6516 4th av nw":[47.6765427,-122.3611878],
"7200 16th av sw":[47.5382189,-122.3549691],
"7335 34th av sw":[47.536264,-122.375606],
"7538 12th av nw":[47.6844047,-122.3711406],
"8615 22nd av sw":[47.5260029,-122.3621257],
"926 n 95th st":[47.6979928,-122.3460785],
"9732 11th av nw":[47.70096,-122.36968],
"aurora av n \/ n 73rd st":[47.681804,-122.3445337],
"brooklyn av ne \/ ne ravenna blvd":[47.671251,-122.314173],
"stone way n \/ n 44th st":[47.6599664,-122.3422122],
"sw hinds st \/ 49th av sw":[47.5738957,-122.3947223]
}