{
"11357 36th av ne":[47.711782,-122.289711],
"11729 bartlett av ne":[47.714466,-122.284245],
"12813 north park av n":[47.7227944,-122.3493323],
"13550 23rd pl ne":[47.7280577,-122.3027358],
"13560 riviera pl ne":[47.72809,-122.28126],
"14050 stone av n":[47.73198,-122.342034],
"1413 nw 60th st":[47.6722021,-122.3743704],
"1500 fairview av e":[47.6324987,-122.3265508],
"1526 pike pl":[47.6088689,-122.3408014],
"1817 e shelby st":[47.6461779,-122.3082295],
"1957 6th av w":[47.6375929,-122.3652695],
"2530 8th av w":[47.6416039,-122.3673117],
"2708 elliott av":[47.614885,-122.352464],
"3650 45th av sw":[47.5705824,-122.3890504],
"3821 ashworth av n":[47.653357,-122.340546],
"40th av ne \/ ne 57th st":[47.6703221,-122.2848353],
"4206 e edgewater pl":[47.6420613,-122.2783186],
"4220 s trenton st":[47.5244355,-122.2803768],
"4301 s webster st":[47.5350555,-122.2791689],
"4350 leary way nw":[47.6601413,-122.3655872],
"6207 s hazel ct":[47.5037872,-122.2544992],
"645 nw 45th st":[47.6614485,-122.3657212],
"6526 21st av nw":[47.6766557,-122.3829285],
"6712 8th av ne":[47.67774,-122.319794],
"7036 19th av nw":[47.68063,-122.380736],
"705 s fidalgo st":[47.5501727,-122.3249148],
"7420 woodlawn av ne":[47.6827531,-122.3271993],
"7920 29th av sw":[47.531237,-122.369509],
"807 22nd av":[47.6093201,-122.3039963],
"811 14th av e":[47.6264541,-122.3148964],
"8147 27th av sw":[47.5286493,-122.3674137],
"8608 16th av sw":[47.526181,-122.354654],
"8623 11th av sw":[47.525864,-122.349674],
"9020 11th av sw":[47.522104,-122.34891],
"922 nw 56th st":[47.669662,-122.369711],
"9620 15th av nw":[47.699606,-122.376347],
"jefferson st \/ terry av":[47.6053058,-122.3229948]
}