{
"10662 marine view dr sw":[47.506858,-122.386353],
"10668 62nd av s":[47.504717,-122.2557017],
"11023 2nd av nw":[47.7094776,-122.3597862],
"1200-1299 e remington ct":[47.6055794,-122.3167761],
"12th av ne \/ pinehurst way ne":[47.7121946,-122.3152144],
"1315 s hanford st":[47.574906,-122.315383],
"14040 32nd av ne":[47.7308879,-122.2938114],
"223 yesler way":[47.6016409,-122.330607],
"233 broadway  e":[47.6209036,-122.3210807],
"25th av s \/ s hanford st":[47.5750708,-122.3006056],
"2621 2nd av":[47.6161174,-122.3497614],
"3040 46th av sw":[47.576224,-122.390382],
"3201 36th av s":[47.575091,-122.288018],
"3843 48th av sw":[47.569009,-122.393827],
"4724 37th av sw":[47.560208,-122.378405],
"4939 sw bruce st":[47.555079,-122.396797],
"505 ne 94th st":[47.6966563,-122.3227199],
"5641 california av sw":[47.5508606,-122.3876939],
"6818 weedin pl ne":[47.6779007,-122.3212262],
"6th av w \/ w mercer pl":[47.6252142,-122.3645156],
"7003 california av sw":[47.5405276,-122.3875466],
"7038 covello dr s":[47.540361,-122.299304],
"7101 18th av sw":[47.5384976,-122.357493],
"829 13th av":[47.6100397,-122.3157922],
"9220 17th av ne":[47.696387,-122.309158]
}