{
"10008 aurora av n":[47.7027043,-122.3425159],
"10740 5th av ne":[47.707546,-122.3231948],
"11004 14th av ne":[47.7087069,-122.313388],
"11531 7th av ne":[47.713155,-122.322304],
"13025 42nd av ne":[47.723774,-122.284232],
"13606 20th av ne":[47.727768,-122.306924],
"1529 14th av":[47.614953,-122.3145665],
"1630 14th av":[47.6162437,-122.3141754],
"220 broadway e":[47.620603,-122.320464],
"2442 8th av n":[47.640661,-122.342805],
"2501 12th av w":[47.6408556,-122.3729044],
"2821 nw 96th st":[47.698906,-122.394105],
"2913 s genesee st":[47.5636796,-122.2958268],
"337 n 137th st":[47.7281,-122.353904],
"3617 19th av sw":[47.570758,-122.358492],
"3988 jefferson rd ne":[47.6533069,-122.3040598],
"4504 23rd av sw":[47.562542,-122.362139],
"4520 university way ne":[47.6620818,-122.3127788],
"4733 51st av s":[47.559579,-122.26977],
"4881 24th av s":[47.5588662,-122.3031208],
"5079 beach dr sw":[47.555667,-122.400231],
"545 ne 100th st":[47.7010549,-122.321216],
"6401 dayton av n":[47.6755136,-122.3526436],
"7411 4th av ne":[47.6821169,-122.3256115],
"7723 m l king jr way s":[47.5332434,-122.280854],
"7910 13th av sw":[47.531539,-122.351374],
"8509-1\/2 midvale av n":[47.6908955,-122.3427878],
"9119 48th av s":[47.5218536,-122.2728814],
"9202 dibble av nw":[47.6962094,-122.3670835],
"9423 merton way s":[47.5171981,-122.2796017],
"e spring st \/ 27th av":[47.6115648,-122.2975018],
"n 137th st \/ greenwood av n":[47.7287826,-122.3555318],
"nb i5 to northgate wy":[47.703742,-122.329381],
"sw trenton st \/ 46th av sw":[47.5248571,-122.3916014]
}