{
"1019 spring st":[47.6097597,-122.3264364],
"10719 ashworth av n":[47.707476,-122.339733],
"11733 north park av n":[47.7151213,-122.3493418],
"1200 n 44 st":[47.6601697,-122.3435827],
"1302 nw 80th st":[47.687091,-122.373015],
"1432 15th av":[47.6139752,-122.3126595],
"1914 ferry av sw":[47.58616,-122.385555],
"1922 s stevens st":[47.5771318,-122.3069826],
"2271 ne 51st st":[47.665412,-122.302896],
"2402 41st av sw":[47.582259,-122.383584],
"2503 ne 120th st":[47.71548,-122.301571],
"2922 e republican st":[47.62392,-122.29402],
"301 nw 113th pl":[47.711328,-122.361153],
"3033 nw esplanade":[47.698859,-122.397481],
"3510 sw thistle st":[47.5285115,-122.377243],
"3816 w bertona st":[47.650689,-122.406582],
"4209 sunnyside av n":[47.6583002,-122.3305544],
"45th av s \/ s hudson st":[47.5570488,-122.2765106],
"5112 latona av ne":[47.6662181,-122.3253517],
"520 12th av s":[47.5982093,-122.3170163],
"5234 57th av s":[47.55382,-122.261727],
"6050 43rd av ne":[47.673649,-122.281801],
"7028 42nd av ne":[47.680299,-122.283634],
"7123 holly park dr s":[47.538737,-122.2871684],
"7205 5th av ne":[47.6809987,-122.322899],
"7722 corliss av n":[47.6857479,-122.33011],
"8055 earl av nw":[47.6884776,-122.3922082],
"9027 8th av nw":[47.695098,-122.366416],
"9901 aurora av n":[47.7011608,-122.3451938],
"california av sw \/ sw orchard st":[47.5389135,-122.3872906],
"e olive st \/ e madison st":[47.6172633,-122.3061364],
"mary av nw \/ nw 92nd st":[47.6960702,-122.3754462],
"s oregon st \/ 35th av s":[47.5628236,-122.288807],
"sw roxbury st \/ 26th av sw":[47.5173845,-122.3658995],
"woodlawn av ne \/ 1st av ne":[47.6775192,-122.3283468]
}