{
"100 westlake av n":[47.6185462,-122.3384552],
"10005 vinton ct nw":[47.702221,-122.38319],
"10031 mary av nw":[47.702478,-122.375803],
"107 1st av s":[47.6013795,-122.3345335],
"11270 57th av s":[47.498031,-122.260642],
"14308 27th av ne":[47.732313,-122.298927],
"1915 n 49th st":[47.6640744,-122.3344701],
"2501 4th av":[47.6166841,-122.3465311],
"2843 s alaska pl":[47.560849,-122.2950815],
"313 occidental av s":[47.5995362,-122.3329094],
"3226 e madison st":[47.627971,-122.290069],
"3235 lafayette av s":[47.574184,-122.310571],
"3326 rainier av s":[47.5736656,-122.2945577],
"424 n bowdoin pl":[47.654767,-122.3533247],
"4540 15 av ne":[47.6625825,-122.3114221],
"4738 15th av ne":[47.664203,-122.311629],
"4805 s snoqualmie st":[47.5615513,-122.2728262],
"525 34th av":[47.606642,-122.289772],
"5252 11th av ne":[47.6679412,-122.3159759],
"5894 ne park point dr":[47.6777379,-122.2650802],
"600 w dravus st":[47.648827,-122.36535],
"6014 6th av nw":[47.672778,-122.363848],
"6536 53rd av ne":[47.676884,-122.270217],
"7560 24th av sw":[47.5338951,-122.3628839],
"7801 linden av n":[47.685633,-122.347524],
"8600 14th av s":[47.5263157,-122.3146572],
"8644 12th av sw":[47.525134,-122.350184],
"8721 lake city way ne":[47.6919828,-122.3066123],
"9220 25th av sw":[47.5204073,-122.3642031],
"broadway e & e john st":[47.6199037,-122.3208691]
}