{
"10503 interlake av n":[47.7051414,-122.3406541],
"10525 greenwood av n":[47.7058713,-122.3554511],
"12704 23rd av ne":[47.721333,-122.304139],
"13059 42nd av ne":[47.724563,-122.283471],
"1618 ne 80th st":[47.686843,-122.310231],
"1626 5th av":[47.6124054,-122.3371397],
"1631 8th av":[47.6133024,-122.3333795],
"1727 s horton st":[47.5738932,-122.3098782],
"1801 20th av":[47.6178118,-122.30646],
"1825 harvard av":[47.618365,-122.322493],
"2049 nw 60th st":[47.6722046,-122.3842268],
"2365 48th av sw":[47.581534,-122.393136],
"2431 s graham st":[47.5463776,-122.3012043],
"341 ne 52nd st":[47.666202,-122.323803],
"360 nw 46th st":[47.6623988,-122.3634416],
"3623 34th av w":[47.6529912,-122.4012838],
"4022 46th av sw":[47.567697,-122.3904611],
"4200 s juneau st":[47.5499235,-122.2805082],
"4217 11th av ne":[47.6588468,-122.3166848],
"4725 26th av sw":[47.560305,-122.3659],
"5033 41st av sw":[47.556509,-122.384515],
"5037 37th av ne":[47.666004,-122.288276],
"5532 35th av ne":[47.6695378,-122.2898831],
"5911 39th av s":[47.5493189,-122.283842],
"6040 41st av sw":[47.547207,-122.384045],
"6057 50th av sw":[47.547408,-122.396542],
"611 28 av e":[47.6247266,-122.2969045],
"70 pike st":[47.6087122,-122.340546],
"7103 55th av s":[47.5387428,-122.2649203],
"716 n 87th st":[47.692246,-122.349071],
"907 nw 50th st":[47.6648778,-122.3691164],
"9203 ashworth av n":[47.6961876,-122.3396765],
"9431 26th av sw":[47.5182069,-122.366299],
"n 48th st \/ meridian av n":[47.6635835,-122.3336958],
"ne 80th st \/ 4th av ne":[47.6868136,-122.3243375],
"ne pacific st \/ university way ne":[47.653423,-122.3133576]
}