{
"1404 2nd av":[47.6085478,-122.3382121],
"1810 harvard av":[47.617648,-122.3221455],
"2113 westlake av":[47.6170334,-122.3384449],
"2116 s bayview st":[47.5812069,-122.3047472],
"2139 5th av w":[47.6389019,-122.3639253],
"2525 56th av sw":[47.5809758,-122.4042759],
"2643 e aloha st":[47.626423,-122.296796],
"2700 sw othello st":[47.537369,-122.3674218],
"2929 sw florida st":[47.583557,-122.373201],
"3011 harris pl s":[47.576322,-122.302619],
"3047 nw 59th st":[47.671441,-122.39759],
"3400 16th av w":[47.6505131,-122.3771303],
"3441 36th av sw":[47.571876,-122.377433],
"3454 arapahoe pl w":[47.652129,-122.408621],
"3531 ne 94th st":[47.696487,-122.288993],
"3923 sw monroe st":[47.531168,-122.383134],
"408 14th av e":[47.6222847,-122.3144074],
"4515 w bertona st":[47.650301,-122.414971],
"4721 19th av ne":[47.6637629,-122.3074977],
"4751 19th av ne":[47.6645036,-122.3075077],
"4842 s bateman st":[47.5471762,-122.27083],
"5017 35th av sw":[47.556843,-122.376665],
"6118 12th av s":[47.5481044,-122.3169498],
"6507 25th av ne":[47.676007,-122.3006495],
"7132 45th av sw":[47.5386622,-122.3900329],
"735 federal av e":[47.626376,-122.319473],
"737 33rd av":[47.6091167,-122.290719],
"8551 burke av n":[47.692,-122.335509],
"9035 evanston av n":[47.695264,-122.351656],
"9051 15th av sw":[47.52136,-122.354329],
"9234 3rd av nw":[47.697014,-122.360331],
"9238 13th av sw":[47.519895,-122.35138],
"9th av ne \/ ne 47th st":[47.6631235,-122.318386],
"alki av sw \/ 53rd av sw":[47.5835741,-122.4009492],
"belmont av e \/ summit av e":[47.6268001,-122.3256343],
"nb sr99 fr denny":[47.6190873,-122.3434701]
}