{
"1100 31st av":[47.611793,-122.292251],
"11925 beacon av s":[47.496045,-122.260306],
"12056 palatine av n":[47.717292,-122.35673],
"13752 2nd av nw":[47.730216,-122.359198],
"1407 e olive way":[47.6173157,-122.3265948],
"1610 6th av w":[47.633918,-122.364668],
"164 s michigan st":[47.544825,-122.3325607],
"1722 ne 55th st":[47.668765,-122.308388],
"1726 n 100th st":[47.701607,-122.336278],
"1908 pike pl":[47.6099458,-122.3424236],
"2352 rosemont pl w":[47.640433,-122.407785],
"2466 montavista pl w":[47.6411969,-122.4043505],
"2736 34th av s":[47.5785294,-122.2895045],
"301 nickerson st":[47.6469412,-122.3517398],
"3022 ne 103rd st":[47.703358,-122.295101],
"3102 sw raymond st":[47.5484656,-122.3723752],
"3208 mcclintock av s":[47.5751621,-122.2925768],
"321 ne 133rd st":[47.7247796,-122.325289],
"3301 s oregon st":[47.5626852,-122.2906711],
"3438 23rd av w":[47.651442,-122.385606],
"3802 linden av n":[47.6529707,-122.3485821],
"401 24th av e":[47.6228046,-122.3014355],
"4043 1st av ne":[47.656802,-122.328186],
"421 broadway e":[47.6222678,-122.3209337],
"4711 s victor st":[47.509924,-122.273569],
"4727 53rd av sw":[47.5606361,-122.3994998],
"5023 48th av ne":[47.665598,-122.276398],
"547 ne 91st st":[47.6947721,-122.3213352],
"5512 roosevelt way ne":[47.6689908,-122.3170677],
"600 n 130 st":[47.7238584,-122.351641],
"6512 39th av sw":[47.544362,-122.381495],
"6703 21st av sw":[47.5427971,-122.3595737],
"6806 32nd av ne":[47.677847,-122.292658],
"7002 42nd av s":[47.539637,-122.280464],
"7011 34th av nw":[47.6798689,-122.40141],
"7211 30th av nw":[47.68134,-122.396045],
"7327 12th av nw":[47.682269,-122.371827],
"8411 48th av s":[47.527571,-122.273075],
"franklin av e \/ e roanoke st":[47.6431912,-122.3246181],
"lakeside av s \/ s judkins st":[47.5922344,-122.2874844],
"s morgan st \/ 52nd av s":[47.5442754,-122.2671473]
}