{
"0 sb i5 at 80":[47.683721,-122.322734],
"11536 3rd pl nw":[47.71332,-122.361196],
"11706 26th av ne":[47.714464,-122.29992],
"119 ne 63rd st":[47.6742142,-122.3272087],
"11th av ne \/ ne northgate way":[47.7085497,-122.3159],
"12301 lake city way ne":[47.7177576,-122.2962183],
"132 25th av e":[47.619909,-122.29938],
"1509 ne 62nd st":[47.6739689,-122.3118433],
"1924 14th av s":[47.5856959,-122.3144097],
"1942 25th av e":[47.637099,-122.300224],
"20th av sw \/ sw thistle st":[47.5282803,-122.3590897],
"2815 sw findlay st":[47.551691,-122.369077],
"3001 15th av s":[47.5766758,-122.3136282],
"3114 e pine st":[47.6154044,-122.2917044],
"318 fairview av n":[47.6217461,-122.3339512],
"3314 claremont av s":[47.573167,-122.2956472],
"36th av ne\/ne 145th st":[47.7337439,-122.2897303],
"4015 fremont av n":[47.6558683,-122.3503446],
"406 31st av":[47.6054529,-122.2923075],
"4205 s morgan st":[47.54403,-122.2805226],
"4220 2nd av nw":[47.6583479,-122.35805],
"4701 46th av s":[47.5603956,-122.2760327],
"48th av ne \/ ne 43rd st":[47.6598553,-122.2764794],
"5048 49th av s":[47.555605,-122.271236],
"5136 s juneau st":[47.549887,-122.2690638],
"518 mercer st":[47.6244248,-122.3472765],
"5200 25th av ne":[47.6670028,-122.3005726],
"5500 ne windermere rd":[47.6683,-122.267986],
"6355 beach dr sw":[47.545369,-122.399014],
"727 n 63rd st":[47.6745663,-122.3486945],
"7300 beacon av s":[47.536584,-122.2921487],
"7322 11th av nw":[47.6821625,-122.3700989],
"7559 11th av ne":[47.684818,-122.316639],
"7919 linden av n":[47.6865258,-122.3472452],
"7932 8th av sw":[47.5309359,-122.345121],
"8014 30th av nw":[47.68722,-122.395353],
"8117 8th av nw":[47.6882012,-122.366416],
"8420 12th av sw":[47.527647,-122.350201],
"8917 45th av sw":[47.5236986,-122.3904475],
"9312 46th av s":[47.5185978,-122.2739256],
"9552 evanston av n":[47.6993633,-122.3509477],
"broadway \/ terry av":[47.6028635,-122.3207796]
}