{
"1032 s jackson st":[47.5995028,-122.3185299],
"1060 w ewing st":[47.6559072,-122.3706131],
"10749 3rd av nw":[47.708369,-122.361135],
"1409 queen anne av n":[47.6316003,-122.356979],
"1542 logan av w":[47.4955751,-122.2070477],
"16th av sw \/ sw florida st":[47.5836,-122.3552735],
"2016 ne 65th st":[47.6760178,-122.3056772],
"2051 nw 64th st":[47.675057,-122.384304],
"216 e roanoke st":[47.643428,-122.325117],
"2337 30th av s":[47.5818222,-122.2944326],
"3025 sw avalon way":[47.5660809,-122.371234],
"3417 fremont av n":[47.6502296,-122.3501516],
"3441 38th av w":[47.651698,-122.406073],
"3551 s brandon st":[47.553218,-122.286822],
"3rd av \/ jefferson st":[47.6021048,-122.3307896],
"4004 13th av s":[47.567889,-122.315619],
"4329 7th av s":[47.564435,-122.324659],
"4436 s genesee st":[47.5640928,-122.2779559],
"4550 ne 115th st":[47.7126359,-122.2800814],
"4810 9th av nw":[47.6637467,-122.3685917],
"4835 s juneau st":[47.5495314,-122.2711224],
"50th av sw \/ sw graham st":[47.5467856,-122.3959568],
"5721 s victor st":[47.5103433,-122.2611274],
"5th av s \/ s spokane st":[47.5715929,-122.32754],
"613 broadway e":[47.6247109,-122.3212932],
"6833 47th av ne":[47.6785629,-122.278287],
"7021 covello dr s":[47.5399487,-122.2998058],
"819 s rose st":[47.528764,-122.321999]
}