{
"10329 46th av ne":[47.703775,-122.279233],
"11th av sw \/ sw cloverdale st":[47.5264015,-122.349286],
"1903 victoria av sw":[47.5866339,-122.380711],
"207 n 51st st":[47.665574,-122.356078],
"3002 ne 92nd st":[47.695841,-122.295663],
"3805 renton av s":[47.56965,-122.295888],
"3815 33rd av w":[47.6545686,-122.3999022],
"3903 sw dakota st":[47.566303,-122.381775],
"40th av ne \/ ne 55th st":[47.6685196,-122.2848045],
"500 john st":[47.6199062,-122.3472159],
"5752 60th av ne":[47.671473,-122.263092],
"5902 kirkwood pl n":[47.671745,-122.3332084],
"6100 swift av s":[47.5480868,-122.3099301],
"708 aurora av n":[47.625754,-122.3435452],
"724 broadway":[47.6089108,-122.3207956],
"7559 23rd av nw":[47.684861,-122.385698],
"7712 ridge dr ne":[47.684658,-122.274919],
"8733 golden gardens dr nw":[47.693016,-122.400006],
"8806 renton av s":[47.5240753,-122.2765419],
"922 17th av":[47.611077,-122.309918],
"9325 26th pl nw":[47.6976133,-122.3910041],
"s bennett st \/ 1st av s":[47.554915,-122.334209]
}