{
"0 - 0 sb sr99 fr columbia":[47.602241,-122.336705],
"13716 25th av ne":[47.72898,-122.301571],
"1509 1st av w":[47.632622,-122.3587358],
"1533 ne 145th st":[47.7338989,-122.3120605],
"1763 nw 62nd st":[47.673599,-122.3815473],
"200-299 s brandon st":[47.5541613,-122.3323529],
"2020 14th av s":[47.584833,-122.314307],
"217 w kinnear pl":[47.6277271,-122.3601336],
"2360 23rd av s":[47.5811612,-122.3025913],
"307 lee st":[47.6312501,-122.3509264],
"3100 harvard av e":[47.6495868,-122.3220924],
"3205 44th av w":[47.6487849,-122.413452],
"332 15th av e":[47.6214882,-122.3123436],
"3419 wallingford av n":[47.6487204,-122.3366836],
"5220 puget blvd sw":[47.5551138,-122.3626809],
"5520 12th av ne":[47.6691804,-122.315171],
"609 nw 83rd st":[47.6888827,-122.3637951],
"7619 rockery dr s":[47.533986,-122.2825681],
"8038 13th av nw":[47.6880496,-122.3724611],
"809 nob hill av n":[47.6266486,-122.3504137],
"818 s southern st":[47.530034,-122.3219525],
"819 ne 98th st":[47.700123,-122.319549],
"8519 fremont av n":[47.6910915,-122.3500606],
"931 n 86th st":[47.691066,-122.345558],
"9456 9th av sw":[47.517504,-122.346321],
"ne 48th st \/ 9th av ne":[47.6640171,-122.3183815]
}