{
"115 24th av e":[47.6195082,-122.3013066],
"1333 44th av sw":[47.591228,-122.387702],
"1405 ne 50th st":[47.6647732,-122.3127677],
"1717 s walker st":[47.5835257,-122.3099657],
"1722 howell pl":[47.6170219,-122.2805181],
"2010 broadmoor dr e":[47.637381,-122.287878],
"2203 nw 59th st":[47.6714312,-122.3849414],
"2210 nw 58th st":[47.6709353,-122.3853897],
"2429 nw 58th st":[47.67062,-122.388856],
"2912 sw raymond st":[47.5484578,-122.3703446],
"30 wall st":[47.6136063,-122.3501773],
"4131 hillcrest av sw":[47.565343,-122.403927],
"4232 51st av s":[47.5642918,-122.269186],
"5011 woodlawn av n":[47.6654689,-122.338744],
"5039 31st av s":[47.555965,-122.293181],
"525 20th av e":[47.623954,-122.306377],
"5755 26th av ne":[47.67159,-122.299907],
"5923 california av sw":[47.5495534,-122.3873613],
"6012 high point dr sw":[47.5479529,-122.3685311],
"615 queen anne av n":[47.6251069,-122.357016],
"6417 30th av s":[47.544662,-122.293977],
"6514 shaffer av s":[47.5438301,-122.294616],
"65th av s \/ s hazel st":[47.50539,-122.2524106],
"7403 greenwood av n":[47.6827271,-122.3553015],
"9246 39th av s":[47.5201146,-122.2833729],
"9716 61st av s":[47.5150176,-122.2566889],
"n 49th st \/ aurora av n":[47.6642955,-122.3472555],
"ne 113th st \/ bartlett av ne":[47.7104058,-122.2823562],
"s washington st \/ 2nd av s":[47.6008783,-122.3315755]
}