{
"1028 s washington st":[47.600891,-122.3190421],
"12314 33rd av ne":[47.717914,-122.292302],
"1520 e cherry st":[47.608153,-122.311992],
"1608 1st av w":[47.6339169,-122.357944],
"1631 s weller st":[47.597171,-122.31024],
"1929 bonair dr sw":[47.586247,-122.39626],
"2226 10th av e":[47.639192,-122.319744],
"2409 nw market st":[47.6684629,-122.3881889],
"2415 western av":[47.61368,-122.34919],
"30th av ne \/ ne 130th st":[47.7228995,-122.2963504],
"3300 m l king jr way s":[47.573808,-122.2964542],
"3303 e valley st":[47.625934,-122.289242],
"4123 whitman av n":[47.6573664,-122.3463215],
"4422 latona av ne":[47.6609347,-122.3248076],
"4431 50th av sw":[47.56383,-122.396597],
"44th av s \/ s dawson st":[47.5552277,-122.2785629],
"4734 42nd av sw":[47.5602873,-122.3845068],
"4840 california av sw":[47.5580014,-122.3864648],
"5220 brooklyn av ne":[47.6670842,-122.3138913],
"5300 roosevelt way ne":[47.667264,-122.3170786],
"5928 47th av s":[47.548881,-122.273553],
"650 w mcgraw st":[47.6395947,-122.3661084],
"6748 12th av nw":[47.679295,-122.371647],
"7101 holly park dr s":[47.5387415,-122.2871729],
"721 n 79th st":[47.6860255,-122.3490119],
"7929 11th av sw":[47.5309952,-122.3495895],
"7956 45th av s":[47.5300276,-122.275464],
"8737 greenwood av n":[47.6936738,-122.3557326],
"8820 midvale av n":[47.6930699,-122.3423757],
"9701 41st av sw":[47.5164541,-122.3850769],
"linden av n \/ n 67th st":[47.6777913,-122.3472925],
"nb sr99 at seneca":[47.6109,-122.345539],
"phinney av n \/ n 48th st":[47.6636077,-122.3539526],
"sw charlestown st \/ 47th av sw":[47.5702551,-122.3921014]
}