{
"10624 sand point way ne":[47.705925,-122.278376],
"11665 beacon av s":[47.4981232,-122.2634008],
"12743 6th av nw":[47.722721,-122.364055],
"1503 31st av":[47.614272,-122.292768],
"1531 13th av s":[47.5889946,-122.3163496],
"2058 14th av w":[47.638379,-122.374655],
"222 31st av":[47.603892,-122.292336],
"2303 nw blue ridge dr":[47.7034784,-122.3847486],
"2502 nw 65th st":[47.676071,-122.3888659],
"2842 nw 60th st":[47.6724398,-122.3947984],
"3004 ne 55th st":[47.6687184,-122.2948152],
"3135 sw holly st":[47.5428318,-122.3730097],
"3312 34th av s":[47.5733025,-122.2896105],
"4325 35th av w":[47.6594449,-122.402796],
"4402 41st av s":[47.5639751,-122.2814596],
"444 39th av e":[47.623996,-122.282551],
"4509 fremont av n":[47.661681,-122.350364],
"4538 14th av s":[47.562259,-122.314484],
"5024 29th av s":[47.556456,-122.295257],
"5203 48th av s":[47.5550459,-122.272957],
"5231 11th av ne":[47.667371,-122.3165269],
"5434 beach dr sw":[47.5534,-122.398143],
"604 ne 68th st":[47.6780558,-122.3221859],
"6052 40th av ne":[47.6736859,-122.284557],
"6057 24th av s":[47.546589,-122.302657],
"6114 20th av nw":[47.6735609,-122.3819379],
"6351 delridge way sw":[47.54496,-122.362121],
"7762 beacon av s":[47.5325737,-122.2883839],
"800 ne 70th st":[47.6795033,-122.3197967],
"8114 30th av sw":[47.529597,-122.370855],
"8519 17th av ne":[47.6908774,-122.3097809],
"9200 roosevelt way ne":[47.696011,-122.3173151],
"9272 56th av s":[47.5194,-122.26247],
"9332 45th av sw":[47.519247,-122.390629],
"e union st \/ 22nd av":[47.6129277,-122.3036649],
"n 145th st\/greenwood av n":[47.7341192,-122.3554834],
"n northgate way \/ stone av n":[47.7050465,-122.3420064],
"nb i5 to wsea frwy":[47.569155,-122.319826],
"sb i5 to boeing access rd":[47.509965,-122.283363]
}