{
"1000 valley st":[47.6257567,-122.3371166],
"10345 sand point way ne":[47.7042379,-122.278296],
"1200 - 1899 5th av s":[47.5245323,-122.3282151],
"12032 2nd av nw":[47.716976,-122.359195],
"12040 14th av ne":[47.716947,-122.313397],
"121 e boston st":[47.6381371,-122.326172],
"1215 e columbia st":[47.6089735,-122.3158283],
"1232 ne 90th st":[47.694239,-122.313334],
"1515 nw 96th st":[47.698758,-122.37754],
"1520 31st av s":[47.588814,-122.292211],
"1600 - 1799 nagle pl":[47.615241,-122.320016],
"1650-1717 n northlake pl":[47.645619,-122.337058],
"1730 1st av s":[47.5871871,-122.3335924],
"1731 nw 63rd st":[47.674324,-122.380324],
"1750 15th av s":[47.5875797,-122.3135025],
"1938 11th av w":[47.6372206,-122.3713804],
"2302 nw 83rd st":[47.6887181,-122.3854568],
"2553 24th av e":[47.6428871,-122.3022742],
"2801 1st av":[47.61641,-122.352301],
"3102 s graham st":[47.5463854,-122.2924019],
"4007 woodland park av n":[47.655633,-122.34503],
"4021 43rd av s":[47.566947,-122.279911],
"4709 49th av s":[47.5602192,-122.2722396],
"4731 15th av ne":[47.664202,-122.311993],
"650 maynard av s":[47.5960975,-122.3250645],
"706 s orcas st":[47.5512469,-122.323967],
"7516 jones av nw":[47.6836721,-122.3861548],
"7710 31st av nw":[47.6852948,-122.3965998],
"7775 highland park way sw":[47.532506,-122.347201],
"7946 46th av s":[47.530184,-122.274018],
"8011 18th av nw":[47.6872169,-122.3803244],
"8320 49th av s":[47.528453,-122.271478],
"9000 - 9198 3rd av nw":[47.694239,-122.360677],
"lake city way ne \/ ne northgate way":[47.710437,-122.300539],
"n 46th st \/ green lake way n":[47.6621015,-122.3462203]
}