{
"1001 5th av":[47.6065537,-122.3318162],
"10509 whitman av n":[47.705406,-122.346428],
"10th av ne \/ roosevelt way ne":[47.7197635,-122.3181419],
"121 n 115th st":[47.7123443,-122.3580173],
"14323 interlake av n":[47.732981,-122.341619],
"14th av sw \/ sw thistle st":[47.5283203,-122.3528377],
"162 nw 73rd st":[47.682014,-122.358949],
"2029 nw 61st st":[47.6728804,-122.3834649],
"222 etruria st":[47.6479674,-122.3522508],
"2731 1st av s":[47.5788985,-122.3347016],
"2846 e madison st":[47.6241491,-122.2952169],
"3020 westlake av n":[47.6457562,-122.3490373],
"310 1st av s":[47.5997773,-122.3337979],
"3427 36th av w":[47.6513011,-122.403857],
"3530 woodlawn av n":[47.650163,-122.33842],
"3636 evanston av n":[47.652647,-122.350909],
"4456 48th av sw":[47.563116,-122.393065],
"4501 6th av s":[47.5624642,-122.3272497],
"4610 ne 89th st":[47.6935692,-122.277254],
"534 n 80th st":[47.68716,-122.351024],
"5931 28th av s":[47.54904,-122.297257],
"6241 25th av ne":[47.675041,-122.30094],
"6400 greenwood av n":[47.6752377,-122.3552909],
"6639 carleton av s":[47.5431901,-122.321698],
"706 6th av n":[47.6257364,-122.344952],
"7110 california av sw":[47.53953,-122.386761],
"7334 23rd av ne":[47.68224,-122.302563],
"7357 35th av s":[47.535391,-122.288835],
"7534 19th av ne":[47.6841014,-122.307466],
"7616 latona av ne":[47.6841528,-122.3253035],
"8307 54th av s":[47.529325,-122.265526],
"919 2nd av w":[47.627414,-122.359649],
"9346 31st pl sw":[47.518623,-122.373118],
"954 broadway e":[47.628422,-122.320941],
"986 20th av":[47.612495,-122.305863]
}