{
"1000 s king st":[47.5983594,-122.3196406],
"10312 11th av nw":[47.70375,-122.369688],
"1222 s king st":[47.598352,-122.3160367],
"1300 - 1399 aloha st":[47.626862,-122.330817],
"13355 lake city way ne":[47.726095,-122.2930511],
"1535 n 107th st":[47.706584,-122.337756],
"1745 nw 65th st":[47.675978,-122.3799158],
"2112 ferry av sw":[47.5849057,-122.3871933],
"213 17th av e":[47.620101,-122.3100857],
"2207 western av":[47.6119951,-122.3461737],
"2300 s mcclellan st":[47.5783627,-122.3033211],
"2329 nw 86th st":[47.691018,-122.38699],
"2705 ne 105th st":[47.704534,-122.298604],
"300 n 70th st":[47.6797572,-122.3550926],
"3044 s chicago st":[47.53259,-122.291506],
"3232 14th av w":[47.6494939,-122.3745226],
"3279 sw avalon way":[47.5638,-122.37522],
"38th av ne \/ ne 87th st":[47.6916463,-122.2880015],
"433 yale av n":[47.6225764,-122.3304482],
"5019 17th av ne":[47.6654517,-122.3099787],
"6500 44th av ne":[47.6758053,-122.2808784],
"6852 31st av ne":[47.679162,-122.293813],
"8073 27th av nw":[47.688878,-122.391178],
"8116 rainier av s":[47.5299992,-122.2699813],
"8632 26th av sw":[47.525498,-122.365492],
"933 20th av":[47.611341,-122.306676],
"denver av s \/ maynard av s":[47.5545924,-122.3253955],
"n 140th st \/ corliss av n":[47.7304827,-122.3315301],
"ne 112th st \/ riviera pl ne":[47.7108553,-122.2768358],
"ne 125th st \/ 28th av ne":[47.7192913,-122.2976645],
"ne 50th st \/ 8th av ne":[47.6649514,-122.3195324],
"sb i5 at yesler":[47.601669,-122.324897],
"yesler way \/ post av":[47.6017373,-122.3348762]
}