{
"1017 stewart st":[47.6163871,-122.3334153],
"106 lakeside av":[47.6018802,-122.2846768],
"113 e roanoke st":[47.6430373,-122.3263014],
"11509 25th av ne":[47.712397,-122.302144],
"11524 stone av n":[47.713617,-122.341614],
"11545 39th av ne":[47.7132405,-122.2868974],
"1213 s king st":[47.5981681,-122.3165522],
"12349 22nd av ne":[47.718956,-122.306637],
"1318 s pearl st":[47.556616,-122.315153],
"1333 5th av":[47.6093374,-122.3347554],
"1353 32nd av s":[47.5910186,-122.2916241],
"13th av w \/ w newton st":[47.6367314,-122.3738094],
"14020 37th av ne":[47.730781,-122.287933],
"1717 e thomas st":[47.620344,-122.3092826],
"1820 eastlake av e":[47.6356338,-122.3251078],
"2052 nw market st":[47.6688805,-122.3843334],
"2251 nw 61st st":[47.6730993,-122.3869099],
"2727 46th av sw":[47.578529,-122.39111],
"3003 nw 66th st":[47.676375,-122.396015],
"3053 30th av w":[47.6472609,-122.3955381],
"3718 sw oregon st":[47.56309,-122.379688],
"3839 whitman av n":[47.653885,-122.34633],
"408 n 43rd st":[47.659108,-122.3539647],
"4235 51st av s":[47.564271,-122.269848],
"4729 california av sw":[47.5601791,-122.3868369],
"4790 1st av s":[47.5595381,-122.3341882],
"4924 15th av s":[47.558268,-122.313136],
"5011 5th av ne":[47.66545,-122.323216],
"5018 3rd av nw":[47.665724,-122.360411],
"506 n 66th st":[47.677164,-122.352195],
"510 6th av s":[47.5980315,-122.3260031],
"5900-5999 east marginal way s":[47.5500915,-122.3351532],
"6406 23rd av s":[47.5451322,-122.303847],
"6508 rainier av s":[47.5439595,-122.2735647],
"6537 34th av sw":[47.5436004,-122.3755943],
"6902 roosevelt way ne":[47.678969,-122.317043],
"7609 48th av s":[47.534357,-122.273032],
"801 27th av":[47.6091399,-122.297928],
"8731 13th av nw":[47.6933111,-122.3730524],
"915 26th av s":[47.594137,-122.299385],
"9747 densmore av n":[47.7009852,-122.3380249],
"nw market st \/ barnes av nw":[47.6686726,-122.3803422]
}