{
"100 9th av n":[47.6185473,-122.3397575],
"1406 nw 51st st":[47.6659173,-122.3740814],
"146 nw 77th st":[47.6849591,-122.3599781],
"1526 45th av sw":[47.589759,-122.388515],
"16th av sw\/sw roxbury st":[47.5173816,-122.3551562],
"2015 ne 89th st":[47.6928512,-122.3059317],
"202 yesler way":[47.6018152,-122.3317523],
"2038 15th av w":[47.6377902,-122.3761886],
"2123 23rd av w":[47.6382033,-122.3862156],
"218 ne 89th st":[47.693385,-122.326179],
"2306 s graham st":[47.5466849,-122.304087],
"2413 33rd av w":[47.6396725,-122.399647],
"2424 1st av s":[47.5810209,-122.333713],
"2640 s morgan st":[47.544744,-122.297955],
"27th av sw \/ sw kenyon st":[47.5318773,-122.3671442],
"2828 nw 73rd st":[47.68189,-122.394261],
"3147 ne 81st st":[47.6872038,-122.2928199],
"3616 35th av s":[47.5710066,-122.2886521],
"4000 delridge way sw":[47.5680764,-122.3630068],
"4017 sw 97th st":[47.5165526,-122.3843888],
"603 stewart st":[47.6135876,-122.3366938],
"6041 california av sw":[47.5473048,-122.3875437],
"7332 15th av nw":[47.6824431,-122.3763805],
"8049 21st av nw":[47.688243,-122.3835539],
"8500 12th av s":[47.5237301,-122.3173865],
"906 23rd av e":[47.6269877,-122.3021252],
"9th av & pine st":[47.6135254,-122.3320429],
"n 130th st \/ 1st av ne":[47.723164,-122.32892],
"seward park rd \/ seward park trl":[47.5498361,-122.2573523],
"sw hanford st \/ 44th av sw":[47.5756374,-122.3880432]
}