{
"10405 23rd av ne":[47.704065,-122.304638],
"1110 n 48th st":[47.663785,-122.343964],
"11532 4th av nw":[47.713333,-122.361856],
"12000 35th av ne":[47.7155254,-122.2914686],
"12555 fremont av n":[47.7211837,-122.3503394],
"1510 30th av":[47.6144589,-122.293212],
"152 nw 83rd st":[47.689324,-122.360284],
"1618 e yesler way":[47.6017002,-122.3107378],
"1835 mcgilvra blvd e":[47.6356147,-122.281193],
"23rd av ne \/ ne 86th st":[47.691209,-122.3041744],
"2904 1st av":[47.6172394,-122.3525567],
"3300 montlake blvd ne":[47.6480893,-122.3045324],
"3401 wallingford av n":[47.6483033,-122.3367048],
"3403 nw 68th st":[47.678006,-122.401315],
"3729 beach dr sw":[47.5707109,-122.4104896],
"4123 ne 107th st":[47.706184,-122.282492],
"4344 ne 57th st":[47.6705496,-122.2802202],
"4755 22nd av ne":[47.6647,-122.30475],
"4760 20th av ne":[47.6647729,-122.306209],
"4920 s holly st":[47.542747,-122.270653],
"503 n 102nd st":[47.702704,-122.3524912],
"7455 5th av ne":[47.6829958,-122.3231198],
"805 nw 42nd st":[47.6581482,-122.3665493],
"8732 21st av nw":[47.693495,-122.382523],
"8th av ne \/ ne 66th st":[47.6765862,-122.3200673],
"939 26th av":[47.6111829,-122.299222],
"delridge way sw \/ puget blvd sw":[47.5552351,-122.3629389],
"east park dr e \/ e hamlin st":[47.6456186,-122.3015981],
"ellis av s \/ s bailey st":[47.5477882,-122.3176905],
"queen anne av n \/ w harrison st":[47.622109,-122.3567292],
"s albro pl \/ 13th av s":[47.5464109,-122.3161111],
"sierra dr s \/ s horton st":[47.5734365,-122.2826236]
}