{
"1024 s king st":[47.5985965,-122.3183933],
"11332 36th av ne":[47.711126,-122.28894],
"11428 arroyo beach pl sw":[47.5008024,-122.3821372],
"122 nw 46th st":[47.6623905,-122.3585424],
"12215 fremont av n":[47.718129,-122.350681],
"1242 ne 90th st":[47.6942359,-122.312963],
"1304 n 76th st":[47.6840041,-122.3412463],
"1409 n 135th pl":[47.7269999,-122.340515],
"1516 ne 140th st":[47.7302924,-122.3130148],
"1536 22nd av s":[47.5885279,-122.303545],
"322 n 127th st":[47.72166,-122.354448],
"3306 e howell st":[47.6178279,-122.2898153],
"3609 55th av sw":[47.571895,-122.403128],
"36th av sw \/ sw andover st":[47.5683591,-122.3774591],
"4118 41st av sw":[47.565927,-122.383752],
"4228 wallingford av n":[47.658839,-122.335849],
"4402 39th av s":[47.5639777,-122.283613],
"4610 47th av s":[47.561364,-122.274093],
"4700 17th av ne":[47.6630975,-122.309658],
"4714 49th av s":[47.5600873,-122.271652],
"4742 20th av ne":[47.664293,-122.306185],
"51st av ne \/ ne laurelcrest ln":[47.6570812,-122.2725601],
"5235 44th av sw":[47.555438,-122.388802],
"5252 cloverdale pl s":[47.528441,-122.2667955],
"6065 ne kelden pl":[47.669347,-122.261157],
"7120 39th av sw":[47.539083,-122.381424],
"905 olympic way w":[47.628589,-122.36812],
"911 37th av":[47.610766,-122.286387],
"947 27th av":[47.6113997,-122.2977747],
"9778 holman rd nw":[47.7007659,-122.3639145],
"broadway e \/ e blaine st":[47.6350243,-122.321155],
"california av sw \/ fauntleroy way sw":[47.5448656,-122.3872554],
"ne 100th st \/ 5th av ne":[47.7013215,-122.3231278],
"rainier av s \/ s forest st":[47.5775528,-122.2975168],
"s adams st \/ 50th av s":[47.5652912,-122.2707352]
}