{
"11 w aloha st":[47.6269363,-122.3573056],
"11085 arroyo beach pl sw":[47.502406,-122.386099],
"12354 24th av ne":[47.7191286,-122.3035979],
"14th av nw \/ nw 57th st":[47.6701703,-122.373673],
"1511 sturgus av s":[47.589597,-122.311964],
"1901 western av":[47.6099885,-122.3432154],
"2007 ne 63rd st":[47.674583,-122.306097],
"2306 42nd av sw":[47.5826887,-122.3846954],
"24th av ne \/ lake city way ne":[47.7046194,-122.3016313],
"2549 s orcas st":[47.5506529,-122.298317],
"2616 s washington st":[47.601084,-122.298106],
"302 nw 81st st":[47.687843,-122.3608504],
"302 nw 87th st":[47.69227,-122.360884],
"3120 s frontenac st":[47.5401427,-122.290523],
"3362 e shore dr":[47.640179,-122.288225],
"4237 ne 92nd st":[47.695158,-122.280855],
"4433 39th av sw":[47.563707,-122.38189],
"516 n 65th st":[47.6763229,-122.351798],
"5707 latona av ne":[47.670372,-122.325873],
"614 n 115th st":[47.712538,-122.350737],
"628 s weller st":[47.5977132,-122.3253041],
"6369 delridge way sw":[47.5446227,-122.361807],
"6648 east green lake way n":[47.678138,-122.330566],
"6815 34th av nw":[47.678658,-122.401558],
"6910 delridge way sw":[47.5419495,-122.3611508],
"7340 34th av sw":[47.5361541,-122.3748899],
"7500 43rd av ne":[47.683202,-122.281715],
"7744 east marginal way s":[47.5329035,-122.3107788],
"819 s washington st":[47.6008597,-122.3251531],
"8822 38th av sw":[47.52394,-122.380328],
"8th av \/ seneca st":[47.6093601,-122.3297739],
"eastern av n \/ n 45th st":[47.6613633,-122.3289693],
"n 73rd st \/ winona av n":[47.681802,-122.3463873],
"roosevelt way ne \/ ne 70th st":[47.6794726,-122.3174144],
"stone way n \/ n 39th st":[47.6541236,-122.342501],
"sw oregon st \/ glenn way sw":[47.5629527,-122.3894779],
"yukon av s \/ spear pl s":[47.5221788,-122.2770639]
}