{
"1006 e republican st":[47.623141,-122.3195741],
"10201 greenwood av n":[47.7030559,-122.3561155],
"11253 35th av sw":[47.501171,-122.376557],
"1129 24th av s":[47.592147,-122.301658],
"11348 35th av ne":[47.711628,-122.290265],
"1232 parkside dr e":[47.630881,-122.290286],
"128 nw 82nd st":[47.6885997,-122.359318],
"1408 e spring st":[47.6115644,-122.3133885],
"1425 22nd av":[47.6137678,-122.3037915],
"2 boston st":[47.6385675,-122.3566626],
"2001 n 145th st":[47.733909,-122.335118],
"2005 13th av s":[47.5853649,-122.3162336],
"2413 35th av w":[47.6399977,-122.4027243],
"2523 14th av s":[47.5804673,-122.3147245],
"2572 9th av w":[47.6427693,-122.3685896],
"2605 e madison st":[47.6221188,-122.2981381],
"2617 e denny way":[47.618706,-122.297804],
"2620 ne university village st":[47.663254,-122.2993366],
"27th av nw \/ nw 98th st":[47.7001075,-122.3923172],
"2800 broadway e":[47.645788,-122.320474],
"311 ne 53rd st":[47.6669782,-122.3249728],
"3615 43rd av w":[47.653295,-122.413778],
"3622 sw donovan st":[47.5255919,-122.3788277],
"3706 33rd av sw":[47.5709908,-122.3740834],
"3954 greenwood av n":[47.655068,-122.355204],
"4157 49th av sw":[47.5649469,-122.395244],
"5038 pullman av ne":[47.670207,-122.273151],
"508 randolph av":[47.6063317,-122.2853965],
"5200 m l king jr way s":[47.5551987,-122.2898297],
"5211 30th av s":[47.554932,-122.294497],
"525 16th av e":[47.624052,-122.311714],
"6020 s ryan st":[47.5098703,-122.2577163],
"6719 27th av nw":[47.67822,-122.391135],
"7014 17th av ne":[47.679916,-122.309543],
"7119 44th av s":[47.538301,-122.278435],
"830 ne 59th st":[47.67171,-122.318795],
"8841 4th av s":[47.52343,-122.329967],
"9681 54th av s":[47.514489,-122.265675],
"n 84th st \/ linden av n":[47.6898449,-122.3472034],
"ne 41st st \/ 42nd av ne":[47.6584134,-122.2827436]
}