{
"1001 e james way":[47.607693,-122.3182692],
"1122 25th av e":[47.629964,-122.299955],
"12525 stone av n":[47.720658,-122.343183],
"1425 10th av":[47.6137373,-122.3197593],
"1536 shenandoah dr e":[47.632938,-122.289077],
"15400 simonds rd ne":[47.7409693,-122.224333],
"1937 s bayview st":[47.5807809,-122.3070584],
"216 4th av s":[47.600371,-122.32871],
"222 yale av n":[47.6202727,-122.3297885],
"2223 39th av e":[47.638821,-122.283189],
"24th av s \/ s eddy st":[47.5453628,-122.3022763],
"2525 ne 136th st":[47.727298,-122.300497],
"268 nw 44th st":[47.6602319,-122.3603532],
"2718 ne 135th st":[47.7267791,-122.2981615],
"2733 32nd av s":[47.578659,-122.292249],
"301 20th av e":[47.6204807,-122.3060819],
"301 w raye st":[47.6428889,-122.361317],
"3106 s dakota st":[47.5661884,-122.2920579],
"3211 s othello st":[47.5368722,-122.290869],
"3620 51st av sw":[47.571458,-122.397026],
"4036 7th av ne":[47.6566505,-122.3205045],
"4254 7th av ne":[47.6589958,-122.3205283],
"500 33rd av":[47.6059609,-122.2901796],
"509 1st av w":[47.6236149,-122.3584046],
"5622 8th av nw":[47.6700591,-122.3661259],
"5640 26th av sw":[47.550705,-122.365234],
"703 6th av n":[47.6256231,-122.3453261],
"8449 22nd av sw":[47.5268218,-122.362192],
"9013 meridian av n":[47.694547,-122.334188],
"920 26th av":[47.610677,-122.298459],
"nw 57th st \/ 37th pl nw":[47.6704655,-122.4039666],
"sw trenton st \/ 20th av sw":[47.5246983,-122.3591108]
}