{
"10618 lakeside av ne":[47.706086,-122.275853],
"1107 36th av e":[47.628877,-122.287211],
"1125 e olive st":[47.6161853,-122.3172563],
"133 nw 80th st":[47.686712,-122.359466],
"1432 broadway":[47.6138878,-122.3205373],
"1715 nw 56th st":[47.669442,-122.3796948],
"2612 25th av e":[47.643546,-122.299892],
"2812 nw 71st st":[47.68047,-122.393642],
"3244 47th av sw":[47.57438,-122.391726],
"3508 s oregon st":[47.5629577,-122.288706],
"4308 4th av ne":[47.6592775,-122.3240557],
"4319 sw walker st":[47.583885,-122.3873739],
"4505 54th av ne":[47.661415,-122.270127],
"4800 40th av ne":[47.6645122,-122.2847549],
"4835 ne 75th st":[47.68281,-122.275057],
"5022 47th av s":[47.556292,-122.274173],
"5075 mithun pl ne":[47.6675974,-122.2808629],
"5318 s alaska st":[47.5606162,-122.2663108],
"5414 33rd av s":[47.5529298,-122.2901655],
"6708 jones av nw":[47.677987,-122.386106],
"7329 39th av sw":[47.536677,-122.382458],
"8851 13th av sw":[47.52317,-122.352032],
"9280 cyrus av nw":[47.6963098,-122.400997],
"9720 4th av ne":[47.6999826,-122.3238139],
"9722 12th av nw":[47.700839,-122.371019],
"alki av sw \/ beach dr sw":[47.5752124,-122.4190963],
"s king st \/ 12th av s":[47.5983372,-122.3173148],
"s king st \/ 7th av s":[47.5983502,-122.3237614],
"stewart st \/ 5th av":[47.6130023,-122.3378294]
}