{
"11039 17th av ne":[47.709649,-122.310612],
"11755 17th av ne":[47.715603,-122.310262],
"1203 pine st":[47.6148668,-122.328402],
"12034 5th av ne":[47.716989,-122.322578],
"12th av s \/ s angeline st":[47.5601879,-122.3171498],
"1809 15th av e":[47.6356348,-122.3136075],
"2030 1st av":[47.6118725,-122.3433863],
"206 2nd av s":[47.6007605,-122.3315567],
"2204 14th av s":[47.5835472,-122.3144631],
"2320 w crockett st":[47.6379189,-122.3872],
"2519 boyer av e":[47.6418172,-122.3150593],
"2639 nw 57th st":[47.6699059,-122.3916933],
"28th av w \/ w smith st":[47.6411551,-122.3929979],
"2nd av \/ bell st":[47.6140471,-122.3456436],
"3071 s genesee st":[47.5642894,-122.2936039],
"326 ne 76th st":[47.6837729,-122.3243894],
"3436 39th av sw":[47.572038,-122.381069],
"4107 sw oregon st":[47.5626869,-122.384653],
"4322 sw 100th st":[47.5139042,-122.3883174],
"4964 corson av s":[47.557375,-122.317935],
"516 ne 90th st":[47.6941973,-122.3220659],
"5229 18th av ne":[47.6672527,-122.3086163],
"5627 41st av sw":[47.5512498,-122.3846713],
"5735 ne 62nd st":[47.67334,-122.264641],
"5958 46th av sw":[47.54869,-122.390837],
"7109 29th av sw":[47.538846,-122.370201],
"717 4th av":[47.604281,-122.3316109],
"7513 33rd av ne":[47.683416,-122.292965],
"8145 16th av sw":[47.528751,-122.355444],
"9917 rainier av s":[47.512658,-122.250236],
"s mcclellan st \/ 18th av s":[47.5787408,-122.3093313],
"w mercer st \/ w mercer pl":[47.6246523,-122.3638178],
"western av \/ madison st":[47.6042202,-122.3373405]
}