{
"10405 65th av s":[47.507974,-122.252709],
"13408 48th av s":[47.4748582,-122.2732223],
"2001 4th av":[47.613045,-122.3404311],
"2027 s main st":[47.599704,-122.305176],
"2301 28th av w":[47.638989,-122.393323],
"23728 29 w":[47.4961162,-122.3697547],
"2474 sw webster st":[47.536215,-122.365509],
"2509 nw 65th st":[47.675754,-122.389105],
"3219 e madison st":[47.627248,-122.290106],
"354 highland dr":[47.630027,-122.349768],
"3617 palatine av n":[47.6533159,-122.356923],
"3709 s othello st":[47.5370139,-122.2856813],
"3714 s holly park dr":[47.5365779,-122.2857953],
"42nd av s \/ m l king jr way s":[47.537091,-122.2809525],
"434 broadway  e":[47.6229927,-122.3205877],
"4618 s genesee st":[47.5642644,-122.2748742],
"508 s lucile st":[47.5536157,-122.3277351],
"5209 kensington pl n":[47.66667,-122.329156],
"548 15th av":[47.6066435,-122.3128356],
"57th av s \/ s hudson st":[47.5571243,-122.2641761],
"608 nw 54th st":[47.668137,-122.363814],
"6419 s norfolk st":[47.513915,-122.253472],
"6534 4th av ne":[47.67689,-122.324911],
"8034 36th av ne":[47.6876902,-122.2893236],
"8610 jones av nw":[47.691509,-122.386501],
"maynard av s \/ s jackson st":[47.5992078,-122.3250796],
"nb i5 fr michigan":[47.548793,-122.315055],
"phinney av n \/ n 58th st":[47.6711494,-122.3543769],
"s henderson st \/ rainier av s":[47.5233021,-122.2699851]
}