{
"1025 ne 72nd st":[47.680642,-122.316333],
"1413 ne 43rd st":[47.6597826,-122.3130332],
"2303 n 115th st":[47.712006,-122.33114],
"2675 20th av w":[47.6428596,-122.381955],
"2808 sw genesee st":[47.5648695,-122.3684696],
"2811 e aloha st":[47.626415,-122.295882],
"2951 s webster st":[47.535034,-122.29298],
"321 newton st":[47.636407,-122.351029],
"3230 ne 104th st":[47.7041081,-122.2928302],
"3305 39th av w":[47.6496926,-122.4070556],
"3515 e alder st":[47.604188,-122.287619],
"3549 ne 86th st":[47.6907158,-122.2885017],
"38th av s \/ s alaska st":[47.5607269,-122.2849281],
"3922 9th av s":[47.5690043,-122.3212544],
"3936 sw arroyo dr":[47.5031282,-122.3830992],
"3963 renton av s":[47.5681579,-122.295133],
"400 yale av n":[47.622131,-122.330135],
"401 1st av s":[47.5990187,-122.3346213],
"4315 s morgan st":[47.5440514,-122.2791703],
"4715 37th av sw":[47.56058,-122.379175],
"4728 49th av sw":[47.5603236,-122.3945379],
"47th av sw \/ sw dakota st":[47.5666251,-122.3921244],
"4839 36th av ne":[47.664724,-122.289517],
"505 32nd av e":[47.623868,-122.291468],
"5206 22nd av ne":[47.666733,-122.304094],
"5507 woodlawn av n":[47.668998,-122.338318],
"629 nw 82nd st":[47.6881653,-122.3646802],
"6318 39th av s":[47.5454363,-122.2830934],
"6715 10th av nw":[47.6782619,-122.370129],
"6749 13th av sw":[47.541393,-122.351826],
"706 n 143rd st":[47.732529,-122.3501092],
"8413 8th av nw":[47.6899388,-122.36599],
"8812 38th av s":[47.5237065,-122.2845731],
"89 university st":[47.6065541,-122.3387956],
"905 e pike st":[47.613898,-122.3203095],
"9640 rainier av s":[47.5185488,-122.2559186],
"9907 31st av sw":[47.514373,-122.372283],
"east green lake way n \/ 1st av ne":[47.6783108,-122.3282768],
"n 48th st \/ phinney av n":[47.6636077,-122.3539526]
}