{
"10013 m l king jr way s":[47.5111634,-122.2793434],
"10016 mary av nw":[47.702038,-122.375054],
"10049 8th av nw":[47.7028945,-122.3663475],
"1016 2nd av w":[47.628295,-122.358901],
"102 24th av e":[47.6190691,-122.3006645],
"1049 s rose st":[47.528764,-122.318066],
"1127 27th av":[47.612379,-122.297884],
"1134 newport way":[47.612029,-122.283647],
"119 summit av e":[47.619136,-122.3254997],
"11th av ne \/ ne 55th st":[47.6685736,-122.3163063],
"13045 lake city way ne":[47.7241567,-122.2932319],
"2020 s jackson st":[47.599273,-122.3052386],
"230 broadway":[47.6040603,-122.320733],
"2438 nw 62nd st":[47.6740742,-122.3892826],
"3100 nw 87th st":[47.6923835,-122.3969517],
"321 ne 117th st":[47.713808,-122.325244],
"3930 linden av n":[47.6550562,-122.3482448],
"3rd av w \/ w blaine st":[47.6347506,-122.3609653],
"4015 s andover st":[47.567714,-122.282105],
"4203 sw hill st":[47.5850691,-122.3852207],
"4746 35th av s":[47.5593383,-122.2884834],
"6247 25th av ne":[47.6752436,-122.3009099],
"6323 sw marguerite ct":[47.5738773,-122.4144371],
"6400 15th av nw":[47.6755616,-122.3757336],
"6633 rainier av s":[47.5428349,-122.2730892],
"7315 44th av ne":[47.682046,-122.2810017],
"8541 15th av nw":[47.6918138,-122.3771282],
"8645 45th av s":[47.5247467,-122.2760751],
"923 15th av":[47.611045,-122.313221],
"9449 5th av sw":[47.517719,-122.341984],
"9900 bayard av nw":[47.7014077,-122.3804988],
"densmore av n \/ east green lake dr n":[47.6856497,-122.3377949]
}