{
"10343 15th av nw":[47.704509,-122.377127],
"1109 elliott av w":[47.6288664,-122.3716032],
"11525 1st av ne":[47.7130409,-122.329084],
"13705 greenwood av n":[47.728943,-122.355973],
"1623 1st av n":[47.634286,-122.356029],
"2316 nw 90th st":[47.694413,-122.385837],
"2486 s edmunds st":[47.5596635,-122.3007301],
"2500 harbor av sw":[47.5812798,-122.3728628],
"300 3rd av w":[47.6213612,-122.3603183],
"3301 nw 68th st":[47.677993,-122.39995],
"3529 s brandon st":[47.553222,-122.287632],
"4456 40th av sw":[47.5630219,-122.382421],
"4731 university way ne":[47.664,-122.3134175],
"5465 17th av sw":[47.551806,-122.356269],
"5607 corson av s":[47.5520022,-122.3200994],
"5838 6th av nw":[47.6720937,-122.3639575],
"7936 renton av s":[47.530451,-122.277747],
"8217 5th av ne":[47.6887596,-122.3233472],
"8447 beacon av s":[47.526477,-122.288354],
"8512 19th av nw":[47.691044,-122.3807902],
"broadway e \/ e aloha st":[47.6268406,-122.321294],
"e aloha st \/ federal av e":[47.6268236,-122.3191459],
"nw 132nd st \/ 6th av nw":[47.7250897,-122.3636232]
}