{
"- 0 sb i5 at union":[47.6110558,-122.3312983],
"10257 38th av sw":[47.510314,-122.380727],
"1134 broadway":[47.6123392,-122.3203369],
"1218 republican st":[47.6231344,-122.3321898],
"12500 25th av ne":[47.7193189,-122.3018646],
"12th av ne \/ ne 52nd st":[47.6664507,-122.3151964],
"14026 26th av ne":[47.731014,-122.30021],
"1421 20th av":[47.6136089,-122.306617],
"1520 bellevue av":[47.61492,-122.3264693],
"1600 queen anne av n":[47.6338436,-122.3567543],
"1713 26th av s":[47.5878692,-122.2990891],
"1901 post al":[47.6099686,-122.3417704],
"2511 sw trenton st":[47.522162,-122.3666107],
"2809 sw elmgrove st":[47.5299369,-122.3690869],
"3020 e republican st":[47.623856,-122.292304],
"3123 ne 123rd st":[47.7173656,-122.2942979],
"3217 ne 97th st":[47.699007,-122.292511],
"3333 9th av w":[47.649928,-122.368835],
"3605 45th av sw":[47.571893,-122.38984],
"4130 15th av s":[47.566268,-122.313047],
"4224 24th av w":[47.6583828,-122.3871385],
"4320 ne 58th st":[47.6714153,-122.2811963],
"4321 sw dawson st":[47.556219,-122.387954],
"4732 rainier av s":[47.5004742,-122.2212584],
"516 s director st":[47.522474,-122.3275],
"609 n 47th st":[47.662655,-122.350964],
"6908 fauntleroy way sw":[47.5419849,-122.389739],
"7433 california av sw":[47.5360849,-122.3877006],
"7710 46th av sw":[47.5336597,-122.3912413],
"812 ne 104th st":[47.704278,-122.319852],
"8361 18th av nw":[47.6904733,-122.3802955],
"904 nw market st":[47.668887,-122.368871],
"queen anne av n \/ garfield st":[47.6335315,-122.3569787]
}