{
"1007 20th av s":[47.593501,-122.306573],
"11727 greenwood av n":[47.714961,-122.356012],
"1327 n 122nd st":[47.716771,-122.340287],
"1330 s ferdinand st":[47.5588123,-122.3146826],
"13332 30th av ne":[47.725678,-122.29603],
"1404 e pine st":[47.6153973,-122.3141062],
"1942 7th av w":[47.6372569,-122.365988],
"2036 mcgilvra blvd e":[47.6380949,-122.2804294],
"20th av sw \/ sw roxbury st":[47.5173583,-122.3592064],
"218 dorffel dr e":[47.6200779,-122.2837249],
"2207 11th av w":[47.63895,-122.3715988],
"2212 nw 64th st":[47.6753107,-122.3854493],
"2219 sw andover st":[47.5681959,-122.361911],
"27th av sw \/ sw thistle st":[47.5282753,-122.3671819],
"2805 27th av w":[47.644814,-122.3919102],
"2806 nw 62nd st":[47.673937,-122.39339],
"2900 12th av s":[47.5777529,-122.317301],
"2nd av nw \/ nw market st":[47.6643985,-122.3589416],
"3034 s chicago st":[47.532592,-122.291961],
"3051 alki av sw":[47.577522,-122.417998],
"310 27th av e":[47.6218048,-122.2972024],
"333 n 155th st":[47.74119,-122.354254],
"3507 s austin st":[47.534217,-122.287745],
"4039 california av sw":[47.567224,-122.3871709],
"4444 s thistle pl":[47.5286,-122.276072],
"4548 14th av s":[47.562067,-122.314488],
"4807 47th av s":[47.559089,-122.274844],
"4910 leary av nw":[47.6644554,-122.3795142],
"5000 delridge way sw":[47.5573346,-122.3626801],
"538 lakeside av s":[47.5965567,-122.2867092],
"5552 beacon av s":[47.5511899,-122.3018123],
"5609 sw bradford st":[47.569125,-122.404127],
"5701 sw hanford st":[47.575596,-122.405642],
"600 nw 40th st":[47.6563608,-122.3638867],
"6663 carleton av s":[47.54277,-122.322675],
"705 1st av":[47.6028768,-122.3345805],
"7111 lincoln park way sw":[47.5397766,-122.3951185],
"7231 16th av sw":[47.53734,-122.355365],
"7522 9th av ne":[47.6838557,-122.3183367],
"826 ne 120th st":[47.7160647,-122.3194888],
"8451 30th av sw":[47.5268122,-122.3715157],
"8921 inverness dr ne":[47.69295,-122.273269],
"9208 45th av ne":[47.695183,-122.279636],
"9921 47th av s":[47.511876,-122.274318],
"e blaine st \/ lakeview blvd e":[47.6349432,-122.3224013],
"holyoke way s \/ s thayer st":[47.5105613,-122.2501129],
"nb i5 at cherry":[47.602936,-122.326094],
"ne 110th st \/ 28th av ne":[47.7084131,-122.2979248],
"ne 65th st \/ ravenna av ne":[47.6757769,-122.3038141],
"s trenton st \/ 4th av s":[47.5245929,-122.3297066],
"sb i5 at ne 130 st":[47.720021,-122.324486]
}