{
"11302 sand point way ne":[47.710923,-122.280664],
"14012 3rd av nw":[47.731006,-122.36054],
"1912 shenandoah dr e":[47.6362993,-122.2891041],
"2527 34th av s":[47.5800942,-122.2900729],
"2551 5th av n":[47.642375,-122.348207],
"2552 beacon av s":[47.5797519,-122.3123315],
"2nd av & union st":[47.6082899,-122.3379969],
"3033 nw 56th st":[47.6694551,-122.3972916],
"3217 21st av w":[47.6490522,-122.3836014],
"36th av s \/ s day st":[47.5897682,-122.2867396],
"4210 e highland dr":[47.62992,-122.277868],
"428 17th av e":[47.6224155,-122.310014],
"4616 s lucile st":[47.5528201,-122.2745783],
"4634 s chicago st":[47.532919,-122.273871],
"4801 beacon av s":[47.5594511,-122.3049201],
"4828 s graham st":[47.546323,-122.271401],
"5200 21st av ne":[47.6665944,-122.3052232],
"5508 64th av w":[47.20724,-122.5231569],
"57th av s \/ waters av s":[47.519387,-122.2615818],
"5th av & university st":[47.608691,-122.333759],
"6007 latona av ne":[47.6725489,-122.325801],
"667 s king st":[47.5981568,-122.3242622],
"6801 28th av ne":[47.677709,-122.29771],
"7010 14th av ne":[47.679836,-122.312848],
"7100 35th av sw":[47.5388853,-122.3760595],
"714 nw 100th pl":[47.702346,-122.364634],
"7711 31st av sw":[47.533363,-122.37296],
"837 s kenyon st":[47.531719,-122.32119],
"8727 13th av nw":[47.693198,-122.373146],
"denny way \/ boren av":[47.6185294,-122.3358843],
"m l king jr way s \/ s oregon st":[47.5629383,-122.2945756],
"n 77th st \/ aurora av n":[47.6847805,-122.344397],
"sw morgan st \/ 39th av sw":[47.544797,-122.3818661]
}