{
"10212 36th av sw":[47.5115583,-122.3768795],
"1116 sturgus av s":[47.5924961,-122.3130091],
"14th av ne \/ ne 125th st":[47.7194401,-122.3140359],
"2039 ne 97th st":[47.699123,-122.305183],
"2114 7th av w":[47.638259,-122.365916],
"2140 34th av w":[47.6389504,-122.4000922],
"2317 13th av e":[47.640109,-122.31631],
"2446 s columbian way":[47.560674,-122.301358],
"3029 29th av w":[47.647735,-122.394637],
"322 summit av e":[47.6216385,-122.3251031],
"3609 12th av w":[47.652468,-122.372667],
"3837 36th av sw":[47.56891,-122.377826],
"4121 sunnyside av n":[47.6573921,-122.3305297],
"528 2nd av":[47.6021381,-122.3323575],
"533 ne 90th st":[47.693779,-122.321545],
"536 ne 92nd st":[47.696111,-122.321513],
"5600 18th av sw":[47.551671,-122.3570577],
"7015 mary av nw":[47.679969,-122.376042],
"722 pine st":[47.6131788,-122.3336292],
"7312 21st av ne":[47.681605,-122.304929],
"7749 17th av nw":[47.6864539,-122.379255],
"7772 highland park way sw":[47.532617,-122.346377],
"7901 2nd av s":[47.5316177,-122.3318028],
"8238 2nd av ne":[47.689843,-122.326629],
"8414 55th av s":[47.528045,-122.263633],
"densmore av n \/ n 38th st":[47.6531519,-122.3374765],
"nw 36th st \/ 3rd av nw":[47.6536383,-122.360471],
"sb i5 exp at convention center":[47.606476,-122.329312],
"wallingford av n \/ n 51st st":[47.6657855,-122.3363939]
}