{
"0 sb sr99 at lander":[47.579811,-122.339421],
"11217 woodley av s":[47.502355,-122.242932],
"11504 8th av ne":[47.7123769,-122.320286],
"1164 n 93rd st":[47.6963645,-122.3420163],
"12711 12th av ne":[47.721741,-122.316271],
"1322 13th av s":[47.590832,-122.31562],
"13245 4th av nw":[47.726404,-122.3627252],
"1531 25th av":[47.6150499,-122.3004707],
"1602 n 97th st":[47.6996206,-122.3383183],
"1740 ne 88th st":[47.6921836,-122.3077024],
"1813 28th av s":[47.586499,-122.297277],
"2007 nw 59th st":[47.6714905,-122.3824527],
"203 nw 43rd st":[47.658751,-122.358625],
"2042 eastlake av e":[47.6379734,-122.3256286],
"2112 s lucile st":[47.5535502,-122.3055529],
"222 mercer st":[47.6250466,-122.3519167],
"22nd av s \/ s main st":[47.6003334,-122.3032886],
"2401 s irving st":[47.5909054,-122.2993793],
"2422 6th av w":[47.640376,-122.364547],
"26th av nw \/ nw 62nd st":[47.6738431,-122.3901077],
"3225 sw raymond st":[47.547666,-122.374723],
"351 ne 59th st":[47.671313,-122.32332],
"4002 54th av sw":[47.568378,-122.401441],
"4006 burke av n":[47.65589,-122.334727],
"4812 12th av s":[47.5597514,-122.3171229],
"5036 50th av sw":[47.5563815,-122.3960758],
"7342 east marginal way s":[47.5366283,-122.3171116],
"9023 20th av ne":[47.694729,-122.307137],
"9146 spear pl s":[47.521457,-122.275509],
"915 n 91st st":[47.694692,-122.34645],
"9317 california dr sw":[47.520244,-122.388303],
"9527 1st av nw":[47.698682,-122.358447],
"nb i5 to eb sr520":[47.638512,-122.322606]
}