{
"114 vine st":[47.6158339,-122.3492761],
"1142-1157 e aloha st":[47.6267442,-122.3174958],
"1420 s king st":[47.5985248,-122.3124308],
"182 36th av e":[47.6195541,-122.2866372],
"2112 20th av s":[47.5841259,-122.3065807],
"2211 ne 135th st":[47.726339,-122.30539],
"2221 boylston av e":[47.6389108,-122.3237227],
"2307 western av":[47.612885,-122.3479022],
"2357 18th av s":[47.581309,-122.309787],
"2557 queen anne av n":[47.643101,-122.357213],
"2745 57th av sw":[47.5780494,-122.405392],
"3411 33rd av s":[47.572101,-122.2913],
"3505 w mcgraw st":[47.639306,-122.402758],
"3519 sw seola ln":[47.497699,-122.377897],
"3527 chelan av sw":[47.571871,-122.3615796],
"3807 walla walla rd ne":["47.650685\r","-122.300012\r"],
"3909 sw stevens st":[47.576708,-122.381814],
"4111 36th av sw":[47.566062,-122.377844],
"4320 ne 57th st":[47.670571,-122.281189],
"4761 brooklyn av ne":[47.6647608,-122.3142252],
"4838 s gazelle st":[47.512859,-122.271321],
"5030 26th av s":[47.556357,-122.298876],
"5244 11th av ne":[47.6677868,-122.3159725],
"5417 s ferdinand st":[47.5581087,-122.2647706],
"5637 s prentice st":[47.508069,-122.261567],
"601 dexter av n":[47.6248119,-122.3430035],
"6321 22nd av sw":[47.545792,-122.361384],
"7428 26th av ne":[47.682567,-122.299347],
"912 n 98th st":[47.7007959,-122.346678],
"936 n 143rd st":[47.732534,-122.346093],
"9718 waters av s":[47.5151854,-122.255795],
"999 s dearborn st":[47.595815,-122.3207544],
"s washington st \/ 21st av s":[47.6008321,-122.3050627],
"thorndyke av w \/ magnolia way w":[47.6361136,-122.3897518]
}