{
"10441 57th av s":[47.5070369,-122.261782],
"1046 ne 94th st":[47.696832,-122.315466],
"11702 15th av ne":[47.7141243,-122.3122239],
"120 23rd av e":[47.6196484,-122.3022585],
"1201 2nd av":[47.6066191,-122.3367482],
"125 ne 135th st":[47.726539,-122.327723],
"12721 3rd av nw":[47.722071,-122.361357],
"13046 25th av ne":[47.7243337,-122.3016078],
"1310 e union st":[47.6131327,-122.3148735],
"1420 n 100th st":[47.701635,-122.339548],
"1901 e denny way":[47.618303,-122.307145],
"2122 n 128th st":[47.722342,-122.333068],
"2304 s forest st":[47.5775428,-122.3031119],
"2527 1st av n":[47.642241,-122.355953],
"25th av e \/ e highland dr":[47.6302675,-122.3003195],
"2918 s austin st":[47.5346153,-122.2940034],
"2920 25th av w":[47.646343,-122.388526],
"3923 airport way s":[47.5682109,-122.3229611],
"422 16th av s":[47.5985248,-122.3113551],
"4532 s henderson st":[47.523593,-122.274904],
"503 n 105th st":[47.7048665,-122.3524101],
"6018 27th av ne":[47.672719,-122.298197],
"7443 4th av ne":[47.682831,-122.324798],
"7715 corliss av n":[47.6855369,-122.330753],
"852 w nickerson st":[47.653563,-122.369053],
"8923 fauntleroy way sw":[47.523568,-122.393949],
"917 22nd av":[47.610597,-122.304101]
}