{
"10th av w \/ olympic way w":[47.6313584,-122.3703231],
"112 w florentia st":[47.6470689,-122.3588227],
"13019 meridian av n":[47.723837,-122.334479],
"13023 20th av ne":[47.723697,-122.307769],
"1344 m l king jr way s":[47.5912963,-122.2974819],
"1406 n 45th st":[47.6615885,-122.3403262],
"14307 lake city way ne":[47.7323113,-122.2927997],
"1951 14th av e":[47.6374179,-122.3150064],
"2235 california av sw":[47.5831793,-122.3866522],
"2304 w lynn st":[47.6391407,-122.386824],
"2315 15th av s":[47.5823834,-122.3139671],
"2840 40th av w":[47.64613,-122.40801],
"3119 sw genesee st":[47.5647321,-122.3734875],
"3446 63rd av sw":[47.572766,-122.413072],
"4218 washington av w":[47.6586066,-122.4129318],
"4435 28th av w":[47.660125,-122.393177],
"4717 45th av sw":[47.560568,-122.389868],
"507 nw 72nd st":[47.6805609,-122.3628821],
"5219 shilshole av nw":[47.664477,-122.383597],
"5226 17th av ne":[47.6672547,-122.3091133],
"5807 16th av s":[47.5509407,-122.3126197],
"6100 47th av s":[47.5475152,-122.2737056],
"6411 seaview av nw":[47.6752641,-122.4082953],
"6550 shaffer av s":[47.5432172,-122.2947287],
"6893 holly park dr s":[47.5408766,-122.2886221],
"7000 31st av ne":[47.6796,-122.29438],
"7502 28th av sw":[47.535368,-122.368145],
"8459 42nd av sw":[47.5271613,-122.3849846],
"8615 8th av ne":[47.691816,-122.320623],
"9250 rainier av s":[47.5198953,-122.2691796],
"9517 35th av ne":[47.6980364,-122.2909658],
"983 22nd av":[47.6124859,-122.304036],
"aurora av n \/ n 50th st":[47.6648841,-122.3473933],
"mary av nw \/ nw 85th st":[47.6906166,-122.3754713],
"nb i5 exp at 85":[47.677663,-122.320566],
"sw 110th st \/ 35th av sw":[47.5045987,-122.3760838]
}