{
"10th av e \/ e harrison st":[47.6219884,-122.3199191],
"10th av w \/ w fulton st":[47.645887,-122.3695718],
"11806 33rd av ne":[47.7142399,-122.292756],
"1200 4th av s":[47.5908295,-122.3283644],
"1216 10th av":[47.612728,-122.319099],
"12th av \/ e spruce st":[47.6035176,-122.3167885],
"1402 e alder st":[47.6045551,-122.3139296],
"1413 n 136th st":[47.727767,-122.340158],
"2021 s lane st":[47.59641,-122.305309],
"2619 yale ter e":[47.6437782,-122.3266633],
"2915 s fontanelle st":[47.5356293,-122.2949405],
"310 ne 51st st":[47.665932,-122.32508],
"334 nw 82nd st":[47.6885859,-122.362173],
"3525 ne 123rd st":[47.71713,-122.290344],
"3608 14th av w":[47.6524676,-122.3745347],
"3904 s kenyon st":[47.5315407,-122.2829099],
"400 23rd av e":[47.6226683,-122.3024419],
"4055 latona av ne":[47.6571179,-122.326071],
"4222 sw spokane st":[47.5720667,-122.3859447],
"425 malden av e":[47.622762,-122.31394],
"4517 corliss av n":[47.6620024,-122.3316508],
"4551 34th av s":[47.5613278,-122.2901651],
"4554 12th av ne":[47.6628526,-122.3149272],
"4723 university way ne":[47.6639164,-122.313521],
"5407 s roxbury st":[47.516636,-122.264997],
"5913 41st av sw":[47.5498525,-122.3847178],
"611 29th av e":[47.624481,-122.295866],
"6338 30th av sw":[47.546506,-122.370249],
"6510 29th av sw":[47.5442737,-122.3689569],
"6802 27th av s":[47.542288,-122.297466],
"6843 44th pl ne":[47.67908,-122.280586],
"700 s sullivan st":[47.5273358,-122.3245909],
"7151 45th av sw":[47.5381659,-122.3904702],
"7532 35th av ne":[47.684023,-122.290187],
"818 ne 127th st":[47.721521,-122.319926],
"830 11th av":[47.6079203,-122.3180638],
"9003 fremont av n":[47.6944147,-122.3501802],
"918 n 86th st":[47.691513,-122.346382],
"936 n 35th st":[47.6499258,-122.3457837],
"cascadia av s \/ s conover way":[47.5618635,-122.2827478],
"s charles st \/ golf dr s":[47.5942935,-122.3165822],
"s stacy st \/ east marginal way s":[47.5817089,-122.3400539]
}