{
"1133 34th av":[47.612662,-122.2893161],
"1509 western av":[47.6085124,-122.3416372],
"1800 aurora av n":[47.635901,-122.3433964],
"1888 24th av e":[47.63776,-122.301189],
"2218 28th av s":[47.583069,-122.296052],
"2552 25th av w":[47.6424794,-122.3886543],
"3047 nw 56th st":[47.6694554,-122.3973914],
"3900 walla walla rd ne":[47.6526312,-122.3001142],
"420 melrose av e":[47.6227189,-122.327512],
"4528 8th av ne":[47.6620564,-122.3192331],
"5222 ballard av nw":[47.6661737,-122.3828836],
"5625 22nd av nw":[47.6699676,-122.3847489],
"5715 s bangor st":[47.50576,-122.260643],
"6217 sw admiral way":[47.57573,-122.412947],
"7015 14th av nw":[47.680008,-122.373931],
"808 nw 108th st":[47.70732,-122.366632],
"824 ne 56th st":[47.669534,-122.318958],
"8537 8th av nw":[47.6918037,-122.3663164],
"8620 24th av sw":[47.5258329,-122.3628386],
"9th av nw \/ nw 80th st":[47.6869068,-122.3683031],
"s columbian way \/ s snoqualmie st":[47.5616399,-122.310508]
}