{
"10716 3rd av nw":[47.707504,-122.360422],
"11125 53rd av s":[47.500141,-122.268064],
"118 s washington st":[47.6010496,-122.3333214],
"121 s jackson st":[47.5991684,-122.3330301],
"1551 15th av s":[47.588612,-122.3138298],
"1701 sw roxbury st":[47.517324,-122.35649],
"17840 32nd av s":[47.4421476,-122.2916268],
"1901 e fir st":[47.6024309,-122.307228],
"2515 57th av sw":[47.5806409,-122.4055101],
"3501 w commodore way":[47.66564,-122.402845],
"3949 sw monroe st":[47.5312,-122.384144],
"4324 sw concord st":[47.524333,-122.388617],
"4638 s orchard st":[47.5384839,-122.273702],
"5200 - 5299 mithun pl ne":[47.66697,-122.281198],
"5655 31st av sw":[47.5511148,-122.3723076],
"600 pike st":[47.6111516,-122.334475],
"7010 38th av ne":[47.6798054,-122.2868605],
"7538 19th av ne":[47.6841978,-122.3075043],
"859 ne northgate way":[47.7082436,-122.3182101],
"8811 10th av sw":[47.524252,-122.348373],
"948 n 77th st":[47.6850055,-122.3450723],
"fauntleroy way sw \/ 36th av sw":[47.564266,-122.3774904],
"marine av sw \/ sw lander st":[47.5794714,-122.4070543],
"ne 63rd st \/ 8th av ne":[47.6741712,-122.3200478]
}