{
"10011 46th av s":[47.510761,-122.275884],
"10026 33rd av sw":[47.5129329,-122.373739],
"10515 12th av nw":[47.705682,-122.371804],
"1109 17th av":[47.611863,-122.310551],
"11252 evanston av n":[47.712045,-122.351152],
"118 n canal st":[47.6516566,-122.3570369],
"1203 s winthrop st":[47.5758266,-122.3170859],
"1311 24th av s":[47.5915387,-122.3016364],
"1517 14th av":[47.6146945,-122.3144063],
"15th av s \/ s holgate st":[47.586366,-122.3133781],
"1702 n 34th st":[47.6482332,-122.337342],
"1820 n 48th st":[47.663797,-122.335485],
"223 yale av n":[47.6200132,-122.3307621],
"2234 yale av e":[47.639262,-122.326766],
"22nd av e \/ e galer st":[47.6322862,-122.3035049],
"2415 nob hill av n":[47.640437,-122.351063],
"2543 56th av sw":[47.580425,-122.404346],
"2548 6th av w":[47.6422079,-122.3648674],
"2704 9th av w":[47.6445127,-122.3687064],
"2725 ne 110th st":[47.7082426,-122.2981102],
"3309 w government way":[47.6595798,-122.3999729],
"3428 63rd av sw":[47.573258,-122.413055],
"3436 belvidere av sw":[47.5720226,-122.3789374],
"3828 50th av sw":[47.569379,-122.395765],
"4038 greenwood av n":[47.6565439,-122.355194],
"4121 6th av nw":[47.6573722,-122.3638597],
"4808 burke av n":[47.6638748,-122.3348793],
"4th av n \/ garfield st":[47.633161,-122.3495702],
"500 4th av s":[47.6029857,-122.3293398],
"500 ne 45th st":[47.6613432,-122.3228528],
"5012 3rd av nw":[47.665506,-122.360347],
"5207 38th av ne":[47.6669399,-122.287171],
"5325 ballard av nw":[47.6669107,-122.3838491],
"555 n 105th st":[47.7048733,-122.3503723],
"5750 35th av ne":[47.671772,-122.289892],
"8106 latona av ne":[47.6878565,-122.325403],
"8337 wabash av s":[47.5283245,-122.2683945],
"8600 aurora av n":[47.6914096,-122.3441725],
"9214 14th av sw":[47.520547,-122.352504],
"9536 1st av nw":[47.698979,-122.3576568],
"blanchard st \/ 6th av":[47.6159279,-122.340917],
"ne 62nd st \/ sand point way ne":[47.6737019,-122.2659185],
"nw 90th st \/ 31st av nw":[47.6941851,-122.3969253],
"sw barton st \/ california av sw":[47.5223466,-122.387311],
"sw roxbury st \/ 15th av sw":[47.5174214,-122.3540077]
}