{
"10754 densmore av n":[47.708424,-122.3372606],
"12567 17th av ne":[47.721292,-122.311513],
"135 34th av e":[47.619007,-122.289927],
"1738 13th av s":[47.5873708,-122.3159786],
"1823 minor av":[47.6171966,-122.3316603],
"2008 westlake av n":[47.6372702,-122.3404851],
"2568 9th av w":[47.642649,-122.368501],
"2702 1st av n":[47.6448305,-122.3553095],
"2711 e roy st":[47.62488,-122.297046],
"2746 ne 94th st":[47.6968161,-122.2966337],
"3243 conkling pl w":[47.6488577,-122.3695966],
"3801 latona av ne":[47.6542207,-122.3263117],
"3828 48th av ne":[47.656385,-122.275695],
"3rd av n \/ newton st":[47.6365688,-122.3519331],
"4018 5th av ne":[47.6561337,-122.3232327],
"501 denny way":[47.6183886,-122.3466531],
"5220 40th av w":[47.667034,-122.408974],
"5921 25th av s":[47.549418,-122.300489],
"6500 4th av s":[47.5453289,-122.3295783],
"6837 34th av ne":[47.678658,-122.292093],
"6921 51st av s":[47.5400374,-122.270171],
"721 n 90th st":[47.6939943,-122.3488835],
"7324 27th av nw":[47.6821027,-122.390451],
"800 boren av":[47.6079417,-122.3237889],
"8802 9th av sw":[47.524447,-122.346364],
"900 alder st":[47.6034364,-122.3227919],
"9207 densmore av n":[47.6962341,-122.3379245],
"ivanhoe pl ne \/ 50th av ne":[47.6680598,-122.2740844],
"mary av nw \/ nw 90th st":[47.6942594,-122.3754101],
"sb sr99 at safeco":[47.59774,-122.335535],
"shilshole av nw \/ nw vernon pl":[47.6659237,-122.3840683],
"sw genesee st \/ 26th av sw":[47.5647225,-122.3654262]
}