{
"10035 39th av sw":[47.5127179,-122.381768],
"10554 interlake av n":[47.706641,-122.340295],
"10607 57th av s":[47.5056306,-122.2615604],
"14321 22nd av ne":[47.7328997,-122.3061679],
"14335 stone av n":[47.733392,-122.342714],
"1531 e alder st":[47.6041468,-122.3114873],
"1616 sw henderson st":[47.5228747,-122.3555503],
"2026 18th av s":[47.5846779,-122.309088],
"2131 arch pl sw":[47.5842864,-122.3824424],
"2320 ne 89th st":[47.6930231,-122.3035129],
"2355 beacon av s":[47.581824,-122.3157871],
"2814 11th av e":[47.6461247,-122.3179607],
"2826 s genesee st":[47.5636134,-122.2960609],
"308 dewey pl e":[47.6216964,-122.293547],
"3223 24th av w":[47.6492364,-122.3876866],
"3231 nw 62nd st":[47.6736962,-122.3998044],
"3461 37th av sw":[47.571334,-122.378516],
"3614 42nd av ne":[47.654709,-122.2813453],
"3939 s cloverdale st":[47.525809,-122.282054],
"4019 31st av w":[47.656452,-122.397311],
"427 s findlay st":[47.5526671,-122.3288655],
"4408 fauntleroy way sw":[47.5642834,-122.3770561],
"511 pine st":[47.6115804,-122.3359584],
"5211 1st av s":[47.5553302,-122.3346696],
"612 2nd av":[47.6027086,-122.3328215],
"7357 30th av sw":[47.535692,-122.37157],
"7901 35th av sw":[47.5317191,-122.3770986],
"903 nw 80th st":[47.6867407,-122.3685593],
"911 ne 113th st":[47.710747,-122.318883],
"sb sr99 at henderson":[47.5230641,-122.3212328]
}