{
"1113 sw holden st":[47.533771,-122.349693],
"11707 stendall pl n":[47.71474,-122.340526],
"11841 56th pl s":[47.496127,-122.268273],
"141 lake washington blvd":[47.6022317,-122.2863753],
"150-199 s main st":[47.60006,-122.3328756],
"1731 22nd av":[47.6174513,-122.3037521],
"1870 boylston av":[47.6184227,-122.3234379],
"233 nw 48th st":[47.6633558,-122.3602316],
"3038 30th av w":[47.648022,-122.395189],
"315 aloha st":[47.626822,-122.350737],
"3200 62nd av sw":[47.575725,-122.4117987],
"3202 15th av w":[47.6487304,-122.3759651],
"3317 sw hinds st":[47.572671,-122.375009],
"406 e republican st":[47.6232967,-122.3260978],
"4150 40th av sw":[47.564968,-122.382419],
"4414 2nd av nw":[47.660705,-122.358033],
"4514 sw graham st":[47.546948,-122.390726],
"4606 s holden st":[47.533881,-122.274907],
"4657 s garden st":[47.537426,-122.272879],
"5402 31st av s":[47.553327,-122.292352],
"617 nw 87th st":[47.69186,-122.36413],
"6553 16th av nw":[47.6774919,-122.3781048],
"7001 perimeter rd s":[47.5397435,-122.3061734],
"7345 24th av nw":[47.6826512,-122.3878223],
"8th av w \/ w armour st":[47.6450462,-122.3674881],
"924 n 74th st":[47.682778,-122.345185],
"federal av e \/ e miller st":[47.6413633,-122.3190069],
"federal av e \/ e prospect st":[47.6286763,-122.3191683],
"sw orchard st \/ 16th av sw":[47.5382282,-122.3549878]
}