{
"0 - 0 sb i5 to james":[47.607412,-122.330402],
"10730 15th av ne":[47.707582,-122.311753],
"1118 36th av":[47.6121649,-122.2867957],
"12211 6th av nw":[47.7181569,-122.3639778],
"1400 s walker st":[47.583709,-122.3147026],
"1524 30th av s":[47.588628,-122.293265],
"1742 n 130th st":[47.7238619,-122.335207],
"1856 n 53rd st":[47.6672413,-122.3341452],
"2453 aurora av n":[47.6413541,-122.3467448],
"2540 westlake av n":[47.643514,-122.343334],
"2613-2910 westlake av n":[47.6439861,-122.3448981],
"2848 sw genesee st":[47.5650676,-122.370149],
"2906 mayfair av n":[47.6458751,-122.3520708],
"3500 troll av n":[47.6502804,-122.3470395],
"35th av ne \/ ne 45th pl":[47.6626127,-122.2902767],
"3927 s mead st":[47.5502528,-122.282178],
"4042 25th av s":[47.5669497,-122.2998917],
"4502 s willow st":[47.5408611,-122.2762424],
"5119 s lucile st":[47.5523898,-122.2688706],
"5801 51st av s":[47.5501868,-122.2701714],
"6536 19th av ne":[47.676936,-122.307339],
"705 s weller st":[47.5973241,-122.3234686],
"741 harvard av e":[47.6262828,-122.3226961],
"7538 28th av sw":[47.5345759,-122.3681972],
"9504 15th av nw":[47.698126,-122.376501],
"aloha st \/ 4th av n":[47.6271626,-122.3488744],
"e olive st \/ bellevue av":[47.6163421,-122.3267849],
"n 100th st\/stone av n":[47.7014289,-122.3419696],
"nw 85th st \/ mary av nw":[47.6906166,-122.3754713],
"oberlin av ne \/ 45th av ne":[47.6731519,-122.2794949],
"sb i5 fr northgate wb":[47.709559,-122.331332]
}