{
"0 nb i5 to ravenna":[47.670323,-122.3216439],
"1002 sw spokane st":[47.57235,-122.3469541],
"11524 meridian av n":[47.713034,-122.333667],
"1200 ne 50th st":[47.6649281,-122.3152269],
"121 ne 54th st":[47.667675,-122.327315],
"12750 roosevelt way ne":[47.7224451,-122.3224063],
"1406 summit av":[47.613258,-122.32518],
"1st av s \/ highland park way sw":[47.5385413,-122.3345393],
"2112 n 36th st":[47.650721,-122.33323],
"2404 warren av n":[47.6401638,-122.3541998],
"2432 e roanoke st":[47.643353,-122.300611],
"2537 31st av s":[47.57981,-122.293345],
"2764 1st av s":[47.577948,-122.3337577],
"319 21st av":[47.604948,-122.305414],
"3430 35th av w":[47.65138,-122.401909],
"3705 sw 100th st":[47.513463,-122.379332],
"402 university st":[47.6086714,-122.3346999],
"4022 32nd av sw":[47.567139,-122.372126],
"4067 e newton st":[47.6368264,-122.2799638],
"425 nw oak crest dr":[47.6012528,-122.328374],
"4614 s othello st":[47.537147,-122.274611],
"4904 17th av nw":[47.6645753,-122.3786641],
"50th av s \/ s kenyon st":[47.531577,-122.2708204],
"5233 s farrar st":[47.5553359,-122.266687],
"5443 ballard av nw":[47.668317,-122.3862375],
"625 broadway  e":[47.6249558,-122.3212863],
"6400 12th av ne":[47.6749916,-122.3156499],
"7111 28th av nw":[47.680678,-122.393339],
"7307 12th av nw":[47.681721,-122.371825],
"7742 east marginal way s":[47.534169,-122.3123041],
"8361 30th av nw":[47.6903217,-122.396092],
"9277 california dr sw":[47.5203103,-122.3876006],
"936 nw market st":[47.668888,-122.370322],
"e pike st \/ 12th av":[47.6140971,-122.3168446],
"n 86th st \/ linden av n":[47.6913034,-122.3472094],
"ne 135th st \/ 1st av ne":[47.7268159,-122.3288699],
"ne 50th st \/ 21st av ne":[47.6649192,-122.3055531],
"wallingford av n \/ n 45th st":[47.661387,-122.336168]
}