{
"10020 rainier av s":[47.51183,-122.247117],
"11318 goodwin way ne":[47.7109509,-122.3114205],
"1200 5th av":[47.6083635,-122.3329909],
"1216 sw webster st":[47.535517,-122.3506911],
"124 denny way":[47.6187695,-122.3545064],
"1705 nw 59th st":[47.6716284,-122.3792549],
"2201 3rd av":[47.613898,-122.344043],
"2502 30th av s":[47.580811,-122.293823],
"2801 nw 57th st":[47.6699744,-122.3931427],
"2811 13th av s":[47.57821,-122.316402],
"3030 s holly pl":[47.5420155,-122.2924971],
"312 nw 50th st":[47.665217,-122.361444],
"3134 37th pl s":[47.5754358,-122.2863531],
"3208 ne 115th st":[47.7121932,-122.2933638],
"3707 airport way s":[47.5700161,-122.3233139],
"3809 stone way n":[47.6529668,-122.3430292],
"3818 ne 94th st":[47.696924,-122.286891],
"4112 24th pl s":[47.5656738,-122.3011449],
"42nd av s \/ s cloverdale st":[47.5261074,-122.2808388],
"5319 18th av s":[47.554148,-122.31023],
"5359 s creston st":[47.5068519,-122.2649023],
"537 29th av s":[47.596909,-122.2953622],
"6034 35th av nw":[47.6732226,-122.4015504],
"6117 47th av s":[47.547367,-122.274125],
"6416 36th av nw":[47.675436,-122.403227],
"6540 32nd av ne":[47.6771723,-122.2926286],
"7325 48th av ne":[47.681996,-122.276838],
"9038 31st av sw":[47.521703,-122.37229],
"908 n 102nd st":[47.703097,-122.3468808],
"949 16th av e":[47.6282645,-122.311697],
"stanley av s \/ s albro pl":[47.547006,-122.3149]
}