{
"11025 31st av ne":[47.7091909,-122.29525],
"12710 6th av nw":[47.7218065,-122.3633155],
"13035 42nd av ne":[47.7239946,-122.2830989],
"13561 roosevelt way n":[47.727836,-122.333467],
"1403 mcgilvra blvd e":[47.631149,-122.281736],
"1424 federal av e":[47.632151,-122.319128],
"15th av ne \/ ne 107th st":[47.706706,-122.3124307],
"1702 25th av s":[47.5881305,-122.300126],
"2012 2nd av":[47.6120537,-122.3422525],
"2020 e madison st":[47.6177503,-122.305061],
"2116 n 112th st":[47.7098168,-122.3331689],
"2514 15th av s":[47.5806443,-122.3133575],
"2526 27th av w":[47.641995,-122.391217],
"29th av s \/ s jackson st":[47.5992049,-122.2950105],
"3027 garlough av sw":[47.57667,-122.397043],
"304 15th av e":[47.6206977,-122.3123484],
"324 25th av":[47.6050795,-122.2996889],
"3301 e john st":[47.6197711,-122.2898388],
"3614 phinney av n":[47.6525411,-122.3544566],
"3703 walnut av sw":[47.571094,-122.383905],
"39th av s \/ s genesee st":[47.5641237,-122.2838783],
"4125 21st av sw":[47.5657726,-122.3605074],
"4308 sw frontenac st":[47.5407421,-122.3876549],
"44th av sw \/ sw alaska st":[47.5611287,-122.3881369],
"4608 s cloverdale st":[47.526319,-122.274195],
"4709 s orcas st":[47.550936,-122.273732],
"548 28th av":[47.6075503,-122.2955473],
"5500 airport way s":[47.553133,-122.3207602],
"6720 34th av nw":[47.6776093,-122.400751],
"6746 35th av sw":[47.541509,-122.376109],
"7011 48th av s":[47.539466,-122.272967],
"7711 31st av nw":[47.685292,-122.3973641],
"7943 renton av s":[47.5302999,-122.278877],
"928 n 86th st":[47.6913988,-122.3458265],
"e madison st \/ broadway ct":[47.6115448,-122.3198658],
"n 107th st \/ corliss av n":[47.7068501,-122.3312698]
}