{
"1011 ne 68th st":[47.6778387,-122.3167899],
"110 alaskan way s":[47.6013412,-122.3355626],
"12th av e \/ e roy st":[47.6253503,-122.3168326],
"149 nw canal st":[47.6524087,-122.3586045],
"1608 45th av sw":[47.5889747,-122.3886399],
"1801 broadway":[47.6176568,-122.3210117],
"2016 mcgilvra blvd e":[47.6375447,-122.280436],
"2141 n 128th st":[47.7218008,-122.3324277],
"218 26th av e":[47.6208335,-122.2982831],
"3200 1st av s":[47.5750469,-122.3336954],
"3744 sw webster st":[47.535936,-122.38129],
"4006 pasadena pl ne":[47.6562051,-122.3216197],
"4125 4th av s":[47.5661806,-122.3294524],
"523 s elmgrove st":[47.530425,-122.3271735],
"5440 leary av nw":[47.6677959,-122.3827329],
"6534 22nd av nw":[47.676953,-122.383959],
"901 montana cir":[47.661139,-122.415019],
"9200 47th av sw":[47.5212109,-122.3919627],
"9412 renton av s":[47.517841,-122.270381],
"golden gardens dr nw \/ view av nw":[47.6940715,-122.4007144],
"n 45th st \/ evanston av n":[47.661417,-122.3514677],
"occidental av s \/ s michigan st":[47.544399,-122.3332177],
"qwest field":[47.5951518,-122.3316393]
}