{
"10204 15th av ne":[47.702273,-122.311952],
"11739 17th av ne":[47.7150465,-122.3098604],
"11900 lakeside av ne":[47.715449,-122.28],
"12253 9th av nw":[47.719432,-122.368142],
"12th av e \/ e mercer st":[47.6242649,-122.3167398],
"13444 greenwood av n":[47.727617,-122.35467],
"1720 nw 96th st":[47.699202,-122.37934],
"1730 m l king jr way":[47.617418,-122.295769],
"1733 n 128th st":[47.721575,-122.33563],
"200 nw 73rd st":[47.682012,-122.35971],
"2026 32nd av s":[47.584344,-122.291602],
"23rd av sw \/ chelan av sw":[47.5713439,-122.3621923],
"3016 46th av sw":[47.57691,-122.390369],
"3046 31st av w":[47.6482526,-122.3968775],
"3814 sw myrtle st":[47.53995,-122.381126],
"4255 s raymond st":[47.547954,-122.278532],
"4403 letitia av s":[47.5639309,-122.2896401],
"4505 16th av ne":[47.662186,-122.3111514],
"4510 california av sw":[47.5624499,-122.3865595],
"4526 38th av s":[47.5620067,-122.2846054],
"5263 rainier av s":[47.5541062,-122.2818504],
"5517 4th av s":[47.5527988,-122.3298446],
"5607 west marginal way sw":[47.5409806,-122.3429752],
"6546 3rd av nw":[47.677365,-122.360175],
"713 n 80th st":[47.686735,-122.349238],
"720 n 130th st":[47.7232397,-122.3501127],
"804 ne 102nd st":[47.7024649,-122.320243],
"809 fairview av n":[47.6260708,-122.3342625],
"8118 4th av ne":[47.688106,-122.3240531],
"8314 9th av nw":[47.6895665,-122.3680119],
"9224 37th av s":[47.520591,-122.285636],
"9618 midvale av n":[47.6991394,-122.3429481],
"broadway e & e thomas st":[47.6210778,-122.3208909],
"ne 75th st \/ 20th av ne":[47.6830507,-122.3066969],
"nw 83rd st \/ 18th av nw":[47.6887374,-122.3800133]
}