{
"150 mercer st":[47.624584,-122.3540967],
"15th av w on rp \/ w nickerson st":[47.6539322,-122.3757023],
"2145 dexter way n":[47.6382793,-122.344396],
"2635 40th av w":[47.644247,-122.408763],
"2723 boylston av e":[47.645209,-122.323742],
"2843 nw 60th st":[47.672049,-122.394858],
"350 nw 85th st":[47.6908597,-122.3628178],
"3600 6th av s":[47.5714389,-122.325951],
"3841 letitia av s":[47.568506,-122.291169],
"4309 34th av w":[47.6597683,-122.401205],
"4615 sw walker st":[47.5838711,-122.3913224],
"6122 28th av s":[47.546873,-122.296543],
"6710 40th av s":[47.542064,-122.2823815],
"701 10th av s":[47.5975164,-122.3196647],
"719 n 103rd st":[47.7034338,-122.3491866],
"7236 33rd av s":[47.537208,-122.289548],
"7631 rainier av s":[47.5337729,-122.270415],
"800 s donovan st":[47.52586,-122.3225378],
"8028 26th av nw":[47.6876863,-122.3894758],
"8433 55th av s":[47.52758,-122.264149],
"914 randolph av":[47.610887,-122.2855206],
"corgiat dr s \/ s albro pl":[47.5481644,-122.3125151],
"inverness dr ne \/ sand point way ne":[47.6926945,-122.2708275],
"nw 58th st \/ 11th av nw":[47.6709009,-122.3707818],
"nw 77th st \/ 12th av nw":[47.6850889,-122.3714391],
"s roxbury st \/ sturtevant av s":[47.5168429,-122.2675214]
}