{
"100 ne 50th st":[47.6650249,-122.29541],
"10527 greenwood av n":[47.7059016,-122.3558505],
"10559 41st pl ne":[47.706439,-122.283826],
"1126 23rd av s":[47.592256,-122.302208],
"13609 26th av ne":[47.7278778,-122.3007618],
"1517 ne 47th st":[47.6630745,-122.3117912],
"1608 s graham st":[47.5471406,-122.311754],
"1837 30th av":[47.6187123,-122.2937774],
"2336 44th av sw":[47.58187,-122.387442],
"2725 ne 100th st":[47.700878,-122.297663],
"3010 45th av sw":[47.57662,-122.388979],
"3052 63rd av sw":[47.5768171,-122.4132984],
"3232 57th av sw":[47.5748062,-122.4048593],
"3640 26th pl w":[47.652973,-122.3896378],
"4100 yakima ln ne":[47.6559742,-122.3060044],
"422 s forest st":[47.5782318,-122.3280349],
"4522 ne 93rd st":[47.696363,-122.278917],
"4524 35th av s":[47.562099,-122.288497],
"5327 denver av s":[47.5542294,-122.3252252],
"553 n 79th st":[47.6860664,-122.3502402],
"561 ne 92nd st":[47.6957347,-122.3206188],
"5716 s norfolk st":[47.513534,-122.261352],
"6227 54th av ne":[47.674109,-122.269638],
"6747 27th av nw":[47.679042,-122.391149],
"740 dexter av n":[47.625879,-122.34236],
"7436 34th av ne":[47.6829515,-122.2915368],
"7700 36th av ne":[47.6848795,-122.2894483],
"8437 island dr s":[47.527639,-122.261683],
"854 ne 123rd st":[47.7178479,-122.318529],
"8603 9th av sw":[47.526312,-122.347136],
"930 n 71st st":[47.680541,-122.345826],
"9716 41st av s":[47.515178,-122.281067],
"aurora av n \/ n 36th st":[47.650972,-122.3473277],
"n 130th st \/ phinney av n":[47.7232455,-122.354149],
"ne 45th st \/ 20th av ne":[47.6612561,-122.306525]
}