{
"10029 37th av sw":[47.5129639,-122.379401],
"10550 3rd av nw":[47.706599,-122.36041],
"11750 burke av n":[47.7153966,-122.3354359],
"11761 sand point way ne":[47.715107,-122.282998],
"122 s jackson st":[47.5993867,-122.3332839],
"1300 5th av":[47.6086976,-122.333743],
"13733 20th av ne":[47.729441,-122.30763],
"154 27th av":[47.6028882,-122.2975982],
"1705 nw 100th st":[47.701403,-122.378725],
"1st av w \/ w boston st":[47.6383916,-122.3582809],
"200 s hudson st":[47.5574308,-122.3324044],
"2151 6th av":[47.6155656,-122.3409407],
"2320 nw 100th st":[47.701832,-122.386489],
"2411 s king st":[47.5979503,-122.3006632],
"2643 ne university village st":[47.663297,-122.2991457],
"2711 s judkins st":[47.591813,-122.29704],
"3029 fairmount av sw":[47.575988,-122.382545],
"3307 sw 106th st":[47.50794,-122.37373],
"3623 california av sw":[47.5712132,-122.3871519],
"3rd av nw \/ nw 132nd st":[47.725075,-122.360951],
"410 erie av":[47.6054799,-122.2842939],
"417 19th av e":[47.6226184,-122.3073396],
"4317 sw hanford st":[47.5754649,-122.3875473],
"4600 s holly st":[47.542676,-122.275145],
"4726 46th av s":[47.5597378,-122.2754599],
"5515 ann arbor av ne":[47.6696845,-122.2746376],
"6929 25th av sw":[47.5398489,-122.364998],
"7512 mary av nw":[47.68369,-122.375066],
"8109 28th av sw":[47.529758,-122.3687894],
"825 ne 67th st":[47.677,-122.318948],
"832 n 125th st":[47.7195889,-122.3494913],
"9842 44th av sw":[47.5144568,-122.388366],
"ne 68th st \/ 51st av ne":[47.6775772,-122.2729126],
"ne ravenna blvd \/ east green lake way n":[47.6796617,-122.3257367],
"s atlantic st \/ 13th av s":[47.5899937,-122.31598],
"tallman av nw \/ nw market st":[47.6686745,-122.381691],
"w republican st \/ queen anne av n":[47.6232772,-122.3567211]
}