{
"1052 s donovan st":[47.5258196,-122.3180171],
"1146 nw 58th st":[47.671125,-122.372816],
"154 nw 81st st":[47.687876,-122.360285],
"2226 nw 60th st":[47.672578,-122.3859725],
"3008 sw andover st":[47.567864,-122.37136],
"3528 s austin st":[47.534653,-122.286823],
"3961 sw arroyo dr":[47.5032916,-122.3841711],
"4009 phinney av n":[47.655665,-122.354754],
"4812 ne 60th st":[47.6732418,-122.2768369],
"5600 delridge way sw":[47.551777,-122.362587],
"5648 12th av ne":[47.670887,-122.314867],
"5918 19th av s":[47.549343,-122.308339],
"617 33rd av e":[47.625551,-122.289924],
"6341 37th av sw":[47.545313,-122.379515],
"6742 14th av nw":[47.6790909,-122.3740551],
"6808 36th av ne":[47.677873,-122.288935],
"700 nw 73rd st":[47.681993,-122.3646235],
"735 yesler way":[47.6016941,-122.3239362],
"736 s kenyon st":[47.532178,-122.323834],
"7542 35th av ne":[47.684311,-122.290197],
"8523 midvale av n":[47.6911952,-122.3427899],
"8845 34th av sw":[47.523352,-122.375705],
"911 nw 65th st":[47.675769,-122.369277],
"9315 renton av s":[47.518588,-122.271783],
"9914 32nd av sw":[47.514223,-122.372777],
"n 80th st \/ meridian av n":[47.6869024,-122.3330946],
"ne 123rd st \/ lakeside pl ne":[47.7176082,-122.2804403],
"wilson av s \/ seward park av s":[47.5445458,-122.264083]
}