{
"1006 e prospect st":[47.628836,-122.3197942],
"11532 lake city wy ne":[47.7129969,-122.2983562],
"12557 11th av nw":[47.721173,-122.370785],
"14817 aurora av n":[47.736352,-122.3457179],
"151 ne 56th st":[47.669126,-122.326059],
"1607 summit av":[47.6155029,-122.325899],
"20th av e \/ e republican st":[47.6232213,-122.3060109],
"2706 broadway e":[47.64482,-122.3204875],
"2807 20th av s":[47.578423,-122.307084],
"28th av sw \/ sw webster st":[47.5355369,-122.3684726],
"312 broadway e":[47.6213244,-122.3205585],
"3216 west viewmont way w":[47.649182,-122.409189],
"3814 20th av sw":[47.5696611,-122.358886],
"4133 linden av n":[47.6574854,-122.3485526],
"4220 e madison st":[47.6361863,-122.277934],
"5707 20th av nw":[47.670542,-122.382423],
"651 nw 81st st":[47.6874096,-122.365727],
"7527 63rd av ne":[47.6839085,-122.2619765],
"825 23rd av":[47.609788,-122.303062],
"8701 12th av nw":[47.692182,-122.371896],
"900 n 78th st":[47.685702,-122.346992],
"bellevue av e \/ e mercer st":[47.6242848,-122.3265948],
"burke av n \/ n 48th st":[47.6635908,-122.3351475],
"croft pl sw \/ delridge way sw":[47.5405621,-122.3607582],
"n 59th st \/ linden av n":[47.6717284,-122.3484806],
"sb i5 to northgate wb":[47.710776,-122.329967],
"sw edmunds st \/ 42nd av sw":[47.5593181,-122.3855156],
"sw genesee st \/ fauntleroy way sw":[47.5646702,-122.3768913]
}