{
"!%th av \/ e pine st":[47.6152875,-122.3127802],
"1108 nw 95th st":[47.698142,-122.370781],
"11333 51st av s":[47.500589,-122.27055],
"114 n canal st":[47.6517176,-122.3571618],
"12322 lake city way ne":[47.7181333,-122.2955355],
"1537 nw 57th st":[47.6700644,-122.3779203],
"1800 east marginal way s":[47.5873466,-122.3394773],
"1901 42nd av e":[47.6359246,-122.2787941],
"212 belmont av e":[47.620178,-122.323697],
"215 26th av e":[47.6206444,-122.2988099],
"2204 e alder st":[47.6045072,-122.3034835],
"2301 nw market st":[47.6685132,-122.3863711],
"2530 mount claire dr s":[47.5815773,-122.2865334],
"2720 ne university village st":[47.6633338,-122.2977208],
"2815 16th av s":[47.578136,-122.312431],
"28th av w \/ w galer st":[47.632305,-122.3930993],
"3420 e yesler way":[47.6018929,-122.288392],
"4225 11th av ne":[47.659046,-122.3169204],
"42nd av s \/ carkeek dr s":[47.5230341,-122.2806406],
"4325 whitman av n":[47.6602821,-122.345637],
"4345 8th av ne":[47.660651,-122.320139],
"523 17th av e":[47.6239541,-122.310022],
"5936 32nd av sw":[47.5491122,-122.3736713],
"6500 delridge way sw":[47.544413,-122.360702],
"6516 17th av nw":[47.676466,-122.378575],
"6826 25th av ne":[47.678422,-122.300312],
"7103 39th av sw":[47.5395759,-122.382314],
"7720 22nd av nw":[47.6856582,-122.3840294],
"7846 12th av ne":[47.6863657,-122.3147646],
"8639 30th av sw":[47.525316,-122.3715749],
"9022 21st av nw":[47.6953424,-122.3822226],
"922 e fir st":[47.6027041,-122.3194048],
"9600 34th av sw":[47.5172979,-122.375182],
"975 john st":[47.6194454,-122.3375689],
"ne 64th st \/ 12th av ne":[47.6749846,-122.3156686]
}