{
"1058 ne 97th st":[47.699711,-122.315448],
"10723 exeter av ne":[47.7082841,-122.2776852],
"1108 nw 103rd st":[47.703556,-122.37061],
"1227 s cloverdale st":[47.526196,-122.316225],
"124 e edgar st":[47.6446903,-122.3266147],
"125 nw 48th st":[47.6633666,-122.3583262],
"1458 s columbian way":[47.571173,-122.314026],
"1610 43rd av e":[47.6336257,-122.2771351],
"2604 3rd av":[47.6168571,-122.3480836],
"32nd av \/ e spruce st":[47.6031924,-122.2915946],
"3440 belvidere av sw":[47.5718873,-122.3789802],
"3780 east stevens way ne":[47.6547129,-122.3048829],
"3906 w hooker st":[47.671585,-122.409661],
"3922 sw holly st":[47.5431191,-122.3828142],
"4270 s mead st":[47.5505003,-122.2777455],
"4331 ne 60th st":[47.671899,-122.280716],
"4521 1st av ne":[47.6621105,-122.3284219],
"5511 s wallace st":[47.497124,-122.263743],
"6000 39th av s":[47.5487546,-122.2829706],
"6307 california av sw":[47.5463938,-122.3876033],
"7216 33rd av s":[47.5377269,-122.28961],
"7515 17th av nw":[47.683692,-122.379249],
"800 s stacy st":[47.5819036,-122.3228088],
"811 s sullivan st":[47.527065,-122.322279],
"8339 39th av s":[47.5284497,-122.2837019],
"8525 10th av nw":[47.691392,-122.369674],
"airport way s \/ s snoqualmie st":[47.5620443,-122.3230214]
}