{
"1212 alki av sw":[47.5944292,-122.3886891],
"1215 ne 145th st":[47.7339621,-122.3148752],
"12565 42nd av ne":[47.721124,-122.283602],
"14035 25th av ne":[47.730914,-122.302258],
"14047 burke av n":[47.7318546,-122.3361045],
"1419 2nd av w":[47.6319606,-122.3595483],
"1916 pike pl":[47.6101582,-122.3426038],
"1st av nw \/ nw 85th st":[47.6906127,-122.3579862],
"212 26th av e":[47.6206238,-122.2985328],
"305 nw 127th st":[47.7212876,-122.361362],
"3120 sw 97th st":[47.5168261,-122.3730337],
"318 6th av s":[47.5997217,-122.3261506],
"3200 rainier av s":[47.574499,-122.2951989],
"3220 nw 62nd st":[47.674159,-122.399374],
"327 35th av s":[47.59945,-122.288051],
"3813 45th av sw":[47.569736,-122.389842],
"3823 s angeline st":[47.559147,-122.284124],
"3854 ne 90th st":[47.6939935,-122.2854153],
"38th av ne \/ ne 68th st":[47.6776153,-122.2870902],
"4035 ne 95th st":[47.697117,-122.283794],
"416 11th av e":[47.622513,-122.317403],
"4242 24th av w":[47.658828,-122.387066],
"4601 s garden st":[47.537421,-122.27508],
"5205 12th av s":[47.5553973,-122.3173771],
"5505 55th av s":[47.552247,-122.264892],
"5617 25th av sw":[47.55135,-122.364698],
"5938 s eastwood dr":[47.50391,-122.257791],
"6516 cleopatra pl nw":[47.676481,-122.36523],
"7412 east green lake dr n":[47.6821191,-122.3277027],
"801 s southern st":[47.5296612,-122.3224743],
"8522 corliss av n":[47.691096,-122.330685],
"912 n 88th st":[47.6929438,-122.3466219],
"9225 spear pl s":[47.5203659,-122.2748286],
"9413 24th av sw":[47.518666,-122.363613],
"9632 51st av s":[47.515838,-122.269584],
"lynn st \/ 4th av n":[47.6391127,-122.3494767]
}