{
"10400 56th av s":[47.5079931,-122.262812],
"11218 beacon av s":[47.499166,-122.264681],
"1207 nw 90th st":[47.694094,-122.3716935],
"13035 25th av ne":[47.724075,-122.30231],
"1406 4th av":[47.6095655,-122.33576],
"1521 nw 58th st":[47.670673,-122.377221],
"1622 39th av e":[47.6340999,-122.282261],
"1937 shenandoah dr e":[47.637085,-122.289792],
"2105 n 51st st":[47.6657678,-122.333448],
"2116 w ruffner st":[47.652455,-122.384091],
"2132 halleck av sw":[47.5845926,-122.3980919],
"2356 west viewmont way w":[47.639792,-122.408599],
"2701 21st av s":[47.579443,-122.305779],
"2809 23rd av s":[47.578021,-122.30363],
"2818 nw 69th st":[47.678968,-122.393846],
"2949 36th av s":[47.575969,-122.288009],
"3211 10th av w":[47.648869,-122.370735],
"3301 30th av sw":[47.5735901,-122.3716509],
"3422 wallingford av n":[47.6487891,-122.336337],
"3515 w commodore way":[47.665638,-122.403429],
"4123 13th av s":[47.566479,-122.316323],
"4429 4th av ne":[47.6610752,-122.3243041],
"5016 40th av sw":[47.5568998,-122.3825476],
"5942 fauntleroy way sw":[47.5490115,-122.3826704],
"6700 28th av s":[47.5424805,-122.2966028],
"6852 perimeter rd s":[47.5420033,-122.3079875],
"705 s king st":[47.5983393,-122.3234953],
"7050 24th av ne":[47.6808165,-122.3014929],
"7716 38th av sw":[47.532996,-122.380267],
"8103 greenwood av n":[47.687802,-122.355656],
"822 6th av n":[47.6269984,-122.3449382],
"828 29th av":[47.609862,-122.294623],
"8334 island dr s":[47.528934,-122.26141],
"8707 1st av nw":[47.6927664,-122.3582689],
"9042 phinney av n":[47.695459,-122.353632],
"920 broadway e":[47.6275256,-122.3210127],
"9608 26th av nw":[47.698859,-122.388537],
"nw 96th st \/ 21st av nw":[47.6989723,-122.3830569],
"sw oregon st \/ 36th av sw":[47.5628659,-122.3774622]
}