{
"0 sb i5 fr northgate":[47.705825,-122.330184],
"11049 marine view pl sw":[47.503207,-122.380182],
"12700 28th av ne":[47.7211149,-122.2976886],
"12th av \/ e fir st":[47.6026856,-122.3167898],
"1756 nw 59th st":[47.6717833,-122.3814195],
"1760 n 128th st":[47.722259,-122.334708],
"1766 nw 59th st":[47.6717804,-122.3817248],
"1943 25th av e":[47.6370618,-122.300815],
"2500 ne 125th st":[47.7193329,-122.3018689],
"2521 27th av w":[47.641816,-122.392063],
"2733 sw sylvan heights dr":[47.5395332,-122.3689112],
"2924 4th av s":[47.5769849,-122.328338],
"2932 s charlestown st":[47.570027,-122.294142],
"3014 nw 67th st":[47.6776962,-122.396264],
"3014 s othello st":[47.5372358,-122.2925416],
"3226 rainier av s":[47.574466,-122.2946733],
"3350 3rd av w":[47.6499903,-122.3608421],
"3519 sw elmgrove st":[47.530261,-122.377728],
"4408 ne 60th st":[47.6723139,-122.2803695],
"4535 11th av s":[47.5624574,-122.3189619],
"5105 25th av ne":[47.6668749,-122.3008562],
"720 3rd av":[47.6040968,-122.3322435],
"7326 38th av ne":[47.682057,-122.28739],
"7343 16th av ne":[47.6824844,-122.311257],
"7836 11th av ne":[47.6863703,-122.3158961],
"7918 m l king jr way s":[47.53083,-122.279981],
"800 broadway e":[47.6267484,-122.3212769],
"8821 29th av sw":[47.524005,-122.370306],
"ne 91st st \/ roosevelt way ne":[47.6949282,-122.3175851],
"s bayview st \/ rainier av s":[47.5810164,-122.3001964]
}