{
"10118 44th av sw":[47.5123496,-122.388202],
"10617 56th av s":[47.5056202,-122.2634093],
"1125 nw 53rd st":[47.6670134,-122.3720411],
"1763 nw 63rd st":[47.6743654,-122.381521],
"1907 n 45th st":[47.6613712,-122.334626],
"1940 yale av e":[47.6366201,-122.3268074],
"2314 e marion st":[47.610227,-122.30206],
"2420 wickstrom pl sw":[47.5819721,-122.4019081],
"2801 e cherry st":[47.6077656,-122.2956514],
"316 w newell st":[47.6442554,-122.3616884],
"3280 sw avalon way":[47.5641254,-122.3756514],
"3603 35th av w":[47.652419,-122.402658],
"3750 s juneau st":[47.5499014,-122.2854718],
"3871 45th av ne":[47.657383,-122.279753],
"4126 40th av sw":[47.5656319,-122.3825339],
"4147 39th av sw":[47.5651048,-122.3818939],
"4316 latona av ne":[47.659507,-122.324808],
"45th av sw \/ sw alaska st":[47.561136,-122.3894743],
"5057 harold pl ne":[47.665988,-122.272834],
"5763 sw orleans st":[47.570574,-122.406968],
"6293 20th av ne":[47.6746522,-122.3067961],
"6328 30th av sw":[47.5461785,-122.3703765],
"6501 roosevelt way ne":[47.6759439,-122.3176159],
"6844 43rd av ne":[47.678908,-122.28199],
"7016 15th av nw":[47.6800269,-122.3764892],
"7723 14th av ne":[47.68566,-122.31374],
"832 15th av":[47.6102018,-122.3128345],
"n 137th st \/ burke av n":[47.7286778,-122.3355688],
"n 97th st \/ wallingford av n":[47.6996,-122.3365449],
"nw 89th st \/ 3rd av nw":[47.693518,-122.3606833]
}