{
"0 - 0 sb sr509 fr cloverdale":[47.524363,-122.333502],
"10 mercer st":[47.625027,-122.3563411],
"10235 33rd av sw":[47.510803,-122.37412],
"1111 e pine st":[47.6150175,-122.3178083],
"12703 39th av ne":[47.721136,-122.287076],
"13418 greenwood av n":[47.7269432,-122.3553165],
"1404 lakeside av s":[47.589678,-122.285344],
"1419 s jackson st":[47.5989966,-122.3131819],
"1423 western av":[47.6080974,-122.3410269],
"1509 2nd av":[47.6094108,-122.3393543],
"1600 10th av e":[47.6330494,-122.3199329],
"1612 n 143rd st":[47.732543,-122.339073],
"1812 6th av w":[47.635222,-122.364617],
"2215 n 145th st":[47.733887,-122.332373],
"2533 16th av s":[47.579956,-122.3123125],
"3706 29th av w":[47.653483,-122.393824],
"37th av sw \/ sw rose st":[47.5290763,-122.379323],
"4001 sw edmunds st":[47.5591579,-122.3832783],
"4309 sw concord st":[47.5239008,-122.3879511],
"4531 renton av s":[47.5620283,-122.2916693],
"4817 38th av sw":[47.55869,-122.380504],
"5118 14th av nw":[47.6662523,-122.3734327],
"5439 kirkwood pl n":[47.668523,-122.331841],
"5454 21st av sw":[47.552169,-122.3597607],
"5915 s cooper st":[47.511185,-122.258622],
"622 western av":[47.6026413,-122.3355543],
"7311 22nd av nw":[47.6816868,-122.3846069],
"7533 21st av ne":[47.684012,-122.305745],
"7544 19th av nw":[47.6845597,-122.3807567],
"801 m l king jr way":[47.6091369,-122.296502],
"8205 36th av ne":[47.688608,-122.289758],
"8517 35th av ne":[47.6907563,-122.2911339],
"910 e marion st":[47.6104057,-122.3167681],
"9244 37th av s":[47.520041,-122.285638],
"california av sw \/ 42nd av sw":[47.5224912,-122.3875124],
"w crockett st \/ 1st av w":[47.637168,-122.358297],
"west marginal way sw \/ 2nd av sw":[47.5373532,-122.3370361]
}