{
"1015 32nd av e":[47.6279898,-122.2912245],
"10701 63rd av s":[47.504499,-122.254476],
"1226 24th av e":[47.631112,-122.301341],
"1301 n 115th st":[47.7119092,-122.3399251],
"13030 5th av ne":[47.7233663,-122.3235042],
"13520 linden av n":[47.7279165,-122.3468235],
"1604 20th av":[47.6155426,-122.3059736],
"1606 s hill st":[47.5846894,-122.3117038],
"1810 11th av":[47.6178626,-122.318114],
"1818 westlake av n":[47.6353769,-122.3397873],
"1st av & columbia st":[47.6033002,-122.3349735],
"2337 18th av s":[47.581857,-122.309865],
"2508 s lane st":[47.5969415,-122.2994097],
"2701 airport way s":[47.579585,-122.321875],
"3440 nw 57th st":[47.670703,-122.403179],
"3617 nw 61st st":[47.6726423,-122.4044457],
"4108 48th av s":[47.566105,-122.272868],
"418 25th av s":[47.5986028,-122.2996185],
"4526 11th av ne":[47.662131,-122.316207],
"4662 s holly st":[47.5424836,-122.2738597],
"4701 26th av sw":[47.560963,-122.365892],
"4847 terrace dr ne":[47.663915,-122.2855656],
"521 32nd av e":[47.6243512,-122.2913124],
"5307 beacon av s":[47.554635,-122.303488],
"5631 fauntleroy way sw":[47.5510698,-122.3820993],
"5824 princeton av ne":[47.672523,-122.274438],
"6601 ne 60th st":[47.6724756,-122.2557128],
"6642 high point dr sw":[47.5432957,-122.3696219],
"8414 7th av sw":[47.527769,-122.3439529],
"9037 view av nw":[47.6949213,-122.4015413],
"9233 29th av sw":[47.520053,-122.370372],
"925 nw 122nd st":[47.717636,-122.368854]
}