{
"1000 2nd av":[47.6059189,-122.3352107],
"10034 ravenna av ne":[47.702045,-122.299009],
"103 nw market st":[47.6632306,-122.3576342],
"10770 marine view dr sw":[47.506778,-122.382382],
"1122 n 97th st":[47.6999907,-122.3434982],
"169 24th av":[47.6032695,-122.3014149],
"1931 western av":[47.6099988,-122.3432327],
"2454 62nd av se":[47.587532,-122.250709],
"2532 31st av s":[47.57996,-122.292655],
"2645 california av sw":[47.5798381,-122.3873292],
"2813 nw 68th st":[47.677818,-122.39378],
"3001 s angeline st":[47.5592024,-122.293567],
"3233 32nd av w":[47.649717,-122.398612],
"4021 e highland dr":[47.6295519,-122.280482],
"4025 sunnyside av n":[47.6563365,-122.3302532],
"418 ne 50th st":[47.6651775,-122.3231081],
"4209 mary gates memorial dr ne":[47.6586735,-122.2973303],
"4610 s austin st":[47.534918,-122.274711],
"4833 50th av sw":[47.5583903,-122.3966344],
"5130 40 av ne":[47.6670519,-122.2839116],
"5206 36th av sw":[47.555319,-122.377228],
"5901-6049 whitman av n":[47.6649929,-122.3460931],
"7200 latona av ne":[47.6816349,-122.3274891],
"7524 mary av nw":[47.683978,-122.375065],
"824 20th av":[47.609814,-122.305935],
"834 ne 100th st":[47.701548,-122.318922],
"8501 greenwood av n":[47.6907499,-122.355785],
"9317 53rd av s":[47.5184929,-122.266563],
"ne 125th st \/ 16th av ne":[47.7194152,-122.3113196],
"ne 143rd st \/ 19th av ne":[47.7320852,-122.3086694],
"nw 73rd st \/ 19th av nw":[47.6813425,-122.3810556],
"stone way n \/ n 43rd st":[47.6591921,-122.3422506]
}