{
"1009 w armour st":[47.644808,-122.370726],
"1048 s jackson st":[47.5995136,-122.3174696],
"11151 luther av s":[47.500337,-122.266028],
"11546 alton av ne":[47.71314,-122.284558],
"12030 9th av nw":[47.7170115,-122.3672857],
"1223 n 166th ct":[47.7499175,-122.3431605],
"12249 evanston av n":[47.719164,-122.352003],
"1415 7th av w":[47.6315529,-122.3667912],
"1550 nw 51st st":[47.665934,-122.378248],
"2530 s brandon ct":[47.5531965,-122.2998738],
"2839 patten pl w":[47.645853,-122.38696],
"2845 nw 68th st":[47.677808,-122.39507],
"2857 thorndyke av w":[47.646291,-122.382501],
"3003 s andover st":[47.5678309,-122.2938258],
"3540 woodlawn ave n":[47.6502134,-122.3386826],
"3820 ne 90th st":[47.69403,-122.286962],
"4045 deldridge way sw - dept of health & social svc":[47.5670884,-122.3641645],
"406 n 45th st":[47.6616119,-122.3536021],
"4322 16th av s":[47.5651447,-122.3127371],
"4524 w ruffner st":[47.65298,-122.4155551],
"4806 43rd av s":[47.559069,-122.279093],
"5616 8th av nw":[47.670043,-122.365825],
"567 john st":[47.6194922,-122.3454183],
"5821 roosevelt way ne":[47.6712549,-122.3176136],
"5934 32nd av s":[47.5487895,-122.2912609],
"6035 35th av sw":[47.5473176,-122.3768061],
"620 33rd av":[47.60747,-122.2901836],
"6302 47th av sw":[47.546597,-122.392178],
"702 n 97th st":[47.699889,-122.349818],
"714 1st av":[47.6031409,-122.3343695],
"7451 corliss av n":[47.684235,-122.330773],
"910 ne 113th st":[47.7111287,-122.3186741],
"e union st \/ belmont av":[47.6129778,-122.3244427],
"n 115th st \/ fremont av n":[47.7123341,-122.3501869]
}