{
"1018 ne 61st st":[47.672783,-122.316446],
"1044 s washington st":[47.6008917,-122.3188845],
"10519 9th av ne":[47.7055567,-122.3187601],
"10524 ashworth av n":[47.705782,-122.338988],
"1080 w ewing st":[47.6562573,-122.3698259],
"117 12th av":[47.602234,-122.317208],
"11815 11th av nw":[47.715556,-122.370539],
"12235 1st av nw":[47.718797,-122.358625],
"1309 n northgate way":[47.7050344,-122.3418715],
"134 25th av e":[47.6199642,-122.2996158],
"13515 roosevelt way n":[47.7269581,-122.3310423],
"14335 40th av ne":[47.733025,-122.286661],
"1530 nw 57th st":[47.670399,-122.377521],
"1808 1st av n":[47.635152,-122.355345],
"2206 n 41st st":[47.6569209,-122.332238],
"2427 35th av w":[47.6404035,-122.4027176],
"2569 29th av s":[47.5788316,-122.2953036],
"2733 38th av sw":[47.578263,-122.380576],
"2803 35th av w":[47.645166,-122.402688],
"2nd av ne \/ ne 46th st":[47.6626164,-122.3272342],
"3044 nw 57th st":[47.6704114,-122.3973885],
"311 ne 59th st":[47.671325,-122.324985],
"3206 21st av w":[47.6488475,-122.3830935],
"3309 e valley st":[47.6259209,-122.2890379],
"3441 e huron st":[47.6020537,-122.287682],
"42nd av sw \/ sw raymond st":[47.5484675,-122.3856972],
"4328 s holden st":[47.533628,-122.277528],
"4507 30th av w":[47.6615738,-122.3963419],
"4530 46th av ne":[47.6622329,-122.2778793],
"500 lakeside av s":[47.597734,-122.286425],
"5714 s wallace st":[47.49767,-122.260251],
"6006 6th av nw":[47.672647,-122.363684],
"6848 34th av ne":[47.679006,-122.291337],
"707 30th av":[47.6083319,-122.2936679],
"7300 10th av nw":[47.6814631,-122.3693655],
"7327 47th av sw":[47.537175,-122.393279],
"7465 gatewood rd sw":[47.53599,-122.384428],
"7915 10th av s":[47.5313798,-122.3209327],
"7939 delridge way sw":[47.530633,-122.360802],
"highland park way sw \/ 1st av s":[47.5385413,-122.3345393],
"nw 65th st \/ 2nd av nw":[47.6759851,-122.3594403]
}