{
"13715 1st av ne":[47.729128,-122.32927],
"13748 wallingford av n":[47.7300309,-122.336589],
"1700 12th av s":[47.588139,-122.316901],
"1915 ne 125th st":[47.719036,-122.30844],
"2318 n 44th st":[47.6604532,-122.3304156],
"2505 beacon av s":[47.5807686,-122.3139128],
"303 27th av":[47.60442,-122.298172],
"37th av sw \/ sw cambridge st":[47.5192892,-122.3794519],
"3856 18th av sw":[47.5684953,-122.3566402],
"426 broadway  e":[47.62275,-122.320582],
"4503 40th av sw":[47.562721,-122.383092],
"5219 22nd av ne":[47.667006,-122.30479],
"5723 28th av ne":[47.670692,-122.297647],
"609 34th av e":[47.625322,-122.288616],
"7018 19th av nw":[47.680064,-122.380734],
"7029 40th av ne":[47.680297,-122.285371],
"7055 12th av nw":[47.681157,-122.3717952],
"719 24th av s":[47.595914,-122.301496],
"740 e olive st":[47.6163751,-122.3225743],
"756 30th av":[47.608662,-122.293365],
"8010 20th av nw":[47.6872432,-122.3818479],
"8348 27th av nw":[47.690435,-122.390569],
"931 sw holden st":[47.5338528,-122.3488594],
"9460 rainier av s":[47.5205874,-122.2625932],
"9523 15th av nw":[47.698513,-122.377291],
"beacon av s \/ s monroe st":[47.530997,-122.2881754],
"minor av n \/ mercer st":[47.6242712,-122.3330054],
"w mcgraw st \/ 1st av w":[47.639579,-122.3582688]
}