{
"1027 s main st":[47.6000172,-122.3184217],
"10333 ashworth av n":[47.7042668,-122.3396107],
"1126 nw market st":[47.668936,-122.37201],
"12717 10th av nw":[47.7219951,-122.3693285],
"133 ne 115th st":[47.7120377,-122.3272558],
"1431 n 130th st":[47.7232001,-122.3404978],
"2537 28th av w":[47.642286,-122.393352],
"2609 nw market st":[47.6684616,-122.3906397],
"3080 sw avalon way":[47.5654451,-122.3721173],
"3149 35th av s":[47.575466,-122.289102],
"3416 22nd av w":[47.650896,-122.384297],
"3902 walla walla rd ne":[47.6528814,-122.2998046],
"401 elliott av w":[47.6224854,-122.3637702],
"4515 15th av ne":[47.6614066,-122.3119724],
"4547 20th av ne":[47.6625544,-122.306731],
"5205 ne 60th st":[47.672044,-122.2709842],
"5440 44th av sw":[47.5526931,-122.388181],
"6417 woodland pl n":[47.6759032,-122.3480069],
"6442 29th av sw":[47.5451633,-122.3693785],
"6711 s bangor st":[47.506146,-122.24957],
"6900 51st av s":[47.5406976,-122.2698858],
"737 21st av e":[47.6263409,-122.305163],
"7534 2nd av ne":[47.6842014,-122.3266799],
"7708 34th av ne":[47.685297,-122.291297],
"8624 44th av s":[47.5253063,-122.2777904],
"8661 fauntleroy way sw":[47.5249818,-122.3928017],
"9094 seward park av s":[47.5208792,-122.2629478],
"9225 38th av s":[47.520437,-122.285171],
"9628 49th av ne":[47.6991551,-122.2752833],
"m l king jr way s & s henderson st":[47.5235248,-122.2789173],
"s ryan st \/ waters av s":[47.509744,-122.2499304]
}