{
"0 - 0 nb i5 cd fr dearborn":[47.595825,-122.319215],
"10000 airport way s":[47.5136548,-122.2880366],
"1015 seneca st":[47.6103513,-122.3273762],
"10316 12th av nw":[47.703898,-122.371019],
"1109 s bailey st":[47.5475873,-122.3188156],
"1501 33rd av":[47.614196,-122.29065],
"1612 ne 73rd st":[47.681431,-122.310285],
"1700 - 1799 minor av":[47.61674,-122.330378],
"1700 belmont av":[47.6163609,-122.3244745],
"1710 s forest st":[47.5780953,-122.3100788],
"1711 ne 104th st":[47.703749,-122.309134],
"1716 ne 125th st":[47.7196199,-122.310187],
"2222 alki av sw":[47.584104,-122.399811],
"2230 w halladay st":[47.642377,-122.386595],
"2552 7th av w":[47.642185,-122.3659601],
"300 belmont av e":[47.6208494,-122.3239826],
"3309 rainier av s":[47.5735129,-122.2950942],
"36th av sw \/ sw holly st":[47.5428848,-122.3778143],
"3934 s pilgrim st":[47.515941,-122.283052],
"39th av sw \/ sw graham st":[47.5466085,-122.3818459],
"4061 4th av ne":[47.657324,-122.324864],
"4251 27th av w":[47.6592221,-122.3911628],
"5040 30th av s":[47.555978,-122.293714],
"5224 s pearl st":[47.556513,-122.267016],
"545 ne 92nd st":[47.6955979,-122.321138],
"5808 mckinley pl n":[47.671127,-122.33569],
"633 12th av e":[47.6252591,-122.3171684],
"7744 12th av sw":[47.5327106,-122.3502837],
"7th av nw \/ nw 100th pl":[47.7025028,-122.3638133],
"800 ne 42nd st":[47.657734,-122.319324],
"8210 ravenna av ne":[47.6888479,-122.3015549],
"8843 18th av sw":[47.5234583,-122.3582057],
"935 14th av":[47.611407,-122.314444],
"9715 lake shore blvd ne":[47.699798,-122.273818],
"9825 51st av sw":[47.5148162,-122.395334],
"alaskan way s \/ s royal brougham way":[47.5924037,-122.3366984],
"lake city way ne \/ 24th av ne":[47.7046685,-122.3016105]
}