{
"1035 ne 61st st":[47.6723254,-122.3158696],
"10455 maplewood pl sw":[47.50889,-122.392193],
"10539 midvale av n":[47.7054003,-122.3433506],
"1117 n 85th st":[47.6905416,-122.3435606],
"1137 26th av":[47.612729,-122.299231],
"14013 19th av ne":[47.730655,-122.309031],
"2115 montvale ct w":[47.6383847,-122.401772],
"2448 nw 63rd st":[47.67479,-122.389702],
"26th av w \/ w bertona st":[47.6503266,-122.3897583],
"2808 33rd av s":[47.5780518,-122.2905485],
"3033 64th pl sw":[47.5770078,-122.415296],
"440 ne 73rd st":[47.681775,-122.323365],
"4518 shilshole av nw":[47.6618845,-122.3766214],
"511 n 62nd st":[47.673659,-122.352322],
"5116 s brighton st":[47.54184,-122.269085],
"51st pl sw \/ sw edmunds st":[47.5594164,-122.398051],
"5237 42nd av sw":[47.554589,-122.385881],
"6002 37th av sw":[47.5482062,-122.3787753],
"6226 38th av ne":[47.6748033,-122.2866096],
"6321 7th av s":[47.5456519,-122.3253742],
"6504 25th av nw":[47.6761681,-122.3883343],
"721 pike st":[47.6116842,-122.3331311],
"7300 highland park way sw":[47.5373439,-122.3468476],
"7553 25th av nw":[47.6847265,-122.3889773],
"7th av s \/ s cloverdale st":[47.5264713,-122.3255898],
"809 olive way":[47.6140621,-122.3332345],
"831 33rd av e":[47.627121,-122.289789],
"california av sw \/ sw massachusetts st":[47.5880399,-122.3862835],
"post av \/ marion st":[47.603747,-122.3361835],
"roosevelt way ne \/ lake city way ne":[47.6822569,-122.3174704],
"sw genesee st \/ 38th av sw":[47.5646775,-122.3800911],
"w bertona st \/ 12th av w":[47.6503604,-122.372308]
}