{
"10325 stone av n":[47.7039787,-122.3420049],
"10436 67th av s":[47.5070495,-122.2497747],
"11245 1st av nw":[47.711962,-122.358552],
"115 bell st":[47.6136236,-122.3457261],
"11702 greenwood av n":[47.714321,-122.355072],
"13059 39th av ne":[47.724593,-122.286778],
"1555 airport way s":[47.5897433,-122.3222251],
"1811 queen anne av n - apts-fstsb":[47.6352034,-122.3573438],
"1901 rainier av s":[47.5863109,-122.3042561],
"2116 3rd av n":[47.637971,-122.351577],
"2423 nw market st":[47.6686646,-122.3880228],
"2553 25th av e":[47.6426,-122.3005618],
"2609 34th av w":[47.643442,-122.401437],
"2700 w smith st":[47.6413228,-122.3919509],
"2753 sw sylvan heights dr":[47.540028,-122.3692231],
"308 nw 86th st":[47.691558,-122.36108],
"318 ne 80th st":[47.687064,-122.32484],
"31st av ne \/ ne 120th st":[47.715573,-122.295259],
"3805 s edmunds st":[47.5585536,-122.2849966],
"410 2nd av et   s":[47.6012178,-122.331164],
"4216 tamarack dr s":[47.564494,-122.29365],
"4220 s myrtle st":[47.5391,-122.280016],
"4500 - 4699 46th av ne":[47.662983,-122.278359],
"4848 s morgan st":[47.544477,-122.270344],
"5025 ravenna av ne":[47.66573,-122.303762],
"5208 21st av ne":[47.6667388,-122.305173],
"524 s king st":[47.5985012,-122.3266335],
"5454 39th av w":[47.669386,-122.408109],
"6017 35th av sw":[47.5477679,-122.3767956],
"6210 chatham dr s":[47.546904,-122.263956],
"700 aurora av n":[47.6254156,-122.3435603],
"708 rainier av s":[47.5963317,-122.3114782],
"8803 12th av sw":[47.524516,-122.350907],
"9437 58th av s":[47.5173697,-122.2608486],
"9725 sand point way ne":[47.700163,-122.27808],
"aurora av n nb off rp \/ n 38th st":[47.6526183,-122.3470786],
"beacon av s \/ s bayview st":[47.5810444,-122.3138408],
"s plum st \/ 22nd av s":[47.5855022,-122.3042487]
}