{
"10244 37th av sw":[47.510672,-122.377881],
"1104 8th av w":[47.628912,-122.367402],
"11755 sand point way ne":[47.71497,-122.282899],
"118 ne northgate way":[47.7086627,-122.3279773],
"1200 harvard av e":[47.63045,-122.3223126],
"1220 n 45th st":[47.66176,-122.3426202],
"1518 3rd av":[47.610463,-122.337958],
"1861 mcgilvra blvd e":[47.6363851,-122.2811554],
"2352 west viewmont way w":[47.639694,-122.408475],
"2620 w commodore way":[47.6623633,-122.3907958],
"2980 sw raymond st":[47.5488342,-122.3707854],
"3010 w elmore st":[47.657913,-122.396825],
"307 22nd av":[47.604617,-122.30411],
"3303 s irving st":[47.590962,-122.290067],
"332 ne 117th st":[47.714298,-122.324649],
"3731 w commodore way":[47.665702,-122.406918],
"4713 ne 47th st":[47.662871,-122.276708],
"5150 48th av ne":[47.6675133,-122.2757464],
"6317 linden av n":[47.675128,-122.3488],
"7547 22nd av nw":[47.6845587,-122.384588],
"7748 30th av ne":[47.686253,-122.295616],
"776 s cloverdale st":[47.5264876,-122.3230707],
"9103 12th av ne":[47.695027,-122.315173],
"e harrison st \/ m l king jr way e":[47.6225133,-122.2961323],
"n 54th st \/ green lake way n":[47.6677642,-122.3400679],
"n 57th st \/ kirkwood pl n":[47.6701606,-122.3324911],
"sw stevens st \/ walnut av sw":[47.5769407,-122.3834077]
}