{
"10055 48th av ne":[47.702782,-122.27682],
"1028 w ruffner st":[47.652615,-122.3712574],
"12521 8th av ne":[47.720128,-122.321242],
"14806 bothell way ne":[47.7372337,-122.2914277],
"1500 8th av w":[47.6325215,-122.3674453],
"1541 valentine pl s":[47.588519,-122.307666],
"15th av ne \/ ne 117th st":[47.7139722,-122.3124975],
"201 3rd av s":[47.6008662,-122.3302879],
"2015 s ingersoll pl":[47.593559,-122.305534],
"2217 bigelow av n":[47.638851,-122.348589],
"2330 western av":[47.6129158,-122.347631],
"2331 46th av sw":[47.582021,-122.390983],
"2345 n 130th st":[47.722833,-122.329645],
"2412 nob hill av n":[47.640406,-122.35038],
"2523 34th av s":[47.5802317,-122.2900745],
"2538 ne 107th st":[47.706888,-122.299878],
"2819 43rd av w":[47.645614,-122.412323],
"325 5 av n":[47.6214775,-122.3482188],
"4100 w parkmont pl":[47.640641,-122.409992],
"4201 roosevelt way ne":[47.6578362,-122.318111],
"4227 burke av n":[47.658781,-122.33535],
"4506 44th av sw":[47.5626526,-122.3881045],
"4th av stair to yesler way \/ yesler way":[47.6018275,-122.3292716],
"5101 s frontenac st":[47.539543,-122.269807],
"5545 airport way s":[47.552204,-122.320277],
"6000 high point dr sw":[47.5482643,-122.3684996],
"626 nw 85th st":[47.6908699,-122.364556],
"6421 30th av sw":[47.5452502,-122.3704311],
"6503 48th av s":[47.544106,-122.272995],
"6521 36th av ne":[47.676457,-122.289333],
"6730 alonzo av nw":[47.678744,-122.37482],
"6821 23rd av ne":[47.678284,-122.303127],
"7774 11th av sw":[47.532492,-122.348952],
"815 w garfield st":[47.633333,-122.368494],
"8th av nw \/ nw 52nd st":[47.6664288,-122.3661441],
"946 n 102nd st":[47.7030786,-122.3453819],
"9527 13th av nw":[47.698694,-122.373133]
}