{
"10254 marine view dr sw":[47.51062,-122.388176],
"10541 41st pl ne":[47.70585,-122.283833],
"11926 exeter av ne":[47.715888,-122.281365],
"1221 nw 126th st":[47.719899,-122.37261],
"14368 30th av ne":[47.7328985,-122.2965012],
"1449 e pine st":[47.6150561,-122.31314],
"17th av nw \/ nw 51st st":[47.6657202,-122.3788915],
"2128 3rd av w":[47.638086,-122.360428],
"300 ne 51st st":[47.6657336,-122.3255819],
"3000 60th av sw":[47.5773433,-122.4093115],
"3035 ne 130th st":[47.7226978,-122.2946534],
"3404 e spring st":[47.6116394,-122.2889805],
"35 mercer st":[47.6245644,-122.3556542],
"3514 ne 130th st":[47.7229877,-122.2901317],
"3627 41st av w":[47.653104,-122.410295],
"3850 41st av s":[47.56824,-122.281488],
"4050 34th av sw":[47.566414,-122.375246],
"4233 burke av n":[47.6589661,-122.3352716],
"4714 ballard av nw":[47.6635488,-122.3794694],
"4776 shilshole av nw":[47.6638794,-122.3811656],
"5202 42nd av s":[47.555086,-122.280367],
"6000 delridge way sw":[47.5487947,-122.3629968],
"604 w mcgraw st":[47.639709,-122.3653992],
"6416 seaview av nw":[47.6754542,-122.4061898],
"8072 earl av nw":[47.688864,-122.391624],
"808 olive way":[47.6141261,-122.3339355],
"8251 lake city way ne":[47.6893254,-122.3098575],
"853 ne 102nd st":[47.702031,-122.31817],
"9511 linden av n":[47.6981827,-122.34767],
"n 34th st \/ woodland park av n":[47.6487176,-122.3440337],
"nw 85th st \/ 12th av nw":[47.6906322,-122.3714499],
"stewart st \/ 8th av":[47.614972,-122.3353426]
}