{
"10404 62nd av s":[47.507862,-122.255561],
"1103 bigelow av n":[47.6292735,-122.3524171],
"116 14th av e":[47.6193515,-122.3138593],
"1277 n 50th st":[47.6649977,-122.3421527],
"14th av e \/ e boston st":[47.6381883,-122.3147059],
"1500-1599 6th av":[47.611711,-122.334984],
"156 11th av":[47.602969,-122.31773],
"2216 ne 46th st":[47.6619679,-122.3036097],
"2311 n 115th st":[47.7120235,-122.330909],
"2600 lake washington blvd s":[47.5801064,-122.284242],
"2831 62nd av sw":[47.5777174,-122.412305],
"300 w mcgraw pl":[47.639834,-122.3611619],
"320 22nd av s":[47.5996473,-122.3029781],
"320 ne 53rd st":[47.667376,-122.324586],
"3225 s holden st":[47.533468,-122.289579],
"3300 43rd av ne":[47.652461,-122.279041],
"3802 sw orchard st":[47.537991,-122.380454],
"3817 s angeline st":[47.5592945,-122.2841176],
"421 summit av e":[47.622641,-122.325676],
"4225 50th av s":[47.5644837,-122.2711107],
"4310 cheasty blvd s":[47.560809,-122.302773],
"4615 45th av s":[47.561229,-122.277379],
"4802 42nd av sw":[47.5591313,-122.3852141],
"4th av \/ cherry st":[47.6039506,-122.3309566],
"506 n 77th st":[47.684976,-122.35195],
"5220 17th av sw":[47.555191,-122.355602],
"5307 meridian av n":[47.6675402,-122.3339245],
"544 n 67th st":[47.678061,-122.350755],
"5469 18th av sw":[47.551724,-122.357745],
"54th av sw \/ sw genesee st":[47.5648989,-122.4015314],
"5702 roosevelt way ne":[47.6701379,-122.3173425],
"6800 32nd av nw":[47.6782217,-122.3981338],
"7023 ravenna av ne":[47.680029,-122.3043],
"7408 32nd av nw":[47.6827126,-122.3980769],
"8430 40th av sw":[47.5275161,-122.382634],
"8520 31st av nw":[47.691225,-122.396684],
"8914 15th av ne":[47.693537,-122.311838],
"puget blvd sw \/ 23rd av sw":[47.5586902,-122.3616236],
"sw lander st \/ 45th av sw":[47.5793296,-122.3893025]
}