{
"10000 5th av ne":[47.701575,-122.322747],
"10217 55th av s":[47.50913,-122.265091],
"10329 meridian av n":[47.7041369,-122.3342469],
"11015 39th av ne":[47.708735,-122.287005],
"11057 3rd av nw":[47.709839,-122.3613],
"1117 ne 82nd st":[47.6883684,-122.3154503],
"113 dexter av n":[47.6190597,-122.3428322],
"1533 ne northgate way":[47.708217,-122.311203],
"1714 ne 113th st":[47.7105444,-122.3092153],
"2027 5th av":[47.6142542,-122.3402189],
"2032 eastlake av e":[47.6376806,-122.3258734],
"2204 4th av":[47.6147733,-122.3429006],
"2400 e spruce st":[47.60371,-122.300577],
"2437 nw 64th st":[47.675288,-122.3893553],
"2653 sw sylvan heights dr":[47.5395724,-122.3667521],
"2722 2nd av n":[47.645368,-122.353108],
"2840 nw 69th st":[47.6789599,-122.394854],
"2917-2926 dexter av n":[47.6456482,-122.349435],
"3536 s brandon st":[47.553662,-122.287798],
"3620 15th av w":[47.6528123,-122.3758496],
"4114 ne 62nd st":[47.6741734,-122.2828658],
"4216 36th av s":[47.5648849,-122.286906],
"4226 6th av s":[47.5652953,-122.3262369],
"4430 47th av sw":[47.563786,-122.391767],
"4529 40th av sw":[47.5620059,-122.383335],
"4532 49th av sw":[47.562003,-122.39442],
"4919 woodlawn av n":[47.6648011,-122.3397931],
"5035 26th av sw":[47.556468,-122.365947],
"5201 16th av ne":[47.666585,-122.311097],
"5213 15th av s":[47.5551971,-122.3137354],
"526 ne 100th st":[47.7013323,-122.3219425],
"5639 16th av sw":[47.550802,-122.355173],
"5815 6th av nw":[47.671375,-122.364349],
"6542 16th av sw":[47.543448,-122.354309],
"6601 36th av s":[47.543314,-122.287558],
"7026 13th av sw":[47.540231,-122.351184],
"7060 10th av nw":[47.681294,-122.369063],
"720 n 46th st":[47.662372,-122.349075],
"728 s monroe st":[47.5314544,-122.3241692],
"734 16th av e":[47.626323,-122.310911],
"9600 26th av sw":[47.5173844,-122.3658807],
"9854 45th av sw":[47.514153,-122.389545],
"ne 123rd st \/ 25th av ne":[47.717509,-122.3017914],
"ne pacific st \/ ne northlake way":[47.6544087,-122.3188673],
"sw admiral way \/ 39th av sw":[47.5811812,-122.3812634],
"utah st \/ montana cir":[47.6607057,-122.4150679]
}