{
"1227 ne 70th st":[47.679215,-122.314453],
"1320 nw 75th st":[47.6838432,-122.373396],
"13570 roosevelt way n":[47.7281103,-122.3326589],
"1423 35th av":[47.613608,-122.288518],
"1921 12th av s":[47.5857051,-122.3175318],
"2001 26th av e":[47.638037,-122.299748],
"2551 28th av w":[47.6424155,-122.3933171],
"2811 e interlaken blvd":[47.6318085,-122.2980114],
"3101 sw 105th st":[47.50883,-122.371813],
"3333 frater av sw":[47.572691,-122.405026],
"3406 18th av s":[47.5728498,-122.307554],
"3610 35th av sw":[47.5716589,-122.375785],
"3817 55th av sw":[47.5698126,-122.4031548],
"3819 37th av sw":[47.5692133,-122.379135],
"4455 52nd av sw":[47.563236,-122.399281],
"4722 2nd av ne":[47.663861,-122.326886],
"5217 5th av ne":[47.6670054,-122.3231452],
"5224 54th av s":[47.554022,-122.265498],
"5250 42nd av s":[47.5538208,-122.2807423],
"5571 s 119th st":[47.496267,-122.261236],
"7303 22nd av nw":[47.681468,-122.384635],
"766 belmont av e":[47.626716,-122.325136],
"8516 interlake av n":[47.691077,-122.339917],
"8th av w \/ w olympic pl":[47.6282381,-122.3675334],
"902 3rd av":[47.60493,-122.3333886],
"9510 8th av ne":[47.698065,-122.320073],
"m l king jr way s \/ s holly st":[47.5424728,-122.2836507],
"mount st helens pl s \/ mount rainier dr s":[47.5762481,-122.2857543],
"nw 62nd st \/ 37th av nw":[47.6737763,-122.4045724]
}