{
"0 sb sr99 at spokane":[47.573037,-122.339393],
"10725 dayton av n":[47.707651,-122.353195],
"1154 bradner pl s":[47.5926249,-122.2962677],
"12248 11th av nw":[47.71919,-122.369994],
"12807 23rd av ne":[47.722346,-122.3049204],
"1432 nw 56th st":[47.669464,-122.3749283],
"1515 s shelton st":[47.557573,-122.312637],
"16326 interlake av n":[47.747696,-122.340925],
"207 17th av":[47.603764,-122.310515],
"2201 e howe st":[47.637653,-122.304479],
"22nd av \/ e jefferson st":[47.6061708,-122.3038027],
"3021 17th av s":[47.576172,-122.31114],
"3146 ne 83rd st":[47.689006,-122.293028],
"3609 ne 85th st":[47.689967,-122.288814],
"3834 34th av w":[47.6549348,-122.4008784],
"4600 1st av ne":[47.6626225,-122.3282157],
"5103 sw hudson st":[47.5572609,-122.398036],
"5121 s raymond st":[47.5486463,-122.2687484],
"5555 21st av s":[47.5517781,-122.3065733],
"6021 3rd av nw":[47.673062,-122.361122],
"700 s chicago st":[47.533037,-122.325004],
"715 15th av e":[47.625714,-122.312917],
"7716 22nd av nw":[47.6855202,-122.3840141],
"7943 29th av sw":[47.530581,-122.370267],
"826 s cloverdale st":[47.5264799,-122.3216315],
"8341 wolcott av s":[47.528536,-122.267619],
"8464 seaview av nw":[47.6862702,-122.40272],
"8806 3rd av s":[47.5244,-122.330417],
"9601 12th av ne":[47.698715,-122.315169],
"fairview av n \/ thomas st":[47.6208456,-122.3343242],
"i5 exp to\/fr lakecity":[47.6817191,-122.3197353],
"s orcas st \/ 26th av s":[47.5509292,-122.2982284],
"whitman av n \/ n 45th st":[47.6613909,-122.3456001]
}