{
"1020 ne 63rd st":[47.6744059,-122.3165118],
"10352 48th av ne":[47.704426,-122.276105],
"12525 8th av nw":[47.7205331,-122.3668207],
"1520 nob hill av n":[47.6329672,-122.3505806],
"1526 14th av s":[47.589172,-122.314522],
"1611 42nd av e":[47.6337557,-122.278814],
"1807 26th av s":[47.586668,-122.299385],
"1814 ne 96th st":[47.699141,-122.307874],
"2519 1st av":[47.6148834,-122.3496464],
"3200 nw 56th st":[47.6695571,-122.3983589],
"3503 sw monroe st":[47.5309924,-122.3769872],
"3847 20th av sw":[47.5688,-122.359391],
"39th av sw \/ sw 107th st":[47.5073015,-122.3815028],
"44 s nevada st":[47.5657758,-122.3436782],
"4432 35th av sw":[47.5626282,-122.373717],
"4501 2nd av nw":[47.6616757,-122.3592747],
"4721 17th av ne":[47.6637494,-122.3099937],
"4737 delridge way sw":[47.559962,-122.363302],
"4831 20th av s":[47.559771,-122.307303],
"5023 26th av sw":[47.556797,-122.365943],
"509 7th av s":[47.5980509,-122.3241734],
"6112 14th av nw":[47.673529,-122.3731507],
"616 s weller st":[47.5975291,-122.3257634],
"817 e shelby st":[47.6467395,-122.3212228],
"900 e blaine st":[47.6350442,-122.320084],
"900-999 marion st":[47.6077102,-122.3267073],
"9676 47th av sw":[47.515426,-122.3924],
"summit av e \/ bellevue pl e":[47.6272578,-122.3255417],
"west greenlake dr n \/ n 76th st":[47.6834988,-122.3400107]
}