{
"10570 greenwood av n":[47.7066648,-122.3551366],
"1122 madison st":[47.6101432,-122.3238436],
"12801 25th av ne":[47.7222733,-122.3021296],
"1500 n 105th st":[47.7051935,-122.3360156],
"1520 m l king jr way":[47.6148272,-122.2959492],
"25th av ne \/ ne 123rd st":[47.717509,-122.3017914],
"2612 yale av e":[47.6436606,-122.3268355],
"34th av sw \/ sw 102nd st":[47.5118548,-122.3750336],
"35th av sw \/ sw willow st":[47.5410343,-122.3765484],
"3616 palatine av n":[47.6533406,-122.3562883],
"3830 ne 96th st":[47.698609,-122.286548],
"4917 s pilgrim st":[47.5154715,-122.2712232],
"5032 37th av ne":[47.6659167,-122.2876432],
"5108 sw andover st":[47.5687197,-122.3980015],
"514 w comstock st":[47.6307288,-122.3638751],
"6225 woodlawn av n":[47.673844,-122.334493],
"6500 phinney av n":[47.6761441,-122.354086],
"6603 rainier av s":[47.543,-122.2732044],
"6743 jones av nw":[47.678944,-122.38677],
"6818 28th av ne":[47.6782968,-122.2970857],
"6th av n \/ halladay st":[47.6422416,-122.3460792],
"718 n 94th st":[47.6970728,-122.3489692],
"7300 38th av ne":[47.681408,-122.2873653],
"7739 20th av nw":[47.6861577,-122.3824136],
"9 av \/ seneca st":[47.6098362,-122.3286656],
"e harrison st \/ 16th av e":[47.6220797,-122.3113503],
"eastlake av e \/ e hamlin st":[47.645623,-122.325879]
}