{
"0 - 0 nb i5 cd to dearborn":[47.594538,-122.319854],
"1022 ne 96th st":[47.698769,-122.3165845],
"10404 marine view dr sw":[47.509893,-122.387512],
"1053 s rose st":[47.528752,-122.317908],
"11322 meridian av n":[47.7109955,-122.3330534],
"12553 aurora av n":[47.7210762,-122.3455645],
"14353 linden av n":[47.7328114,-122.3477917],
"1717 n 122nd st":[47.716732,-122.336364],
"208 26th av e":[47.6205448,-122.2985345],
"2242 39th av e":[47.639315,-122.282595],
"2316 47th av sw":[47.582433,-122.391514],
"2402 2nd av":[47.6151898,-122.3469567],
"2419 8th av n":[47.640111,-122.343236],
"2555 ne 85th st":[47.6901783,-122.299268],
"2610 10th av w":[47.64356,-122.36982],
"3055 ne 88th st":[47.6921785,-122.2936449],
"3200 59th av sw":[47.5756518,-122.407886],
"351 17th av e":[47.621942,-122.310349],
"3600 beacon av s":[47.5718944,-122.3081968],
"3720 w fulton st":[47.64641,-122.406113],
"3724 40th av sw":[47.570464,-122.382205],
"4012 s holly st":[47.542661,-122.282047],
"5236 20th av ne":[47.667574,-122.306203],
"6115 37th av nw":[47.6733175,-122.4048217],
"6516 45th av s":[47.5440732,-122.2764275],
"7048 26th av nw":[47.680883,-122.389434],
"708 s rose st":[47.529255,-122.325017],
"8336 25th av nw":[47.6901035,-122.3884093],
"8734 mary av nw":[47.6936039,-122.3754249],
"9232 15th av sw":[47.520022,-122.353649],
"9243 21st av sw":[47.5197835,-122.3608288],
"949 20th av":[47.611737,-122.306666],
"9915 beacon av s":[47.511978,-122.273078],
"denny way \/ wall st":[47.618558,-122.3438444]
}