{
"10419 34th av sw":[47.509381,-122.375009],
"10439 holman rd n":[47.7049676,-122.3562564],
"108 n 60th st":[47.6725239,-122.3569964],
"1118 16th av e":[47.629289,-122.31087],
"11232 greenwood av n":[47.711537,-122.355077],
"1135 nw leary way":[47.6631946,-122.3727031],
"11550 1st av ne":[47.713776,-122.328475],
"12001 8th av nw":[47.716189,-122.366698],
"12339 23rd av ne":[47.7187071,-122.3045599],
"1275 mercer st":[47.6238658,-122.3308079],
"129 25th av":[47.60253,-122.300292],
"13507 aurora av n":[47.7275043,-122.3450407],
"14020 12th av ne":[47.7305345,-122.3152757],
"17917 fremont av n":[47.758763,-122.352047],
"2111 45th av sw":[47.5849714,-122.3894533],
"222 2nd av et s":[47.5997761,-122.329889],
"22nd av w \/ w commodore way":[47.6598406,-122.3847207],
"2615 42nd av w":[47.6435305,-122.411159],
"2657 37th av sw":[47.5800259,-122.378469],
"2721 ne 100th st":[47.7009341,-122.2978735],
"2806 19th av s":[47.578424,-122.307635],
"30th av ne \/ ne 115th st":[47.7120255,-122.296188],
"327 29th av":[47.605058,-122.295228],
"428 malden av e":[47.622805,-122.313335],
"5052 26th av sw":[47.55586,-122.365191],
"526 31st av s":[47.5971509,-122.292298],
"6011 36th av s":[47.547868,-122.287919],
"6821 50th av ne":[47.678229,-122.274646],
"7216 32nd av nw":[47.6814275,-122.3981118],
"8106 21st av ne":[47.687344,-122.305132],
"9037 2nd av nw":[47.695341,-122.359752],
"9520 roosevelt way ne":[47.6982533,-122.3173769],
"maynard av s\/s king st":[47.598356,-122.3243785]
}