{
"12037 12th av ne":[47.716966,-122.316376],
"1232 ne 117th st":[47.7141523,-122.3134678],
"1528 17th av s":[47.5891473,-122.310524],
"15th av \/ e columbia st":[47.6092137,-122.3128426],
"1815 30th av":[47.618083,-122.293901],
"1933 s waite st":[47.5801224,-122.3072834],
"2018 s columbian way":[47.560373,-122.3063091],
"20th av s \/ s judkins st":[47.592266,-122.3061628],
"2107 23rd av s":[47.5840819,-122.3033472],
"218 n 117th st":[47.714312,-122.3558677],
"2300 sw barton pl":[47.5214998,-122.3632011],
"24th av sw \/ sw barton pl":[47.5212632,-122.3635327],
"25th av ne \/ ne university village st":[47.6632901,-122.3009312],
"2600 elliott av":[47.614387,-122.351622],
"28th av w \/ w mcgraw st":[47.6395573,-122.3930124],
"3103 sw myrtle st":[47.539001,-122.372799],
"3211 e cherry st":[47.6077907,-122.2909036],
"3615 41st av w":[47.652783,-122.410285],
"3627 6th av w":[47.6526259,-122.3639735],
"4000 1st av s":[47.5678575,-122.3336761],
"4011 sw maryland pl":[47.5928685,-122.3837691],
"404 e olive st":[47.6163549,-122.3267283],
"4101 sw portland st":[47.5327278,-122.3848745],
"4510 cascadia av s":[47.562477,-122.282409],
"4515 15th av s":[47.5630329,-122.3138384],
"507 olive way":[47.6129124,-122.3368097],
"701 n 39th st":[47.6540167,-122.3496739],
"8500 stone av n":[47.6905636,-122.3412821],
"9050 15th av nw":[47.6959088,-122.3765408],
"9225 17th av sw":[47.5201761,-122.3566761],
"e boston st \/ everett av e":[47.6382654,-122.3152397],
"west green lake dr n \/ aurora av n":[47.6813774,-122.344322]
}