{
"100 w roy st":[47.6259341,-122.3582123],
"10555 valmay av nw":[47.706677,-122.3784134],
"11000 1st av ne":[47.7086592,-122.3286349],
"1139 17th av":[47.6127033,-122.3102938],
"117 s washington st":[47.600506,-122.3332236],
"1216 5th av w":[47.6300181,-122.3628336],
"1500 harvard av":[47.615872,-122.32149],
"222 26th av e":[47.620863,-122.29803],
"2400 ne 55th st":[47.6683699,-122.3020642],
"300 nw 62nd st":[47.674379,-122.360987],
"318 ne 89th st":[47.693397,-122.324728],
"3404 19th av s":[47.573033,-122.306489],
"3500 airport way s":[47.5723988,-122.3227471],
"3610 sw cambridge st":[47.5194684,-122.3786607],
"4013 corliss av n":[47.656022,-122.331798],
"4816 27th av s":[47.5591694,-122.2976516],
"5119 s brandon st":[47.553145,-122.269015],
"5258 11th av ne":[47.6681647,-122.3160796],
"5629 18th av sw":[47.551006,-122.357704],
"6315 rainier av s":[47.545476,-122.27604],
"6584 airport way s":[47.5450608,-122.3113395],
"6820 37th av ne":[47.67827,-122.287872],
"7044 16th av sw":[47.540052,-122.354095],
"707 n 60th st":[47.672224,-122.349603],
"819 yakima av s":[47.5951187,-122.2946359],
"8400 8th av nw":[47.6900711,-122.3657318],
"8815 18th av sw":[47.524176,-122.358185],
"boston st \/ bigelow av n":[47.6382542,-122.3482921],
"thorndyke av w \/ 20th av w":[47.6463253,-122.3820858]
}