{
"1112 nw 53rd st":[47.6674471,-122.3714195],
"114 1st av n":[47.6189911,-122.3554226],
"1221 e madison st":[47.6130773,-122.3157683],
"1341 s ferdinand st":[47.558475,-122.314258],
"1401 e union st":[47.612722,-122.313744],
"1411 sw donovan st":[47.5254238,-122.3537272],
"14308 3rd av nw":[47.7326722,-122.3605961],
"1718 airport way s":[47.5875453,-122.3210473],
"1st av ne \/ n 120th st":[47.7158903,-122.3288386],
"2048 23rd av e":[47.638514,-122.302715],
"2254 ne 65th st":[47.6758983,-122.3034623],
"2404 alki av sw":[47.5821298,-122.4029347],
"2716 e yesler way":[47.6019139,-122.2970177],
"307 n 73rd st":[47.681581,-122.3549012],
"3145 sw holly st":[47.5428318,-122.3730124],
"3421 30th av sw":[47.572203,-122.371639],
"3603 gilman av w":[47.6523521,-122.3836679],
"3611 s mount baker blvd":[47.5777707,-122.2886821],
"4027 21st av w":[47.6568356,-122.3837621],
"4505 linden av n":[47.661556,-122.348914],
"4725 latona av ne":[47.663963,-122.325399],
"500 s sullivan st":[47.527621,-122.32709],
"514 nw 60th st":[47.6725111,-122.3637448],
"522 n 70th st":[47.6798148,-122.351564],
"5556 33rd av ne":[47.6701849,-122.292294],
"561 n 92nd st":[47.696007,-122.3517802],
"564 lynn st":[47.639319,-122.345194],
"6th av \/ yesler way":[47.6017197,-122.3263696],
"7044 54th av ne":[47.6807299,-122.269277],
"7901 8th av sw":[47.531771,-122.345882],
"8000 26th av nw":[47.686926,-122.389467],
"8214 22nd av ne":[47.688963,-122.304213],
"8300 11th av nw":[47.6887617,-122.3703824],
"947 10th av e":[47.628172,-122.320553],
"9709 34th av sw":[47.516315,-122.375947],
"n 157th st \/ ashworth av n":[47.7432448,-122.3399533],
"n 55th st \/ east green lake way n":[47.668785,-122.3400257],
"ne 45th st \/ 40th av ne":[47.6612814,-122.2847779]
}