{
"100 ne 100th st":[47.7013933,-122.3285014],
"11739 20th av ne":[47.7150868,-122.3071847],
"1217 federal av e":[47.63105,-122.31948],
"12210 densmore av n":[47.718998,-122.335468],
"1551 lakeview blvd e":[47.6334414,-122.3226578],
"17th av sw \/ delridge way sw":[47.5188292,-122.3564826],
"1800 queen anne av n":[47.6348986,-122.3567061],
"1921 5th av":[47.613218,-122.338927],
"230 fairview av n":[47.620542,-122.333882],
"2321 s holgate st":[47.5861994,-122.3019207],
"2545 ne 85th st":[47.69001,-122.299812],
"3001 s holly st":[47.5424322,-122.2927151],
"3119 w bertona st":[47.650238,-122.397856],
"3235 64th av sw":[47.574884,-122.415059],
"3238 nw 64th st":[47.6751099,-122.400094],
"3458 w blaine st":[47.635001,-122.401666],
"3922 7th av s":[47.5684167,-122.3236532],
"4054 48th av sw":[47.566845,-122.393075],
"4518 s thistle st":[47.528067,-122.275189],
"4718 36th av sw":[47.560457,-122.377077],
"4958 13th av s":[47.5575862,-122.315763],
"511 ne 100th st":[47.701064,-122.322498],
"5639 sw orleans st":[47.570839,-122.405563],
"5739 kirkwood pl n":[47.671216,-122.333525],
"9351 53rd av s":[47.517536,-122.266611],
"e roy st \/ broadway e":[47.6250627,-122.3208665],
"ne 42nd st \/ latona av ne":[47.6576977,-122.3251614],
"nesbit av n \/ n 88th st":[47.6923752,-122.3434589],
"pike st \/ boren av":[47.6134658,-122.328912],
"roosevelt way ne \/ ne 104th st":[47.7040185,-122.3177706],
"sb i5 to corson av":[47.559045,-122.321742]
}