{
"109 tower pl":[47.630659,-122.3552851],
"11501 aurora av n":[47.7123728,-122.3448195],
"1303 n 78th st":[47.68527,-122.341575],
"13415 27th av ne":[47.725893,-122.299551],
"1700 - 2399 lake washington blvd e":[47.6308616,-122.2972026],
"207 18th av":[47.6037331,-122.3089809],
"2322 n 52nd st":[47.666218,-122.330151],
"2642 nw 63rd st":[47.6747095,-122.3919373],
"2846 nw 73rd st":[47.6818611,-122.3950882],
"3011 14th av w":[47.64703,-122.375261],
"3221 sw avalon way":[47.56388,-122.372778],
"3507 sw alaska st":[47.5607621,-122.3766076],
"3875 jefferson rd ne":[47.653706,-122.3040469],
"4000 24th av w":[47.6561119,-122.3872558],
"4106 beach dr sw":[47.5673218,-122.409187],
"4319 s alaska st":[47.56029,-122.278538],
"5552 s juniper":[47.495889,-122.261925],
"621 nw 41st st":[47.6566624,-122.3644622],
"6505 16th av ne":[47.6759968,-122.3110472],
"8044 43rd av ne":[47.6879189,-122.2819994],
"824 11th av":[47.6079203,-122.3180638],
"906 n 76th st":[47.6842412,-122.3467929],
"911 23rd av s":[47.59418,-122.302544],
"917 23rd av s":[47.594004,-122.302545],
"938 sw holden st":[47.534273,-122.349028],
"9614 53rd av s":[47.5163439,-122.266195],
"9731 palatine av n":[47.70062,-122.357127],
"east green lake dr n \/ 4th av ne":[47.6811234,-122.3266856],
"fauntleroy way sw \/ sw frontenac st":[47.5405605,-122.3903022],
"mary gates memorial dr ne \/ ne 45th st":[47.6612147,-122.292807]
}