{
"1221 22nd av e":[47.6312277,-122.3038693],
"1232 nw 122nd st":[47.71846,-122.375773],
"12412 4th av sw":[47.492049,-122.338829],
"1714 n 137th st":[47.728903,-122.337603],
"1738 dexter av n":[47.6350929,-122.3418205],
"2721 49th av sw":[47.5785442,-122.3944636],
"3312 s lane st":[47.5968275,-122.2897225],
"357 lee st":[47.6311729,-122.349755],
"4054 24th pl s":[47.5667084,-122.3011617],
"424 n 67th st":[47.67804,-122.353275],
"4814 phinney av n":[47.6641009,-122.3537616],
"4859 s graham st":[47.5458927,-122.2701014],
"5031 45th av s":[47.556082,-122.276822],
"5257 mithun pl ne":[47.667418,-122.2825338],
"5349 s avon st":[47.5012192,-122.2654311],
"5635 delridge way sw":[47.550849,-122.363417],
"6515 sycamore av nw":[47.6764409,-122.358758],
"6900 37 av s":[47.5402567,-122.2855299],
"7207 56th av ne":[47.680799,-122.268253],
"723 n 50th st":[47.664791,-122.348979],
"733 w dravus st":[47.648094,-122.367715],
"7539 43rd av ne":[47.684189,-122.282397],
"7745 15th av ne":[47.6862275,-122.3124278],
"806 ne 71st st":[47.680396,-122.319437],
"8279 lake city way ne":[47.6897856,-122.3092788],
"9332 21st av nw":[47.6974587,-122.3826331],
"9701 rainier av s":[47.516365,-122.254845],
"9734 4th av nw":[47.700791,-122.361667],
"alaskan way \/ bell st":[47.6115176,-122.3488681],
"lake washington blvd s \/ s ferdinand st":[47.5582791,-122.263298],
"queen anne av n \/ w queen anne drwy":[47.6257287,-122.3567947],
"terrace st \/ boren av":[47.6050507,-122.3212329]
}