{
"102 23rd av s":[47.6011268,-122.302205],
"10605 seola beach dr sw":[47.507992,-122.371203],
"10622 9th av nw":[47.7066817,-122.3678374],
"10727 interlake av n":[47.707724,-122.341073],
"1117 boylston av e":[47.6295768,-122.3240945],
"11317 corliss av n":[47.7109979,-122.331726],
"13511 linden av n":[47.7269122,-122.3477201],
"160 s main st":[47.6000556,-122.3326202],
"1821 n 80th st":[47.686732,-122.335771],
"1853 41st av e":[47.6362729,-122.2799621],
"2009 nob hill av n":[47.636897,-122.351104],
"2415 30th av w":[47.6401435,-122.3959204],
"2632 23rd av w":[47.6439063,-122.3855758],
"2730 30th av s":[47.5787282,-122.2938258],
"301 s sullivan st":[47.5274041,-122.3304201],
"308 lee st":[47.6315792,-122.3508643],
"30th av ne \/ ne 95th st":[47.6975016,-122.296007],
"3212 w mcgraw st":[47.6395637,-122.3989705],
"3315 nw 68th st":[47.6780511,-122.4003408],
"3417 22nd av w":[47.6508963,-122.3850015],
"3646 46th av sw":[47.570669,-122.3903886],
"3805 ne 85th st":[47.6900195,-122.2871516],
"4011 42nd av sw":[47.5679469,-122.385846],
"4105 linden av n":[47.6568225,-122.3485571],
"4318 5th av nw":[47.659535,-122.362614],
"525 w crockett st":[47.6375963,-122.3647366],
"5317 15th av ne":[47.6683035,-122.3119134],
"5412 25th av s":[47.553259,-122.300902],
"5429 ne windermere rd":[47.6688282,-122.2698461],
"6512 division av nw":[47.6763973,-122.3663142],
"7314 17th av sw":[47.536593,-122.355825],
"7520 40th av s":[47.5342568,-122.2819255],
"7909 9th av sw":[47.5316186,-122.3470874],
"800 seneca st":[47.6097217,-122.3295175],
"8040 12th av nw":[47.688096,-122.371131],
"9252 palatine av n":[47.697551,-122.356336],
"corliss av n \/ n 85 st":[47.6903947,-122.3310592],
"fremont av n \/ n 80th st":[47.6869433,-122.3499213],
"ne 50th st \/ 22nd av ne":[47.6649,-122.304431],
"w dravus st \/ whalley pl w":[47.6486846,-122.3908403]
}