{
"1015 ne 98th st":[47.7001451,-122.3169669],
"10311 32nd av ne":[47.7035276,-122.2944137],
"106 3rd av s":[47.6014368,-122.3302609],
"1125 n 93rd st":[47.6961544,-122.3433319],
"1142 15th av e":[47.6299734,-122.3121798],
"12039 greenwood av n":[47.717158,-122.356037],
"130 21st av e":[47.6194119,-122.304408],
"14007 35th av ne":[47.730378,-122.291378],
"145 ne 155th st":[47.7409245,-122.3278028],
"1549 nw 49th st":[47.6642342,-122.3784338],
"1633 e calhoun st":[47.640787,-122.309219],
"1711 sturgus av s":[47.5879927,-122.311805],
"1937 12th av w":[47.6370679,-122.3731027],
"2401-2498 sw findlay st":[47.5519053,-122.3629915],
"2616 4th av n":[47.6439056,-122.3495357],
"3009 sw webster st":[47.535355,-122.371725],
"3517 stone way n":[47.6500715,-122.3430276],
"3817 49th av ne":[47.6559826,-122.274848],
"4007 sw charlestown st":[47.569974,-122.383319],
"4109 east stevens way ne":[47.6569677,-122.3054643],
"422 broadway e":[47.622762,-122.3205746],
"5230 40th av sw":[47.554668,-122.38254],
"5349 s hazel st":[47.504649,-122.265389],
"5922 42nd av sw":[47.549576,-122.385277],
"6545 earl av nw":[47.677225,-122.392187],
"7018 32nd av ne":[47.68003,-122.293318],
"716 21st av":[47.608574,-122.3050022],
"7705 34th av nw":[47.685426,-122.400952],
"7911 greenwood av n":[47.68658,-122.355649],
"8627 fauntlee crest sw":[47.526511,-122.386969],
"e terrace st \/ lake washington blvd":[47.6046094,-122.2835447],
"fauntleroy way sw \/ sw graham st":[47.5466354,-122.3831742],
"nw 73rd st \/ 21st av nw":[47.6813282,-122.3832196],
"pike hill climb \/ alaskan way":[47.6077505,-122.3424961]
}