{
"10505 whitman av n":[47.70531,-122.346426],
"110 howe st":[47.6359056,-122.3550784],
"111 nw 125th st":[47.7194583,-122.3586212],
"112 nw 44th st":[47.6602856,-122.3576962],
"116 ne 58th st":[47.6710886,-122.3274221],
"12547 12th av ne":[47.720672,-122.3164],
"1912 minor av":[47.6179114,-122.3323362],
"1939 e crescent dr":[47.632957,-122.305877],
"2414 s bradford st":[47.56933,-122.300869],
"2523 ne 110th st":[47.7079049,-122.300565],
"2817 33rd av s":[47.577768,-122.291196],
"3724 renton av s":[47.570296,-122.295471],
"3924 sw monroe st":[47.5315642,-122.3830494],
"3940 sw austin st":[47.5351951,-122.3837131],
"3961 s thistle st":[47.5276319,-122.281535],
"4211 woodlawn av n":[47.65837,-122.338972],
"4437 55th av ne":[47.6611136,-122.2691501],
"4717 22nd av ne":[47.663592,-122.304251],
"4803 47th av s":[47.559212,-122.274845],
"4832 46th av sw":[47.55833,-122.390507],
"5016 38th av sw":[47.5568837,-122.3799524],
"508 broad st":[47.6206888,-122.3475651],
"5218 sw stevens st":[47.577792,-122.39882],
"5617 sw orleans st":[47.5707661,-122.4047248],
"607 pine st":[47.6120729,-122.3348032],
"811 nw 47th st":[47.6627073,-122.3668932],
"8th av nw \/ nw 67th st":[47.6777733,-122.3661089],
"9117 stone av n":[47.6953666,-122.3420793],
"e roy st \/ boylston av e":[47.6251238,-122.3235598],
"sw holly st \/ murray av sw":[47.5431481,-122.3932979],
"sw spokane st \/ w marginal turn rd":[47.5716273,-122.3593525]
}