{
"1131 n 76th st":[47.683826,-122.342943],
"11810 stendall pl n":[47.7146525,-122.339785],
"12031 32nd av ne":[47.716503,-122.294363],
"12735 39th av ne":[47.7220058,-122.2866449],
"1314 29th av s":[47.5916992,-122.2951696],
"1528 ne 140th st":[47.730292,-122.3129954],
"1530 s shelton st":[47.558157,-122.312028],
"1549 13th av s":[47.5886043,-122.3162798],
"18 w raye st":[47.643438,-122.357845],
"1917 s jackson st":[47.5992386,-122.3068486],
"2112 31st av s":[47.584013,-122.292656],
"2215 4th av s":[47.5834692,-122.3295691],
"2600 11th av e":[47.6433936,-122.3181284],
"2629 e valley st":[47.6257361,-122.2974511],
"2647 nw 56th st":[47.6694561,-122.3921826],
"317 olive way":[47.6121695,-122.3385334],
"32nd av s \/ s raymond st":[47.5479744,-122.2915446],
"3409 ne 60th st":[47.671943,-122.290929],
"3654 courtland pl s":[47.5699726,-122.2871865],
"41st av sw \/ sw bradford st":[47.569273,-122.384134],
"4200 s alaska st":[47.5605586,-122.280712],
"5223 40th av sw":[47.5549546,-122.3832247],
"535 31st av s":[47.596912,-122.292974],
"5459 leary av nw":[47.668062,-122.384224],
"5703 33rd av ne":[47.6706314,-122.293268],
"5807 17th av s":[47.5509687,-122.3114871],
"6520 park point ln ne":[47.676135,-122.2660667],
"greenwood av n \/ n 81st st":[47.6876706,-122.3552838],
"minor av e \/ e boston st":[47.6382555,-122.3283518]
}