{
"1016 ne 100th st":[47.7014794,-122.3167101],
"10601 31st av sw":[47.508019,-122.37252],
"113 ne 40th st":[47.6553967,-122.3272604],
"11728 1st av nw":[47.714994,-122.35783],
"1234 nw 118th st":[47.7146664,-122.3733585],
"12509 28th av ne":[47.7198636,-122.2976968],
"14th av s \/ s washington st":[47.6008377,-122.3141402],
"1620 4th av":[47.6118709,-122.337913],
"1722 n 46th st":[47.6623176,-122.3366876],
"2011 westlake av":[47.615144,-122.3378296],
"205 n 117th st":[47.713898,-122.356603],
"2120 ne mason rd":[47.6515256,-122.30502],
"2157 n 92nd st":[47.695632,-122.332155],
"2205 n 45th st":[47.6611624,-122.3322026],
"2207 nw 70th st":[47.6794028,-122.3847333],
"2608 s washington st":[47.6010243,-122.2984884],
"2641 nw 60th st":[47.6721742,-122.3918821],
"2719 e john st":[47.619976,-122.296405],
"2809 e madison st":[47.6236781,-122.2958374],
"4025 delridge way sw":[47.5679644,-122.3640532],
"4125 14th av s":[47.5664425,-122.3150509],
"42nd av s \/ s court st":[47.5706537,-122.280763],
"4411 california av sw":[47.5643395,-122.3871907],
"4962 12th av s":[47.557415,-122.316855],
"6526 34th av sw":[47.5438359,-122.3748591],
"668 w emerson st":[47.651713,-122.367569],
"7721 16th av nw":[47.6856812,-122.3780941],
"9058 37th av s":[47.521768,-122.28563],
"9106 15th av ne":[47.695138,-122.311805],
"9430 30th av sw":[47.518267,-122.3709079],
"9541 dayton av n":[47.699079,-122.353084],
"nw 51st st \/ n 51st st":[47.6657912,-122.3570932],
"sw trenton st \/ 40th av sw":[47.5245029,-122.3830827]
}