{
"1034 lakeview blvd e":[47.6290874,-122.3259637],
"10530 lake city way ne":[47.7059577,-122.301606],
"10658 durland av ne":[47.707047,-122.277574],
"11334 corliss av n":[47.711412,-122.330893],
"1310 yakima av s":[47.5918672,-122.2944107],
"1400 n northlake way":[47.6479167,-122.3413831],
"1412 e spruce st":[47.603916,-122.313601],
"150 vine st":[47.6156098,-122.3492572],
"1515 e union st":[47.6126815,-122.3119279],
"1604 3rd av":[47.6108046,-122.338739],
"1710 aurora av n":[47.6354819,-122.3433543],
"2255 ne 73rd st":[47.6810781,-122.3035784],
"2316 41st av sw":[47.582933,-122.38349],
"2518 ne 143rd st":[47.73225,-122.301122],
"2565 25th av w":[47.642806,-122.389355],
"2761 1st av s":[47.5780897,-122.3342198],
"2914 sw avalon way":[47.570796,-122.3709862],
"2917 franklin av e":[47.647515,-122.3233623],
"300 5th av n":[47.6211134,-122.3475115],
"3227 13th av w":[47.649362,-122.373961],
"3420 45th av sw":[47.573138,-122.389026],
"3514 ne 113th st":[47.710619,-122.289658],
"3528 ne 125th st":[47.719462,-122.28953],
"3845 42nd av ne":[47.6574614,-122.2831226],
"3944 s thistle st":[47.528272,-122.282061],
"4101 55th av ne":[47.658212,-122.270398],
"4105 california av sw":[47.5661772,-122.3871755],
"417 broadway  e":[47.6221817,-122.3209272],
"4207 s juneau st":[47.549491,-122.280405],
"4214 28th pl w":[47.6580441,-122.3940176],
"4222 46th av s":[47.5645385,-122.2754672],
"4319 ne 65th st":[47.675562,-122.281302],
"4434 s eddy st":[47.5453419,-122.2766608],
"4462 s brandon st":[47.553623,-122.276956],
"4733 ballard av nw":[47.6633949,-122.3800505],
"531 ne 96th pl":[47.698715,-122.321704],
"5633 seaview av nw":[47.669393,-122.4041025],
"5914 s carver st":[47.5184505,-122.2593097],
"600 s main st":[47.6000464,-122.3263482],
"639 nw 86th st":[47.691162,-122.364964],
"6701 37th av nw":[47.677192,-122.404807],
"707 29th av e":[47.6254505,-122.2954286],
"7412 3rd av nw":[47.6829609,-122.3603613],
"7500 california av sw":[47.535675,-122.386911],
"9053 holman rd nw":[47.6956044,-122.3747206],
"927 26th av s":[47.5937259,-122.299385],
"cheasty blvd s \/ s hanford st":[47.5750826,-122.299372],
"lake washington blvd s \/ s dearborn st":[47.5957469,-122.289039],
"ne 125th st \/ 25th av ne":[47.7193204,-122.3018832],
"s chicago st \/ 8th av s":[47.5326723,-122.322793]
}