{
"11522 3rd av ne":[47.712918,-122.325691],
"12706 39th av ne":[47.721383,-122.285459],
"129 n 101st st":[47.701969,-122.356767],
"12th av \/ e terrace st":[47.6051981,-122.3167946],
"1308 s bayview st":[47.5810477,-122.3153953],
"14026 19th av ne":[47.7310136,-122.3083551],
"1727 ne 136th st":[47.7272559,-122.308628],
"2010 s bayview st":[47.581229,-122.306342],
"2222 ne 113th st":[47.710316,-122.3046153],
"2226 3rd av":[47.6146868,-122.3441741],
"2237 nw 57th st":[47.669994,-122.3863513],
"2443 nw 59th st":[47.6714971,-122.3894461],
"32nd av s \/ beacon av s":[47.5358965,-122.2914799],
"3432 21st av w":[47.6513055,-122.3830574],
"3656 courtland pl s":[47.569922,-122.286901],
"4623 36th av sw":[47.5613495,-122.3778242],
"4709 52nd av s":[47.560255,-122.268575],
"5030 17th av ne":[47.665777,-122.309129],
"5154 s willow st":[47.5407051,-122.2675771],
"615 westlake av n":[47.6251879,-122.3384269],
"6237 37th av ne":[47.67508,-122.288364],
"7314 aurora av n":[47.6826032,-122.3440166],
"7554 44th av ne":[47.6846791,-122.2807134],
"7701 13th av sw":[47.534092,-122.352003],
"7929 renton av s":[47.530665,-122.27887],
"8039 ashworth av n":[47.688114,-122.339509],
"8636 39th av sw":[47.525021,-122.381716],
"8851 25th av sw":[47.5242069,-122.3645245],
"9040 36th av s":[47.522004,-122.286815],
"9201 6th av nw":[47.696216,-122.363654],
"939 n 83rd st":[47.6889142,-122.3455255],
"9418 39th av s":[47.517701,-122.283344],
"9752 renton av s":[47.513582,-122.2646069],
"terry av \/ broadway":[47.6028635,-122.3207796]
}