{
"10303 13th av nw":[47.703514,-122.373129],
"1115 nw 51st st":[47.6654984,-122.3714892],
"1500 broadway - shell station":[47.6143352,-122.3205173],
"1760 nw 56th st":[47.6696482,-122.3815724],
"1808 12th av s":[47.586687,-122.316902],
"2000 13th av w":[47.6366578,-122.3738498],
"203 26th av e":[47.6203854,-122.2985755],
"2225 e highland dr":[47.6299537,-122.3027524],
"231 27th av e":[47.6210949,-122.29756],
"2655 37th av w":[47.644519,-122.405631],
"2732 47th av sw":[47.578332,-122.391645],
"3042 ne 87th st":[47.691868,-122.294288],
"3148 ne 82nd st":[47.688321,-122.293008],
"3229 fairview av e":[47.6515585,-122.3231764],
"33rd av nw \/ nw 80th st":[47.6867472,-122.3990903],
"3650 delridge way sw":[47.5696509,-122.3623666],
"3714 sw 110th st":[47.505401,-122.37947],
"4025 sw donovan st":[47.5250562,-122.3841838],
"4045 30th av w":[47.657306,-122.396293],
"4366 15th av s":[47.5640802,-122.313537],
"4722 m l king jr way s":[47.560451,-122.2929174],
"4832 50th av sw":[47.5583885,-122.3959663],
"5511 university way ne":[47.6689894,-122.3132369],
"5919 48th av s":[47.5491874,-122.2729565],
"6025 palatine av n":[47.673134,-122.356752],
"6345 sand point way ne":[47.6748417,-122.2644425],
"6450 carleton av s":[47.544358,-122.320788],
"6556 5th av s":[47.5444948,-122.3283452],
"710 nw 125th st":[47.7198912,-122.3655264],
"7317 31st av sw":[47.536911,-122.372932],
"7700 12th av sw":[47.533852,-122.350184],
"7734 20th av sw":[47.532672,-122.358711],
"8027 18th av ne":[47.687544,-122.309261],
"9033 30th av sw":[47.5218753,-122.3716093],
"sb i5 cd fr spring":[47.60773,-122.331343]
}