{
"10001 57th av s":[47.5105328,-122.2626654],
"10066 waters av s":[47.5108672,-122.2502292],
"1036 ne 98th st":[47.700624,-122.316067],
"10550 41st pl ne":[47.706214,-122.283033],
"10758 riviera pl ne":[47.70949,-122.275681],
"11748 riviera pl ne":[47.71581,-122.277567],
"13500 5th av ne":[47.7269526,-122.3235382],
"14014 evanston av n":[47.730951,-122.351379],
"1518 e olive way":[47.6182514,-122.3260904],
"1606 ne 70th st":[47.679619,-122.310493],
"1615 ne 143rd st":[47.7321036,-122.3111513],
"166 19th av":[47.6032067,-122.3073505],
"17th av sw \/ sw kenyon st":[47.5318784,-122.3563657],
"1920 29th av s":[47.585615,-122.294763],
"2112 1st av":[47.6123661,-122.3442405],
"2132 n northgate way":[47.7088774,-122.3327893],
"2310 e union st":[47.6131353,-122.3016857],
"2534 9th av w":[47.641786,-122.3686199],
"2822 harvard av e":[47.6463488,-122.3217381],
"3207 sw roxbury st":[47.5172382,-122.3739699],
"3405 sw seola ln":[47.496778,-122.37596],
"4029 bagley av n":[47.65642,-122.332916],
"4212 8th av ne":[47.657905,-122.319381],
"4804 california av sw":[47.5591681,-122.3868347],
"4th av s \/ s holgate st":[47.5861655,-122.3290569],
"5036 37th av ne":[47.666007,-122.287626],
"5831 32nd av s":[47.549985,-122.291901],
"6212 carleton av s":[47.546929,-122.31996],
"7112 55th av s":[47.538485,-122.264247],
"7742 sunnyside av n":[47.686286,-122.32906],
"8120 11th av sw":[47.529458,-122.348953],
"8518 midvale av n":[47.691126,-122.341948],
"8636 13th av sw":[47.525376,-122.351476],
"902 27th av":[47.610189,-122.297161],
"918 14th av":[47.611006,-122.31374],
"9456 15th av sw":[47.5176369,-122.3539822],
"nw 97th st \/ 6th av nw":[47.6996741,-122.3633569]
}