{
"11045 marine view dr sw":[47.503323,-122.381243],
"11211 greenwood av n":[47.7108688,-122.356048],
"1137 34th av":[47.6127299,-122.2895183],
"11th av s \/ beacon av s":[47.5849556,-122.3185033],
"1503 nw 75th st":[47.6832157,-122.3768279],
"1507 31st av s":[47.58912,-122.292858],
"1543 31st av s":[47.588132,-122.292789],
"1614 20th av":[47.6157429,-122.3059535],
"1814 nagle pl":[47.6175899,-122.3200561],
"1st av nw \/ n 82nd st":[47.688394,-122.3579542],
"2218 1st av":[47.6132136,-122.3456792],
"2341 california av sw":[47.5819115,-122.386907],
"2346 west viewmont way w":[47.639601,-122.408338],
"26th av sw \/ sw oregon st":[47.562903,-122.3654586],
"2711 ne 92nd st":[47.6954906,-122.298126],
"2901 s holly st":[47.5424455,-122.2942079],
"3781 mason rd ne":[47.6515256,-122.30502],
"3817 ne 105th st":[47.7044939,-122.287291],
"3915 s burns st":[47.516287,-122.283505],
"5018 wilson av s":[47.556405,-122.270131],
"516 15th av e":[47.6238207,-122.3123324],
"5244 35th av ne":[47.6680281,-122.2898674],
"5300 34th av nw":[47.6670201,-122.4001279],
"5412 30th av sw":[47.553335,-122.370539],
"6018 california av sw":[47.5478824,-122.3871534],
"6040 s redwing st":[47.5184197,-122.257569],
"6226 seaview av nw":[47.6748343,-122.4061062],
"6409 46th av s":[47.5448041,-122.275702],
"6575 ne windermere rd":[47.671697,-122.254675],
"6704 31st av sw":[47.5425619,-122.3720014],
"721 23rd av":[47.6086609,-122.3027659],
"728 15th av":[47.608952,-122.312466],
"7640 m l king jr way s":[47.5335077,-122.2806191],
"8045 20th av nw":[47.6881381,-122.3824751],
"8856 densmore av n":[47.693986,-122.3374486],
"9219 woodlawn av n":[47.696361,-122.3387146],
"936 12th av e":[47.627632,-122.316466],
"e spruce st \/ 23rd av":[47.6035087,-122.3024164],
"east marginal way s \/ s forest st":[47.5777945,-122.3400377],
"melrose av e \/ e denny way":[47.6185001,-122.3278548],
"nw 52nd st \/ 11th av nw":[47.6664414,-122.3707719],
"pine st \/ 7th av":[47.6126111,-122.3342451],
"s prentice st \/ 64th av s":[47.5081814,-122.253552],
"w mcgraw st \/ 33rd av w":[47.639549,-122.3996304]
}