{
"1102 16th av":[47.6116639,-122.3114625],
"11152 beacon av s":[47.500517,-122.267048],
"11314 25th av ne":[47.711248,-122.301362],
"124 s brandon st":[47.554377,-122.333008],
"13th av s \/ s shelton st":[47.5579096,-122.3161106],
"1540 30th av s":[47.5883042,-122.293268],
"1939 15th av e":[47.6370689,-122.313938],
"223 taylor av n":[47.6204845,-122.3466644],
"2306 e columbia st":[47.609231,-122.302406],
"2506 24th av w":[47.641674,-122.387336],
"2601 nw market st":[47.6685358,-122.3903815],
"2801 s lilac st":[47.5667815,-122.289317],
"35th av ne \/ ne 91st st":[47.6945473,-122.2905966],
"3627 ne 85th st":[47.689938,-122.288128],
"3764 w commodore way":[47.666374,-122.408394],
"3819 ne 90th st":[47.693586,-122.287096],
"3847 46th av ne":[47.6568759,-122.279065],
"4138 sunnyside av n":[47.6578077,-122.32988],
"4149 sw frontenac st":[47.5404331,-122.3866403],
"417 29th av e":[47.6230465,-122.2950768],
"4215 aurora av n":[47.6581501,-122.3474432],
"4586 34th av w":[47.6634886,-122.4014305],
"5730 59th av ne":[47.670889,-122.264245],
"5835 ann arbor av ne":[47.673003,-122.276178],
"6728 shaffer av s":[47.5418363,-122.2947305],
"703 s kenyon st":[47.5319567,-122.3251338],
"7332 32nd av sw":[47.536365,-122.373521],
"7734 46th av sw":[47.532994,-122.3912746],
"805 4 av n":[47.6264541,-122.3492327],
"8459 55th av s":[47.5269186,-122.2638578],
"87 s washington st":[47.6008703,-122.335006],
"9807 41st av sw":[47.5152865,-122.384989],
"grand av \/ e spring st":[47.6115449,-122.2834007],
"nw 45th st \/ 15th av nw":[47.6615375,-122.3761935],
"s atlantic st \/ lakeside av s":[47.5888031,-122.2860892]
}