{
"10333 sand point way ne":[47.703909,-122.278035],
"11441 70th pl s":[47.5007708,-122.2472229],
"1229 21st av e":[47.6314544,-122.3050948],
"1306 queen anne av n":[47.6306869,-122.3564698],
"131 nw 132nd st":[47.724798,-122.359689],
"140 4th av n":[47.6192409,-122.3482838],
"14327 dayton av n":[47.7331379,-122.353366],
"148 ne 56th st":[47.669571,-122.326092],
"14th av \/ e union st":[47.6129158,-122.3141975],
"1805 e lynn st":[47.639288,-122.308643],
"1816 10th av e":[47.6355519,-122.319769],
"1864 s brandon pl":[47.5542021,-122.3080969],
"18th av nw \/ nw 87th st":[47.6924202,-122.380018],
"1912 n 45th st":[47.6616146,-122.3347713],
"1950 n 122nd st":[47.717145,-122.3349287],
"2102 3rd av w":[47.6374007,-122.3607096],
"2175 boyer av e":[47.639002,-122.310205],
"2352 n 58th st":[47.67106,-122.329262],
"2900 15th av s":[47.5777465,-122.3133452],
"326 nw 41st st":[47.65721,-122.362099],
"3320 31st av sw":[47.5731381,-122.3722252],
"3838 cascadia av s":[47.568618,-122.282511],
"4673 ne 89th st":[47.692801,-122.274871],
"5035 35th av s":[47.55616,-122.289763],
"5043 sand point pl ne":[47.666038,-122.281139],
"5130 s garden st":[47.537838,-122.268969],
"6310 30th av sw":[47.5466456,-122.3705406],
"6412 francis av n":[47.6757928,-122.3531501],
"7000 13th av sw":[47.540934,-122.351191],
"7515 27th av nw":[47.6836054,-122.3911577],
"800 columbia st":[47.606797,-122.326982],
"8013 8th av nw":[47.6873772,-122.3661265],
"8201 18th av ne":[47.6886597,-122.3092685],
"8337 19th av nw":[47.6898852,-122.381404],
"8410 beacon av s":[47.5274349,-122.287419],
"913 15th av":[47.6108043,-122.3130907],
"98 virginia st":[47.6110059,-122.342949],
"e olive st \/ boylston av":[47.6163607,-122.323423],
"nw 56th st \/ 3rd av nw":[47.6694371,-122.3607981],
"rainier av s \/ s dawson st":[47.5554798,-122.2830047],
"stone av n \/ green lake way n":[47.6641359,-122.3421081],
"yale av n \/ harrison st":[47.6219745,-122.3304221]
}