{
"10007 61st av s":[47.511399,-122.257404],
"10526 whitman av n":[47.7059199,-122.3456582],
"10546 greenwood av n":[47.7063865,-122.3553453],
"1483 alaskan way s":[47.6074048,-122.3428874],
"1734 ne 104th st":[47.704205,-122.308237],
"20th av s \/ s charles st":[47.5944963,-122.3062273],
"2101 7th av w":[47.6379695,-122.3667074],
"2312 n 60th st":[47.672482,-122.330171],
"24th av \/ e marion st":[47.6100195,-122.3014397],
"303 26th av":[47.6044485,-122.2992082],
"3104 s bennett st":[47.5547645,-122.2923405],
"330 nw 85th st":[47.6908564,-122.3620545],
"4165 16th av s":[47.5649755,-122.3125263],
"4327 s morgan st":[47.5440091,-122.2785602],
"4506 s brandon st":[47.5535435,-122.2762329],
"4614 s austin st":[47.5352061,-122.2746999],
"4809 beacon av s":[47.5592966,-122.3048888],
"4833 s austin st":[47.534411,-122.271141],
"5055 49th av s":[47.5554171,-122.2715799],
"5110 s augusta st":[47.5004149,-122.269988],
"5221 18th av ne":[47.667032,-122.3086206],
"5604 20th av nw":[47.6697984,-122.3821245],
"6118 s keppler st":[47.5166289,-122.2570142],
"6221 25th av ne":[47.6744407,-122.3009165],
"637 nw market st":[47.6684894,-122.3648204],
"6500 east green lake way n":[47.6760001,-122.3326558],
"6568 sylvan way sw":[47.5431561,-122.3704375],
"711 20th av e":[47.625582,-122.306424],
"711 n 97th st":[47.6994165,-122.349303],
"8024 36th av s":[47.530242,-122.286274],
"8419 46th av s":[47.5273611,-122.2749427],
"843 rainier av s":[47.5945027,-122.3109703],
"8715 23rd av nw":[47.6923463,-122.3853053],
"9262 57th av s":[47.5198296,-122.2613349],
"9286 waters av s":[47.519209,-122.2611478],
"9435 56th av s":[47.5172077,-122.2628385],
"broadway\/harrison":[47.621988,-122.3209061],
"nw 87th st \/ 18th av nw":[47.6924202,-122.380018]
}