{
"0 - 0 wb wsea frwy at highrise":[47.571406,-122.343497],
"102 23rd av e":[47.6191645,-122.3025053],
"10235 32nd av sw":[47.51083,-122.372995],
"1050 ne 50th st":[47.665366,-122.316623],
"1100 spring st":[47.6100818,-122.3257446],
"11018 8th av ne":[47.7093362,-122.3192524],
"1102 4th av":[47.6070108,-122.3337304],
"1106 8th av":[47.6091129,-122.3288441],
"1111 25th av e":[47.629694,-122.300713],
"11406 69th pl s":[47.5017351,-122.2474623],
"11709 26th av ne":[47.714405,-122.300736],
"133 broadway  e":[47.6197406,-122.3212689],
"1414 ne 86th st":[47.691516,-122.313024],
"1932 nw 98th st":[47.70068,-122.382199],
"2110 s state st":[47.588,-122.304561],
"2611 s dearborn st":[47.595023,-122.298289],
"3301 w elmore st":[47.657456,-122.399775],
"344 n 71st st":[47.680531,-122.353496],
"3764 w lawton st":[47.665239,-122.408515],
"4011 s holden st":[47.5333571,-122.2816837],
"403 30th av s":[47.599012,-122.29417],
"4121 m l king jr way s":[47.5655747,-122.2968403],
"5064 sw olga st":[47.580718,-122.396557],
"515 n 70th st":[47.67938,-122.351947],
"5407 36th av sw":[47.55355,-122.377997],
"5944 32nd av sw":[47.5490128,-122.3736715],
"6318 31st av sw":[47.5463972,-122.3713987],
"6th av nw \/ nw 90th st":[47.6942459,-122.3633267],
"7419 25th av ne":[47.6826595,-122.3010508],
"8421 seward park av s":[47.527625,-122.266406],
"n 107th st \/ n northgate way":[47.7068767,-122.3361782],
"n 78th st \/ linden av n":[47.6854997,-122.3472031],
"ne 145th st \/ 20th av ne":[47.7338889,-122.3073379]
}