{
"114 alaskan way s":[47.6012174,-122.33523],
"1208 ne northgate way":[47.7085771,-122.3146553],
"12714 26th av ne":[47.721609,-122.300087],
"1932 2nd av":[47.6117865,-122.3413842],
"2311 nw 91st st":[47.694708,-122.385876],
"2424 hobart av sw":[47.5822069,-122.400668],
"2465 36th av w":[47.6413905,-122.4041472],
"2617 westlake av n":[47.644001,-122.3449272],
"2762 4th av s":[47.578,-122.328723],
"2903 w hayes st":[47.6343309,-122.3945276],
"3008 s austin st":[47.5346363,-122.2929912],
"3306 24th av s":[47.573772,-122.301382],
"4157 15th av s":[47.565565,-122.313894],
"41st av sw \/ sw genesee st":[47.5646667,-122.384134],
"4226 baker av nw":[47.6585308,-122.3593101],
"4639 sunnyside av n":[47.6641156,-122.3301423],
"4731 40th av sw":[47.5604455,-122.3828328],
"4811 42nd av s":[47.5590623,-122.280753],
"4916 s angeline st":[47.5595883,-122.2710784],
"5325 24th av s":[47.554087,-122.301907],
"540 26th av":[47.6073596,-122.2985884],
"5725 ne 77th st":[47.684404,-122.26588],
"600 5 av w":[47.6248251,-122.362904],
"620 n 85th st":[47.690998,-122.350328],
"745 broadway e":[47.626344,-122.321634],
"820 nw 87th st":[47.692295,-122.367057],
"8444 rainier av s":[47.5267164,-122.2696281],
"8720 aurora av n":[47.6922359,-122.3445067],
"8821 wallingford av n":[47.693019,-122.336855],
"9029 california av sw":[47.522594,-122.387778],
"alki av sw \/ point pl sw":[47.5767788,-122.4189724]
}