{
"1014 nw 132nd st":[47.726063,-122.36999],
"10228 56th av s":[47.508881,-122.26236],
"10550 2nd av nw":[47.706561,-122.359078],
"10700 55th av s":[47.5048653,-122.2648156],
"10823 37th av sw":[47.50577,-122.379088],
"111 ne northlake way":[47.6531922,-122.3274007],
"11121 59th av s":[47.5006739,-122.259943],
"11717 25th av ne":[47.71421,-122.302226],
"12512 9th av nw":[47.7200909,-122.367319],
"13747 2nd av nw":[47.7300859,-122.3598998],
"13th av s \/ s lander st":[47.5794825,-122.3160383],
"1414 nw leary way":[47.6638535,-122.3745374],
"1501 e lynn st":[47.6391253,-122.3121225],
"1515 eastlake av e":[47.6328457,-122.3259109],
"159 denny way":[47.6183183,-122.3536361],
"1901 sw dawson st":[47.5555777,-122.3585091],
"20 av nw \/ nw market st":[47.6686757,-122.3821299],
"2305 western av":[47.6128594,-122.3478416],
"2508 lake washington blvd e":[47.6417825,-122.2985463],
"3021 23rd av s":[47.57602,-122.303632],
"315 maynard av s":[47.59953,-122.3254244],
"3404 63rd av sw":[47.573875,-122.413037],
"3616 sw 106th st":[47.508419,-122.377891],
"3816 ne 100th st":[47.701332,-122.287142],
"4058 31st av w":[47.657558,-122.3965417],
"408 ne 95th st":[47.697919,-122.324153],
"410 16th av e":[47.6224652,-122.3109967],
"5008 green lake way n":[47.665343,-122.339755],
"505 11th av e":[47.6233033,-122.3180914],
"5247 brooklyn av ne":[47.6678281,-122.314463],
"530 queen anne av n":[47.6242344,-122.3563713],
"5525 60th av ne":[47.6692097,-122.2637151],
"5947 45th av sw":[47.5489476,-122.3902743],
"761 aloha st":[47.6271284,-122.3420388],
"7948 10th av sw":[47.5305035,-122.347789],
"7th av s \/ s elmgrove st":[47.5305543,-122.3255164],
"8101 occidental av s":[47.529988,-122.333858],
"9719 densmore av n":[47.700164,-122.337984],
"boren av s \/ 12th av s":[47.6007891,-122.3169494],
"nb i5 fr s bailey st":[47.548895,-122.3146257],
"ne 50th st & 7th av ne":[47.6649546,-122.3207561],
"nw 54th st \/ 14th av nw":[47.6678969,-122.3736917]
}