{
"0 - 0 eb wsea frwy at admiral":[47.571481,-122.363499],
"1009 e thomas st":[47.620887,-122.319001],
"1019 terry av":[47.6092509,-122.3270461],
"11404 roosevelt way ne":[47.7116272,-122.3176734],
"1229 6th av n":[47.6306248,-122.3451868],
"125 nw 49th st":[47.6642308,-122.3582355],
"1306 29th av s":[47.591881,-122.295216],
"1326 n allen pl":[47.66089,-122.340868],
"13th av s \/ s college st":[47.5829931,-122.316021],
"1519 e howell st":[47.6174489,-122.3118147],
"160 12th av":[47.603096,-122.316265],
"165 queen anne dr":[47.6418225,-122.3537722],
"1820 nw carkeek park rd":[47.7117615,-122.3678688],
"2122 15th av s":[47.5838439,-122.3131492],
"22nd av s \/ s winthrop st":[47.5758821,-122.3043403],
"2568 s graham st":[47.5464566,-122.2973881],
"3209 w lynn st":[47.6390124,-122.3989036],
"3225 3rd av w":[47.6484892,-122.3608978],
"324 15th av e":[47.6213539,-122.3124365],
"3722 21st av sw":[47.5702776,-122.3598942],
"3rd av w \/ w boston st":[47.638389,-122.3609377],
"4000 walla walla rd ne":[47.6545662,-122.2987926],
"4136 1st av nw":[47.657481,-122.357254],
"4316 30th av sw":[47.5649436,-122.3705887],
"4503 17th av ne":[47.6614611,-122.3099368],
"4706 17th av ne":[47.663308,-122.309168],
"5009 25th av s":[47.557034,-122.300707],
"514 s king st":[47.5984893,-122.3268485],
"5427 ohio av s":[47.5534186,-122.3395646],
"617 s jackson st":[47.5990001,-122.3255782],
"6843 25th av ne":[47.678845,-122.300983],
"7940 45th av s":[47.53037,-122.275531],
"8 w mercer st":[47.6247698,-122.3572952],
"810 nw 83rd st":[47.6892585,-122.3665875],
"8513 10th av nw":[47.691063,-122.369674],
"8709 27th av ne":[47.692078,-122.299044],
"9043 37th av s":[47.522277,-122.286316],
"9201 8th av ne":[47.6960286,-122.3205712],
"interlaken dr e \/ e crescent dr":[47.6323825,-122.3072629],
"sb i5 at mid boeing field":[47.545461,-122.308073]
}