{
"10109 aurora av n":[47.7024608,-122.3450057],
"1020 e spring st":[47.6115576,-122.3177092],
"10540 valmay av nw":[47.7062318,-122.3779786],
"1200 s stevens st":[47.5768925,-122.3173421],
"13339 22nd av ne":[47.725936,-122.306331],
"1421 lake washington blvd s":[47.589335,-122.2895867],
"1524 ne 97th st":[47.699678,-122.31084],
"1608 n 90th st":[47.6944,-122.338699],
"1609 s juneau st":[47.5497604,-122.3119581],
"2006 rainier av s":[47.5853516,-122.3031477],
"2215 n 46th st":[47.6624577,-122.331869],
"2340 23rd av s":[47.581696,-122.302587],
"3001 23rd av w":[47.64675,-122.386383],
"3108 sw cloverdale st":[47.5266409,-122.372978],
"3200 occidental av s":[47.5748869,-122.3328867],
"3rd av nw \/ nw 36th st":[47.6536383,-122.360471],
"420 boylston av e":[47.622646,-122.322745],
"4225 s kenyon st":[47.5312833,-122.2794343],
"5131 ne laurelcrest ln":[47.656519,-122.27094],
"5601 ne 70th st":[47.679211,-122.2678374],
"6037 39th av sw":[47.547314,-122.3822007],
"6528 30th av sw":[47.5436684,-122.369448],
"6714 13th av nw":[47.678322,-122.372684],
"6807 23rd av ne":[47.6779087,-122.3030844],
"816 4th av n":[47.6268749,-122.3488547],
"8531 fremont av n":[47.691148,-122.3499084],
"8538 1st av nw":[47.6915645,-122.3573771],
"9818 61st av s":[47.512785,-122.256712],
"eb i90 fr 4 nb \/ sb i5 cd fr edgar martinez":[47.5902822,-122.3290291],
"nb i5 exp at sr520":[47.638512,-122.322606],
"wb i90 to sb i5":[47.592573,-122.321806]
}