{
"10337 9th av nw":[47.7043482,-122.3689943],
"12040 3rd av ne":[47.717025,-122.325751],
"12749 palatine av n":[47.722747,-122.357289],
"12755 greenwood av n":[47.7229573,-122.356098],
"1511 31st av s":[47.5891202,-122.2928332],
"1717 30th av":[47.6170227,-122.29354],
"1914 e spruce st":[47.6036774,-122.3068939],
"1st av s \/ s forest st":[47.5777235,-122.334196],
"2017 nw 59th st":[47.6713359,-122.382936],
"221 nw 101st st":[47.701988,-122.360506],
"2601 w marina pl":[47.6303245,-122.3914679],
"2900 2nd av":[47.6175977,-122.3516454],
"3017 w government way":[47.6610914,-122.3969151],
"3019 beacon av s":[47.5763861,-122.310032],
"3201 36th av w":[47.6487792,-122.4039189],
"3622 sw othello st":[47.537143,-122.379422],
"37th av s \/ s dakota st":[47.5661682,-122.2860987],
"4716 s findlay st":[47.552114,-122.273379],
"5100 ne 55th st":[47.668702,-122.272394],
"625 perkins ln w":[47.6452178,-122.4164963],
"72 s atlantic st":[47.5907913,-122.3356878],
"800 ne 65th st":[47.6760626,-122.319748],
"860 ne 55th st":[47.6686674,-122.3175729],
"919 20th av s":[47.5939089,-122.306565],
"9225 4th av nw":[47.69684,-122.362409],
"926 nw 96th st":[47.699501,-122.369764],
"975 20th av":[47.612478,-122.306646],
"9828 41st av ne":[47.70104,-122.28361],
"bagley av n \/ n 39th st":[47.6543178,-122.332646],
"meridian av n \/ n 85th st":[47.6905186,-122.3331743],
"n 78th st \/ aurora av n":[47.6855088,-122.3444065],
"nw 44th st \/ 2nd av nw":[47.6602237,-122.3583504],
"s homer st \/ airport way s":[47.5507585,-122.3184278],
"union bay pl ne \/ ne 45th st":[47.6612147,-122.292807]
}