{
"10309 14th av nw":[47.70369,-122.374452],
"10335 midvale av n":[47.7042611,-122.3436543],
"10355 8th av nw":[47.705016,-122.3663996],
"1118 nw 130th st":[47.723534,-122.371115],
"12014 7th av nw":[47.716475,-122.364582],
"1226 parkside dr e":[47.630717,-122.290329],
"1262 alki av sw":[47.5934079,-122.389932],
"13718 32nd av ne":[47.7289881,-122.2930959],
"1605 10th av w":[47.633758,-122.370773],
"1811 e pike st":[47.6139334,-122.3082161],
"2037 s washington st":[47.6005494,-122.3048794],
"2135 n 128th st":[47.720901,-122.333355],
"2520 westlake av n":[47.6430174,-122.3431912],
"2609 sw holden st":[47.533491,-122.366312],
"291 29th av s":[47.6002702,-122.2949914],
"300 ne 65th st":[47.6760323,-122.325512],
"3002 21st av w":[47.646741,-122.383054],
"3008 sw barton st":[47.521254,-122.3718724],
"3420 evanston av n":[47.650483,-122.3511053],
"3601 bella vista av s":[47.571418,-122.284008],
"3627 dayton av n":[47.6526241,-122.3525268],
"3741 belvidere av sw":[47.570105,-122.379886],
"3924 walla walla rd ne":[47.653446,-122.3074042],
"4623 palatine av n":[47.663113,-122.35681],
"4703 49th av sw":[47.561024,-122.395263],
"4730 21st av ne":[47.6641846,-122.3053113],
"5400 22nd av nw":[47.6680719,-122.3846644],
"6501 21st av nw":[47.676085,-122.383543],
"6525 sunnyside av n":[47.6767576,-122.329863],
"8128 48th av s":[47.5294877,-122.2725065],
"823 hiawatha pl s":[47.5952684,-122.3099543],
"8244 40th av ne":[47.689706,-122.285027],
"9028 6th av nw":[47.695191,-122.362854],
"9259 24th av sw":[47.5193529,-122.3636119],
"dexter av n \/ howe st":[47.6360507,-122.3424142],
"green lake dr n \/ interlake av n":[47.6869394,-122.3404432],
"s director st \/ 8th av s":[47.5222617,-122.3229831]
}