{
"11206 fremont av n":[47.710809,-122.349597],
"1203 n 47th st":[47.662644,-122.343542],
"1211 nw 118th st":[47.7142539,-122.372494],
"12800 aurora av n":[47.7227427,-122.3442671],
"13000 meridian av n":[47.7232177,-122.3341526],
"13320 meridian av n":[47.7256494,-122.3338576],
"1414 sunset av sw":[47.5910388,-122.3892547],
"1605 sw holden st":[47.5336665,-122.3551838],
"1745 12th av s":[47.5870337,-122.317484],
"1st av n \/ valley st":[47.6263835,-122.3553962],
"1st av nw \/ n 136th st":[47.7282497,-122.3582477],
"2005 nw market st":[47.6684907,-122.382479],
"2006 24th av e":[47.638219,-122.30126],
"2010 broadway e":[47.637612,-122.320978],
"2020 nw market st":[47.668955,-122.3830703],
"2517 1st av":[47.6148664,-122.3490595],
"2855 s alaska st":[47.5608366,-122.2941838],
"3600 s spokane st":[47.5716033,-122.2877481],
"3631 west viewmont way w":[47.652933,-122.411363],
"400 maynard av s":[47.5989348,-122.3250761],
"4003 52nd av sw":[47.5683783,-122.3991182],
"4222 2nd av ne":[47.658398,-122.326966],
"500 university st":[47.6087056,-122.3337598],
"5202 palatine av n":[47.6670124,-122.3561361],
"5221 45th av sw":[47.5560018,-122.3899669],
"5612 brooklyn av ne":[47.669853,-122.3138159],
"7031 19th av ne":[47.680343,-122.308066],
"737 belmont pl e":[47.626712,-122.324605],
"8126 14th av sw":[47.5292876,-122.3524974],
"8217 2nd av ne":[47.689089,-122.3272507],
"8521 fremont av n":[47.6911025,-122.3499072],
"900 nw 134th st":[47.726536,-122.369926],
"9661 54th av s":[47.515102,-122.265776],
"s genesee st \/ 45th av s":[47.564083,-122.277],
"seneca st \/ 1st av":[47.6061198,-122.3375639],
"w roy st \/ 5th av w":[47.6258619,-122.3632537],
"winona av n \/ stone av n":[47.6835563,-122.3427339]
}