{
"1014 washington pl e":[47.627877,-122.2924586],
"1202 ne 50th st":[47.6650716,-122.3149949],
"1734 13th av s":[47.5874939,-122.3157193],
"1914 e marion st":[47.6105272,-122.3067063],
"2015 ne 96th st":[47.6983155,-122.306158],
"21st av s \/ s massachusetts st":[47.5884189,-122.3051805],
"2700 4th av s":[47.5793415,-122.328303],
"2833 27th av w":[47.6455817,-122.3918747],
"300 broadway  e":[47.6212525,-122.3205877],
"4205 sw alaska st":[47.5610564,-122.3858564],
"424 belmont av e":[47.6229297,-122.3237775],
"4422 woodlawn av n":[47.6610102,-122.338326],
"4727 48th av sw":[47.560328,-122.393967],
"4727 ne 36th st":[47.654221,-122.275668],
"4914 rainier av s":[47.5573895,-122.2845129],
"505 n 105th st":[47.7050576,-122.3523039],
"5214 rainier av s":[47.5557333,-122.2824523],
"5714 wilson av s":[47.5508416,-122.2655287],
"5843 seward park av s":[47.5499409,-122.259779],
"6033 28th av ne":[47.6732,-122.297793],
"651 s industrial way":[47.5646674,-122.3248024],
"7138 34th av sw":[47.5380518,-122.3749527],
"7305 view ln sw":[47.5373996,-122.3950588],
"737 s elmgrove st":[47.5305376,-122.3238401],
"8805 37th av sw":[47.524477,-122.3796266],
"8th av nw \/ nw 137th st":[47.7287255,-122.3663149],
"denny way \/ 7th av":[47.618564,-122.343501],
"e john st \/ e olive way":[47.6199037,-122.3208691],
"greenwood av n \/ n 143rd st":[47.7323259,-122.355554],
"woodlawn av n \/ n northlake pl":[47.6472561,-122.338723]
}