{
"1 - 49 s alaska st":[47.5602922,-122.3390815],
"1023 s thistle st":[47.527906,-122.319192],
"10332 36th av ne":[47.703941,-122.289088],
"1201 pine st":[47.6148388,-122.3284711],
"1408 nw 61st st":[47.6731003,-122.3741579],
"2319 38th av e":[47.6401161,-122.2851544],
"2404 42nd av e":[47.640737,-122.2782754],
"3055 alki av sw":[47.5771047,-122.4177804],
"3057 beacon av s":[47.5754087,-122.3096188],
"3401 e denny way":[47.6182784,-122.2886089],
"3837 ne 93rd st":[47.695754,-122.285927],
"403 19th av e":[47.6223506,-122.307341],
"4302 sw henderson st":[47.5236443,-122.3876306],
"4818 s bateman st":[47.5471711,-122.2717878],
"4827 s holden st":[47.533366,-122.271373],
"4847 s morgan st":[47.544006,-122.270775],
"5612 s willow st":[47.5409151,-122.2628373],
"5968 44th av s":[47.5483519,-122.2778611],
"8101 aurora av n":[47.687997,-122.3447916],
"9665 7th av ne":[47.6993226,-122.3217063],
"raye st \/ 4th av n":[47.6429748,-122.3495597],
"roosevelt way ne \/ ne northgate way":[47.7085577,-122.3178667],
"s dearborn st \/ 30th av s":[47.5957851,-122.2938956]
}