{
"1046 s elmgrove st":[47.5305987,-122.3181736],
"10737 15th av ne":[47.7078739,-122.312831],
"1300 ne pacific st":[47.6535875,-122.3143085],
"14010 3rd av nw":[47.730841,-122.36054],
"14328 - 14499 30th av ne":[47.733446,-122.296523],
"1506 30th av s":[47.589167,-122.2933506],
"1532 mcgilvra blvd e":[47.6331975,-122.2810025],
"1717 nw 80th st":[47.686663,-122.379792],
"2125 terry av":[47.6182418,-122.3372749],
"2233 1st av":[47.6130811,-122.3466046],
"240 s holgate st":[47.586228,-122.3313907],
"2747 sw macarthur ln":[47.5499164,-122.3689854],
"3049 nw 60th st":[47.6720676,-122.3977772],
"3059 s genesee st":[47.5641433,-122.2941255],
"3247 43rd av w":[47.650044,-122.412285],
"408 w comstock st":[47.630735,-122.362343],
"4117 sw orchard st":[47.538495,-122.384471],
"4229 ne 103rd pl":[47.7021047,-122.282023],
"4260 s eddy st":[47.545363,-122.278369],
"431 27th av e":[47.623592,-122.298029],
"4322 7th av ne":[47.6600297,-122.3205178],
"4445 28th av w":[47.660482,-122.3931263],
"44th av sw \/ sw walker st":[47.5840118,-122.3877586],
"456 39th av e":[47.624325,-122.282562],
"5814 32nd av s":[47.55044,-122.291227],
"5900 15th av nw":[47.6717996,-122.3758401],
"6000 21st av sw":[47.5481032,-122.359756],
"662 nw 53rd st":[47.6674099,-122.36577],
"7121 s 115th st":[47.49945,-122.244628],
"8317 3rd av nw":[47.6896803,-122.3608283],
"8732 rainier av s":[47.5243434,-122.269497],
"8th av n \/ hayes st":[47.6339698,-122.3411037],
"alaskan wy s\/s jackson":[47.5992004,-122.3355332],
"federal av e \/ e republican st":[47.6231103,-122.318871],
"hubbell pl \/ 7th av":[47.608196,-122.330226]
}