{
"0 - 0 sb i5 cd to safeco":[47.5943594,-122.3211595],
"10429 56th av s":[47.5073474,-122.2634411],
"1304 s walker st":[47.5837107,-122.3156228],
"1552 s dawson st":[47.555923,-122.311117],
"1883 e yesler way":[47.6016669,-122.3077774],
"1917 s walker st":[47.583452,-122.307362],
"1933 4th av w":[47.636885,-122.362702],
"223 ne 94th st":[47.696532,-122.326039],
"317 22nd av e":[47.621936,-122.303939],
"3501 cheasty blvd s":[47.572438,-122.299739],
"3560 s brandon st":[47.553658,-122.286757],
"4737 w roberts way":[47.6532089,-122.417736],
"4742 19th av ne":[47.6642836,-122.3069493],
"5612 s augusta st":[47.500485,-122.261818],
"6059 s roxbury st":[47.517806,-122.255932],
"619 20th av":[47.607761,-122.306633],
"7509 earl av nw":[47.6834828,-122.392228],
"7560 1st av ne":[47.6848767,-122.328084],
"8639 39th av sw":[47.52503,-122.382373],
"9732 12th av nw":[47.701183,-122.371019],
"nw 58th st \/ 5th av nw":[47.6708897,-122.3629117]
}