{
"10239 66th av s":[47.5085763,-122.2514743],
"11315 bartlett av ne":[47.710756,-122.282884],
"1247 s king st":[47.598086,-122.315229],
"13303 15th av ne":[47.725676,-122.3139427],
"1415 alaskan way":[47.6073628,-122.341901],
"1543 magnolia way w":[47.633626,-122.391001],
"1715 45th av sw":[47.587627,-122.389423],
"1735 s snoqualmie st":[47.561395,-122.308661],
"1942 s waite st":[47.580412,-122.3069037],
"2015 s ferdinand st":[47.558171,-122.306643],
"209 n 101st st":[47.70198,-122.356335],
"2209 1st av n":[47.6387304,-122.3556067],
"2222 everett av e":[47.638992,-122.314784],
"2222 harvard av e":[47.639072,-122.322069],
"2421 montavista pl w":[47.6401632,-122.4055348],
"255 s king st":[47.5983016,-122.3310687],
"2901 nw 75th st":[47.6829096,-122.394469],
"3012 43rd av w":[47.647214,-122.411562],
"310 16th av":[47.604755,-122.311171],
"322 10th av e":[47.6218213,-122.3196126],
"327 randolph av":[47.604447,-122.286231],
"512 28th av":[47.6066105,-122.2955844],
"5212 29th av s":[47.554954,-122.295373],
"5318 26th av s":[47.55435,-122.298905],
"631 nw 77th st":[47.684505,-122.364696],
"6726 20th av nw":[47.678578,-122.381799],
"7521 12th av ne":[47.6837743,-122.315555],
"7527 24th av nw":[47.6839753,-122.3878261],
"823 n 85th st":[47.6905701,-122.3475763],
"8900 fauntleroy way sw":[47.5238819,-122.3929161],
"9036 7th av nw":[47.6953699,-122.36431],
"9410 linden av n":[47.6971518,-122.3470384],
"9764 rainier av s":[47.515164,-122.252369],
"9814 63rd av s":[47.51291,-122.254356],
"s judkins st \/ 12th av s":[47.5915397,-122.3172804]
}