{
"142 nw 83rd st":[47.689324,-122.359797],
"1423 newport way":[47.613003,-122.283374],
"1653 shenandoah dr e":[47.635169,-122.289649],
"1762 14th av s":[47.587357,-122.314528],
"1800 36th av w":[47.635511,-122.403271],
"1901 4th av n":[47.6358746,-122.3498113],
"2103 e republican st":[47.6230334,-122.3044207],
"3231 s mount baker blvd":[47.575904,-122.291118],
"33rd av \/ e marion st":[47.6104207,-122.290406],
"4545 11th av s":[47.5621344,-122.3189759],
"5063 sand point pl ne":[47.6666398,-122.2805377],
"535 n 104th st":[47.7043429,-122.3512218],
"5440 42nd av sw":[47.5526428,-122.3852355],
"5938 high point dr sw":[47.5497711,-122.3694396],
"5th av \/ university st":[47.608691,-122.333759],
"612 n 43rd st":[47.658971,-122.3506195],
"614 4th av":[47.6035674,-122.330591],
"6430 marshall av sw":[47.5448809,-122.392996],
"7044 51st av ne":[47.6806481,-122.2725919],
"7147 38th av s":[47.5384471,-122.28469],
"7317 12th av nw":[47.681995,-122.371826],
"7325 32nd av sw":[47.536588,-122.374274],
"7389 25th av ne":[47.681933,-122.3010186],
"826 ne 59th st":[47.671711,-122.318957],
"ne 45th st \/ montlake blvd ne":[47.6610295,-122.2982253],
"ne northgate way \/ 1st av ne":[47.7085794,-122.3286586],
"thackeray pl ne \/ ne 44th st":[47.6602282,-122.3261959],
"w prospect st \/ olympic way w":[47.628742,-122.3677998]
}