{
"10226 37th av sw":[47.5113302,-122.377969],
"13032 7th av nw":[47.724269,-122.364618],
"1405 2nd av":[47.608977,-122.338648],
"1525 cherrylane pl s":[47.5889558,-122.312757],
"1667 e boston ter":[47.637001,-122.312634],
"17th av sw \/ sw dawson st":[47.5557547,-122.3559035],
"1914 48th av sw":[47.586351,-122.392538],
"2602 29th av w":[47.64336,-122.393838],
"2620 nw 98th st":[47.7002953,-122.3916901],
"2809 perkins ln w":[47.645351,-122.417733],
"301 2nd av et  s":[47.6001685,-122.3308451],
"3219 beacon av s":[47.574489,-122.3090703],
"3621 45th av w":[47.653452,-122.415102],
"3632 45th av sw":[47.5710574,-122.389048],
"3904 27th av s":[47.56892,-122.297507],
"3917 s pearl st":[47.5561896,-122.2826571],
"440 3rd av":[47.6018812,-122.3305682],
"4618 s angeline st":[47.559578,-122.2748385],
"4815 california av sw":[47.5584538,-122.3872035],
"5016 47th av s":[47.5564983,-122.274202],
"5227 19th av sw":[47.5548961,-122.3586377],
"6054 21st av sw":[47.546669,-122.359427],
"6356 high point dr sw":[47.5458312,-122.3685192],
"7000 m l king jr way s":[47.5391217,-122.2819249],
"7024 ravenna av ne":[47.68011,-122.303589],
"7352 15th av nw":[47.6829429,-122.3764119],
"809 western av":[47.6029788,-122.3363534],
"8201 45th av ne":[47.6885199,-122.280624],
"8th av \/ alder st":[47.6028597,-122.3241427],
"9521 12th av nw":[47.6985494,-122.3716742],
"ashworth av n \/ n 100th st":[47.7014159,-122.339749],
"e yesler way \/ broadway":[47.6016979,-122.3207688],
"interlake av n \/ n 44th st":[47.6599677,-122.3406965],
"palatine av n \/ n 65th st":[47.6759882,-122.3563941]
}