{
"1 - 99 w armour st":[47.644966,-122.356882],
"100 occidental av s":[47.6017067,-122.3327718],
"10014 39th av sw":[47.5132772,-122.3815522],
"102 nw 73rd st":[47.6820126,-122.3581661],
"1115 1st av":[47.6057096,-122.3375101],
"1143 nw 56th st":[47.6694339,-122.3727162],
"1255 sw othello st":[47.536648,-122.352743],
"1516 ne 98th st":[47.700591,-122.311497],
"168 25th av":[47.603273,-122.299646],
"16th av ne \/ ne 45th st":[47.6612669,-122.3108621],
"1705 41st av sw":[47.587636,-122.383226],
"2003 federal av e":[47.6373908,-122.3192736],
"2139 10th av w":[47.6389736,-122.3705716],
"2301 6th av":[47.616748,-122.343297],
"2714 w elmore st":[47.657899,-122.391743],
"2915 17th av s":[47.577269,-122.311133],
"303 w prospect st":[47.628448,-122.360865],
"3100 nw esplanade":[47.6989819,-122.3979236],
"328 nw 81st st":[47.6878713,-122.3619142],
"36th av w \/ w dravus st":[47.6486313,-122.4036139],
"4116 university way ne":[47.6574069,-122.3129043],
"4434 41st av sw":[47.563674,-122.383741],
"615 w lee st":[47.6313335,-122.3650989],
"6705 56th av s":[47.5422572,-122.2637539],
"6807 32nd av ne":[47.677922,-122.293368],
"6857 woodlawn av ne":[47.6778821,-122.3270949],
"708 n 128th st":[47.722533,-122.349872],
"7198 aurora av n":[47.6813968,-122.3445734],
"7307 39th av sw":[47.537216,-122.382339],
"7912 1st av nw":[47.6865934,-122.3579198],
"7929 2nd av s":[47.5315224,-122.331507],
"8515 8th av nw":[47.691193,-122.36642],
"8th av ne \/ ne 50th st":[47.6649514,-122.3195324],
"9000 20th av sw":[47.5225345,-122.3587839],
"9004 36th av sw":[47.522592,-122.377689],
"906 n 87th st":[47.692239,-122.346797],
"9551 6th av nw":[47.699349,-122.36376],
"cherry st \/ 7th av":[47.6053328,-122.3276034],
"eastern av n \/ n 42nd st":[47.65794,-122.3290172],
"nb i5 at ne 70 st":[47.6795882,-122.3205319],
"ne 41st st \/ 38th av ne":[47.6584235,-122.2872744],
"pinehurst way ne \/ ne 113th st":[47.7105977,-122.3174204]
}