{
"10709 62nd av s":[47.504089,-122.256327],
"14309 30th av ne":[47.7323574,-122.2965535],
"163 m l king jr way":[47.6031,-122.2968259],
"1733 belmont av":[47.617318,-122.324826],
"1760 nw 64th st":[47.6753039,-122.3814522],
"1808 e mcgraw st":[47.640499,-122.30856],
"1923 31st av w":[47.636622,-122.397191],
"200 stewart st":[47.6109814,-122.3404624],
"218 18th av e":[47.620251,-122.30841],
"2565 37th av w":[47.643083,-122.405369],
"2651 32nd av w":[47.644716,-122.398644],
"3437 61st av sw":[47.572967,-122.411206],
"3451 34th av s":[47.5716813,-122.2899415],
"37th av s \/ s andover st":[47.5679364,-122.2861333],
"3952 ne belvoir pl":[47.6580552,-122.2853777],
"4511 roosevelt way ne":[47.6618231,-122.3177949],
"4552 s eddy st":[47.545155,-122.2757629],
"5222 m l king jr way s":[47.5544272,-122.2894641],
"5416 s fletcher st":[47.519255,-122.26427],
"5544 ne penrith rd":[47.666764,-122.266826],
"7001 12th av sw":[47.54093,-122.35073],
"7005 58th av ne":[47.6795749,-122.2662401],
"7700 m l king jr way s":[47.533239,-122.280169],
"8236 23rd av ne":[47.689615,-122.302285],
"919 n 98th st":[47.700261,-122.346499],
"ne 75th st \/ 39th av ne":[47.6830466,-122.2864413],
"ne 89th st \/ lake city way ne":[47.6930348,-122.3055102]
}