{
"102 nw 60th st":[47.672584,-122.357668],
"10718 57th av s":[47.50419,-122.260993],
"1100 s massachusetts st":[47.588662,-122.318269],
"1137 n 93rd st":[47.6963431,-122.3428694],
"11719 33rd pl ne":[47.7138289,-122.29219],
"1608 39th av e":[47.6337769,-122.2826478],
"1806 16th av":[47.6178724,-122.3110648],
"1821 federal av e":[47.6356855,-122.3193053],
"2121 n 52nd st":[47.6662865,-122.3327031],
"2400 w lynn st":[47.6393586,-122.3877034],
"2514 e yesler way":[47.601915,-122.299262],
"2701 ne clark rd":[47.6585202,-122.2974856],
"2825 30th av s":[47.5775242,-122.2944977],
"2nd av s \/ yesler way":[47.6036639,-122.3332779],
"3200 4th av s":[47.5752574,-122.3284068],
"3238 40th av sw":[47.57442,-122.382177],
"3238 47th av sw":[47.574536,-122.391725],
"3500 interlake av n":[47.6494689,-122.3411552],
"37th av e \/ e john st":[47.6201356,-122.2858801],
"3802 24th av w":[47.6540539,-122.3874298],
"3847 24th av w":[47.655476,-122.387878],
"4316 ne 75th st":[47.6830525,-122.281302],
"4508 s thistle st":[47.528116,-122.275616],
"5229 35th av sw":[47.554727,-122.376675],
"5400 39th av ne":[47.668421,-122.2857322],
"6047 36th av ne":[47.673523,-122.289459],
"6414 s hazel st":[47.505611,-122.252645],
"6532 46th av ne":[47.6768125,-122.2786575],
"7001 airport way s":[47.5447914,-122.3110669],
"758 38th av":[47.608855,-122.284401],
"800 w ewing st":[47.6529421,-122.3665311],
"corliss av n \/ n 90th st":[47.6937791,-122.3311096],
"e alder st \/ 12th av":[47.6043535,-122.3167842],
"greenwood av n \/ n 87th st":[47.6924251,-122.3552969],
"sb i5 exp to mercer":[47.625265,-122.331875],
"sw bruce st \/ 49th av sw":[47.5552232,-122.3950142],
"w nickerson st \/ 11th av w":[47.6547793,-122.3716522]
}