{
"11717 12th av ne":[47.714549,-122.315992],
"126 26th av":[47.6025272,-122.2986492],
"1308 ne 63rd st":[47.6744805,-122.3139403],
"14301 - 14499 linden av n":[47.732809,-122.347786],
"1606 15th av":[47.6157214,-122.3127656],
"17814 ashworth av n":[47.758347,-122.340022],
"25th av ne \/ ne 130th st":[47.7229337,-122.3018933],
"2600 s dawson st":[47.5562191,-122.2988639],
"2850 sw yancy st":[47.5679139,-122.3699347],
"2932 26th av w":[47.646783,-122.389722],
"3267 37th av sw":[47.5736628,-122.3784684],
"3400 sw hinds st":[47.5730487,-122.3753435],
"3621 31st av w":[47.652982,-122.397295],
"3702 38th av s":[47.570533,-122.284692],
"41st av sw \/ sw 104th st":[47.5100602,-122.3843741],
"4710 35th av ne":[47.662982,-122.2898563],
"5008 baker av nw":[47.6653845,-122.3594196],
"5029 11th av ne":[47.665751,-122.316651],
"5450 sand point way ne":[47.6681102,-122.2735439],
"6013 woodland pl n":[47.672754,-122.349211],
"6219 46th av s":[47.5464302,-122.2756922],
"6703 sycamore av nw":[47.677929,-122.358752],
"6734 35th av sw":[47.541837,-122.376101],
"719 harvard av e":[47.625625,-122.322701],
"7301 16th av sw":[47.537211,-122.355366],
"7547 32nd av ne":[47.684444,-122.294071],
"9214 11th av sw":[47.5204846,-122.3489687]
}