{
"1177 eastlake av e":[47.6302019,-122.3280687],
"13720 1st av nw":[47.729391,-122.357869],
"1411 1st av w":[47.6316968,-122.3585662],
"1960 26th av e":[47.637532,-122.299117],
"2144 n 133rd st":[47.725259,-122.332258],
"2314 e union st":[47.6129551,-122.301722],
"234 9th av n":[47.6207116,-122.3394075],
"2347 minor av e":[47.641113,-122.32871],
"2603 36th av w":[47.643296,-122.404054],
"2629 nw 60th st":[47.6721907,-122.3913663],
"2850 21st av w":[47.646287,-122.3831203],
"2900 s brandon st":[47.5535669,-122.2954232],
"304 29th av e":[47.621583,-122.294459],
"3211 s monroe st":[47.5308138,-122.2903206],
"3226 s hanford st":[47.5756427,-122.2913403],
"3538 s holly st":[47.5425135,-122.2873138],
"3712 ne 43rd st":[47.66002,-122.2876267],
"3835 ne 95th st":[47.697202,-122.286335],
"4033 31st av w":[47.656891,-122.39731],
"406 ne 85th st":[47.690622,-122.323966],
"4501 27th av ne":[47.6664977,-122.2985129],
"4918 s genesee st":[47.5641037,-122.2710263],
"5541 s holly st":[47.542204,-122.262853],
"5943 - 5951 29th av s":[47.5483959,-122.296105],
"6233 37th av ne":[47.674943,-122.288363],
"6261 lake shore dr s":[47.545395,-122.25964],
"7719 27th av nw":[47.6855284,-122.3911761],
"7910 41st av sw":[47.531731,-122.384308],
"8643 fauntleroy way sw":[47.525528,-122.393584],
"9100 renton av s":[47.5221737,-122.2751683],
"9433 20th av sw":[47.51817,-122.359575],
"eagle st \/ 1st av":[47.617686,-122.353841]
}