{
"103 alaskan way w":[47.618609,-122.359677],
"1101 boylston av":[47.6115029,-122.3227892],
"11017 14th av ne":[47.7090656,-122.3141181],
"12708 37th av ne":[47.721493,-122.287955],
"12745 28th av ne":[47.7224765,-122.2980095],
"140 lakeside av":[47.602574,-122.2844718],
"14353 stone av n":[47.7338557,-122.3426128],
"1723 19th av":[47.617396,-122.307644],
"1905 s orcas st":[47.551021,-122.308321],
"2013 s stevens st":[47.576757,-122.306093],
"2040 nw 60th st":[47.672595,-122.3839],
"2116 ne ravenna blvd":[47.669677,-122.30465],
"2807 s adams st":[47.5643568,-122.2978715],
"300 ne 97th st":[47.6994244,-122.3253433],
"3049 garlough av sw":[47.5761191,-122.3968647],
"4224 28th pl w":[47.6582409,-122.393769],
"4541 34th av s":[47.5616671,-122.2902215],
"4914 s roxbury st":[47.5170311,-122.271413],
"5052 37th av ne":[47.666445,-122.28763],
"5301 3rd av nw":[47.6674988,-122.3610024],
"6739 flora av s":[47.541234,-122.321296],
"7402 keen way n":[47.682673,-122.341816],
"7721 corliss av n":[47.685756,-122.330756],
"7747 30th av nw":[47.6862501,-122.3960544],
"7826 stroud av n":[47.6859048,-122.3353237],
"8818 renton av s":[47.523712,-122.2763378],
"919 nw 97th st":[47.699897,-122.369563],
"mercer st \/ eastlake av e":[47.624282,-122.3291725],
"n 67th st \/ linden av n":[47.6777913,-122.3472925],
"noaa acrd":[47.686093,-122.2594997]
}