{
"1033 ne 102nd st":[47.7019784,-122.3161764],
"1315 e jefferson st":[47.6061894,-122.3147552],
"1522 2nd av w":[47.6330514,-122.3593805],
"187 35th av e":[47.619611,-122.288343],
"2720 westlake av n":[47.6442754,-122.3455122],
"2721 4th av":[47.6181097,-122.3488365],
"301 22nd av":[47.604494,-122.304111],
"3426 19th av s":[47.5723449,-122.3062697],
"3603 s hanford st":[47.575095,-122.2874727],
"3926 s angel pl":[47.544786,-122.282089],
"4137 38th av s":[47.5650917,-122.2849881],
"421 31st av":[47.605873,-122.292945],
"4405 sw alaska st":[47.561016,-122.388343],
"451 crockett st":[47.6371843,-122.3481161],
"5103 latona av ne":[47.665856,-122.325953],
"519 n 105th st":[47.704862,-122.3519181],
"5403 37th av sw":[47.5536621,-122.3792477],
"5667 beach dr sw":[47.55039,-122.399388],
"6601 38th av sw":[47.543474,-122.380946],
"704 e olive st":[47.6163733,-122.3228351],
"7153 18th av sw":[47.5372497,-122.3575749],
"7400 5th av ne":[47.682239,-122.3225833],
"7542 18th av nw":[47.6844551,-122.3796825],
"8402 18th av sw":[47.5280907,-122.3575031],
"9435 45th av sw":[47.517793,-122.3916],
"9630 26th av nw":[47.6994967,-122.3883089],
"n 110th st \/ phinney av n":[47.708722,-122.3541288],
"s hinds st \/ 35th av s":[47.5724687,-122.2888245]
}