{
"1133 n 94th st":[47.696796,-122.343188],
"1138 nw 59th st":[47.671853,-122.372409],
"13019 7th av nw":[47.7239553,-122.365304],
"1622 5th av":[47.6121719,-122.3369271],
"1765 nw 56th st":[47.6692253,-122.3815797],
"2031 nw 56th st":[47.6692455,-122.3834775],
"2518 constance dr w":[47.6419428,-122.4125965],
"2729 ne 89th st":[47.692891,-122.297518],
"3219 w bertona st":[47.6504394,-122.3990187],
"32nd av w \/ w mcgraw st":[47.6395139,-122.3983705],
"4048 36th av sw":[47.56691,-122.3770549],
"410 occidental av s":[47.5988202,-122.3325216],
"4820 ne 40th st":[47.6578736,-122.2757411],
"5051 renton av s":[47.5556991,-122.2875999],
"6017 2nd av nw":[47.6729245,-122.3597964],
"6515 54th av ne":[47.6762452,-122.2697553],
"6807 54th av ne":[47.677861,-122.270642],
"7748 16th av nw":[47.6865216,-122.3775536],
"8105 34th av sw":[47.529845,-122.375663],
"8317 27th av nw":[47.6895739,-122.3911013],
"8642 10th av sw":[47.5252283,-122.3477608],
"9342 sturtevant av s":[47.5177478,-122.2681752],
"sw 100th st \/ california av sw":[47.5137746,-122.3873307],
"w galer st \/ 2nd av w":[47.6323202,-122.3596646]
}