{
"10th av e \/ e howe st":[47.6359484,-122.3200723],
"11011 36th av ne":[47.7087913,-122.2895994],
"11203 beacon av s":[47.498505,-122.265157],
"1126 m l king jr way":[47.6123564,-122.2955438],
"11819 stendall dr n":[47.715154,-122.341729],
"12556 meridian av n":[47.720883,-122.333924],
"12711 11th av nw":[47.721831,-122.37078],
"12813 aurora av n":[47.7228245,-122.345641],
"1550 17th av s":[47.588539,-122.310224],
"16 w harrison st":[47.6222732,-122.3576665],
"1701 28th av s":[47.5881556,-122.2972487],
"2007 s ingersoll pl":[47.593559,-122.305798],
"2013 3rd av":[47.6125091,-122.3416688],
"2121 terry av":[47.6183272,-122.3373891],
"215 24th av e":[47.6206868,-122.3012934],
"2570 29th av s":[47.57891,-122.2950119],
"2650 perkins ln w":[47.644882,-122.4164251],
"3246 10th av w":[47.649894,-122.370247],
"3556 ne 91st st":[47.694757,-122.288164],
"40th av sw \/ sw frontenac st":[47.5401212,-122.3832173],
"4121 burke av n":[47.657492,-122.335404],
"414 n 46th st":[47.662384,-122.353301],
"4606 s garden st":[47.537833,-122.274941],
"4629 s fontanelle st":[47.5356514,-122.274138],
"5120 s kenyon st":[47.531928,-122.268975],
"5237 40th av sw":[47.55454,-122.383272],
"5565 ne ambleside rd":[47.6658524,-122.2657872],
"5916 20th av s":[47.549613,-122.307039],
"6505 roosevelt way ne":[47.6760386,-122.3176121],
"7302 14th av nw":[47.6815903,-122.3733245],
"7423 rockery dr s":[47.5355105,-122.2827416],
"7th av ne \/ ne 43rd st":[47.659468,-122.3208242],
"8050 46th av sw":[47.529963,-122.391217],
"8805 5th av s":[47.5244786,-122.3284905],
"9675 48th av sw":[47.515407,-122.394275],
"lake city way ne \/ ne 102nd st":[47.702058,-122.3019411],
"linden av n \/ n 83rd st":[47.6891217,-122.3472078],
"ne 89th st \/ 5th av ne":[47.6931405,-122.3230325],
"nw 92nd st \/ 11th av nw":[47.6960843,-122.3700451],
"uw  hutchinson hall":[47.6595187,-122.3066377]
}