{
"1000 n 105th st":[47.7051006,-122.345501],
"1070 24th av e":[47.629019,-122.301277],
"111 21st av e":[47.6188999,-122.305139],
"11746 35th av ne":[47.715049,-122.291059],
"1233 nw 119th st":[47.71496,-122.373354],
"12726 27th av ne":[47.7217721,-122.2987676],
"1418 31st av s":[47.5896577,-122.2921867],
"15th av s \/ s mcclellan st":[47.5786328,-122.3133673],
"1717 ne 56th st":[47.6692644,-122.3085464],
"1st av ne \/ ne 140th st":[47.7304455,-122.3288659],
"2006 ne 137th st":[47.728642,-122.30687],
"2006 parkside dr e":[47.636875,-122.290458],
"2116 n 77th st":[47.6853089,-122.332216],
"2222 32nd av w":[47.6388307,-122.3974718],
"2329 12th av e":[47.640384,-122.317278],
"2685 ne 46th st":[47.6615929,-122.2981489],
"2818 fairview av e":[47.646282,-122.326287],
"2915 sw cambridge st":[47.518983,-122.370728],
"2920 eastlake av e":[47.6478454,-122.3237445],
"3005 s oregon st":[47.5629741,-122.2931271],
"3804 e howe st":[47.635971,-122.283619],
"4502 s holden st":[47.533599,-122.276268],
"4710 dayton av n":[47.6633797,-122.3524839],
"5512 28th av nw":[47.6691959,-122.3925777],
"5552 31st av ne":[47.670008,-122.293504],
"7067 25th av ne":[47.6813481,-122.301016],
"710 n 80th st":[47.6870863,-122.3493166],
"7615 m l king jr way s":[47.5354353,-122.2809274],
"807 24th av":[47.6093044,-122.3018038],
"8139 32nd av sw":[47.52894,-122.374316],
"9818 37th av sw":[47.515044,-122.378967],
"gilman dr w \/ w wheeler st":[47.6406767,-122.3743556]
}