{
"10734 2nd av nw":[47.70791,-122.359096],
"11734 1st av nw":[47.715159,-122.357832],
"1242 ne 130th st":[47.723282,-122.313404],
"1505 sw alaska st":[47.5610054,-122.3540674],
"166 18th av":[47.603271,-122.308452],
"1830 90th av ne":[47.6939559,-122.3070396],
"1919 broadway e":[47.636557,-122.321686],
"2010 12th av s":[47.5851169,-122.3169978],
"2231 1st av":[47.613093,-122.3462804],
"2260 alki av sw":[47.5836496,-122.4008379],
"2519 ne 105th pl":[47.7048925,-122.3006155],
"2805 1st av n":[47.645259,-122.355928],
"320 nw 50th st":[47.665218,-122.361648],
"340 nw 54th st":[47.6681359,-122.362624],
"4052 sw donovan st":[47.5252172,-122.3845982],
"5042 12th av ne":[47.6661617,-122.3148876],
"5241 15th av ne":[47.667802,-122.3122079],
"56th av sw \/ sw dakota st":[47.5667226,-122.4038638],
"59 wall st":[47.6137554,-122.3499334],
"6020 35th av sw":[47.5478307,-122.3760835],
"6045 51st pl s":[47.547742,-122.269532],
"7300 blake pl sw":[47.5378989,-122.3906318],
"8121 delridge way sw":[47.5293815,-122.3609076],
"832 ne 103rd st":[47.7032755,-122.3191905],
"8537 11th av nw":[47.69162,-122.370729]
}