{
"0 northgate mall":[47.704199,-122.325799],
"1 av n \/ republican st":[47.623274,-122.3554189],
"10731 20th av ne":[47.707648,-122.30656],
"12505 greenwood ave n":[47.7205455,-122.3568026],
"129 ne 64th st":[47.6749347,-122.3268557],
"13007 6th av nw":[47.7235731,-122.3638979],
"13309 23rd pl ne":[47.725091,-122.303639],
"1500 ne 62nd st":[47.674192,-122.3116842],
"1534 madrona dr":[47.6147769,-122.283215],
"2219 e calhoun st":[47.640762,-122.302842],
"2465 8th av n":[47.6414351,-122.3436952],
"3034 31st av w":[47.6478646,-122.3966368],
"3048 ne 137th st":[47.7282515,-122.2943902],
"311 nw 97th st":[47.6994817,-122.3612538],
"3463 belvidere av sw":[47.571343,-122.379593],
"3512 ne 94th st":[47.6969319,-122.289825],
"4025 sw 106th st":[47.508012,-122.383942],
"417 w prospect st":[47.628456,-122.362693],
"42nd av s \/ s myrtle st":[47.5389096,-122.2807159],
"4314 s morgan st":[47.5444299,-122.2791524],
"4634 sw frontenac st":[47.5407399,-122.3929431],
"4849 ne 42nd st":[47.658923,-122.274507],
"4947 s rose st":[47.529108,-122.270647],
"5037 brooklyn av ne":[47.6660299,-122.3144911],
"5103 s rose st":[47.5294814,-122.2697014],
"535 pontius av n":[47.6236187,-122.3320727],
"5701 sw bradford st":[47.5691769,-122.4050724],
"5847 ne 75th st":[47.682563,-122.2646034],
"5935 21st av s":[47.5490731,-122.3065853],
"6054 36th av sw":[47.546675,-122.377367],
"6736 corson av s":[47.541499,-122.322991],
"7115 highland park way sw":[47.536322,-122.3471358],
"7528 dumar way sw":[47.534886,-122.356883],
"7735 45th av ne":[47.685832,-122.280249],
"7th av ne \/ ne 42nd st":[47.6575185,-122.3208366],
"8617 20th av ne":[47.691868,-122.307155],
"905 20th av s":[47.594293,-122.306557],
"918 e pike st":[47.6140894,-122.3197947],
"925 n 78th st":[47.685282,-122.346049],
"9600 stone av n":[47.6987608,-122.3416338],
"9700 marmount dr nw":[47.699418,-122.389754],
"alonzo av nw \/ nw 67th st":[47.6778055,-122.3751298],
"m l king jr way s \/ s mcclellan st":[47.5783534,-122.2961658],
"n 110th st \/ fremont av n":[47.7087075,-122.3501186],
"n 34th st \/ evanston av n":[47.6498233,-122.3513272],
"nb i5 at lakeview":[47.629452,-122.326694],
"renton av s \/ s holden st":[47.5333754,-122.2789262],
"w barrett st \/ 4th av w":[47.646656,-122.3621767],
"wb i90 exp at 12":[47.595794,-122.327683]
}