{
"11510 17th av ne":[47.712465,-122.309377],
"1241 ne 91st st":[47.694636,-122.312954],
"1301 harbor av sw":[47.592277,-122.383324],
"14326 17th av ne":[47.732922,-122.309701],
"14th av s \/ s dakota st":[47.5672236,-122.3147123],
"1526 palm av sw":[47.589918,-122.383637],
"1606 4th av n":[47.633442,-122.349207],
"2009 mcgilvra blvd e":[47.637333,-122.281171],
"23 w galer st":[47.6320772,-122.3576085],
"2416 s holly st":[47.543085,-122.301906],
"27th av ne \/ ne 130th st":[47.7229133,-122.2990854],
"28th av ne \/ ne 110th st":[47.7084131,-122.2979248],
"309 2nd av et s":[47.6001987,-122.3306173],
"3207 29th av w":[47.648983,-122.394632],
"3318 ne 55th st":[47.6686598,-122.2919528],
"3421 21st av w":[47.6509364,-122.3838201],
"3448 33rd av w":[47.651934,-122.399156],
"4131 beach dr sw":[47.5665509,-122.409551],
"4138 renton av s":[47.565046,-122.292025],
"5123 s wildwood ln":[47.5337292,-122.269088],
"5238 50th av ne":[47.6671762,-122.2740493],
"5400 delridge way sw":[47.5537253,-122.3629233],
"6500 30th av sw":[47.544342,-122.3697032],
"6767 east marginal way s":[47.5419569,-122.3261939],
"6977 23rd av sw":[47.539513,-122.362078],
"735 alder st":[47.602892,-122.3240292],
"7546 24th av nw":[47.6845196,-122.387211],
"7710 forest dr ne":[47.684812,-122.276101],
"7919 m l king jr way s":[47.5309637,-122.2808089],
"9031 21st av sw":[47.521871,-122.360929],
"airport way s \/ s vale st":[47.5492208,-122.3168878],
"n 44th st \/ linden av n":[47.6600524,-122.3486379],
"nw 60th st \/ 7th av nw":[47.6723548,-122.3650455],
"sw morgan st \/ lanham pl sw":[47.5446972,-122.372612]
}