{
"10219 36th av sw":[47.5114418,-122.377513],
"10419 marine view dr sw":[47.509571,-122.388575],
"1118 13th av":[47.612162,-122.315037],
"1206 sw barton st":[47.5211858,-122.351052],
"1221 madison st - arnold medical bldg":[47.6097612,-122.3227432],
"13225 15th av ne":[47.7250387,-122.3126712],
"13755 1st av nw":[47.7302139,-122.358648],
"1406 ne 41st st":[47.6569324,-122.312882],
"1619 34th av":[47.615795,-122.28955],
"1739 nw 61st st":[47.6729323,-122.380597],
"1838 mcgilvra blvd e":[47.6357327,-122.2808078],
"1911 39th av e":[47.6361459,-122.283049],
"1919 s jackson st":[47.5989291,-122.3065386],
"200 belmont av e":[47.6199501,-122.3237114],
"226 31st av e":[47.6210168,-122.2920931],
"2820 nw 56th st":[47.6694793,-122.3938462],
"2934 nw esplanade":[47.699925,-122.395453],
"3321 14th av s":[47.573608,-122.315161],
"3808 19th av sw":[47.569859,-122.357612],
"3902 41st av sw":[47.5688144,-122.3841179],
"401 6th av s":[47.5991477,-122.3263842],
"4201 34th av w":[47.6577932,-122.4012335],
"4500 42nd av sw":[47.5628691,-122.3854334],
"5011 delridge way sw":[47.557001,-122.363338],
"502 broadway":[47.6063995,-122.3203738],
"540 ne 102nd st":[47.7023815,-122.3213647],
"5746 31st av ne":[47.671667,-122.293499],
"5949 s fountain st":[47.502785,-122.25746],
"6512 42nd av sw":[47.5443755,-122.385516],
"6812 rainier av s":[47.5410285,-122.2718008],
"7145 45th av s":[47.537521,-122.2771551],
"7930 occidental av s":[47.5314246,-122.3337865],
"8231 wallingford av n":[47.689686,-122.336773],
"8411 greenwood av n":[47.6902537,-122.3555584],
"9015 23rd av nw":[47.6946753,-122.3853432],
"9101 20th av ne":[47.694972,-122.307135],
"9238 palatine av n":[47.69714,-122.356332],
"9676 rainier av s":[47.51761,-122.25461],
"edgar martinez dr s":[47.590311,-122.32905],
"sw admiral way \/ 49th av sw":[47.5793715,-122.3941809]
}