{
"10026 roosevelt way ne":[47.70207,-122.317386],
"106 nw 82nd st":[47.6886029,-122.3583403],
"11038 evanston av n":[47.709828,-122.351119],
"112 24th av s":[47.601203,-122.300841],
"11235 cornell av s":[47.5017441,-122.2414279],
"1422 e pine st":[47.6154714,-122.313255],
"14220 37th av ne":[47.731932,-122.287966],
"14360 riviera pl ne":[47.7330095,-122.2838001],
"15th av s \/ s bradford st":[47.5689805,-122.3135296],
"1701 18 av s":[47.5881006,-122.3101472],
"17th av s \/ s washington st":[47.60084,-122.310269],
"1922 31st av s":[47.585551,-122.29265],
"2102 49th av sw":[47.585316,-122.39369],
"2118 n 50th st":[47.665252,-122.332754],
"2428 2nd av w":[47.640482,-122.359228],
"2511 ne 145th st":[47.733582,-122.301655],
"3036 52nd av sw":[47.5764039,-122.397632],
"319 terry av":[47.6042721,-122.3220648],
"3238 21st av w":[47.64962,-122.382987],
"340 nw 86th st":[47.6915784,-122.3623029],
"3600 west marginal way sw":[47.5721362,-122.3597649],
"3652 13th av w":[47.6537096,-122.3732553],
"36th av ne \/ ne 145th st":[47.7337426,-122.2897313],
"3711 38th av s":[47.570288,-122.285354],
"4430 29th av s":[47.5630522,-122.2961407],
"4431 39th av s":[47.5631304,-122.2841311],
"4601 s chicago st":[47.532334,-122.275103],
"500 5th av n":[47.6237007,-122.3463567],
"5004 ivanhoe pl ne":[47.6650783,-122.2695797],
"502 ne 130th st":[47.723369,-122.323303],
"5202 45th av sw":[47.5564618,-122.3894299],
"5633 36th av sw":[47.551018,-122.378045],
"6524 1st av nw":[47.676683,-122.357133],
"6720 11th av nw":[47.6783587,-122.3706352],
"6975 47th av sw":[47.540868,-122.39362],
"6th av s \/ s lane st":[47.5966703,-122.3263565],
"701 n 38th st":[47.6525485,-122.34953],
"801 s lane st":[47.5964841,-122.3218413],
"8501 16th av sw":[47.527289,-122.355452],
"8800 - 8999 nesbit av n":[47.69365,-122.343483],
"8821 36th av sw":[47.523988,-122.378392],
"n 71st st \/ aurora av n":[47.6803173,-122.3452746],
"ne 82nd st \/ 5th av ne":[47.688237,-122.3229828],
"university st \/ 3rd av":[47.6077609,-122.3359793]
}