{
"10062 waters av s":[47.5110068,-122.2503598],
"11th av ne \/ ne ravenna blvd":[47.6716659,-122.316023],
"1304 n 122nd st":[47.7168516,-122.3413737],
"1803 harvard av":[47.6176033,-122.3221818],
"216 30th av":[47.6037676,-122.2933817],
"2201 1st av":[47.6125527,-122.3455861],
"2218 w barrett st":[47.646805,-122.385547],
"2535 12th av w":[47.641816,-122.3728853],
"2801 nw market st":[47.6684147,-122.3931059],
"2815 w crockett st":[47.6372412,-122.3937884],
"3120 3rd av w":[47.6484515,-122.3605632],
"3241 30th av w":[47.6499499,-122.395998],
"3411 11th av w":[47.650782,-122.371906],
"3416 18th av s":[47.5725495,-122.3074624],
"3460 colorado av s":[47.5715287,-122.3367069],
"38th av s \/ m l king jr way s":[47.5439407,-122.2846466],
"4043 34th av w":[47.657138,-122.401342],
"4110 interlake av n":[47.657201,-122.340468],
"4150 1st av s":[47.565578,-122.333632],
"4341 roosevelt way ne":[47.6605001,-122.3180101],
"4800 21st av sw":[47.5584566,-122.3601416],
"4802 s ryan way":[47.5079851,-122.2731929],
"5615 renton av s":[47.5514307,-122.2853406],
"5630 29th av sw":[47.551006,-122.369225],
"5756 34th av ne":[47.672001,-122.291155],
"5th av ne \/ woodlawn av ne":[47.6783368,-122.3253814],
"619 ne 77th st":[47.684381,-122.320695],
"6215 ne princeton way":[47.674861,-122.275765],
"6315 brooklyn av ne":[47.6746298,-122.3146788],
"6720 east green lake way n":[47.6783273,-122.3289329],
"7050 38th av ne":[47.680835,-122.28686],
"8735 15th av nw":[47.6935439,-122.3771467]
}