{
"11538 bartlett av ne":[47.713282,-122.283292],
"12040 36th av ne":[47.7167699,-122.288965],
"13022 2nd av nw":[47.723909,-122.359199],
"1305 n 41st st":[47.6566975,-122.3420213],
"13421 aurora av n":[47.7268584,-122.3450157],
"154 valley st":[47.626577,-122.353611],
"194 26th av":[47.6039687,-122.2986125],
"2200 7th av":[47.6168797,-122.3400024],
"2205-1\/2 1st av":[47.6126205,-122.3459012],
"2255 alki av sw":[47.5841306,-122.4003282],
"2757 ne 143rd pl":[47.7325147,-122.2968151],
"32nd av sw \/ 31st av sw":[47.5124038,-122.3726078],
"3rd av s \/ s hinds st":[47.5737062,-122.3299939],
"4403 beach dr sw":[47.5641605,-122.406766],
"4607 sw wildwood pl":[47.521045,-122.391646],
"5026 22nd av ne":[47.6657312,-122.3041786],
"5127 s farrar st":[47.5553389,-122.268658],
"517 28th av":[47.6067379,-122.2960993],
"5500 - 5899 s 119th st":[47.496513,-122.262937],
"6046 37th av sw":[47.5469714,-122.3787493],
"608 w emerson st":[47.6512,-122.365338],
"9426 49th av s":[47.517397,-122.27182],
"e mercer st \/ belmont av e":[47.6242998,-122.3240284],
"nw 75th st \/ alonzo av nw":[47.6832487,-122.37469],
"rainier av s \/ s thistle st":[47.5279251,-122.2699897],
"sb i5 at ne northgate wy":[47.706245,-122.330019]
}