{
"1007 n 45th st":[47.6613788,-122.3454322],
"10238 california av sw":[47.5109791,-122.3868941],
"11013 56th av s":[47.502055,-122.263216],
"1110 w garfield st":[47.6336608,-122.3723189],
"1209 9th av":[47.6105186,-122.3292609],
"12349 roosevelt way ne":[47.7192,-122.318458],
"12600 ashworth av n":[47.7215094,-122.3395488],
"1816 n 88th st":[47.6925389,-122.335695],
"1817 sw trenton st":[47.524504,-122.358615],
"2016 17th av s":[47.584956,-122.310391],
"202 30th av s":[47.6006703,-122.2936338],
"203 lake washington blvd e":[47.620159,-122.282176],
"2144 westlake av n":[47.6393129,-122.3408207],
"2436 42nd av e":[47.6409638,-122.2782737],
"30th av ne \/ ne 49th st":[47.6641306,-122.2956234],
"3441 33rd av w":[47.651672,-122.399768],
"3734 14th av s":[47.5697792,-122.3147432],
"4032 35th av sw":[47.5669634,-122.3758834],
"4137 california av sw":[47.5654788,-122.3870426],
"4500 37th av sw":[47.5628631,-122.3787542],
"4505 35th av s":[47.562637,-122.289143],
"4511 university way ne":[47.6616977,-122.3134743],
"4747 45th av sw":[47.5597459,-122.389886],
"4912 woodlawn av n":[47.664693,-122.338812],
"4th av w \/ w howe st":[47.6359402,-122.3623022],
"501 ne northgate way":[47.7086468,-122.3228828],
"5035 12th av ne":[47.665934,-122.315455],
"6543 beach dr sw":[47.543825,-122.398475],
"8048 crest dr ne":[47.687577,-122.273868],
"9042 15th av nw":[47.69553,-122.376238],
"9208 21st av sw":[47.5206423,-122.3604805],
"denny way \/ 1st av":[47.618586,-122.3552998]
}