{
"0 - 0 wb sr520 to lake washington":[47.644883,-122.296663],
"0 nb i5 at spokane":[47.566974,-122.32047],
"10025 32nd av sw":[47.512959,-122.373317],
"11202 2nd ln sw":[47.5022628,-122.3373059],
"11617 6th av nw":[47.7140056,-122.3638726],
"12747 10th av nw":[47.722812,-122.369438],
"130 n 132nd st":[47.725323,-122.357031],
"1523 15th av s":[47.5892524,-122.3140795],
"165 nw 65th st":[47.6757761,-122.3592934],
"2025 broadway e":[47.63803,-122.321682],
"207 20th av":[47.6039109,-122.306873],
"3107 37th pl s":[47.576383,-122.286917],
"3150 airport way s":[47.5755737,-122.3204201],
"323 w republican st":[47.623039,-122.361692],
"3717 34th av sw":[47.570542,-122.375336],
"3720 s brandon st":[47.553704,-122.285234],
"4023 corliss av n":[47.656262,-122.331794],
"404 n 92nd st":[47.6961707,-122.353637],
"42nd av ne \/ 41st av ne":[47.7000918,-122.2831149],
"4411 sw graham st":[47.5465534,-122.3892364],
"4500 38th av s":[47.5626649,-122.2846209],
"5009 delridge way sw":[47.5570526,-122.362925],
"5011 brooklyn av ne":[47.6653306,-122.3144988],
"6035 33rd av s":[47.546943,-122.290689],
"6053 5th av ne":[47.67386,-122.323726],
"6407 linden av n":[47.675648,-122.348634],
"799 nw culbertson dr":[47.731666,-122.366098],
"8812 23rd av ne":[47.6924937,-122.3039078],
"9128 10th av s":[47.5206087,-122.3203068],
"n 98th st \/ fremont av n":[47.700548,-122.3500178],
"occidental av s \/ s holgate st":[47.5860843,-122.333276],
"portland st \/ airport way s":[47.5338837,-122.2982563]
}