{
"12261 8th av nw":[47.719523,-122.366726],
"1321 n 44th st":[47.659722,-122.341112],
"1330 35th av s":[47.5914359,-122.2877299],
"1425 sw myrtle st":[47.538843,-122.35371],
"1447 nw ballard way":[47.6627863,-122.375747],
"1522 warren av n":[47.6330311,-122.3541244],
"1528 6th av w":[47.633168,-122.364645],
"1541 31st av s":[47.588276,-122.292862],
"1816 e yesler way":[47.6018595,-122.3082191],
"1st av nw \/ nw 59th st":[47.6716517,-122.3576956],
"2020 broadway e":[47.637923,-122.321284],
"2022 nw 64th st":[47.675509,-122.38329],
"2211 e miller st":[47.6414929,-122.303272],
"227 yale av n":[47.6201875,-122.3306459],
"2511 ne 100th st":[47.700892,-122.301096],
"3006 39th av sw":[47.577148,-122.381023],
"311 nw 53rd st":[47.666951,-122.361241],
"3538 ne 86th st":[47.691141,-122.288985],
"3618 40th av w":[47.652838,-122.407557],
"3822 33rd av sw":[47.5691141,-122.3737506],
"3908 ne 103rd st":[47.703167,-122.286198],
"3910 s holly st":[47.542668,-122.282706],
"4540 8th av ne":[47.6629261,-122.3187835],
"5226 brooklyn av ne":[47.667287,-122.313737],
"5471 s upland rd":[47.5471706,-122.2634424],
"5528 55th av ne":[47.669372,-122.268405],
"7515 mercer terrace dr":[47.535183,-122.236962],
"758 31st av":[47.608752,-122.292279],
"eb i90 at 77":[47.5889399,-122.2344491],
"latona av ne \/ ne 45th st":[47.6613478,-122.3250992],
"ne 65th st \/ 4th av ne":[47.6758894,-122.3243869],
"nw dock pl \/ ballard av nw":[47.6644589,-122.3809241],
"sw raymond st \/ 49th av sw":[47.5485922,-122.3951411]
}