{
"1007 nw 65th st":[47.67577,-122.370127],
"117 occidental av s":[47.6013287,-122.3328143],
"11715 12th av nw":[47.7140414,-122.3721184],
"120 lakeside av":[47.6026241,-122.2848379],
"13045 20th av ne":[47.724224,-122.308008],
"1633 5th av w":[47.6345826,-122.3640012],
"2159 38th av e":[47.6386975,-122.2851558],
"2214 franklin av e":[47.6387491,-122.3245722],
"2710 boyer av e":[47.6449373,-122.3167513],
"2715 w fulton st":[47.6456019,-122.392387],
"3425 m l king jr way s":[47.5722809,-122.297386],
"356 ne 76th st":[47.6837329,-122.323205],
"4143 22nd av sw":[47.565292,-122.361537],
"420 columbia st":[47.6047706,-122.3313858],
"4204 s holly st":[47.542605,-122.2805376],
"4546 34th av s":[47.5614944,-122.2896779],
"6242 6th av nw":[47.6754651,-122.3639557],
"7330 13th av nw":[47.6824152,-122.3722567],
"8609 12th av s":[47.526114,-122.318002],
"8715 hamlet av s":[47.525272,-122.266133],
"9001 29th av sw":[47.522689,-122.370328],
"9050 21st av sw":[47.521379,-122.360126],
"9220 25th av nw":[47.696685,-122.388305],
"9242 32nd av sw":[47.519836,-122.374106],
"929 n 85th st":[47.6904161,-122.346],
"930 24th av":[47.610952,-122.30105],
"e yesler way \/ 20th av":[47.6016712,-122.3063492],
"east montlake pl e \/ e roanoke st":[47.6431666,-122.3052073],
"eb i90 fr nb i5":[47.589961,-122.320533],
"roosevelt way ne \/ ne 92nd st":[47.6958372,-122.3175784],
"sb i5 at tullys":[47.579547,-122.319262]
}