{
"10460 waters av s":[47.506561,-122.248462],
"10713 19th av ne":[47.70726,-122.308821],
"110 ne 54th st":[47.668124,-122.327691],
"1111 31st av s":[47.592882,-122.293097],
"12004 31st av ne":[47.715717,-122.294908],
"13025 9th av nw":[47.724025,-122.368246],
"1416 1st av":[47.6083202,-122.3392165],
"14415 greenwood av n":[47.7337201,-122.356224],
"1703 15th av":[47.6166295,-122.3130745],
"2216 13th av s":[47.583137,-122.315731],
"24th av e \/ e helen st":[47.628182,-122.3017124],
"2821 e ward st":[47.6268074,-122.29566],
"3533 43rd av w":[47.6522,-122.4134744],
"4004 37th av s":[47.5677228,-122.2858234],
"402 n bowdoin pl":[47.6548202,-122.3542689],
"421 23rd av s":[47.5982796,-122.3025678],
"4541 university way ne":[47.6624936,-122.3135355],
"4614 s frontenac st":[47.5399731,-122.2746256],
"4747 45th av ne":[47.664567,-122.279741],
"4901 17th av s":[47.5587944,-122.3107845],
"4921 s rose st":[47.5291069,-122.2707576],
"6244 sycamore av nw":[47.675558,-122.358156],
"7138 30th av sw":[47.538026,-122.370808],
"8435 dallas av s":[47.5275873,-122.3162029],
"8805 16th av sw":[47.524449,-122.3554363],
"9616 17th av nw":[47.699528,-122.378144],
"9648 59th av s":[47.515341,-122.259025],
"9810 marine view dr sw":[47.515368,-122.390883],
"nw 61st st \/ 38th av nw":[47.6726006,-122.4053382],
"roosevelt way ne \/ ne 86th st":[47.6912794,-122.3176141],
"s king st \/ rainier av s":[47.598329,-122.3134133]
}