{
"10450 alderbrook pl nw":[47.705006,-122.364782],
"10527 whitman av n":[47.705815,-122.346438],
"11701 23rd av ne":[47.714152,-122.304769],
"118 ne 62nd st":[47.6738262,-122.3272384],
"1215 1st av":[47.6062991,-122.3381299],
"1620 sw barton st":[47.5211756,-122.3561467],
"3204 ne 120th st":[47.7155624,-122.2936477],
"3306 e denny way":[47.6185509,-122.289616],
"3407 east marginal way s":[47.5711836,-122.3398456],
"3535 ne 120th st":[47.7153279,-122.2900106],
"4550 15th av s":[47.5619754,-122.3132208],
"518 32nd av s":[47.597355,-122.291073],
"605 1st av":[47.6019734,-122.3345051],
"7015 8th av nw":[47.680054,-122.366428],
"731 n 105th st":[47.7048454,-122.3487213],
"7550 ravenna av ne":[47.684529,-122.303699],
"769 hayes st":[47.633757,-122.341446],
"8040 burke av n":[47.688104,-122.335201],
"818 e pike st":[47.6142164,-122.3211482],
"9200 aurora av n":[47.6958904,-122.3440185],
"9860 rainier av s":[47.513546,-122.250392],
"9th av nw \/ nw 48th st":[47.6636669,-122.3686126],
"barnes av nw \/ nw market st":[47.6686726,-122.3803422],
"n 105th st \/ holman rd n":[47.7050847,-122.3554277],
"s bangor st \/ waters av s":[47.5063893,-122.2488881]
}