{
"1243 e newton st":[47.637015,-122.31547],
"13028 42nd av ne":[47.72376,-122.282674],
"13039 6th av nw":[47.72443,-122.364032],
"14046 2nd av nw":[47.731827,-122.359197],
"14333 20th av ne":[47.733051,-122.30775],
"2130 n 50th st":[47.6650384,-122.3323032],
"302 nw 74th st":[47.6827306,-122.3608377],
"315 nw 103rd st":[47.7033923,-122.3615523],
"3200 mlk jr wy s":[47.5749149,-122.2966698],
"3326 e shore dr":[47.639641,-122.289614],
"3539 ne 95th st":[47.697207,-122.288803],
"3800 e jefferson st":[47.6060641,-122.2844637],
"4448 31st av s":[47.5631921,-122.2927022],
"4508 sw othello st":[47.5382056,-122.3907394],
"4553 glenn way sw":[47.5615303,-122.3886586],
"4663 1st av ne":[47.6644336,-122.3284881],
"4th av n \/ valley st":[47.6262994,-122.3488717],
"5104 ne 45th st":[47.661471,-122.272168],
"5921 34th av sw":[47.5494346,-122.3752807],
"6029 oakhurst rd s":[47.5483506,-122.2623934],
"611 w crockett st":[47.6375956,-122.3654816],
"616 nw 50th st":[47.66522,-122.364127],
"7011 holly park dr s":[47.5387604,-122.2871905],
"7015 14th av ne":[47.679905,-122.313579],
"7038 cleopatra pl nw":[47.680701,-122.365205],
"7100-7199 5th av ne":[47.6801666,-122.3228473],
"7333 10th av nw":[47.682411,-122.369717],
"8302 13th av nw":[47.688887,-122.372381],
"8400 6th av sw":[47.5280968,-122.3429041],
"9222 delridge way sw":[47.5203296,-122.3574054],
"9525 25th av nw":[47.698595,-122.388308],
"9608 roosevelt way ne":[47.698906,-122.317142],
"9832 42nd av s":[47.514024,-122.280275],
"whitman av n \/ n 107th st":[47.706534,-122.34606]
}