{
"0 - 0 sb i5 at tullys":[47.579547,-122.319262],
"1026 california ln sw":[47.5924856,-122.3887582],
"10600 m l king jr way s":[47.508676,-122.278241],
"10733 56th av s":[47.504017,-122.26378],
"11051 31st av ne":[47.709922,-122.29524],
"1125 sturgus av s":[47.5923048,-122.3132642],
"13027 23rd pl ne":[47.7237719,-122.303634],
"13331 30th av ne":[47.7257052,-122.296406],
"1600 aurora av n":[47.6388622,-122.3452795],
"1624 27th av":[47.6160832,-122.2974275],
"1645 e boston ter":[47.637425,-122.312485],
"2020 e howe st":[47.638992,-122.3061457],
"2034 s main st":[47.600248,-122.304675],
"2645 nw 58th st":[47.6707395,-122.3920716],
"2802 20th av s":[47.5785578,-122.3063308],
"2812 harris pl s":[47.577897,-122.302009],
"2919 1st av w":[47.6463333,-122.3587941],
"5061 sw grayson st":[47.581721,-122.396979],
"5100 rainier av s":[47.5561117,-122.2832329],
"5919 fauntleroy way sw":[47.5495949,-122.3830862],
"6017 47th av s":[47.547467,-122.274659],
"6034 22nd av s":[47.5475763,-122.3053862],
"621 20th av":[47.6078639,-122.3065965],
"6257 28th av ne":[47.6756313,-122.2977232],
"6508 phinney av n":[47.6763099,-122.3543179],
"6723 16th av nw":[47.678413,-122.378169],
"710 9th av n":[47.6257488,-122.3397196],
"737 s stacy st":[47.5812645,-122.3241501],
"749 n 98th st":[47.700276,-122.347983],
"7511 20th av ne":[47.6834623,-122.307041],
"8608 seward park av s":[47.526432,-122.264517],
"8839 17th av sw":[47.5234499,-122.356826],
"917 w raye st":[47.6430423,-122.3697534],
"9525 28th av nw":[47.698547,-122.393829],
"n 40th st \/ wallingford av n":[47.6556475,-122.336272]
}