{
"1107 s bailey st":[47.5475831,-122.3188397],
"1129 sw klickitat way":[47.5704981,-122.3469434],
"1218 4th av":[47.6081522,-122.3344421],
"12239 fremont av n":[47.718986,-122.350693],
"13th av s \/ airport way s":[47.5485609,-122.3159424],
"15230 15th av ne":[47.740384,-122.3105044],
"1600 38th av":[47.6152047,-122.2852411],
"1651 10th av e":[47.6345374,-122.320349],
"1711 e harrison st":[47.62191,-122.309486],
"1720 n 45th st":[47.6615218,-122.3366568],
"20th av ne \/ ne 63rd st":[47.6747919,-122.3065182],
"2119 5th av":[47.6148535,-122.3412342],
"2445 s judkins st":[47.5918523,-122.2993257],
"2600 thorndyke av w":[47.643192,-122.383811],
"319 nw 82nd st":[47.688168,-122.3615584],
"31st av w \/ w armour st":[47.6446114,-122.3969496],
"3208 ne 97th st":[47.699559,-122.29292],
"3261 15th av s":[47.5732489,-122.313677],
"3348 s graham st":[47.5461077,-122.2887398],
"3423 m l king jr way s":[47.5723015,-122.2970177],
"3519 sw othello st":[47.537197,-122.377635],
"3812 ne 91st st":[47.6947307,-122.2872808],
"4019 21st av w":[47.6564954,-122.3837721],
"410 w howe st":[47.6361117,-122.3629112],
"427 ne 73rd st":[47.6812643,-122.3238513],
"4710 burke av n":[47.6632691,-122.3348874],
"5075 lake washington blvd s":[47.554992,-122.261656],
"6527 sunnyside av n":[47.6769234,-122.3298483],
"7338 renton av s":[47.5351314,-122.2802401],
"7557 25th av nw":[47.6848166,-122.3890246],
"e harrison st \/ 13th av e":[47.6219665,-122.3157073],
"m l king jr way s \/ s myrtle st":[47.5388948,-122.2821759],
"n 145th st \/ bagley av n":[47.734125,-122.3330326],
"s brighton st \/ seward park av s":[47.5415842,-122.2650397],
"sb i5 fr 6 av":[47.601969,-122.325589],
"sw southern st \/ 37th av sw":[47.5298117,-122.3793229],
"swift av s \/ s willow st":[47.5409139,-122.3018181]
}