{
"10423 17th av ne":[47.704707,-122.310007],
"1427 western av":[47.6081237,-122.3411417],
"15725 westminster way n":[47.7438043,-122.3466507],
"1701 19th av":[47.6167397,-122.3074297],
"2424 4th av s":[47.5814769,-122.3290578],
"24th av e \/ e galer st":[47.6322864,-122.3016042],
"3200 airport way s":[47.5760036,-122.3208534],
"354 nw market st":[47.6681883,-122.3615126],
"3721 38th av s":[47.570041,-122.285354],
"3850 38th av s":[47.568261,-122.284719],
"3910 s mead st":[47.550649,-122.282889],
"425 15th av e":[47.6226619,-122.3129999],
"4425 2nd av nw":[47.661052,-122.358721],
"4621 ne 47th st":[47.6630879,-122.2781496],
"4627 s chicago st":[47.532334,-122.274101],
"500 terry av":[47.6053197,-122.3229853],
"6212 34th av ne":[47.674407,-122.290825],
"6514 40th av ne":[47.6761722,-122.2843497],
"6711 31st av sw":[47.5423251,-122.3722924],
"6950 24th av sw":[47.540151,-122.362655],
"757 n 65th st":[47.6758678,-122.3489513],
"8615 12th av sw":[47.5259896,-122.3509329],
"918 23rd av":[47.610587,-122.302389],
"9635 42nd av sw":[47.516456,-122.386522],
"9843 49th av s":[47.51314,-122.272473],
"sw holden st \/ 11th av sw":[47.5340531,-122.3492621]
}