{
"10338 44th av ne":[47.703221,-122.281011],
"11034 lake city way ne":[47.709415,-122.3007962],
"1147 nw 57th st":[47.6701595,-122.3728187],
"124 nw 143rd st":[47.73259,-122.358983],
"14056 30th av ne":[47.73182,-122.296241],
"1536 3rd av":[47.6105834,-122.3385369],
"1900 10th av e":[47.6359567,-122.3201028],
"1st av ne \/ ne 85th st":[47.6905596,-122.3283566],
"200 12th av s":[47.600477,-122.3168668],
"2223 alaskan way":[47.6116889,-122.3502378],
"2315 mcgilvra blvd e":[47.639656,-122.281141],
"2417 n 45th st":[47.6613529,-122.3293716],
"2663 10th av w":[47.6440375,-122.3704348],
"321 n 102nd st":[47.7026913,-122.3544074],
"3941 sw southern":[47.529708,-122.383861],
"414 ne 73rd st":[47.681378,-122.3243296],
"4211 brooklyn av ne":[47.6586973,-122.3144941],
"4326 sw dawson st":[47.556823,-122.388169],
"4400 48th av ne":[47.6607925,-122.2764009],
"4550 9th av nw":[47.6620288,-122.3682473],
"5104 2nd av nw":[47.665992,-122.3584394],
"512 22nd av":[47.606632,-122.303508],
"5134 s lucile":[47.5528027,-122.2683723],
"5563 18th av s":[47.5515984,-122.310253],
"5701 17th av nw":[47.6704011,-122.3791224],
"610 2nd av w":[47.6251097,-122.3589421],
"7016 14th av ne":[47.6799822,-122.3128931],
"720 s myrtle st":[47.5394288,-122.3254622],
"838 e gwinn pl":[47.6480968,-122.3204503],
"902 w fulton st":[47.6460239,-122.3696186],
"9502 13th av nw":[47.6980338,-122.3724515],
"e republican st \/ 15th av e":[47.6232729,-122.3126476],
"lake washington blvd s \/ s horton st":[47.5742346,-122.2810858],
"m l king jr way s \/ s trenton st":[47.5242901,-122.2787671],
"nw 62nd st \/ 17th av nw":[47.6738302,-122.3788816],
"nw 70th st \/ 10th av nw":[47.6795499,-122.3698252],
"roosevelt way ne \/ pinehurst way ne":[47.7103045,-122.3177158],
"seneca st \/ alaskan way":[47.60522,-122.3397577],
"w blaine st \/ 15th av w":[47.6348477,-122.3761886]
}