{
"11023 marine view dr sw":[47.504008,-122.381135],
"12538 25th av ne":[47.720481,-122.301452],
"13032 27th av ne":[47.7239131,-122.2988056],
"1409 e olive st":[47.6164398,-122.3137385],
"1514 nw 53rd st":[47.6673334,-122.3769848],
"1809 18th av":[47.6179801,-122.3088455],
"2207 5th av n":[47.6385595,-122.3473574],
"2506 5th av w":[47.641693,-122.3632614],
"2632 38th av w":[47.6440669,-122.4056025],
"2700 61st av sw":[47.5790879,-122.4106251],
"2720 19th av s":[47.5789169,-122.307635],
"2727 4th av s":[47.5789338,-122.3294885],
"2805 nw 60th st":[47.6720844,-122.3933927],
"3128 ne 81st st":[47.687607,-122.293722],
"3249 ne 89th st":[47.69287,-122.291283],
"3720 sw ida st":[47.5344143,-122.3802142],
"4626 25th av ne":[47.662602,-122.300903],
"4th av ne \/ ne 140th st":[47.7306367,-122.3251299],
"5017 sand point pl ne":[47.6653668,-122.2814681],
"6049 35th av sw":[47.5469577,-122.3764107],
"6407 shaffer av s":[47.5450118,-122.2950493],
"6500 sand point way ne":[47.6757388,-122.2635046],
"741 n 82nd st":[47.688164,-122.348143],
"8035 crest dr ne":[47.68718,-122.274484],
"808 davis pl s":[47.5956504,-122.3084592],
"8237 2nd av ne":[47.6897072,-122.3274153],
"8625 29th av ne":[47.691481,-122.29737],
"8760 sand point way ne":[47.693629,-122.270458],
"931 yakima av s":[47.59352,-122.294728],
"938 nw 58th st":[47.6711219,-122.370316],
"canterbury ln e \/ e mcgilvra st":[47.6407228,-122.281361],
"east montlake pl e \/ montlake blvd e":[47.6439468,-122.30407],
"latona av ne \/ ne 40th st":[47.6555192,-122.3256966],
"w armour st \/ 9th av w":[47.6450441,-122.3693586]
}