{
"10051 32nd av ne":[47.702611,-122.294509],
"10307 midvale av n":[47.703458,-122.343801],
"10417 63rd av s":[47.5076477,-122.2550203],
"110 warren av n":[47.6187075,-122.3541072],
"1104 grand av":[47.6117661,-122.2828013],
"1114 e shelby st":[47.647142,-122.317574],
"11259 marine view dr sw":[47.500818,-122.381086],
"118 nw 77th st":[47.6849647,-122.3588329],
"12220 greenwood av n":[47.7183876,-122.3552713],
"1512 ne 130th pl":[47.72561,-122.311739],
"1711 harvard av":[47.6167478,-122.3223058],
"1833 13th av":[47.6185031,-122.3159886],
"201 29th av s":[47.6006437,-122.2951887],
"2557 12th av w":[47.6423614,-122.3728872],
"2809 39th av w":[47.645319,-122.407469],
"3238 ne 94th st":[47.6968362,-122.2913607],
"3468 walnut av sw":[47.571349,-122.383257],
"3603 51st av sw":[47.571934,-122.397778],
"3817 evanston av n":[47.65337,-122.351623],
"3835 ne 97th st":[47.6990282,-122.2863655],
"4000 37th av s":[47.5678162,-122.2858334],
"4416 4th av nw":[47.6610199,-122.3620896],
"5226 mithun pl ne":[47.66768,-122.2825728],
"5241 mithun pl ne":[47.667245,-122.2807843],
"5265 18th av sw":[47.553867,-122.3572973],
"5515 60th av ne":[47.668988,-122.263746],
"5707 s ryan st":[47.5094816,-122.2608403],
"6122 6th av s":[47.5472412,-122.3258047],
"7737 15th av nw":[47.6861773,-122.377124],
"7938 7th av sw":[47.530763,-122.343845],
"7954 12th av sw":[47.530288,-122.350215],
"8001 23rd av nw":[47.6869628,-122.385706],
"8204 23rd av ne":[47.688736,-122.3024567],
"8320 wolcott av s":[47.529046,-122.26748],
"8912 cecil av s":[47.523227,-122.286669],
"9037 12th av nw":[47.6953493,-122.3713822],
"912 broadway e":[47.6272648,-122.3208715],
"9127 48th av s":[47.521576,-122.273237],
"917 13th av":[47.610925,-122.315789],
"9232 palatine av n":[47.697003,-122.35633],
"9271 ithaca pl s":[47.5196619,-122.2609555],
"9th av \/ columbia st":[47.6069829,-122.3260602],
"ne brockman pl \/ 15th av ne":[47.7240087,-122.3126806],
"nw 100th st \/ 7th av nw":[47.7015216,-122.3648131],
"sw thistle st \/ 16th av sw":[47.5282888,-122.3550538]
}