{
"10401 maplewood pl sw":[47.509934,-122.393122],
"10425 59th av s":[47.507371,-122.26016],
"11128 luther av s":[47.5009242,-122.2662497],
"11628 54th av s":[47.498474,-122.265719],
"118 30th av e":[47.619439,-122.293138],
"1331 n 121st st":[47.716083,-122.3403481],
"1715 ne 80th st":[47.6865067,-122.3091229],
"1867 e yesler way":[47.6016673,-122.3078865],
"1907 e blaine st":[47.6383857,-122.3068934],
"2025 41st av e":[47.6377612,-122.2799452],
"2324 ne 102nd st":[47.7022518,-122.3031839],
"3229 west viewmont way w":[47.649492,-122.409902],
"3703 sw sullivan st":[47.527418,-122.379555],
"3722 sw trenton st":[47.524923,-122.380356],
"3823 delridge way sw":[47.5688617,-122.3637342],
"5216 8th av nw":[47.6669283,-122.366132],
"544 ne 100th st":[47.701565,-122.321286],
"5501 21st av s":[47.553239,-122.306554],
"5932 32nd av s":[47.5488204,-122.2915334],
"6234 29th av ne":[47.6749491,-122.2963933],
"6531 2nd av nw":[47.6769,-122.359771],
"6735 41st av sw":[47.54193,-122.3844729],
"7 av \/ seneca st":[47.6088431,-122.3310577],
"7022 3rd av nw":[47.6803339,-122.360196],
"7504 15th av sw":[47.5352446,-122.3535812],
"9015 dibble av nw":[47.6947316,-122.3676417],
"9037 35th av sw":[47.5217766,-122.3771146],
"9427 6th av sw":[47.518301,-122.343262],
"leary av nw \/ 22nd av nw":[47.6686814,-122.3846368],
"n 50th st \/ aurora av n":[47.6648841,-122.3473933],
"nw 45th st \/ leary way nw":[47.6614676,-122.3671315]
}