{
"0 - 0 university br":[47.652964,-122.320204],
"103 ne 53rd st":[47.666952,-122.328056],
"1110 30th av":[47.6120305,-122.2934511],
"11545 9th av ne":[47.7135279,-122.319721],
"1225 nw 119th st":[47.714959,-122.37307],
"13723 30th av ne":[47.728499,-122.296864],
"1616 11th av w":[47.634063,-122.37132],
"1710 31st av s":[47.587731,-122.2922352],
"2129 n 88th st":[47.69225,-122.332474],
"2222 45th av sw":[47.583354,-122.388747],
"2617 2nd av n":[47.6437929,-122.3540618],
"2639 50th av sw":[47.580097,-122.395678],
"2812 s adams st":[47.5646641,-122.2981418],
"3019 s austin st":[47.5342399,-122.292503],
"3098 sw admiral way":[47.5729972,-122.3727144],
"3207 walnut av sw":[47.575395,-122.383873],
"3221 s portland st":[47.532855,-122.289793],
"361 n 76th st":[47.683797,-122.352696],
"4126 36th av sw":[47.5656279,-122.377093],
"4754 4th av ne":[47.664721,-122.323619],
"4818 sw ledroit pl":[47.5391125,-122.3944488],
"5201 seward park av s":[47.554607,-122.265523],
"5446 41st av sw":[47.552492,-122.383893],
"5601 18th av sw":[47.5518356,-122.3573358],
"59th av s \/ s bangor st":[47.5061086,-122.2594705],
"619 21st av":[47.6077924,-122.3054083],
"61st av sw \/ sw hinds st":[47.5741007,-122.4107947],
"6th av s \/ s river st":[47.544087,-122.3261372],
"773 32nd av":[47.609142,-122.291833],
"8019 27th av nw":[47.6873442,-122.3911926],
"8309 37th av s":[47.5292578,-122.286222],
"9124 20th av ne":[47.695578,-122.3065],
"9430 6th av sw":[47.518132,-122.342503],
"s dearborn st \/ 29th av s":[47.5957974,-122.2953888],
"sb i5 mid boeing field":[47.545461,-122.308073],
"wb i90 exp at rainier bus stop":[47.590425,-122.307616]
}