{
"1153 federal av e":[47.630206,-122.319481],
"11721 24th av ne":[47.714547,-122.303004],
"1244 ne 89th st":[47.6933269,-122.31298],
"1252 alki av sw":[47.593618,-122.389606],
"13610 greenwood av n":[47.728302,-122.355178],
"1523 broadway":[47.6147873,-122.321011],
"1718 ne 107th st":[47.706954,-122.309132],
"1728 23rd av":[47.6173133,-122.3023634],
"21st av e \/ e galer st":[47.6323018,-122.3047084],
"222 minor av n":[47.620241,-122.3326286],
"225 yesler way":[47.6017076,-122.330636],
"2314 nw 100th st":[47.701851,-122.386109],
"2633 nw market st":[47.6684513,-122.391389],
"3030 sw manning st":[47.571451,-122.37218],
"3423 e yesler way":[47.6016381,-122.2905884],
"3500 ne 52nd st":[47.6667125,-122.290155],
"3520 ne 130th st":[47.723193,-122.289828],
"3815 31st av w":[47.654583,-122.397316],
"3822 east stevens way ne":[47.6547129,-122.3048829],
"3919 whitman av n":[47.6547226,-122.3462962],
"4020 east stevens way ne":[47.6555953,-122.30415],
"4020 ne 55th st":[47.6688548,-122.2839729],
"4139 greenwood av n":[47.657481,-122.355804],
"4508 s orcas st":[47.5513034,-122.2771199],
"508 nw 73rd st":[47.6820035,-122.3629364],
"5100 russell av nw":[47.6653571,-122.3791702],
"5646 42nd av sw":[47.5507,-122.385245],
"5706 ne 61st st":[47.67305,-122.265791],
"6118 sw stevens st":[47.577986,-122.411543],
"7506 34th av nw":[47.6834164,-122.4000969],
"7912 5th av ne":[47.6864963,-122.3227221],
"8817 16th av sw":[47.5241,-122.355473],
"9208 holman rd nw":[47.6964016,-122.3716869],
"9318 stone av n":[47.696871,-122.341574],
"9802 15th av ne":[47.700506,-122.311856],
"e gwinn pl \/ harvard av e":[47.6478356,-122.3221151],
"n 43rd st \/ aurora av n":[47.659577,-122.347266],
"n 55th st \/ greenwood av n":[47.6686679,-122.3553587],
"n 65th st \/ linden av n":[47.6760724,-122.3483357],
"ne 73rd st \/ 11th av ne":[47.681558,-122.316403]
}