{
"11021 meridian av n":[47.7088694,-122.3340012],
"1136 25th av":[47.6125952,-122.2998629],
"11715 fremont av n":[47.71464,-122.350632],
"118 boston st":[47.6385009,-122.3548047],
"120 lake washington blvd e":[47.618241,-122.280504],
"1221 federal av e":[47.631176,-122.31948],
"12509 densmore av n":[47.719951,-122.338995],
"1400 e prospect st":[47.6302814,-122.3142336],
"14050 1st av ne":[47.7334809,-122.3272809],
"1510 n 57th st":[47.670395,-122.338339],
"1521 10th av":[47.614712,-122.319481],
"205 36th av e":[47.620393,-122.287235],
"25th av s \/ s holgate st":[47.5863143,-122.3002975],
"2810 s alaska st":[47.5616624,-122.2971929],
"2811 nw 59th st":[47.671435,-122.393384],
"3225 nw 57th st":[47.670163,-122.399479],
"3252 45th av sw":[47.574121,-122.389012],
"3317 e union st":[47.6127829,-122.289575],
"3325 lakewood av s":[47.57259,-122.282183],
"3430 26th av w":[47.651328,-122.389304],
"406 n 44th st":[47.660404,-122.354014],
"4260 s juneau st":[47.549918,-122.278204],
"4319 fremont av n":[47.6595794,-122.3500605],
"4319 ne 87th st":[47.691654,-122.281152],
"4420 leary way nw":[47.6613312,-122.3665498],
"4456 s morgan st":[47.5444442,-122.2756381],
"4760 21st av ne":[47.6646394,-122.3052604],
"5th av & denny way":[47.6185754,-122.347418],
"6009 35th av s":[47.5475914,-122.2892535],
"609 wellington av":[47.607161,-122.2846198],
"6378 cycle ln sw":[47.5490173,-122.3714493],
"6516 36th av sw":[47.5441441,-122.3775162],
"708 m l king jr way":[47.6084415,-122.2959032],
"727 n 48th st":[47.663365,-122.348788],
"7338 47th av ne":[47.682541,-122.277298],
"740 22nd av e":[47.6264071,-122.3032575],
"7725 14th av nw":[47.68575,-122.374501],
"80 wall st":[47.6141763,-122.3494439],
"8329 38th av s":[47.5287102,-122.2851158],
"9006 4th av sw":[47.5224702,-122.3399279],
"9122 30th av ne":[47.695504,-122.295694],
"nw 45th st \/ 9th av nw":[47.6614797,-122.3686158],
"pike st \/ 3rd av":[47.6097479,-122.337795],
"s barton st \/ chief sealth trl":[47.5210216,-122.2770818]
}