{
"10022 36th av sw":[47.513003,-122.377028],
"1007 s eddy st":[47.5455778,-122.3191939],
"1324 16th av s":[47.5907737,-122.312488],
"13520 corliss av n":[47.727476,-122.33114],
"13541 37th av ne":[47.72778,-122.288645],
"14002 lenora pl n":[47.7306543,-122.343141],
"14555 6th av ne":[47.6853076,-122.3215992],
"1575 magnolia blvd w":[47.633619,-122.399742],
"1st av s \/ s washington st":[47.6008819,-122.3341001],
"2101 15th av s":[47.584393,-122.313759],
"2401 e cherry st":[47.6079914,-122.3007619],
"2411 14th av s":[47.5814662,-122.3152204],
"2620 california av sw":[47.5805383,-122.3862776],
"2726 harvard av e":[47.6453276,-122.3217373],
"2930 fuhrman av e":[47.648083,-122.316922],
"3329 35th av s":[47.5728563,-122.289159],
"4055 39th av sw":[47.5667738,-122.3818244],
"418 31st av e":[47.6230665,-122.2916793],
"4340 s bennett st":[47.554539,-122.277633],
"4811 27th av s":[47.559316,-122.298322],
"4814 s graham st":[47.546324,-122.271927],
"6027 4th av nw":[47.673198,-122.362199],
"6103 24th av nw":[47.673222,-122.3876165],
"6830 rainier av s":[47.5407804,-122.2716262],
"816 21st av":[47.60958,-122.304656],
"818 ne 71st st":[47.680392,-122.318959],
"831 ne 82nd st":[47.687981,-122.318869],
"88 blanchard st":[47.6122782,-122.3458579],
"8812 9th av nw":[47.69325,-122.368252],
"8955 se 44th st":[47.566587,-122.219175],
"9214 woodlawn av n":[47.6964508,-122.3386778],
"dayton av n \/ n 39th st":[47.6541514,-122.3523393],
"nw 77th st \/ 25th av nw":[47.6849726,-122.3886984],
"s doris st \/ corson av s":[47.549577,-122.3207205],
"woodland park av n \/ n 47th st":[47.6628852,-122.3445983]
}