{
"11848 56th pl s":[47.4961002,-122.2671841],
"1201 e newton st":[47.63702,-122.317169],
"123 nw 144th st":[47.7329916,-122.3594594],
"1528 1st av":[47.6096473,-122.34054],
"1615 9th av":[47.6137673,-122.3322655],
"1900 25th av e":[47.635961,-122.300246],
"1903 yale pl e":[47.6359007,-122.3256494],
"2026 e louisa st":[47.642684,-122.304305],
"2400 15th av s":[47.5811764,-122.3133255],
"3431 california av sw":[47.5728464,-122.3871495],
"3524 s austin st":[47.534655,-122.287045],
"4041 53rd av sw":[47.5673109,-122.401052],
"4136 1st av s":[47.5657983,-122.3341875],
"4600 east marginal way s":[47.5622184,-122.3386029],
"4715 16th av ne":[47.6635473,-122.311089],
"5209 green lake way n":[47.6667501,-122.3400931],
"5567 greenwood av n":[47.669637,-122.355704],
"5587 kenwood pl n":[47.670659,-122.336252],
"6341 42nd av sw":[47.5455356,-122.3857567],
"6533 30th av ne":[47.67681,-122.295483],
"6720 west marginal way sw":[47.5414866,-122.3434067],
"7015 46th av s":[47.539265,-122.275682],
"8639 44th av s":[47.52493,-122.278346],
"9806 42nd av s":[47.5146364,-122.2804646],
"green lake turn rd \/ west green lake way n":[47.6697733,-122.3403425],
"roosevelt way ne \/ eastlake av ne":[47.6556535,-122.3181501],
"wallingford av n \/ n 37th st":[47.6519834,-122.3363189]
}