{
"1000 nw 120th st":[47.716252,-122.368292],
"10223 39th av sw":[47.511406,-122.382045],
"103 w lee st":[47.6313072,-122.3582761],
"1051 s sullivan st":[47.5270763,-122.3179912],
"10713-10998 corliss av n":[47.7099552,-122.3313731],
"11345 5th av ne":[47.7117913,-122.3236398],
"12042 sand point way ne":[47.717222,-122.283433],
"1209 n 47th st":[47.6626721,-122.343173],
"12527 3rd av nw":[47.720459,-122.361386],
"1400 madison st":[47.6110087,-122.3216264],
"1415 e interlaken blvd":[47.638431,-122.313662],
"1628 23rd av":[47.616188,-122.302114],
"2002 s brandon st":[47.55443,-122.306729],
"24th av s \/ s massachusetts st":[47.5883597,-122.3012659],
"2915 s main st":[47.6002345,-122.2944145],
"3027 ne 100th st":[47.700868,-122.294905],
"3315 37th av s":[47.573278,-122.286297],
"3798 montlake blvd ne":[47.6518064,-122.3034726],
"4514 s mead st":[47.550629,-122.276512],
"5062 9th av ne":[47.666316,-122.3180819],
"5409 8th av nw":[47.667992,-122.3661764],
"542 ne 120th st":[47.716094,-122.321763],
"6063 6th av ne":[47.6739992,-122.3225991],
"6544 fauntleroy way sw":[47.5442971,-122.3892118],
"6814 oswego pl ne":[47.678368,-122.322441],
"780 n 73rd st":[47.6819142,-122.3465936],
"819 ne 58th st":[47.670537,-122.319198],
"8209 16th av ne":[47.688816,-122.311441],
"8610 44th av s":[47.5257755,-122.2776954],
"8615 beacon av s":[47.5255439,-122.288919],
"e james st \/ 22nd av":[47.6071692,-122.3037921],
"s charles st \/ 25th av s":[47.5945837,-122.3000969]
}