{
"0 - 0 nb i5 fr michigan":[47.548793,-122.315055],
"0 - 0 sb i5 at 50":[47.661199,-122.322412],
"107 n 82nd st":[47.6882308,-122.3575596],
"1100 poplar pl s":[47.5928154,-122.3103497],
"1100 s jackson st":[47.5992133,-122.3173289],
"11004 evanston av n":[47.708894,-122.351104],
"1224 warren pl":[47.6304823,-122.3536716],
"12th av e \/ volunteer park rd":[47.6284396,-122.3167748],
"1317 44th av sw":[47.5916947,-122.3875579],
"1506 e olive way":[47.6179065,-122.3264506],
"1516 s hanford st":[47.575301,-122.312613],
"15th av nw \/ nw 65th st":[47.6760054,-122.3765168],
"1873 e yesler way":[47.6016672,-122.3078456],
"225 n 117th st":[47.7141523,-122.355926],
"2419 everett av e":[47.6412421,-122.3148174],
"2430 s columbian way":[47.560456,-122.301971],
"2511 43rd av w":[47.6418679,-122.4123039],
"2855 35th av w":[47.646655,-122.4026873],
"2944 1st av s":[47.5773586,-122.3341061],
"3026 27th av w":[47.6476619,-122.391192],
"3101 s holly st":[47.5426331,-122.2927745],
"3202 ne clark rd":[47.6595558,-122.2937302],
"3235 nw 56th st":[47.6692854,-122.399904],
"3318 wetmore av s":[47.5739025,-122.2930031],
"3516 s webster st":[47.5359237,-122.2873623],
"3707 s cloverdale st":[47.525826,-122.285487],
"3930 14th av s":[47.5680262,-122.3143727],
"4035 39th av s":[47.5668867,-122.2842438],
"4201 w bertona st":[47.6502762,-122.4109962],
"42nd av sw \/ sw alaska st":[47.5610662,-122.3854804],
"431 broadway e":[47.6225398,-122.3215982],
"4852 35th av sw":[47.557593,-122.375819],
"5111 leary av nw":[47.6651212,-122.3806343],
"525 pine st":[47.6118192,-122.3355413],
"6th av w \/ w garfield st":[47.6335208,-122.3650147],
"7216 greenwood av n":[47.6815921,-122.3552727],
"7330 vashon pl sw":[47.53716,-122.389554],
"7711 46th av sw":[47.5336606,-122.3918318],
"7734 15th av sw":[47.53266,-122.353601],
"8522 25th av nw":[47.691334,-122.388495],
"8610 17th av ne":[47.6916122,-122.3092349],
"8621 31st av sw":[47.5258161,-122.3728843],
"8652 fauntleroy way sw":[47.525142,-122.392389],
"919 n 49th st":[47.6642812,-122.346509],
"9550 myers way s":[47.5145776,-122.3305975],
"9736 phinney av n":[47.700767,-122.353685]
}