{
"1325 s angeline st":[47.560016,-122.3149396],
"14313 32nd av ne":[47.7324841,-122.2940575],
"1523 broadway e":[47.6147873,-122.321011],
"1541 15th av w":[47.6329073,-122.3772574],
"1763 s dawson st":[47.555373,-122.30775],
"2001 18th av s":[47.585366,-122.309836],
"2110 n northgate way":[47.7086828,-122.3335444],
"220 ne 65th st":[47.676133,-122.3262409],
"2815 s raymond st":[47.547876,-122.296208],
"3308 ne 120th st":[47.715767,-122.292389],
"4239 s hudson st":[47.5570219,-122.2797659],
"4435 s frontenac st":[47.539519,-122.276593],
"4509 cascadia av s":[47.562554,-122.28314],
"4800 51st pl sw":[47.5593542,-122.3975807],
"510 rainier av s":[47.59795,-122.312732],
"5214 42nd av s":[47.554653,-122.280369],
"5234 45th av s":[47.554141,-122.276225],
"5509 s avon st":[47.501061,-122.264714],
"6011 ne 64th st":[47.674682,-122.262921],
"6024 1st av nw":[47.673133,-122.357157],
"8590 - 8984 nb sr99 at henderson":[47.5230804,-122.3208841],
"evanston av n \/ n 65th st":[47.6760732,-122.351343],
"ne 90th st \/ roosevelt way ne":[47.694016,-122.3176003],
"s horton st \/ 36th av s":[47.5737825,-122.2877267]
}