{
"10303 holman rd n":[47.7039578,-122.3583615],
"10544 riviera pl ne":[47.7053299,-122.274815],
"11822 31st pl ne":[47.71474,-122.295094],
"1212 2nd av n":[47.6301995,-122.3523345],
"1519 12 av":[47.6149229,-122.3172436],
"1519 ne 130th pl":[47.724796,-122.311925],
"1529 nw 58th st":[47.670608,-122.37747],
"2119 23rd av w":[47.638194,-122.386536],
"2124 48th av sw":[47.5846676,-122.3926012],
"2914 harris pl s":[47.5770383,-122.302022],
"300 s spokane st":[47.5717051,-122.3300616],
"3210 nw 61st st":[47.673227,-122.398906],
"322 n 134th st":[47.7264015,-122.3544745],
"3438 34th av w":[47.651672,-122.400601],
"3631 22nd av sw":[47.5705008,-122.3613582],
"3718 wallingford av n":[47.6526,-122.335936],
"4001 e stevens way n":[47.6553169,-122.3049381],
"4040 george washington ln ne":[47.6555727,-122.3104371],
"4514 corliss av n":[47.661897,-122.330987],
"5219 4th av s":[47.5551288,-122.3298675],
"5551 30th av ne":[47.66997,-122.295327],
"6501 35th av ne":[47.6757936,-122.2902838],
"6552 palatine av n":[47.677508,-122.356115],
"920 7th av":[47.6072872,-122.329085],
"980 nw elford dr":[47.729179,-122.370047],
"atlantic city boat ramp":[47.5228309,-122.2632845],
"linden av n \/ n 93rd st":[47.6963728,-122.3472776],
"nb i5 to ravenna":[47.670323,-122.321644]
}