{
"11219 fremont av n":[47.711217,-122.350565],
"11735 23rd av ne":[47.714895,-122.304872],
"11th av e \/ e republican st":[47.6231307,-122.3178036],
"12531 19th av ne":[47.7203779,-122.309609],
"13500 linden av n":[47.7272328,-122.3471283],
"13519 22nd av ne":[47.727094,-122.305567],
"1835 41st av e":[47.6357223,-122.2799705],
"2216 38th pl e":[47.638585,-122.283578],
"2302 nw 96th st":[47.699204,-122.385522],
"2319 nw blue ridge dr":[47.703133,-122.385652],
"3002 fuhrman av e":[47.6480868,-122.317773],
"3414 s holly pl":[47.542325,-122.288339],
"3516 sw ocean view dr":[47.502535,-122.377117],
"4102 53rd av sw":[47.566514,-122.399777],
"4334 woodlawn av n":[47.660183,-122.338233],
"4507 sw othello st":[47.5378429,-122.3902536],
"4803 42nd av s":[47.5592582,-122.2807542],
"5123 s garden loop rd":[47.5130042,-122.2699125],
"51st av s \/ s 107th st":[47.5070211,-122.270099],
"55 s spokane st":[47.571368,-122.3353479],
"6230 m l king jr way s":[47.5461308,-122.2854607],
"7120 greenwood av n":[47.6809095,-122.3550157],
"724 s kenyon st":[47.532182,-122.32432],
"8043 meridian av n":[47.6881458,-122.3334744],
"914 nw 73rd st":[47.6816354,-122.3691187],
"915 14th av":[47.610858,-122.314383],
"957 22nd av e":[47.628478,-122.303897],
"lake washington blvd e \/ 26th av e":[47.641221,-122.2984511],
"minor av n \/ denny way":[47.6185159,-122.3329677],
"nw 80th st \/ 23rd av nw":[47.6868138,-122.3854149],
"west marginal way sw \/ sw dakota st":[47.5673382,-122.3539685]
}