{
"10217 38th av sw":[47.51144,-122.380879],
"1048 ne 125th st":[47.719685,-122.316138],
"110 w olympic pl":[47.626935,-122.358799],
"1100 sw thistle st":[47.5283315,-122.3493178],
"12002 palatine av n":[47.716147,-122.356526],
"13005 2nd av nw":[47.7234976,-122.3597413],
"1301 5th av":[47.6090058,-122.3343998],
"13027 ashworth av n":[47.7239454,-122.3399054],
"1323 terry av":[47.6112408,-122.3284359],
"1603 7th av w":[47.6337306,-122.3666728],
"161 29th av":[47.6034022,-122.2952043],
"1616 e harrison st":[47.6222489,-122.3104186],
"1707 nw 73rd st":[47.6811524,-122.3793536],
"2008 14th av s":[47.5851198,-122.3143933],
"2120 n 120th st":[47.716127,-122.333135],
"2416 e madison st":[47.6204844,-122.3008449],
"2452 nw 58th st":[47.6709414,-122.3899231],
"2619 5th av":[47.6181514,-122.3471149],
"3121 w galer st":[47.632093,-122.398153],
"3203 w mcgraw st":[47.6393728,-122.3986014],
"3601 e cherry st":[47.6077715,-122.2869172],
"400 highland dr":[47.629985,-122.348769],
"4100 fremont av n":[47.6566744,-122.3499214],
"4529 s brandon st":[47.553191,-122.2763223],
"45th av s \/ s othello st":[47.5370591,-122.2766951],
"5233 28th av s":[47.555015,-122.297348],
"620 10th av e":[47.624893,-122.319558],
"6831 28th av ne":[47.678569,-122.297732],
"717 dexter av n":[47.625988,-122.342746],
"74 s jackson st":[47.5995076,-122.3351679],
"7746 36th av ne":[47.686242,-122.2892403],
"8246 interlake av n":[47.6900791,-122.3401692],
"8850 10th av sw":[47.52323,-122.347642],
"9908 32nd av sw":[47.514363,-122.372794],
"terrace st \/ terry av":[47.6045952,-122.3223349],
"williams av w \/ w elmore st":[47.6576714,-122.3922545]
}