{
"1123 e pike st":[47.6140852,-122.3171124],
"11243 57th av s":[47.498994,-122.261421],
"11742 20th av ne":[47.715153,-122.30677],
"120 w mcgraw st":[47.6397363,-122.3592116],
"1207 6th av n":[47.6300452,-122.3453036],
"1520 broadway e":[47.6146841,-122.3205598],
"1601 3rd av":[47.6107429,-122.3393973],
"1619 s weller st":[47.5973194,-122.3105862],
"163 hayes st":[47.6338788,-122.353688],
"2118 n 90th st":[47.6939448,-122.3329171],
"3011 ne 94th st":[47.696316,-122.295403],
"4330 91st av se":[47.5683,-122.217253],
"4715 ne 39th st":[47.656554,-122.276755],
"5208 ballard av nw":[47.6659082,-122.3825057],
"5749 29th av ne":[47.671728,-122.296604],
"615 summit av e":[47.62478,-122.325687],
"620 1st av n":[47.6251455,-122.3543978],
"6502 east green lake way n":[47.676117,-122.332213],
"6720 14th av sw":[47.542186,-122.352289],
"7737 38th av ne":[47.685984,-122.287735],
"802 4th av":[47.6047383,-122.331678],
"817 5th av n":[47.6269154,-122.347893],
"8553 interlake av n":[47.6920305,-122.3405669],
"8629 36th av sw":[47.5252374,-122.3781486],
"8651 45th av s":[47.5245327,-122.2760599],
"9433 13th av sw":[47.518146,-122.3520203],
"9634 15th av nw":[47.699968,-122.376345]
}