{
"0 eb sr520 at mid span":[47.640356,-122.259147],
"1001 14th av e":[47.6278913,-122.3149298],
"10240 california av sw":[47.51084,-122.386799],
"12546 fremont av n":[47.7209148,-122.3500685],
"1306 ne 75th st":[47.683316,-122.313834],
"1603 w dravus st":[47.648259,-122.377801],
"165 s king st":[47.5982877,-122.3326218],
"1807 3rd av w":[47.635056,-122.361389],
"2027 19th av s":[47.5846997,-122.3085006],
"2341 w newton st":[47.6368086,-122.3880165],
"2408 ne 125th st":[47.7195034,-122.3026474],
"24th av w \/ w thurman st":[47.6558065,-122.3874713],
"2840 s holden st":[47.533985,-122.294347],
"3917 s findlay st":[47.551743,-122.282658],
"4032 ne 58th st":[47.671474,-122.283396],
"4322 5th av nw":[47.659658,-122.362614],
"4553 14th av s":[47.5619472,-122.31511],
"4585 texas way":[47.6634589,-122.4056851],
"4614 40th av ne":[47.6619883,-122.2847551],
"4815 s austin st":[47.5344089,-122.271865],
"5365 - 5429 sand point way ne":[47.6683409,-122.2766045],
"5905 11th av nw":[47.6718593,-122.370996],
"600 s washington st":[47.6008931,-122.3263683],
"618 e pine st":[47.6152453,-122.3237131],
"6556 palatine av n":[47.677644,-122.356114],
"6557 25th av nw":[47.677559,-122.38898],
"6612 roosevelt way ne":[47.6767811,-122.3173557],
"666 s king st":[47.5984661,-122.3242038],
"6750 murray av sw":[47.5418049,-122.393568],
"6819 phinney av n":[47.6793631,-122.354643],
"7338 25th av nw":[47.682486,-122.3884],
"7411 aurora av n":[47.683168,-122.344841],
"7718 20th av sw":[47.533111,-122.358746],
"7736 ridge dr ne":[47.685313,-122.27494],
"8039 27th av nw":[47.6878952,-122.3911895],
"8051 22nd av nw":[47.6883371,-122.3846186],
"808 s thistle st":[47.528409,-122.32246],
"830 ne 90th st":[47.694273,-122.318881],
"8310 20th av nw":[47.689085,-122.381859],
"8725 28th av nw":[47.692833,-122.393281],
"9770 lake city way ne":[47.6999184,-122.3036264],
"9943 beacon av s":[47.5112949,-122.272789],
"franklin av e \/ e newton st":[47.6367649,-122.324684],
"n 40th st \/ ashworth av n":[47.6556597,-122.3398914],
"ne northlake way \/ 6th av ne":[47.6544772,-122.322495],
"thomas st \/ yale av n":[47.620826,-122.3304214]
}