{
"100 summit av e":[47.6190372,-122.3251556],
"10825 8th av nw":[47.707713,-122.367002],
"1116 n northgate way":[47.7052163,-122.3438552],
"11348 3rd av ne":[47.711718,-122.325853],
"13575 roosevelt way n":[47.728029,-122.333359],
"1401 harvard av":[47.6133487,-122.3221238],
"15th av nw \/ nw 96th st":[47.6989802,-122.376801],
"2125 s atlantic st":[47.589345,-122.304085],
"2146 n 64th st":[47.675422,-122.33133],
"2151 fairmount av sw":[47.58394,-122.380949],
"2900 22nd av s":[47.577391,-122.304035],
"3827 ne 90th st":[47.693585,-122.286791],
"3940 benton ln ne":[47.65427,-122.306322],
"4200 sw admiral way":[47.5814635,-122.3854328],
"4400 37th av sw":[47.564528,-122.378377],
"4840 forest av se":[47.559376,-122.229046],
"5023 49th av sw":[47.556815,-122.395321],
"5038 wilson av s":[47.5559214,-122.2702842],
"5515 26th av nw":[47.6691708,-122.3903743],
"7320 38th av s":[47.5366759,-122.2846316],
"8540 13th av nw":[47.691837,-122.372377],
"8800 m l king jr way s":[47.5241336,-122.2787804],
"9043 51st av ne":[47.694934,-122.2732869],
"9331 56th av s":[47.5180813,-122.2631329],
"9406 30th av sw":[47.518899,-122.371047],
"ne 120th st \/ 31st av ne":[47.715573,-122.295259],
"west marginal way sw \/ sw front st":[47.5410321,-122.3430134]
}