{
"11814 56th pl s":[47.4968302,-122.2680592],
"12234 ashworth av n":[47.7181353,-122.3395052],
"1322 n 79th st":[47.6864169,-122.3407427],
"13900 lake city way ne":[47.7299619,-122.2922867],
"1502 bigelow av n":[47.632453,-122.34801],
"1709 37th av":[47.616811,-122.28624],
"1724 n 137th st":[47.728903,-122.337161],
"1919 western av":[47.6099947,-122.3432258],
"1927 3rd av":[47.61194,-122.3407883],
"200 dexter av n":[47.6197359,-122.342394],
"204 12th av s":[47.6006422,-122.3169828],
"2160 n 163rd st":[47.7474077,-122.3319846],
"2720 76th av se":[47.586083,-122.236783],
"30 av s\/s dawson st":[47.5553641,-122.29417],
"302 ne northgate way":[47.7091458,-122.3248038],
"3217 sw 97th st":[47.516392,-122.374273],
"3800 s willow st":[47.540862,-122.28462],
"4026 39th av sw":[47.5674757,-122.3811475],
"4318 winslow pl n":[47.6601453,-122.3463523],
"4341 university way ne":[47.6610116,-122.3134305],
"4803 beacon av s":[47.5593559,-122.3049658],
"5912 s prentice st":[47.507883,-122.258714],
"652 nw 86th st":[47.691583,-122.365574],
"718 cherry":[47.6058333,-122.3271475],
"7273 27th av ne":[47.6827611,-122.2989194],
"8620 delridge way sw":[47.5258254,-122.3602232],
"8701 17th av nw":[47.692559,-122.379264],
"9055 palatine av n":[47.6958123,-122.3569474],
"9106 7th av s":[47.521989,-122.324711],
"93 denny way":[47.6185733,-122.3552998],
"9406 34th av sw":[47.519014,-122.375139],
"9999 holman rd nw":[47.7017252,-122.3638424],
"e fir st \/ m l king jr way":[47.6026559,-122.296764],
"s king st \/ m l king jr way s":[47.5980635,-122.2974439],
"sw michigan st \/ 1st av s":[47.5402624,-122.3345069]
}