{
"1013 ne 104th st":[47.7037509,-122.317137],
"10th pl ne \/ ne 120th st":[47.7158597,-122.3173736],
"134 ne 63rd st":[47.6745613,-122.3267095],
"2019 24th av s":[47.584935,-122.302009],
"2112 19th av s":[47.5841236,-122.3079163],
"2301 2nd av":[47.614016,-122.3460484],
"2610 california av sw":[47.5807865,-122.3862491],
"2930 s frontenac st":[47.5401234,-122.2947014],
"309 melrose av e":[47.6209123,-122.327885],
"3202 s dawson st":[47.5554169,-122.2912917],
"346 n 103rd st":[47.7038366,-122.3532837],
"4215 ne 73rd st":[47.681366,-122.28299],
"4333 brooklyn av ne":[47.6607082,-122.314789],
"4337 palatine av n":[47.660646,-122.356449],
"4514 s orcas st":[47.551394,-122.276978],
"4538 41st av sw":[47.561762,-122.383645],
"4540 west marginal way sw":[47.5626441,-122.352125],
"50 bell st":[47.6124993,-122.3477087],
"5050 43rd av s":[47.5556056,-122.2793064],
"5252 university way ne":[47.6679516,-122.3129357],
"6112 9th av ne":[47.6729703,-122.3183455],
"6546 ravenna av ne":[47.6771408,-122.30382],
"7063 27th av sw":[47.5393671,-122.3683975],
"7104 greenwood av n":[47.6805388,-122.3550591],
"7314 earl av nw":[47.681785,-122.3915961],
"7714 21st av ne":[47.685325,-122.305052],
"7th av ne \/ ne 55th st":[47.6685986,-122.3206716],
"8024 40th av ne":[47.687321,-122.284925],
"8122 15th av sw":[47.529304,-122.35362],
"816 e union st":[47.6129304,-122.3219458],
"839 ne 90th st":[47.693795,-122.318598],
"8900 35th av sw":[47.5230302,-122.376655],
"935 n 73rd st":[47.681608,-122.34493],
"d8801 9th av sw":[47.524399,-122.34711],
"n 35th st \/ fremont av n":[47.6505109,-122.3498711],
"rainier av s \/ s estelle st":[47.5718951,-122.2932252]
}