{
"11111 aurora av n":[47.7093333,-122.3453599],
"120 newton st":[47.6367389,-122.3546088],
"12527 fremont av n":[47.7203919,-122.35071],
"14070 hill top ln nw":[47.7329788,-122.3670934],
"1924 48th av sw":[47.5860564,-122.392549],
"20th av nw \/ nw 64th st":[47.6752914,-122.3821409],
"3606 nw 64th st":[47.6750276,-122.4038926],
"4028 courtland pl s":[47.567048,-122.286439],
"4134 12th av ne":[47.6578735,-122.3152358],
"4209 2nd av ne":[47.657991,-122.32763],
"4225 s raymond st":[47.547953,-122.279602],
"4508 university way ne":[47.6616111,-122.312741],
"5417 fauntleroy way sw":[47.553263,-122.382025],
"5514 17th av s":[47.5529495,-122.3107471],
"5717 s leo st":[47.502156,-122.260554],
"6273 20th av ne":[47.67421,-122.306857],
"6535 chapin pl n":[47.6770084,-122.3303678],
"720 n 84th st":[47.690056,-122.348995],
"721 2nd av":[47.6035096,-122.3339302],
"7959 16th av sw":[47.530212,-122.355437],
"803 24th av s":[47.595436,-122.301495],
"803 34th av e":[47.626362,-122.288601],
"8th av nw \/ nw 41st st":[47.6568245,-122.3659882],
"9481 myers way s":[47.5198768,-122.3339054],
"9542 9th av nw":[47.699074,-122.368347],
"e hamlin st \/ broadway e":[47.6456209,-122.3208529]
}