{
"100 yesler way":[47.6020338,-122.333886],
"1008 e denny way":[47.6189281,-122.3189469],
"1108 nw 80th st":[47.6870801,-122.3707243],
"1110 18th av e":[47.629056,-122.308228],
"1119 mercer st":[47.6241969,-122.3348407],
"11504 sand point way ne":[47.712639,-122.281565],
"11731 36th av ne":[47.714778,-122.289644],
"1312 n 43rd st":[47.659418,-122.341542],
"1518 n 40th st":[47.655861,-122.338996],
"1723 nw 100th st":[47.7014039,-122.379464],
"17233 15th av ne":[47.7551945,-122.3143787],
"1909 e spruce st":[47.603353,-122.307203],
"1925 s alaska st":[47.5609646,-122.3073308],
"2103 ne 70th st":[47.679258,-122.304868],
"2110 n pacific st":[47.6483751,-122.3332126],
"218 bellevue av e":[47.6201687,-122.3265573],
"2310 14th av s":[47.5826276,-122.3143232],
"2513 s king st":[47.597904,-122.2992217],
"2516 west viewmont way w":[47.641711,-122.409338],
"2827 14th av w":[47.645615,-122.375252],
"2930 westlake east rdwy av n":[47.6463784,-122.3492803],
"3025 nw 65th st":[47.675662,-122.396731],
"3032 sw charlestown st":[47.570074,-122.372127],
"3410 32nd av w":[47.650892,-122.397855],
"3417 harbor av sw":[47.5723399,-122.3710636],
"3604 e denny way":[47.618588,-122.287229],
"3654 35th av w":[47.6538193,-122.4020241],
"3rd av w \/ w galer st":[47.6323213,-122.36102],
"4343 14th av s":[47.5639741,-122.3150544],
"4415 sw oregon st":[47.5627333,-122.3890451],
"4732 35th av ne":[47.663603,-122.289859],
"5022 s ryan way":[47.5096125,-122.2711247],
"5058 harold pl ne":[47.6661914,-122.2722457],
"5306 26th av s":[47.554631,-122.298901],
"5915 s hazel st":[47.5041969,-122.2587526],
"6041 31st av sw":[47.5474891,-122.3720402],
"608 nw 60th st":[47.6725431,-122.3644602],
"610 nw 49th st":[47.664574,-122.364597],
"626 nw 78th st":[47.685687,-122.364568],
"7108 58th av ne":[47.680418,-122.265498],
"7351 40th av ne":[47.682761,-122.285489],
"7452 woodlawn av ne":[47.6829533,-122.3276106],
"7705 20th av sw":[47.533441,-122.35955],
"8th av ne \/ ne 67th st":[47.6773173,-122.3201018],
"912 e shelby st":[47.647186,-122.320025],
"933 37th av":[47.6113406,-122.2868482],
"9703 41st av s":[47.5154468,-122.2816058],
"beacon av s \/ s walker st":[47.5837569,-122.3173766],
"fs 02":[47.6161426,-122.3446324],
"sw roxbury st \/ 46th av sw":[47.5175271,-122.3917347]
}