{
"0 - 0 sb i5 to eb sr520":[47.643234,-122.323195],
"11212 1st av ne":[47.7108311,-122.328642],
"1147 nw 60th st":[47.672128,-122.372815],
"11740 1st av ne":[47.715364,-122.327863],
"1213 s donovan st":[47.5253788,-122.3169765],
"1220 e remington ct":[47.6057308,-122.3158025],
"12230 greenwood av n":[47.7188535,-122.3554991],
"12323 sand point way ne":[47.7179239,-122.284573],
"13027 4th av nw":[47.724096,-122.362698],
"2014 w barrett st":[47.6467686,-122.3828546],
"21st av e \/ e denny way":[47.618496,-122.304771],
"2601 nw 88th st":[47.692524,-122.390533],
"2612 e garfield st":[47.6327069,-122.2993184],
"2844 sw nevada st":[47.5656513,-122.3701261],
"2920 10th pl w":[47.6465131,-122.3701323],
"3107 25th av s":[47.5755974,-122.3005491],
"322 w highland dr":[47.6297689,-122.3614813],
"3226 fuhrman av e":[47.6508739,-122.3202772],
"3625 linden av n":[47.651916,-122.348957],
"408 5th av s":[47.5987481,-122.3276327],
"423 e pike st":[47.613862,-122.3257547],
"4236 36th av s":[47.5643409,-122.2868703],
"4242 ne 107th st":[47.707091,-122.280168],
"4343 university way ne":[47.6610285,-122.3134403],
"4935 corson av s":[47.5579582,-122.3180983],
"5000 beach dr sw":[47.5574581,-122.4008203],
"5766 s oaklawn pl":[47.543798,-122.259436],
"6102 s keppler st":[47.516371,-122.2574465],
"6326 47th av sw":[47.5459109,-122.392198],
"6528 30th av s":[47.543473,-122.2934396],
"6738 26th av nw":[47.678782,-122.389415],
"7043 35th av ne":[47.6806522,-122.2904193],
"705 n motor pl":[47.658649,-122.3497058],
"709 s king st":[47.5983355,-122.3232578],
"7504 44th av s":[47.5350053,-122.2774232],
"7701 ridge dr ne":[47.68445,-122.275585],
"8607 26th av ne":[47.690853,-122.300781],
"8703 18th av nw":[47.692666,-122.380331],
"916 queen anne av n":[47.6278586,-122.3563091],
"ne 82nd st \/ 37th av ne":[47.6884394,-122.2884998],
"ne 92nd st \/ lake city way ne":[47.6957394,-122.3057116],
"nw 67th st \/ 8th av nw":[47.6777733,-122.3661089],
"seward park av s \/ wilson av s":[47.5445458,-122.264083],
"seward park rd \/ lake washington blvd s":[47.5494977,-122.2575539]
}