{
"10710 lake city way ne":[47.7071361,-122.3011381],
"13734 riviera pl ne":[47.729262,-122.281838],
"1615 e mcgraw st":[47.64006,-122.309902],
"2423 1st av":[47.6144274,-122.3488246],
"2509 41st av e":[47.6420572,-122.2793704],
"2509 s norman st":[47.592683,-122.29967],
"2807 19th av s":[47.578458,-122.30843],
"2nd av nw \/ nw 49th st":[47.664303,-122.358836],
"3239 33rd av w":[47.6498477,-122.3999255],
"3626 43rd av w":[47.6536537,-122.4130632],
"3650 bridge way n":[47.6524559,-122.3462791],
"4035 stone way n":[47.6557806,-122.3424485],
"4300 15th av ne":[47.6618335,-122.311987],
"4500 33rd av s":[47.5628187,-122.290969],
"4626 51st av s":[47.560932,-122.269066],
"4832 s holden st":[47.533954,-122.271136],
"4840 ne 40th st":[47.657882,-122.274783],
"5 37th st nw":[47.3401622,-122.2267129],
"5304 green lake way n":[47.6673088,-122.3397047],
"5922 shaffer av s":[47.5491,-122.294438],
"5925 22nd av s":[47.549261,-122.305433],
"6216 23rd av ne":[47.6743219,-122.302437],
"6222 22nd av ne":[47.674075,-122.304116],
"6400 4th av nw":[47.6758369,-122.3618067],
"6432 29th av sw":[47.545243,-122.3694045],
"648 nw 75th st":[47.6834575,-122.3654715],
"711 24th av s":[47.596051,-122.301496],
"7330 44th av sw":[47.537489,-122.388238],
"8063 ravenna av ne":[47.687925,-122.302103],
"8500 linden av n":[47.6907929,-122.3469462],
"9019 8th av nw":[47.694893,-122.366416],
"909 30th av":[47.61037,-122.294142],
"9641 42nd av sw":[47.516291,-122.386512],
"chelan av sw \/ west marginal way sw":[47.5720996,-122.3600862]
}