{
"1116 4th av n":[47.6295127,-122.3485638],
"12011 36th av ne":[47.715926,-122.29006],
"12204 2nd av nw":[47.717974,-122.359204],
"1527 california av sw":[47.589707,-122.386613],
"2332 n 136th st":[47.7279875,-122.3299803],
"2423 53rd av sw":[47.5818089,-122.3997736],
"2515 35th av w":[47.6416644,-122.4026911],
"2715 s judkins st":[47.591782,-122.296869],
"3027 fauntleroy av sw":[47.5765529,-122.3741569],
"3722 wallingford av n":[47.652683,-122.335935],
"4046 5th av ne":[47.656881,-122.323163],
"4104 leary way nw":[47.6572766,-122.3627346],
"4121 sw 109th st":[47.505186,-122.383967],
"4821 s holden st":[47.533366,-122.271681],
"4904 s dawson st":[47.5550201,-122.2712279],
"502 e union st":[47.6129834,-122.325446],
"503 s donovan st":[47.525382,-122.328006],
"5050 sw grayson st":[47.582164,-122.396547],
"5127 24th av ne":[47.666697,-122.302335],
"5206 25th av s":[47.55582,-122.300064],
"5602 22nd av nw":[47.6696038,-122.3847311],
"6909 flora av s":[47.540779,-122.321443],
"720 n 49th st":[47.6645136,-122.3491048],
"7339 30th av sw":[47.5362097,-122.3714536],
"7744 29th av ne":[47.686181,-122.296345],
"803 ne 55th st":[47.6683859,-122.3192696],
"824 nw 53rd st":[47.667193,-122.3673527],
"8623 1st av nw":[47.6917276,-122.3580282],
"914 1st av":[47.6044684,-122.3360481],
"9415 4th av sw":[47.5186,-122.34057],
"amgen ct w \/ amgen pedestrian br":[47.6277949,-122.372641],
"s cloverdale st \/ 16th av s":[47.5264402,-122.3128457]
}