{
"0 - 0 nb i5 exp fr stewart":[47.618534,-122.329128],
"10026 31st av ne":[47.701999,-122.294982],
"1133 10th av e":[47.6296215,-122.3204405],
"1214 sw webster st":[47.535824,-122.351246],
"13520 36th av ne":[47.727124,-122.28918],
"1726 belmont av":[47.617184,-122.324173],
"17th av w \/ w barrett st":[47.6474747,-122.3788382],
"1925 11th av e":[47.6367199,-122.318301],
"2211 3rd av w":[47.6387973,-122.3612432],
"2250 39th av e":[47.639567,-122.282593],
"2310 14th av e":[47.6399056,-122.3129442],
"2500 airport way s":[47.580774,-122.320882],
"2816 boyer av e":[47.6461532,-122.3170307],
"300 9th av":[47.6038684,-122.3227165],
"3315 s brandon st":[47.55325,-122.28975],
"3414 e denny way":[47.61859,-122.28804],
"3826 eastern av n":[47.653927,-122.328683],
"4233 e lee st":[47.630745,-122.277992],
"4308 ne 56th st":[47.669676,-122.281727],
"4717 latona av ne":[47.6636926,-122.3250725],
"5232 25th av sw":[47.5539662,-122.3640516],
"5521 brooklyn av ne":[47.669189,-122.314454],
"555 16th av":[47.6076015,-122.3119424],
"5912 seward park av s":[47.5492063,-122.2584379],
"6205 ravenna av ne":[47.673609,-122.304114],
"7537 s taft st":[47.5098362,-122.2395197],
"8006 11th av ne":[47.6869889,-122.315975],
"907 n 74th st":[47.6825571,-122.3457727],
"9425 18th av sw":[47.518388,-122.358249],
"corson av s \/ s orcas st":[47.5495496,-122.3209308],
"e republican st \/ 21st av e":[47.6232025,-122.304696],
"roy st \/ 2nd av n":[47.6254461,-122.3527904],
"s kenyon st \/ 46th av s":[47.5315599,-122.2744788]
}