{
"11521 lakeside av ne":[47.713478,-122.2787241],
"11th av ne \/ ne 42nd st":[47.6583597,-122.3166922],
"12044 31st av ne":[47.7168909,-122.294818],
"1526 harbor av sw":[47.5902676,-122.38193],
"1615 ne 75th st":[47.682839,-122.310262],
"2117 20th av s":[47.583959,-122.307238],
"2225 queen anne av n":[47.6392134,-122.3571073],
"2507 22nd av e":[47.6420175,-122.3040618],
"2nd av ne \/ ne 40th st":[47.6555392,-122.3268098],
"3131 e madison st":[47.6263898,-122.291206],
"3450 e alder st":[47.604543,-122.288604],
"3945 interlake av n":[47.6553804,-122.3412417],
"405 w highland dr":[47.629318,-122.36221],
"42nd av s \/ s morgan st":[47.5442185,-122.2807968],
"4321 sw genesee st":[47.5645461,-122.3877305],
"4809 23rd av sw":[47.5589129,-122.361938],
"49th av s \/ s kenyon st":[47.5315733,-122.2718164],
"523 28th av e":[47.6240158,-122.2968632],
"5630 s fountain st":[47.5030732,-122.2617519],
"5904 s roxbury st":[47.516942,-122.2589899],
"6027 43rd av ne":[47.672989,-122.282587],
"614 ne 76th st":[47.6839051,-122.320895],
"707 s lucile st":[47.5530734,-122.3234521],
"750 utah st":[47.5954542,-122.3351309],
"7537 34th av ne":[47.6840796,-122.2918538],
"8424 fauntleroy pl sw":[47.5279332,-122.3919184],
"918 n 71st st":[47.680524,-122.346361],
"midvale av n \/ n 90th st":[47.6941898,-122.3424012],
"ne 125th st & 15th av ne":[47.7194391,-122.3126829],
"roosevelt way ne \/ ne 52nd st":[47.6664583,-122.3173768],
"yesler way \/ 2nd av et s":[47.601716,-122.3319992],
"yesler way \/ 4th av":[47.6017241,-122.3289982]
}