{
"10500 roosevelt way ne":[47.7049675,-122.3177745],
"11 mcgraw st":[47.6393994,-122.356346],
"1151 fairview av e":[47.6316961,-122.3272186],
"12241 6th av nw":[47.7189971,-122.3640503],
"13322 15th av ne":[47.726034,-122.312003],
"13726 22nd av ne":[47.729171,-122.305704],
"24th av w \/ gilman av w":[47.6567053,-122.387474],
"2528 ne 107th st":[47.706888,-122.300162],
"2727 44th av sw":[47.578502,-122.388355],
"3209 mcclintock av s":[47.5751459,-122.293144],
"3220 15th av s":[47.574474,-122.313089],
"3229 33rd av w":[47.6495899,-122.3998531],
"3556 s brandon st":[47.553659,-122.286948],
"3625 ne 120th st":[47.715241,-122.28813],
"3704 w lawton st":[47.6656339,-122.4060575],
"3722 sw admiral way":[47.5813681,-122.3785337],
"3801 30th av w":[47.6542505,-122.3959474],
"4617 s fontanelle st":[47.5357113,-122.2744618],
"5041 lake washington blvd s":[47.555976,-122.262315],
"515 prospect st":[47.628593,-122.3467887],
"5409 s lucile st":[47.551931,-122.265567],
"5534 26th av ne":[47.669561,-122.299246],
"5911 38th av sw":[47.5497942,-122.3806239],
"7321 47th av sw":[47.537448,-122.393419],
"743 n 35th st":[47.6499257,-122.3480235],
"7769 30th av s":[47.532533,-122.293756],
"8th av sw \/ sw thistle st":[47.5282975,-122.3454935],
"909 montana cir":[47.6616581,-122.4157081],
"9628 58th av s":[47.515922,-122.260454],
"alaskan way atlantic rp":[47.591089,-122.3367485],
"fremont av n \/ n 67th st":[47.6778062,-122.3499439],
"ne 140th st \/ lake city way ne":[47.7301211,-122.2923093],
"sw kenyon st \/ 16th av sw":[47.531876,-122.3550379]
}