{
"10010 rainier av s":[47.51197,-122.247425],
"1036 23rd av e":[47.628566,-122.3020999],
"10706 55th av s":[47.504301,-122.264243],
"10907 39th av ne":[47.7078855,-122.2870283],
"1100-1199 e john st":[47.6199358,-122.3182178],
"1121 harvard av":[47.6124094,-122.321829],
"1918 e galer st":[47.6324706,-122.3063255],
"2337 n 140th st":[47.730007,-122.330037],
"24th av w \/ w raye st":[47.6429327,-122.3876336],
"2661 ne university village mall":[47.6632681,-122.2991738],
"2915 w ruffner st":[47.6520129,-122.39505],
"3005 s nevada st":[47.5645097,-122.2952125],
"306 occidental av s":[47.5998677,-122.3328705],
"3408 w lawton st":[47.663651,-122.402243],
"418 e john st":[47.6197025,-122.3255296],
"4535 union bay pl ne":[47.6621076,-122.2938784],
"4736 delridge way sw":[47.5599833,-122.3626355],
"4815 13th av s":[47.559706,-122.316432],
"5226 35th av ne":[47.6674793,-122.2898937],
"5317 33rd av s":[47.5537,-122.290804],
"5404 s othello st":[47.537118,-122.2659011],
"611 maynard av s":[47.597326,-122.3254487],
"6314 20th av ne":[47.675282,-122.306208],
"6601 roosevelt way ne":[47.6771185,-122.317624],
"7028 23rd av nw":[47.680349,-122.3850975],
"7028 3rd av nw":[47.680441,-122.360161],
"7536 24th av ne":[47.684148,-122.301532],
"8609 13th av sw":[47.5261333,-122.352115],
"8624 delridge way sw":[47.525707,-122.360091],
"beacon av s \/ 16th av s":[47.5791105,-122.3120453],
"e cherry st \/ 29th av":[47.6080004,-122.2948894],
"ithaca pl s \/ s fletcher st":[47.5192556,-122.2603532],
"n 35th st \/ phinney av n":[47.6514148,-122.3544801],
"n 97th st \/ aurora av n":[47.6996259,-122.3446877],
"s donovan st \/ 5th av s":[47.5256405,-122.3282129],
"wallingford av n \/ n 46th st":[47.6621389,-122.3364214],
"yale pl e\/eastlake ave e":[47.6358731,-122.3255854]
}