{
"10051 39th av sw":[47.5122923,-122.381959],
"10702 renton av s":[47.505158,-122.252897],
"116 n 75th st":[47.683506,-122.357173],
"118 27th av e":[47.61943,-122.296888],
"12232 4th av nw":[47.718813,-122.361919],
"14022 20th av ne":[47.730915,-122.306874],
"1423 nw 64th st":[47.6750698,-122.3746761],
"1527 4th av":[47.6108294,-122.3375992],
"16015 evanston av n":[47.7454922,-122.3523023],
"1617 ne 80th st":[47.686507,-122.310315],
"1621 california av sw":[47.58862,-122.386653],
"1746 n 128th st":[47.7224519,-122.335383],
"2000 terry av":[47.6173359,-122.3351866],
"2010 s hanford st":[47.575306,-122.305811],
"2345 eastlake av e":[47.6411328,-122.3262505],
"2451 aurora av n":[47.6409856,-122.3467949],
"25th av \/ e marion st":[47.6100209,-122.3001333],
"2920 nw 75th st":[47.6832709,-122.3954232],
"2966 36th av s":[47.575786,-122.287395],
"3017 ne 86th st":[47.6907179,-122.295343],
"3103 s dakota st":[47.565975,-122.292217],
"339 ne 92nd st":[47.69561,-122.324661],
"3426 15th av s":[47.572253,-122.31312],
"3518 sw genesee st":[47.564849,-122.3770857],
"3611 beacon av s":[47.5717349,-122.3081845],
"4042 50th av sw":[47.567242,-122.39576],
"4312 woodland park av n":[47.659793,-122.344144],
"511 galer st":[47.632101,-122.346988],
"5841 5th av nw":[47.6720442,-122.3629342],
"5955 42nd av sw":[47.548626,-122.386054],
"6717 34th pl s":[47.5416669,-122.289135],
"6738 mars av s":[47.542098,-122.301849],
"6th av s \/ yesler way":[47.6017197,-122.3263696],
"7325 beacon av s":[47.535872,-122.293194],
"7575 perimeter rd s":[47.5341842,-122.3005546],
"7703 m l king jr way s":[47.5333566,-122.2808576],
"800 union st":[47.6109397,-122.3318878],
"8004 29th av nw":[47.687008,-122.394],
"8430 fauntleroy way sw":[47.527386,-122.392288],
"9045 51st av ne":[47.6951139,-122.2733803],
"921 38th av":[47.610976,-122.28519],
"nw 59th st \/ 14th av nw":[47.67163,-122.3735056],
"s jackson st \/ 2nd av s":[47.6045895,-122.3354608],
"s monroe st \/ beacon av s":[47.530997,-122.2881754],
"sw 98th st \/ 20th av sw":[47.5155351,-122.3591591]
}