{
"1018 w emerson st":[47.653872,-122.371357],
"1031 s cloverdale st":[47.5264448,-122.3188689],
"10739 ashworth av n":[47.708052,-122.339743],
"10742 lakeside av ne":[47.708875,-122.27637],
"12030 4th av nw":[47.716996,-122.361893],
"1415 nw 61st st":[47.672928,-122.3742669],
"1505 sw roxbury st":[47.5171486,-122.3544102],
"2009 rainier av s":[47.5852044,-122.3040219],
"221 howe st":[47.6357042,-122.3522457],
"2211 1st av n":[47.638794,-122.355978],
"2809 21st av s":[47.578292,-122.30578],
"28th av nw \/ nw 67th st":[47.6773437,-122.3929578],
"3105 s holly st":[47.5425496,-122.2926548],
"3500 5th av s":[47.5243592,-122.3282159],
"3713 30th av w":[47.653615,-122.395953],
"3904 m l king jr way s":[47.5683509,-122.2964783],
"400-499 4th av s":[47.5991909,-122.3290085],
"402 nw 100th pl":[47.703556,-122.362415],
"4308 12th av s":[47.5650059,-122.316922],
"4327 phinney av n":[47.659765,-122.354709],
"4330 w cramer st":[47.668914,-122.411756],
"4845 47th av sw":[47.558016,-122.392632],
"5017 36th av sw":[47.556852,-122.377943],
"50th av s \/ s henderson st":[47.5233076,-122.2713358],
"5930 25th av s":[47.549106,-122.299729],
"6001 51st av ne":[47.672306,-122.273088],
"6333 17th av sw":[47.545557,-122.35635],
"6501 airport way s":[47.5452254,-122.3115826],
"6538 10th av nw":[47.6770839,-122.3694882],
"7 harrison st":[47.6219386,-122.3563537],
"715 26th av s":[47.5962465,-122.299044],
"7300 4th av ne":[47.6811209,-122.3266636],
"7756 15th av ne":[47.686549,-122.311732],
"825 nw 54th st":[47.6677499,-122.3673548],
"833 30th av s":[47.59476,-122.293699],
"8837 41st av s":[47.5231397,-122.2815557],
"9032 17th av sw":[47.521826,-122.356082],
"9253 24th av nw":[47.69755,-122.387889],
"9300 3rd av sw":[47.5198534,-122.3384578],
"9315 42nd av ne":[47.69633,-122.283118],
"9455 24th av sw":[47.517649,-122.363507],
"dexter way n \/ taylor av n":[47.6390539,-122.3458498],
"highland park way sw \/ 9th av sw":[47.5319338,-122.3467705],
"phinney av n \/ n bowdoin pl":[47.654624,-122.3544683]
}