{
"10018 richwood av nw":[47.7018398,-122.3868057],
"1008 w ruffner st":[47.6523814,-122.3705782],
"1010 ne 127th st":[47.721503,-122.317501],
"1028 1st av s":[47.593294,-122.3336889],
"1043 ne 97th st":[47.6992,-122.315864],
"12530 evanston av n":[47.720525,-122.351238],
"13021 23rd av ne":[47.723619,-122.304977],
"1306 4th av":[47.6086713,-122.3352801],
"13233 35th av ne":[47.7256564,-122.2908963],
"13th av s \/ s edmunds st":[47.5594231,-122.3161001],
"1500 ne 90th st":[47.6939762,-122.3121325],
"1712 summit av":[47.6167338,-122.3252307],
"2117 4th av w":[47.6382976,-122.3626841],
"220 32nd av":[47.603826,-122.291007],
"2519 beacon av s":[47.5807822,-122.313621],
"2607 47th av sw":[47.5809222,-122.3919328],
"2670 ne university village st":[47.6626508,-122.2976567],
"2800 sw trenton st":[47.5246861,-122.369079],
"310 30th av s":[47.599904,-122.293186],
"3211 33rd av s":[47.5748,-122.291256],
"4017 34th av sw":[47.5673667,-122.3753587],
"407 n 46th st":[47.6619509,-122.3536187],
"4859 rainier av s":[47.5583484,-122.2850557],
"5205 s brighton st":[47.541331,-122.2668],
"521 ne 78th st":[47.685101,-122.321985],
"53rd av s \/ rainier av s":[47.5198431,-122.2661652],
"5952 32nd av sw":[47.5489134,-122.3736718],
"6002 27th av ne":[47.672283,-122.2982627],
"6418 24th av s":[47.544731,-122.302002],
"6700 park point way ne":[47.6775318,-122.2655259],
"6715 40th av sw":[47.5425543,-122.3835024],
"6732 11th av nw":[47.678747,-122.370568],
"7156 55th av s":[47.5371604,-122.2643738],
"7716 delridge way sw":[47.5331333,-122.360077],
"7719 ridge dr ne":[47.684817,-122.275614],
"822 28th av s":[47.595098,-122.2962732],
"aloha st \/ 1st av n":[47.6271936,-122.3553745],
"wb wsea frwy at 4 av":[47.571578,-122.328989]
}