{
"10110 greenwood av n":[47.7026726,-122.3550521],
"1016 n 45th st":[47.661603,-122.345271],
"10448 35th av sw":[47.5085609,-122.3755851],
"10708 15th av ne":[47.707068,-122.311574],
"12706 42nd av ne":[47.721378,-122.282104],
"1423 7th av w":[47.631895,-122.3667908],
"1716 victoria av sw":[47.587656,-122.380554],
"1808 e union st":[47.613044,-122.308422],
"2101 n northlake way":[47.6462297,-122.3336997],
"2118 westlake av":[47.617292,-122.337841],
"2501 e john st":[47.6200529,-122.2996308],
"2608 18th av s":[47.579914,-122.309471],
"2609 nw 67th st":[47.6774982,-122.3901639],
"3218 e mercer st":[47.625515,-122.290521],
"3600 s graham st":[47.5469262,-122.2871078],
"372 n 36th st":[47.6522735,-122.3545995],
"3865 34th av sw":[47.568175,-122.3754018],
"4210 12th av ne":[47.6586924,-122.3152145],
"4215 ne 124th st":[47.717977,-122.282753],
"4528 13th av s":[47.562617,-122.315709],
"4550 7th av ne":[47.6628234,-122.3203881],
"4747 49th av ne":[47.664468,-122.275036],
"501 n 47th st":[47.6627152,-122.3524862],
"539 ne 84th st":[47.689445,-122.321265],
"6037 41st av ne":[47.673385,-122.284133],
"605 queen anne av n":[47.6248898,-122.3569924],
"6542 21st av sw":[47.543567,-122.359001],
"6734 34th av sw":[47.5419169,-122.3751756],
"6735 16th av nw":[47.67879,-122.378171],
"7044 ravenna av ne":[47.680713,-122.303603],
"712 20th av":[47.608481,-122.305947],
"7313 29th av sw":[47.536941,-122.370196],
"7528 27th av nw":[47.6840342,-122.3904728],
"7914 densmore av n":[47.6860993,-122.3375653],
"910 stewart st":[47.6160866,-122.3344013],
"9334 52nd av s":[47.51795,-122.267107],
"republican st \/ pontius av n":[47.6231162,-122.3317158]
}