{
"101 s dakota st":[47.5672888,-122.3339179],
"10425 maplewood pl sw":[47.509196,-122.392499],
"11049 exeter av ne":[47.710685,-122.27876],
"11859 56th pl s":[47.495784,-122.267798],
"1403 e olive st":[47.6164398,-122.31411],
"1606 ne 65th st":[47.675999,-122.310476],
"2322 n 80th st":[47.687095,-122.329902],
"3215 eastlake av e":[47.6509825,-122.3217736],
"4034 cascadia av s":[47.566838,-122.282493],
"4409 45th av sw":[47.564469,-122.389881],
"4526 beach dr sw":[47.562456,-122.40526],
"4638 s austin st":[47.5349733,-122.2736506],
"46th av s \/ s genesee st":[47.5640847,-122.2757422],
"5024 37th av sw":[47.5566284,-122.3785831],
"5270 university way ne":[47.6684127,-122.3126466],
"537 n 81st st":[47.68744,-122.351019],
"5912 23rd av s":[47.549406,-122.303903],
"6206 20th av ne":[47.67287,-122.306199],
"7040 16th av nw":[47.6807857,-122.3775579],
"7730 15th av nw":[47.6862502,-122.3765484],
"781 26th av e":[47.6258221,-122.2987509],
"800 fairview av n":[47.6265709,-122.3333376],
"9015 30th av sw":[47.5223609,-122.371687],
"lake city way ne \/ ne 100th st":[47.7011044,-122.3026289]
}