{
"10433 64th av s":[47.507227,-122.253888],
"12032 5th av ne":[47.716828,-122.322554],
"1210 4th av w":[47.6299601,-122.3615442],
"1240 21st av e":[47.6318559,-122.3043588],
"13749 35th av ne":[47.7297815,-122.2910009],
"1412 s lander st":[47.579715,-122.314056],
"1602 magnolia blvd w":[47.634056,-122.400851],
"2123 beacon av s":[47.5843155,-122.3179401],
"2150 n 62nd st":[47.6738925,-122.331332],
"2750 m l king jr way s":[47.5788619,-122.2961555],
"2759 ne 94th st":[47.696323,-122.296303],
"3041 s brighton st":[47.541226,-122.2913726],
"3123 w barrett st":[47.646602,-122.397897],
"4002 46th av sw":[47.5682561,-122.3904532],
"4412 sw 101st st":[47.513195,-122.389232],
"4434 s morgan st":[47.544454,-122.2765678],
"4502 sw brace point dr":[47.5202797,-122.3907123],
"4556 university way ne":[47.662889,-122.3128024],
"50 lenora st":[47.6110874,-122.3449727],
"5224 palatine av n":[47.667617,-122.356123],
"605 nw 90th st":[47.6940759,-122.3637354],
"6104 47th av s":[47.5475076,-122.2734627],
"6445 30th av sw":[47.54477,-122.370569],
"6723 4th av nw":[47.67846,-122.361794],
"7715 29th av nw":[47.685491,-122.394769],
"802 terry av":[47.6079485,-122.3249342],
"8820 delridge way sw":[47.524098,-122.36007],
"9421 13th av sw":[47.5185115,-122.3519871],
"bagley av n \/ n 42nd st":[47.6579628,-122.3325948]
}