{
"11007 2nd av ne":[47.708752,-122.32733],
"13085 8th ct ne":[47.724768,-122.322039],
"14342 30th av ne":[47.7327141,-122.2965079],
"1532 nw 58th st":[47.671193,-122.377672],
"157 valley st":[47.6262311,-122.3537268],
"2404 nob hill av n":[47.640187,-122.350389],
"3101 sw avalon way":[47.564102,-122.3737159],
"3201 35th av sw":[47.574502,-122.376098],
"3232 37th av sw":[47.5745803,-122.3778332],
"3926 s angeline st":[47.5596447,-122.2823757],
"4015 46th av sw":[47.56791,-122.391177],
"4145 2nd av nw":[47.657659,-122.35879],
"4245 palatine av n":[47.659026,-122.35646],
"4400 california av sw":[47.5645361,-122.3864582],
"4419 brygger dr w":[47.660193,-122.401671],
"450 3rd av w":[47.6227311,-122.3606157],
"4715 sw walker st":[47.5838953,-122.3925628],
"505 nw 43rd st":[47.6587935,-122.3632685],
"507 n 82nd st":[47.688164,-122.352112],
"520 w kinnear pl":[47.628225,-122.364165],
"523 30th av":[47.606876,-122.294009],
"541 n 105th st":[47.704854,-122.350934],
"5625 s leo st":[47.502167,-122.261363],
"642 nw 85th st":[47.690937,-122.365217],
"6712 mars av s":[47.5423835,-122.3027584],
"7576 46th av sw":[47.5341564,-122.3912337],
"7746 bagley av n":[47.686421,-122.331272],
"7919 greenwood av n":[47.686803,-122.355631],
"921 28th av s":[47.593991,-122.296948],
"9500 fremont av n":[47.6980707,-122.3497324],
"fuhrman av e \/ portage bay pl e":[47.651651,-122.3214862],
"s charles st \/ davis pl s":[47.594519,-122.3079492],
"s hill st \/ 12th av s":[47.5845585,-122.3169829],
"w dravus st \/ 40th av w":[47.6486329,-122.4078875],
"westlake av n \/ 4th av n":[47.6461347,-122.3496984]
}