{
"10628 9th av nw":[47.706864,-122.367746],
"1101 1st av n":[47.6287174,-122.3553946],
"12552 19th av ne":[47.720993,-122.308734],
"1302 s bayview st":[47.5810557,-122.3153792],
"13720 23rd av ne":[47.7290459,-122.304297],
"18005 aurora av n":[47.7598703,-122.3468873],
"2007 20th av s":[47.58522,-122.307227],
"2200 1st av s":[47.5836025,-122.3336934],
"2301 s college st":[47.5829344,-122.3029463],
"2414 belvidere av sw":[47.5820407,-122.3789322],
"2900 ne blakeley st":[47.6658222,-122.2963358],
"300 ne 91st st":[47.695243,-122.325596],
"357 nw 89th st":[47.693309,-122.36312],
"3707 37th av sw":[47.570915,-122.37852],
"400 n 43rd st":[47.6591084,-122.3541978],
"4036 37th av s":[47.566821,-122.285782],
"4317 32nd av w":[47.6589106,-122.3985906],
"433 belmont av e":[47.622892,-122.324396],
"4501-4530 5th av ne":[47.6613364,-122.322894],
"5222 22nd av ne":[47.667139,-122.304103],
"525 warren av n":[47.6240788,-122.3542774],
"5606 42nd av sw":[47.551797,-122.385213],
"6532 42nd av ne":[47.676806,-122.283196],
"7912 37th av sw":[47.531554,-122.379021],
"9021 34th av sw":[47.5222,-122.375742],
"9023 13th av nw":[47.694924,-122.373155],
"9315 linden av n":[47.6968044,-122.347508],
"highland park way sw \/ sw portland st":[47.5333011,-122.3469503],
"s atlantic st \/ east frontage rd s":[47.5903126,-122.3360179]
}