{
"1034 ne 72nd st":[47.681054,-122.315909],
"10709 3rd av nw":[47.707302,-122.361124],
"1100 nw 45th st":[47.661475,-122.3707687],
"133 14th av":[47.6023533,-122.3141955],
"1518 19th av s":[47.589272,-122.3080809],
"1709 e union st":[47.6127035,-122.3096155],
"1735 e howell st":[47.6175976,-122.3091367],
"1st av n \/ florentia st":[47.6468916,-122.3555374],
"213 11th av e":[47.6203802,-122.3186254],
"2145 boyer av e":[47.6385099,-122.309068],
"22nd av ne \/ ne 120th st":[47.7157367,-122.3058259],
"2347 perkins ln w":[47.638482,-122.411662],
"2650 - 2699 s hill st":[47.5845217,-122.2981295],
"326 ne 54th st":[47.668101,-122.324331],
"3974 jefferson rd ne":[47.6533069,-122.3040598],
"4016 burton pl w":[47.6563116,-122.3882171],
"4327 fremont av n":[47.6597955,-122.3503406],
"4712 11th av ne":[47.6635644,-122.3160291],
"532 n 84th st":[47.690062,-122.351167],
"5422 ballard av nw":[47.6682853,-122.3854031],
"5505 ne 65th st":[47.675503,-122.2686112],
"6302 35th av sw":[47.5462129,-122.3760672],
"6548 39th av ne":[47.6772346,-122.2856881],
"6565 5th av ne":[47.6774302,-122.3248388],
"727 n 92nd st":[47.695423,-122.348712],
"8214 3rd av nw":[47.6889184,-122.3604283],
"88 cedar st":[47.6155689,-122.35095],
"921 n 105th st":[47.7048515,-122.3463612],
"lake washington blvd s \/ s irving st":[47.5911394,-122.2891028],
"m l king jr way s \/ s norman st":[47.5933224,-122.2978545]
}