{
"10610 meridian av n":[47.7063149,-122.333627],
"1131 n 93rd st":[47.6962007,-122.343237],
"11560 26th av ne":[47.7139882,-122.3001218],
"11825 56th pl s":[47.496476,-122.268689],
"1605 ne 143rd st":[47.7321052,-122.3112819],
"1640 interlaken pl e":[47.6345579,-122.3029573],
"16924 35th av ne":[47.751502,-122.291098],
"1784 alki av sw":[47.5862084,-122.3974503],
"1818 e fir st":[47.602879,-122.3080723],
"2006 18th av s":[47.585226,-122.309083],
"2115 s lucile st":[47.5533453,-122.3054274],
"2116 41st av sw":[47.584732,-122.383402],
"2117 aurora av n":[47.6379796,-122.3452228],
"2244 38th pl e":[47.639564,-122.283702],
"2430 s morgan st":[47.5443932,-122.3010302],
"3044 63rd av sw":[47.5770675,-122.4130106],
"3306 nw 71st st":[47.6803601,-122.4001008],
"339 17th av":[47.60552,-122.310648],
"38th av ne \/ ne 113th st":[47.7101602,-122.2880237],
"4050 38th av s":[47.5664452,-122.284724],
"4401 15th av nw":[47.6609725,-122.3761875],
"4712 s bond st":[47.51486,-122.273038],
"5133 s fountain st":[47.503354,-122.268514],
"6111 s pilgrim st":[47.515621,-122.255975],
"6228 7th av nw":[47.675045,-122.36474],
"6310 29th av sw":[47.5466846,-122.3696546],
"6707 37th av sw":[47.542843,-122.379567],
"6738 35th pl s":[47.5409768,-122.2880498],
"6818 54th av ne":[47.6781689,-122.2699],
"7555 2nd av ne":[47.684744,-122.327356],
"8517 3rd av nw":[47.6911438,-122.3608706],
"8857 delridge way sw":[47.523108,-122.360875],
"906 nw 64th st":[47.675495,-122.369118],
"greenwood av n \/ n 45th st":[47.6614128,-122.3554268],
"ne 140th st \/ 26th av ne":[47.730159,-122.3005347]
}