{
"1001 john st":[47.6196934,-122.3364469],
"10734 whitman av n":[47.7076073,-122.3458081],
"1348 s shelton st":[47.5580973,-122.3139638],
"14th av s \/ s bayview st":[47.5810266,-122.3147029],
"1555 broadway e":[47.6338264,-122.3214565],
"1612 n 90th st":[47.6944159,-122.338238],
"1924 9th av":[47.6163217,-122.3352082],
"2004 18th av e":[47.637908,-122.309729],
"2004 fairview av":[47.6180874,-122.3338435],
"2483 westmont way w":[47.640809,-122.407549],
"3433 15th av s":[47.572094,-122.313759],
"3716 sw 110th st":[47.505189,-122.379537],
"38th av nw \/ nw 61st st":[47.6726006,-122.4053382],
"4514 s 256th st":[47.372979,-122.276806],
"46th av sw \/ sw willow st":[47.5419378,-122.39128],
"4733 ne 55th st":[47.669024,-122.276276],
"506 wellington av":[47.6063054,-122.2851937],
"5115 20th av s":[47.556506,-122.30736],
"5116 palatine av n":[47.6662871,-122.3561197],
"605 22nd av e":[47.624653,-122.303885],
"6209 7th av nw":[47.6745619,-122.3652794],
"6308 fremont av n":[47.6749057,-122.3496981],
"6709 23rd av sw":[47.542567,-122.362949],
"7019 14th av sw":[47.540414,-122.353003],
"7310 11th av ne":[47.681914,-122.316086],
"842 s donovan st":[47.5256263,-122.3211011],
"8457 55th av s":[47.526914,-122.2640827],
"8840 36th av sw":[47.523432,-122.377663],
"9014 30th av sw":[47.5223609,-122.370921],
"harvard av \/ seneca st":[47.6127337,-122.3221068],
"linden av n \/ n 141st st":[47.7310266,-122.3477665],
"ne 82nd st \/ 14th av ne":[47.688518,-122.3134437],
"whitman pl n \/ aurora av n":[47.6727813,-122.3471816]
}