{
"0 - 0 wb i90 to 4":[47.592988,-122.329629],
"10341 46th av ne":[47.704159,-122.279228],
"1133 33rd av e":[47.6289824,-122.2898083],
"11553 palatine av n":[47.7138861,-122.3571304],
"11825 9th av nw":[47.715595,-122.368712],
"1200 e john st":[47.6199463,-122.316926],
"1811 e olive way":[47.6198898,-122.3215349],
"1900 ne 45th st":[47.661273,-122.3072459],
"2019 e newton st":[47.638816,-122.305602],
"20th av e \/ e roy st":[47.6252282,-122.3060781],
"24th av sw \/ sw thistle st":[47.5282737,-122.3631394],
"302 prospect st":[47.6291146,-122.3512064],
"3823 23rd av sw":[47.5693967,-122.3624184],
"416 n 110th st":[47.708883,-122.3533075],
"4245 ne 124th st":[47.717964,-122.281291],
"4334 s holden st":[47.533959,-122.277216],
"4802 s findlay st":[47.55211,-122.272448],
"4980 17th av s":[47.5568956,-122.3102289],
"522 29th av":[47.606876,-122.294545],
"6556 24th av nw":[47.6775516,-122.3872325],
"7536 35th av ne":[47.684167,-122.290192],
"7707 17th av ne":[47.6851361,-122.3102304],
"7744 13th av sw":[47.5329436,-122.351364],
"8210 34th av ne":[47.688316,-122.291007],
"828 ne 66th st":[47.6767899,-122.318801],
"8324 22nd av nw":[47.6895242,-122.3840299],
"847 ne 85th st":[47.6901662,-122.3182441],
"9618 52nd av s":[47.516318,-122.267098],
"s walker st \/ 23rd av s":[47.5836641,-122.3029451]
}