{
"1017 ne 73rd st":[47.681336,-122.316643],
"13025 sunnyside av n":[47.72407,-122.330603],
"1511 ne 92nd st":[47.6956734,-122.3117716],
"1716 s hill st":[47.5847088,-122.3099794],
"1721 airport way s":[47.5876072,-122.3214195],
"1815 broadway e":[47.635492,-122.3213514],
"2429 w boston st":[47.638191,-122.389494],
"2480 dexter av n":[47.641839,-122.344312],
"3006 nw 73rd st":[47.681874,-122.39616],
"3227 s kenyon st":[47.531484,-122.289592],
"3238 e madison st":[47.6279262,-122.2896469],
"3403 34th av sw":[47.572741,-122.375449],
"354 ne 161st st":[47.7456072,-122.3241583],
"3816 28th av w":[47.654626,-122.392629],
"3835 34th av w":[47.655137,-122.401345],
"4219 corliss av n":[47.658589,-122.331761],
"4420 s graham st":[47.5462068,-122.2771591],
"4624 sw myrtle st":[47.5396494,-122.3924702],
"48th av sw \/ sw holly st":[47.5431621,-122.3943405],
"5006 16th av ne":[47.6649403,-122.31075],
"512 10th av e":[47.623667,-122.319577],
"5135 ne laurelcrest ln":[47.656627,-122.270749],
"5519 26th av nw":[47.6692831,-122.3903187],
"5902 seward park av s":[47.549427,-122.258426],
"5954 34th av sw":[47.548559,-122.374651],
"6047 ne 61st st":[47.6726377,-122.2614221],
"623 w mcgraw st":[47.6394212,-122.3659899],
"6258 33rd av ne":[47.6756574,-122.2918858],
"6518 10th av nw":[47.6765133,-122.3694822],
"68th av s \/ s bangor ct":[47.5056082,-122.2494014],
"711 fairview av n":[47.6253262,-122.3344213],
"7912 14th av sw":[47.53142,-122.352492],
"825 13th av":[47.610052,-122.315839],
"8426 31st av sw":[47.527459,-122.372219],
"8535 perimeter rd s":[47.5249037,-122.2946994],
"9009 greenwood ave n":[47.6946099,-122.3557921],
"pike st \/ 7th av":[47.6116169,-122.3333484],
"pine st \/ 4th av":[47.6112087,-122.3375861],
"vashon pl sw \/ sw othello st":[47.5380111,-122.3898578]
}