{
"128 n 101st st":[47.702841,-122.357112],
"1312 e pike st":[47.6141444,-122.3148413],
"1413 sw trenton st":[47.5245177,-122.3534954],
"1424 nw 64th st":[47.675438,-122.3746351],
"1525 mcgilvra blvd e":[47.632967,-122.281564],
"1800 s lane st":[47.5966572,-122.3089629],
"1801 13th av sw":[47.586572,-122.3522384],
"1911 n 49th st":[47.664071,-122.334644],
"2200 8th av":[47.6172652,-122.3391909],
"2552 29th av w":[47.642724,-122.393818],
"2720 sw macarthur ln":[47.5506422,-122.3700908],
"3305 8th av w":[47.6495052,-122.367858],
"3430 california av sw":[47.5722729,-122.3864206],
"34th av sw \/ sw holden st":[47.5337477,-122.3752518],
"400 s industrial way":[47.567478,-122.3287131],
"4023 california av sw":[47.5676705,-122.3871348],
"4709 phinney av n":[47.6631749,-122.353976],
"5022 51st av sw":[47.556848,-122.397383],
"5305 25th av s":[47.554673,-122.300776],
"5468 wilson av s":[47.5520031,-122.2664983],
"6116 26th av nw":[47.6736133,-122.3898955],
"7028 4th av nw":[47.680448,-122.361175],
"751 - 899 s homer st":[47.55084,-122.321653],
"80 s horton st":[47.5746094,-122.3347048],
"840 northgate mall":[47.7062086,-122.3258737],
"906 n 35th st":[47.6503018,-122.3466888],
"943 n 78th st":[47.685283,-122.345318],
"california av sw \/ sw webster st":[47.5358342,-122.3873177],
"w manor pl \/ 27th pl w":[47.6531047,-122.3911871]
}