{
"1012 terry av":[47.6089748,-122.326312],
"12050 2nd av nw":[47.717469,-122.3592],
"1250 taylor av n":[47.6310957,-122.3462443],
"1427 nw 62nd st":[47.6736077,-122.3749024],
"1923 22nd av s":[47.5856263,-122.3044694],
"200 10th av e":[47.620063,-122.319247],
"2000 s jackson st":[47.5994227,-122.3060531],
"2115 queen anne av n":[47.6376941,-122.3572077],
"21st av ne \/ ne 82nd st":[47.6885057,-122.3056815],
"3110 nw 85th st":[47.6907137,-122.3976659],
"3114 sw holden st":[47.534003,-122.373355],
"3223 e madison st":[47.627555,-122.289781],
"3511 s hudson st":[47.5566155,-122.2883644],
"35th av ne \/ ne 89th st":[47.6931135,-122.290631],
"3824 22nd av sw":[47.569391,-122.360834],
"4235 s raymond st":[47.547953,-122.27924],
"472 1st av n":[47.623061,-122.3554096],
"500 s industrial way":[47.5673107,-122.3277741],
"5033 pullman av ne":[47.669771,-122.27271],
"5411 34th av sw":[47.5533573,-122.3752168],
"6741 31st av sw":[47.5422083,-122.3722962],
"7012 8th av nw":[47.6800259,-122.3656816],
"7732 corliss av n":[47.686077,-122.330113],
"7749 12th av sw":[47.5326422,-122.350898],
"812 ne 57th st":[47.6702489,-122.3194116],
"900 e cherry st":[47.6080726,-122.3207954],
"927 n 87th st":[47.691792,-122.345979],
"9320 31st pl sw":[47.5193093,-122.3730983],
"sw genesee st \/ 31st av sw":[47.5646969,-122.371966],
"w mcgraw st \/ queen anne av n":[47.6395826,-122.3569384]
}