{
"1068 24th av e":[47.6288989,-122.301279],
"1923 1av":[47.610562,-122.342362],
"1941 1st av s":[47.5846809,-122.334722],
"208 columbia st":[47.6040921,-122.333677],
"2812 24th av w":[47.6450634,-122.3873388],
"2907 nw 85th st":[47.6903912,-122.3949006],
"3 w dravus st":[47.6484927,-122.3578696],
"3002 sw cambridge st":[47.518248,-122.371648],
"316 federal av e":[47.621626,-122.318457],
"3351 east marginal way s":[47.5740377,-122.3398772],
"3620 sw juneau st":[47.5503205,-122.3785709],
"3622 33rd av w":[47.652982,-122.399152],
"3808 e mcgilvra st":[47.6411614,-122.2844047],
"4148 sw holden st":[47.53384,-122.386804],
"4540 9th av ne":[47.6616788,-122.3183905],
"4907 13th av s":[47.5583832,-122.316345],
"500 broad st":[47.6206888,-122.3475651],
"5009 fauntleroy way sw":[47.5571358,-122.3818554],
"535 30th av s":[47.596949,-122.294234],
"5551 17th av s":[47.5519101,-122.3113899],
"7323 29th av sw":[47.536667,-122.370196],
"735 n 75th st":[47.683087,-122.348342],
"7351 7th pl sw":[47.5355541,-122.3453216],
"7741 crest dr ne":[47.685645,-122.274462],
"8314 23rd av nw":[47.6892105,-122.3851388],
"844 ne 88th st":[47.6923931,-122.3183986],
"8600 10th av s":[47.5264615,-122.3202191],
"8th av sw \/ sw henderson st":[47.5228517,-122.3454728],
"9015 15th av sw":[47.522363,-122.35432],
"950 nw 60th st":[47.672581,-122.370974],
"9828 62nd av s":[47.512402,-122.255539],
"grandview pl e \/ e galer st":[47.6323414,-122.3119185],
"nw 63rd st \/ 17th av nw":[47.6745604,-122.378883]
}