{
"10717 sand point way ne":[47.7074643,-122.2795221],
"11133 51st av s":[47.503236,-122.270785],
"11710 22nd av ne":[47.714401,-122.305418],
"118 w smith st":[47.641627,-122.359182],
"12730 15th av ne":[47.7221695,-122.3118942],
"1306 e pike st":[47.6142359,-122.3152213],
"1410 m l king jr way":[47.590508,-122.2974724],
"1514 warren av n":[47.6328,-122.354071],
"1523 madrona dr":[47.613934,-122.28336],
"19 aloha st":[47.626933,-122.355804],
"1912 8th av w":[47.6363447,-122.3676306],
"2318 e cherry st":[47.6081361,-122.3021316],
"2517 6th av s":[47.5806531,-122.3259943],
"2527 ne 92nd st":[47.695442,-122.300315],
"2549 s eddy st":[47.545094,-122.297913],
"2718 sw macarthur ln":[47.5504749,-122.369903],
"28th av nw \/ nw 80th st":[47.6867622,-122.3930288],
"3225 s kenyon st":[47.5315011,-122.289791],
"3245 nw 62nd st":[47.67363,-122.400349],
"3599 east marginal way s":[47.5716043,-122.3397721],
"3707 corliss av n":[47.652208,-122.331849],
"3931 s burns st":[47.516281,-122.282695],
"4046 50th av sw":[47.56709,-122.395762],
"4055 9th av ne":[47.6569569,-122.3190717],
"4528 44th av sw":[47.56204,-122.387733],
"5009 51st av s":[47.5566648,-122.270043],
"5046 8th av ne":[47.6660151,-122.3195022],
"5517 university way ne":[47.6690853,-122.3133075],
"6921 flora av s":[47.540404,-122.321564],
"7052 25th av nw":[47.681023,-122.388363],
"726 n 76th st":[47.6842414,-122.3486386],
"9256 palatine av n":[47.697688,-122.356337],
"s washington st \/ occidental av s":[47.6008818,-122.3328668],
"volunteer park rd \/ 12th av e":[47.6284396,-122.3167748]
}