{
"1 av s \/ washington st":[47.6008831,-122.33411],
"10654 34th av sw":[47.50656,-122.374307],
"13016 2nd av nw":[47.723744,-122.3592],
"14384 30th av ne":[47.7330121,-122.296497],
"1556 thorndyke av w":[47.634018,-122.391446],
"1st av & wall st":[47.6146963,-122.3487424],
"2433 9th av w":[47.6405815,-122.3692806],
"2500 beacon av s":[47.580812,-122.3130514],
"2809 nw 85th st":[47.6904535,-122.3935284],
"3316 w government way":[47.659996,-122.400402],
"35 s hanford st":[47.5749153,-122.3375679],
"4429 baker av nw":[47.661118,-122.359922],
"4748 47th av sw":[47.55975,-122.391827],
"4818 m l king jr way s":[47.5593175,-122.2923755],
"5910 46th av sw":[47.549924,-122.390801],
"63rd av ne \/ ne 60th st":[47.6720904,-122.2607911],
"6571 sylvan way sw":[47.5432863,-122.3709616],
"6700 12th av sw":[47.5428341,-122.3504039],
"6842 29th av ne":[47.678891,-122.296037],
"745 n 68th st":[47.6785222,-122.3480205],
"810 n 40th st":[47.6555857,-122.3480489],
"825 ne 94th st":[47.6965472,-122.319158],
"8622 15th av ne":[47.691645,-122.311876],
"9011 44th av sw":[47.523138,-122.38938],
"9026 21st av sw":[47.522037,-122.360121],
"9415 11th av sw":[47.5186769,-122.349648],
"9815 renton av s":[47.513005,-122.264152],
"nw 81st st \/ 3rd av nw":[47.6876626,-122.3606185]
}