{
"11839 31st pl ne":[47.7147977,-122.2959525],
"11909 stendall pl n":[47.715652,-122.340299],
"1300 13th av s":[47.5959476,-122.3161132],
"1335 15th av s":[47.5905094,-122.3139945],
"13500 aurora av n":[47.7270253,-122.3445857],
"14035 wallingford av n":[47.7315788,-122.337259],
"1611 s hanford st":[47.574894,-122.311737],
"1917 n 50th st":[47.664784,-122.334322],
"2130 49th av sw":[47.584537,-122.393719],
"2717 ne 90th st":[47.6936988,-122.2980157],
"3225 45th av sw":[47.5748726,-122.3894343],
"3264 ne 100th st":[47.701682,-122.291524],
"36th av ne \/ ne 120th st":[47.7155183,-122.2892757],
"411 ne 81st st":[47.687297,-122.32378],
"4216 s chicago st":[47.5326625,-122.2798587],
"4310 bagley av n":[47.6594736,-122.3322562],
"4316 28th av s":[47.5638043,-122.29816],
"4324 55th av ne":[47.6598682,-122.2690062],
"4632 ohio av s":[47.5616032,-122.3379498],
"4th av & marion st":[47.6053803,-122.3322641],
"5263 17th av ne":[47.6682591,-122.3098704],
"5751 wilson av s":[47.549796,-122.264758],
"617 queen anne av n":[47.6250799,-122.3568604],
"6171 beacon av s":[47.5466899,-122.3007455],
"6339 42nd av sw":[47.5455463,-122.3860835],
"64 marion st":[47.6034888,-122.3368503],
"6710 corson av s":[47.5421679,-122.322776],
"6920 california av sw":[47.541553,-122.386788],
"7041 35th av ne":[47.6806098,-122.2906093],
"7817 stroud av n":[47.686086,-122.335961],
"805 m l king jr way":[47.609221,-122.2966233],
"8250 densmore av n":[47.6902258,-122.3374979],
"844 ne 69th st":[47.678955,-122.317972],
"9507 college way n":[47.698068,-122.335558],
"eastlake av e \/ portage bay pl e":[47.6518985,-122.321286],
"edgar martinez dr s \/ s atlantic st":[47.5906342,-122.3298683],
"sb i5 exp at ravenna blvd":[47.666669,-122.322016]
}