{
"1100 federal av e":[47.6286944,-122.3191494],
"11010 24th av ne":[47.709726,-122.302561],
"1110 nw ballard way":[47.6632778,-122.3712209],
"119 n 101st st":[47.701971,-122.357199],
"121 yale av n":[47.6189729,-122.3304089],
"1423 nw market st":[47.6682504,-122.3742728],
"1503 pike pl":[47.608694,-122.3405617],
"1723 ne 91st st":[47.6946893,-122.3085149],
"18116 20th dr":[47.8335635,-122.2057088],
"1903 e calhoun st":[47.640785,-122.30704],
"201 24th av":[47.603664,-122.301365],
"205 2nd av n":[47.6205672,-122.353176],
"2309 w crockett st":[47.6375585,-122.3866488],
"2350 24th av e":[47.6400404,-122.301674],
"2411 nw 58th st":[47.670688,-122.388297],
"2421 s judkins st":[47.5918804,-122.3003423],
"2703 ne 54th st":[47.667644,-122.298282],
"2725 60th av sw":[47.5786717,-122.4093716],
"3215 s monroe st":[47.5308009,-122.290103],
"3703 s othello st":[47.5370199,-122.2858007],
"3920 s warsaw st":[47.5433087,-122.2822612],
"4000 aurora av n":[47.6556386,-122.34689],
"4100 dayton av n":[47.6566853,-122.3525528],
"4117 30th av s":[47.5657929,-122.2957923],
"4217 27th av w":[47.6582082,-122.3913165],
"4607 sunnyside av n":[47.662917,-122.330435],
"501 nw 73rd st":[47.681601,-122.362674],
"5916 high point dr sw":[47.5501454,-122.3701795],
"5th av ne \/ sb i5 to 50":[47.6653795,-122.3228386],
"602 20th av e":[47.6245566,-122.3056988],
"6235 4th av nw":[47.675279,-122.362199],
"624 nw 79th st":[47.686422,-122.364434],
"6350 ne radford dr":[47.6742085,-122.2603705],
"7123 beach dr sw":[47.5385114,-122.3961602],
"7141 holly park dr s":[47.538733,-122.2871651],
"7243 38th av s":[47.5375434,-122.2846819],
"7600 aurora av n":[47.684086,-122.3443772],
"857 ne 130th st":[47.722856,-122.318392],
"9028 9th av sw":[47.5218961,-122.3464293],
"910 m l king jr way":[47.5942606,-122.2978328],
"924 14th av":[47.611212,-122.313738],
"9629 55th av s":[47.5159207,-122.2643751],
"n 88th st \/ linden av n":[47.6927515,-122.347215],
"olson pl sw \/ 2nd av sw":[47.5212253,-122.3362648]
}