{
"11715 24th av ne":[47.714382,-122.303001],
"1217 2nd av n":[47.630304,-122.352978],
"1812 amherst pl w":[47.6354341,-122.388344],
"2021 4th av n":[47.637095,-122.349848],
"2024 3av":[47.613027,-122.3415698],
"2235 e crescent dr":[47.63265,-122.302373],
"2301 california av sw":[47.5827259,-122.3871062],
"2310 41st av e":[47.6394805,-122.2793572],
"2828 13th av w":[47.6455925,-122.3731286],
"312 nw 79th st":[47.686425,-122.361305],
"3301 densmore av n":[47.6475269,-122.338119],
"3603 nw 64th st":[47.6747328,-122.4038657],
"3922 31st av s":[47.56821,-122.292004],
"4026 ne 98th st":[47.7002713,-122.2841909],
"418 21st av":[47.605703,-122.30466],
"4460 woodland park av n":[47.661158,-122.344276],
"4800 s orcas st":[47.551378,-122.272406],
"5402 18th av s":[47.553953,-122.309543],
"5935 16th av sw":[47.549129,-122.355185],
"6224 40th av ne":[47.674759,-122.284497],
"6248 4th av nw":[47.675554,-122.361523],
"6322 6th av s":[47.5455958,-122.3258202],
"648 w nickerson st":[47.6522678,-122.3664758],
"6510 21st av sw":[47.544479,-122.359011],
"6512 38th av ne":[47.676217,-122.286729],
"7517 30th av sw":[47.5349848,-122.371603],
"7728 east green lake dr n":[47.6850662,-122.3353928],
"7735 13th av nw":[47.6861201,-122.3730157],
"837 nw 45th st":[47.6612907,-122.3679615],
"8808 interlake av n":[47.692653,-122.339918],
"9251 wallingford av n":[47.6975054,-122.3368072],
"sb i5 at holgate":[47.588028,-122.320555],
"sw charlestown st \/ 21st av sw":[47.5701304,-122.3600872]
}