{
"100 11th av e":[47.6187777,-122.3181902],
"101 ne northgate way":[47.7086581,-122.3283445],
"1021 n 46th st":[47.6619249,-122.345097],
"10248 64th av s":[47.50832,-122.253223],
"10835 35th av sw":[47.505363,-122.376429],
"12015 11th av nw":[47.716546,-122.370693],
"123 nw 51st st":[47.6656053,-122.3582737],
"1423 s spokane st":[47.5714407,-122.3136883],
"1530 post al":[47.6093656,-122.3410995],
"1741 13th av s":[47.5871444,-122.3162069],
"1801 5th av":[47.6125728,-122.338057],
"20th av s & s jackson st":[47.5992537,-122.3063639],
"2110 31st av w":[47.638,-122.396669],
"2116 40th av e":[47.6376953,-122.281615],
"21st av sw \/ sw cambridge st":[47.519193,-122.3605147],
"2618 ne 46th st":[47.6617465,-122.2989752],
"308 ne 82nd st":[47.688474,-122.325161],
"312 nw 87th st":[47.692273,-122.361288],
"3402 41st av sw":[47.573013,-122.384303],
"3408 beacon av s":[47.572817,-122.308168],
"3821 california av sw":[47.5695712,-122.3873014],
"3831 23rd av sw":[47.5691438,-122.3622061],
"450-blk 4th av":[47.6024288,-122.3295299],
"567 valley st":[47.6261161,-122.3453544],
"7007 california av sw":[47.540461,-122.3874986],
"7330 15th av nw":[47.6823051,-122.3764966],
"8137 22nd av sw":[47.528935,-122.36218],
"9242 phinney av n":[47.69727,-122.353651],
"9402 12th av sw":[47.518849,-122.350214],
"fs10":[47.6012528,-122.328374],
"n 117th st \/ interurban trl":[47.7141421,-122.3481584],
"sb i5 fr ne 45 st":[47.65722,-122.322633]
}