{
"10303 8th av nw":[47.703493,-122.366464],
"10729 17th av ne":[47.707485,-122.310993],
"11250 greenwood av n":[47.7120148,-122.3551136],
"11734 sand point way ne":[47.71466,-122.282107],
"12062 17th av ne":[47.717435,-122.309184],
"14048 stone av n":[47.731843,-122.342033],
"1711 ne 145th st":[47.7339067,-122.3097188],
"1724 sw holden st":[47.533934,-122.35738],
"1755 14th av s":[47.5875498,-122.3148852],
"1802 s charles st":[47.5945318,-122.3079612],
"2031 s ferdinand st":[47.5579348,-122.3060701],
"2251 nw 59th st":[47.6714368,-122.3867821],
"2366 boyer av e":[47.640941,-122.312883],
"2603 22nd av w":[47.6430852,-122.3846202],
"2616 westlake av n":[47.64378,-122.3446027],
"2743 46th av sw":[47.578104,-122.391126],
"27th av \/ e yesler way":[47.6016643,-122.2978559],
"3403 nw 62nd st":[47.6737346,-122.4012767],
"3609 14th av w":[47.6526079,-122.375332],
"3640 13th av w":[47.653427,-122.373223],
"3785 east stevens way ne":[47.6531542,-122.3058878],
"3842 48th av sw":[47.568908,-122.393055],
"3918 ne 140th st":[47.730376,-122.286086],
"4058 sw donovan st":[47.525336,-122.384874],
"508 n bowdoin pl":[47.65478,-122.352128],
"5800 15th av nw":[47.6709114,-122.3762085],
"5827 ne park point dr":[47.6770675,-122.2647643],
"6825 35th av ne":[47.678355,-122.290731],
"6840 48th av ne":[47.6788022,-122.2766132],
"6915 51st av s":[47.5402739,-122.2701818],
"6th av w \/ w halladay st":[47.642045,-122.3648903],
"715 35th av":[47.608404,-122.288651],
"7735 24th av nw":[47.6860228,-122.3878882],
"7748 14th av nw":[47.6864914,-122.3737991],
"7973 renton av s":[47.5294529,-122.278496],
"8600 fauntleroy way sw":[47.5351112,-122.3927316],
"8626 45th av s":[47.525312,-122.275553],
"8729 evanston av n":[47.693219,-122.351694],
"9275 ithaca pl s":[47.519466,-122.2609396],
"9313 53rd av s":[47.518626,-122.266611],
"9713 15th av ne":[47.699972,-122.3125069],
"e crescent dr \/ interlaken dr e":[47.6323825,-122.3072629]
}