{
"106 nw bowdoin pl":[47.6550259,-122.3575908],
"10823 53rd av s":[47.502986,-122.267822],
"1106 16th av":[47.611878,-122.311102],
"1113 nw 67th st":[47.6776465,-122.3715322],
"1229 nw 126th st":[47.7201567,-122.372848],
"12703 9th av nw":[47.721671,-122.368084],
"15555 15th av ne":[47.7430899,-122.3133494],
"1714 e fir st":[47.6026954,-122.3094476],
"1948 5th av w":[47.6373982,-122.3633034],
"2315 e pike st":[47.613975,-122.301991],
"2406 sw roxbury st":[47.517555,-122.363667],
"2511 ne 135th st":[47.7263329,-122.301359],
"2625 13th av w":[47.643653,-122.374488],
"2712 harvard av e":[47.6449227,-122.3217348],
"2819 ne 117th st":[47.713577,-122.296739],
"3000 fauntleroy av sw":[47.5772248,-122.3729701],
"3027 60th av sw":[47.5769394,-122.409612],
"4420 s spencer st":[47.5475767,-122.2772539],
"4749 university way ne":[47.6647592,-122.3133472],
"4930 3rd av s":[47.5577286,-122.3303322],
"5056 mithun pl ne":[47.6674492,-122.2808541],
"5406 32nd av s":[47.553153,-122.291236],
"6026 21st av sw":[47.5474996,-122.3597071],
"7212 33rd av s":[47.537872,-122.28958],
"7336 49th av ne":[47.682298,-122.275125],
"815 ne 127th st":[47.721089,-122.319891],
"9044 13th av nw":[47.695597,-122.372358],
"9236 23rd av sw":[47.519954,-122.362193],
"9244 12th av sw":[47.519683,-122.350216],
"9603 california av sw":[47.517334,-122.387936],
"harvard av e \/ e highland dr":[47.6304845,-122.3222898],
"ne windermere rd \/ sand point way ne":[47.6699842,-122.2711196],
"sw roxbury st \/ 20th av sw":[47.5173583,-122.3592064],
"w galer st \/ 14th av w":[47.6322548,-122.374624]
}