{
"102 nw 115th st":[47.7125337,-122.3585949],
"11017-1\/2 17th av ne":[47.709124,-122.310402],
"13208 6th av nw":[47.7254253,-122.3633138],
"14367 30th av ne":[47.7332876,-122.2965218],
"1516 46th av sw":[47.5900895,-122.3899018],
"1757 ne 103rd st":[47.7028864,-122.3072805],
"1912 4th av":[47.6125843,-122.3391923],
"20th av nw & nw market st":[47.6686761,-122.3821419],
"221 11th av e":[47.6206138,-122.3185997],
"2706 w elmore st":[47.6578285,-122.3914333],
"3652 34th av w":[47.6538526,-122.4008822],
"3902 55th av sw":[47.5691639,-122.4028154],
"4047 38th av s":[47.566505,-122.2850051],
"4203 s elmgrove st":[47.5297734,-122.2802881],
"5114 8th av nw":[47.6662372,-122.3659001],
"525 s brighton st":[47.5415794,-122.3256987],
"614 1st av":[47.6023647,-122.3336513],
"6348 17th av sw":[47.54512,-122.355694],
"6413 29th av sw":[47.5453901,-122.3697415],
"6510 23rd av sw":[47.5442833,-122.3623937],
"6547 17th av ne":[47.677154,-122.310144],
"6611 carleton av s":[47.5439296,-122.3216121],
"6818 38th av ne":[47.678233,-122.286789],
"6902 carleton av s":[47.541063,-122.321848],
"7008 34th av ne":[47.6797212,-122.2911722],
"901 5th av n":[47.6275358,-122.3480213],
"s norfolk st \/ 59th av s":[47.513396,-122.259373],
"sand point way ne \/ ne 125th st":[47.7191592,-122.2857164],
"sw henderson st \/ 17th av sw":[47.5228633,-122.3564395]
}