{
"12017 25th av ne":[47.716312,-122.302303],
"1321 s lander st":[47.5793967,-122.3148809],
"1505 lake washington blvd":[47.6141171,-122.2819471],
"1517 1st av":[47.6092371,-122.3406434],
"1603 ne ravenna blvd":[47.6700469,-122.310536],
"1625 broadway e":[47.6158075,-122.3218458],
"1700 pike pl":[47.6096125,-122.3420491],
"2022 boren av":[47.6182819,-122.3347257],
"235 westlake av n":[47.6207054,-122.338839],
"2421 41st av e":[47.6408571,-122.2794732],
"2928 w elmore st":[47.6577063,-122.395836],
"3113 w harley st":[47.6633939,-122.397751],
"3233 47th av sw":[47.574792,-122.392487],
"3301 ne 73rd st":[47.6810636,-122.2922561],
"4400 36th av sw":[47.5646624,-122.3774329],
"4568 33rd av s":[47.5609346,-122.2908617],
"46th av sw \/ sw rose st":[47.5297416,-122.3916118],
"5216 37th av sw":[47.55507,-122.378566],
"607 stewart st":[47.6137252,-122.336549],
"6211 26th av ne":[47.6744,-122.299917],
"ne ravenna blvd \/ 11th av ne":[47.6716659,-122.316023],
"nickerson st \/ dexter av n":[47.6461347,-122.3496984]
}