{
"10760 66th av s":[47.503889,-122.250133],
"1103 madison st":[47.6093674,-122.324492],
"11249 greenwood av n":[47.712015,-122.355917],
"1127 minor av":[47.6110353,-122.3251626],
"12340 8th av ne":[47.7189369,-122.320134],
"124 19th av e":[47.6192525,-122.3073596],
"13004 12th av nw":[47.7235926,-122.37151],
"13333 3rd av ne":[47.7259663,-122.3264964],
"1422 19th av":[47.613697,-122.307107],
"1712 s jackson st":[47.5994871,-122.3097805],
"1936 34th av w":[47.637036,-122.399677],
"1st av nw \/ nw 87th st":[47.692445,-122.3580126],
"2565 3rd av w":[47.642491,-122.36132],
"3221 point pl sw":[47.576625,-122.420243],
"3243 13th av w":[47.649774,-122.373963],
"3852 meridian av n":[47.6542128,-122.3338114],
"4415 s ferdinand st":[47.55797,-122.277469],
"4608 sw rose st":[47.52994,-122.391986],
"4848 ne 42nd st":[47.659363,-122.274515],
"510 pike st":[47.6109298,-122.3350071],
"5637 20th av ne":[47.670433,-122.30684],
"6308 16th av ne":[47.675109,-122.310547],
"6317 beach dr sw":[47.546194,-122.399425],
"6414 brooklyn av ne":[47.675446,-122.313999],
"6648 park point way ne":[47.6771016,-122.2657338],
"701 s orchard st":[47.5383469,-122.3249097],
"801 nw 46th st":[47.6622149,-122.3666292],
"8515 29th av nw":[47.6910984,-122.3943515],
"8838 20th av sw":[47.523572,-122.358755],
"9038 21st av sw":[47.5217079,-122.360124],
"9052 3rd av nw":[47.6957547,-122.3604027],
"928 sw austin st":[47.5350139,-122.348777],
"93 e boston st":[47.638081,-122.327459],
"9402 18th av sw":[47.5189973,-122.3574378],
"999 nw leary way":[47.6632923,-122.370274],
"e olive pl \/ bellevue av":[47.6170767,-122.3268196],
"valley st \/ 8th av n":[47.6262586,-122.3410073],
"whitman av n \/ whitman pl n":[47.6735388,-122.3467863]
}