{
"10241 57th av s":[47.508503,-122.261765],
"1030 37th av e":[47.62829,-122.285107],
"10520 19th av ne":[47.705433,-122.30693],
"1700 25th av s":[47.5881978,-122.2999103],
"1904 26 av w":[47.6361076,-122.3901724],
"2340 magnolia blvd w":[47.638777,-122.408933],
"25th av ne \/ ne 45th st":[47.6612425,-122.3009111],
"2807 22nd av w":[47.645047,-122.385028],
"2824 s columbian way":[47.5625181,-122.2963172],
"2900 nw 85th st":[47.6906879,-122.394422],
"3016 nw 66th st":[47.67681,-122.396521],
"3337 e ford pl":[47.6242794,-122.2875864],
"344 nw 47th st":[47.663132,-122.362804],
"3616 corliss av n":[47.6509682,-122.3312897],
"3837 26th av w":[47.6551789,-122.390256],
"4120 50th av s":[47.565798,-122.270355],
"44th av sw \/ sw brandon st":[47.5539136,-122.3884689],
"4551 s henderson st":[47.5233001,-122.2746462],
"4740 15th av ne":[47.6642073,-122.3119559],
"5018 38th av ne":[47.665463,-122.286464],
"6312 39th av s":[47.545559,-122.283015],
"664 s weller st":[47.5976861,-122.3242917],
"7055 19th av ne":[47.6810152,-122.3080459],
"8308 8th av s":[47.52867,-122.322506],
"900 boren av":[47.6087491,-122.3246319],
"9220 20th av nw":[47.6962023,-122.3810731],
"927 sw austin st":[47.534591,-122.348656],
"boyer av e \/ lake washington blvd e":[47.6337971,-122.2978751],
"e olive pl \/ melrose av":[47.6170679,-122.3278931],
"john st \/ 9th av n":[47.6197149,-122.339755],
"s grand st \/ 13th av s":[47.5869455,-122.3159979],
"s lucile st br \/ airport way s":[47.5520818,-122.3197539]
}