{
"1007 1st av":[47.604651,-122.3364974],
"1124 republican st":[47.6232115,-122.3346635],
"1236 21st av e":[47.6316688,-122.3043625],
"1244 ne 102nd st":[47.7024169,-122.313119],
"14214 westwood pl ne":[47.731738,-122.28605],
"144 w florentia st":[47.6470476,-122.3600856],
"1526 alki av sw":[47.589847,-122.393164],
"15th av s \/ s columbian way":[47.5641473,-122.3134974],
"215 union st":[47.6083513,-122.3378161],
"2332 42nd av e":[47.6401309,-122.278054],
"2347 mcgilvra blvd e":[47.640527,-122.281134],
"2505 35th av w":[47.64139,-122.402653],
"2664 59th av sw":[47.5795874,-122.4077656],
"2712 sw elmgrove st":[47.5302466,-122.3677568],
"310 4th av s":[47.5997969,-122.3289793],
"3232 walnut av sw":[47.574564,-122.383252],
"4210 s kenyon st":[47.531744,-122.280084],
"4215 gilman av w":[47.6579331,-122.3895166],
"4550 15th av ne":[47.6623372,-122.3118701],
"5128 s leo st":[47.502888,-122.268521],
"5218 s pearl st":[47.5564511,-122.2672577],
"5536 17th av s":[47.5523019,-122.3107583],
"576 lake washington blvd e":[47.624803,-122.29027],
"6 armour st":[47.6451276,-122.3565703],
"6053 2nd av nw":[47.673899,-122.35985],
"6120 ravenna av ne":[47.673598,-122.303548],
"6215 s perry st":[47.5151309,-122.255052],
"6522 30th av s":[47.5436611,-122.2934411],
"6614 park point way ne":[47.6768112,-122.2658342],
"6715 35th pl s":[47.5417149,-122.2883909],
"800 broadway":[47.609245,-122.3207866],
"815 eastlake av e":[47.626361,-122.3292406],
"9354 52nd av s":[47.517402,-122.267114],
"9729 evanston av n":[47.700475,-122.351665],
"e pike st \/ summit av":[47.6140856,-122.3255203],
"m l king jr way s \/ s dearborn st":[47.5955272,-122.2975638]
}