{
"10000 37th av sw":[47.5135269,-122.3788241],
"1004 4th av s":[47.5940189,-122.329008],
"1017 n 39th st":[47.653909,-122.345159],
"10428 california av sw":[47.5092489,-122.38672],
"10535 12th av nw":[47.706174,-122.371814],
"128 s lucile st":[47.5537033,-122.332706],
"1408 39th av e":[47.631316,-122.282301],
"1501 w garfield st":[47.6335051,-122.3756531],
"1711 n 45th st":[47.6611043,-122.3368269],
"1730 23rd av":[47.6173665,-122.3023624],
"1818 yale av":[47.6178031,-122.3301611],
"3801 california av sw":[47.5699218,-122.387328],
"3832 ne 88th st":[47.69258,-122.286511],
"3rd av w \/ w mcgraw st":[47.6395817,-122.3609256],
"3rd av w \/ w republican st":[47.6232902,-122.3606096],
"4464 fremont av n":[47.6612612,-122.3496851],
"4700 denver av s":[47.560297,-122.3322538],
"4803 sw niesz ct":[47.5828472,-122.393085],
"4900 32nd av ne":[47.6642502,-122.2931769],
"4905 sw othello st":[47.537412,-122.395548],
"504 n 43rd st":[47.659175,-122.351745],
"515 ne 84th st":[47.68945,-122.322217],
"56th av s \/ seward park av s":[47.5511241,-122.2658492],
"5900 corson av s":[47.54902,-122.3209868],
"6012 18th av s":[47.5486806,-122.3099038],
"6335 35th av sw":[47.5454771,-122.3764417],
"720 s orchard st":[47.5388836,-122.3246161],
"7728 38th av ne":[47.685668,-122.287075],
"8001 25th av nw":[47.6869728,-122.389041],
"8027 sunnyside av n":[47.6877361,-122.3300786],
"843 nw 64th st":[47.675039,-122.367888],
"8725 14th av nw":[47.6930509,-122.374516],
"952 n allen pl":[47.6605822,-122.3463529],
"9606 26th av nw":[47.6987464,-122.3886442],
"e aloha st \/ 12th av e":[47.6265304,-122.3167912],
"linden av n \/ n 76th st":[47.6840419,-122.3471819],
"n 43rd st \/ whitman av n":[47.6595868,-122.3456251],
"n 72nd st \/ fremont av n":[47.6810543,-122.3498738],
"ne 97th st \/ lake shore blvd ne":[47.699309,-122.273353],
"nw sloop pl \/ 21st av nw":[47.6790756,-122.3832322],
"sw kenyon st \/ 24th av sw":[47.5318578,-122.3631857],
"sw raymond st \/ 31st av sw":[47.5483064,-122.3720531]
}