{
"1200 s charles st":[47.5939315,-122.3119056],
"1312 n 77th st":[47.6849739,-122.341106],
"1527 35th av s":[47.5880009,-122.2884044],
"15th av w \/ w bertona st":[47.6503442,-122.3764501],
"1741 s hanford st":[47.574895,-122.308763],
"200 s austin st":[47.5348801,-122.3313012],
"201 pine st":[47.610233,-122.3394843],
"2024 21st av s":[47.5851451,-122.3051224],
"2400 n 40th st":[47.6555857,-122.3302165],
"2670 sw sylvan heights dr":[47.5399707,-122.3677203],
"3018 16th av s":[47.576216,-122.311773],
"318 nw 52nd st":[47.666676,-122.361647],
"3255 40th av sw":[47.573979,-122.382848],
"3259 38th av sw":[47.573869,-122.380646],
"328-1\/2 nw 85th st":[47.6906343,-122.3609353],
"3451 14th av w":[47.651871,-122.375278],
"4430 46th av s":[47.563161,-122.275361],
"4816 ne 71st st":[47.680261,-122.275664],
"4921 28th av s":[47.557747,-122.297114],
"5006 20th av nw":[47.6657613,-122.3819272],
"5817 phinney av n":[47.6716551,-122.3546042],
"609 n 50th st":[47.6650264,-122.3509352],
"6743 30th av s":[47.5417059,-122.2935257],
"705 30th av":[47.6082868,-122.2938331],
"7345 43rd av s":[47.535714,-122.279736],
"7776 13th av sw":[47.532039,-122.351373],
"8111 5th av ne":[47.6879489,-122.3232124],
"8454 9th av sw":[47.526713,-122.346361],
"9007 4th av nw":[47.694569,-122.362304],
"m l king jr way s \/ s norfolk st":[47.5134264,-122.2786621],
"ne 62nd st \/ 38th av ne":[47.673973,-122.2869172],
"nw market st \/ nw 52nd st":[47.666846,-122.3607445]
}