{
"10243 63rd av s":[47.5084555,-122.2549887],
"1027 ne 123rd st":[47.7173019,-122.316838],
"1214 nw 80th st":[47.6870638,-122.3722122],
"1258 nw norcross way":[47.708616,-122.373809],
"132 broadway  e":[47.6191285,-122.3208399],
"13224 riviera pl ne":[47.725386,-122.280065],
"1338 s pearl st":[47.556615,-122.314464],
"1602 ne 86th st":[47.6914158,-122.3110231],
"1605 e alder st":[47.6043212,-122.3109277],
"161 valley st":[47.6260658,-122.3535139],
"1710 1st av n":[47.6343935,-122.3553163],
"223 prospect st":[47.628735,-122.351728],
"2522 e calhoun st":[47.641205,-122.29927],
"3036 5th av w":[47.6477813,-122.3633685],
"304 w comstock st":[47.630685,-122.360937],
"3415 19th av s":[47.572555,-122.306997],
"4051 gilman av w":[47.656581,-122.387864],
"4618 48th av s":[47.561117,-122.272835],
"4900 green lake way n":[47.6643015,-122.3417306],
"5001 ravenna av ne":[47.665182,-122.303773],
"5205 ivanhoe pl ne":[47.6669138,-122.2726479],
"5611 11th av ne":[47.6697973,-122.3165826],
"612 8th av s":[47.5972073,-122.3222401],
"6320 cycle ln sw":[47.5490173,-122.3714493],
"6542 20th av ne":[47.677069,-122.30619],
"6th av \/ battery st":[47.6174767,-122.3435548],
"8048 interlake av n":[47.6884193,-122.3401748],
"808 nw 106th st":[47.70583,-122.366579],
"s jackson st \/ 28th av s":[47.599218,-122.2962296],
"sw orchard st \/ 12th av sw":[47.5381992,-122.3504334]
}