{
"10301 greenwood av n":[47.7038631,-122.3557884],
"10339 wallingford av n":[47.704345,-122.336354],
"105 19th av e":[47.618759,-122.307666],
"1104 nw 100th st":[47.7016792,-122.370459],
"11521 greenwood av n":[47.7129509,-122.355954],
"11550 fremont av n":[47.713814,-122.349863],
"13056 42nd av ne":[47.724564,-122.28199],
"17th av s \/ s lander st":[47.5795827,-122.3107497],
"1815 e jefferson st":[47.605921,-122.308212],
"1903 n 82nd st":[47.688499,-122.335306],
"2016 nw market st":[47.6688768,-122.3828693],
"2132 dexter way n":[47.6380993,-122.3442241],
"2236 eastlake av e":[47.6393564,-122.3254135],
"2521 3rd av":[47.6163547,-122.3478474],
"2600 - 2649 ne university village mall":[47.6632964,-122.2991508],
"2634 franklin av e":[47.6442628,-122.3242745],
"3312 sw 100th st":[47.5139082,-122.3747217],
"3412 beacon av s":[47.572654,-122.308081],
"3550 sw 98th st":[47.5157949,-122.3788185],
"3815 ne 113th st":[47.70989,-122.287213],
"500 s holgate st":[47.5862072,-122.3278935],
"5224 16th av sw":[47.555442,-122.354212],
"600 yesler way":[47.6017323,-122.3263624],
"6042 37th av ne":[47.6734,-122.2877352],
"6050 42nd av sw":[47.546944,-122.385353],
"717 alder st":[47.60283,-122.32417],
"717 broadway  e":[47.6255725,-122.3215346],
"7400 57th av ne":[47.6828922,-122.2668174],
"838 ne 69th st":[47.678945,-122.3182456],
"8704 14th av sw":[47.525372,-122.352735],
"boyer av e \/ e shelby st":[47.6469031,-122.317093],
"dilling way \/ 4th av":[47.602169,-122.3293103],
"nw 73rd st \/ 3rd av nw":[47.6817968,-122.3605283],
"pike st \/ hubbell pl":[47.6130354,-122.3299209],
"s weller st \/ maynard av s":[47.5975187,-122.3250633]
}