{
"100 6th av":[47.6023134,-122.3265122],
"1019 n 48th st":[47.663369,-122.345189],
"11th av ne \/ lake city way ne":[47.6840228,-122.3162134],
"1213 ne 65th st":[47.6755828,-122.3150266],
"13516 roosevelt way n":[47.7270054,-122.3307023],
"1520 22nd av e":[47.6329319,-122.303234],
"1618 44th av sw":[47.588731,-122.387195],
"17th av ne \/ ne 65th st":[47.6758035,-122.3097753],
"1822 n 50th st":[47.665262,-122.335342],
"1924 11th av w":[47.6366574,-122.3714329],
"1934 31st av w":[47.6369,-122.396552],
"205 n 104th st":[47.704234,-122.3565488],
"210 euclid av":[47.603282,-122.288306],
"2116 n 115th st":[47.712741,-122.333316],
"2243 eastlake av e":[47.6395357,-122.325912],
"23rd av sw \/ sw juneau st":[47.5501044,-122.3616807],
"2709 s king st":[47.5980459,-122.2970207],
"300 marion st":[47.6049239,-122.3333678],
"3033 48th av sw":[47.5764726,-122.3936258],
"3528 s chicago st":[47.532595,-122.286718],
"4201 ne 123rd st":[47.717136,-122.283],
"4716 ne 45th st":[47.661568,-122.276493],
"511 n 137th st":[47.728427,-122.352665],
"5208 ravenna av ne":[47.6665699,-122.3032234],
"5308 gold ct sw":[47.5541332,-122.3972108],
"5443 18th av sw":[47.5525003,-122.3573581],
"5547 sw jacobsen rd":[47.5609912,-122.4033313],
"5923 32nd av sw":[47.5493785,-122.373708],
"601 s jackson st":[47.5989798,-122.3260993],
"6036 lanham pl sw":[47.5473476,-122.3734347],
"6544 holly ter s":[47.5430008,-122.262536],
"6545 33rd av s":[47.543081,-122.290607],
"6614 high point dr sw":[47.5433835,-122.3693705],
"7300 8th av s":[47.5372284,-122.3225405],
"7506 23rd av ne":[47.6833558,-122.3026062],
"7715 31st av sw":[47.5332537,-122.372866],
"8420 25th av sw":[47.5279946,-122.3644717],
"8654 10th av sw":[47.524895,-122.347666],
"aurora av n \/ n 137th st":[47.728684,-122.3450467],
"broadway e \/ e harrison st":[47.6220023,-122.3208976],
"e fir st \/ 21st av":[47.6026767,-122.3050466],
"nb sr509 at 1 av bridge s":[47.542241,-122.33422],
"wb wsea frwy at i5":[47.571714,-122.322064]
}