{
"10001 51st av s":[47.510933,-122.270628],
"10818 11th av ne":[47.7076939,-122.315914],
"11027 31st av ne":[47.7093459,-122.295248],
"11346 lake city way ne":[47.7118027,-122.2992651],
"12017 hiram pl ne":[47.716108,-122.299195],
"17th av nw \/ nw 48th st":[47.6637259,-122.3788956],
"18 w etruria st":[47.6479588,-122.3585295],
"1924 rainier av s":[47.5859569,-122.3034172],
"1st av nw \/ n 84th st":[47.6898478,-122.3579496],
"1st av nw \/ nw 81st st":[47.687674,-122.3579509],
"2309 arch av sw":[47.5830989,-122.3820504],
"2461 3rd av s":[47.5814524,-122.3300002],
"2565 ne 83rd st":[47.68916,-122.298608],
"3219 ne 103rd st":[47.70259,-122.293315],
"3224 s lane st":[47.596823,-122.2907705],
"3865 42nd av ne":[47.6580132,-122.283049],
"39th av ne \/ ne 55th st":[47.6685086,-122.2857565],
"4024 36th av w":[47.656626,-122.403204],
"4401 s holly st":[47.542173,-122.277914],
"520 galer st":[47.632519,-122.346216],
"5410 ivanhoe pl ne":[47.6680412,-122.2732809],
"5411 ne windermere rd":[47.669125,-122.270366],
"5960 21st av sw":[47.548398,-122.359466],
"6114 beacon av s":[47.547253,-122.300017],
"6118 9th av nw":[47.6735909,-122.3687338],
"619 s snoqualmie st":[47.561631,-122.3258572],
"6504 35th av ne":[47.6760724,-122.2900603],
"7021 50th av ne":[47.680068,-122.274643],
"7322 35th av s":[47.536345,-122.288118],
"7514 11th av sw":[47.5350356,-122.3490032],
"8060 22nd av nw":[47.6885546,-122.3840193],
"8408 aurora av n":[47.6902116,-122.3440586],
"8507 39th av s":[47.526613,-122.283965],
"8612 12th av sw":[47.5259829,-122.35019],
"8615 aurora av n":[47.6917687,-122.3450151],
"8745 greenwood av n":[47.6940243,-122.3557179],
"9041 phinney av n":[47.695461,-122.35437],
"9407 23rd av ne":[47.6969663,-122.3044442],
"e lynn st \/ minor av e":[47.6397397,-122.3283491],
"james st \/ 7th av":[47.604625,-122.3269744],
"queen anne av n \/ john st":[47.6197813,-122.3567453]
}