{
"1026 ne 102nd st":[47.7023399,-122.3167217],
"14034 1st av nw":[47.731493,-122.357886],
"1410 post al":[47.6078468,-122.3398711],
"1600 sturgus av s":[47.5879136,-122.3112405],
"1718 47th av sw":[47.587521,-122.39133],
"1728 magnolia blvd w":[47.635566,-122.404399],
"1734 25th av s":[47.587308,-122.299854],
"1st av ne \/ woodlawn av n":[47.6775192,-122.3283468],
"2000 ne 100th st":[47.7013313,-122.3066823],
"203 w republican st":[47.6231179,-122.3596982],
"2043 23rd av e":[47.6390782,-122.303517],
"2114 elliott av":[47.6114034,-122.3455953],
"2215 14th av w":[47.639066,-122.375351],
"2307 16th av s":[47.582689,-122.31247],
"2435 31st av w":[47.6406738,-122.397246],
"2737 s norman st":[47.592935,-122.29647],
"3900 rainier vista  ne":[47.6541506,-122.3079203],
"3999 sw myrtle st":[47.539164,-122.382819],
"4005 18th av sw":[47.5680557,-122.3573951],
"4006 sw concord st":[47.5237573,-122.3834867],
"4302 eastern av n":[47.659283,-122.3287329],
"4828 s gazelle st":[47.512673,-122.271533],
"4836 42nd av sw":[47.558205,-122.3851581],
"5134 s lucile st":[47.5528027,-122.2683723],
"5902 39th av sw":[47.5500649,-122.381348],
"610 12th av e":[47.624636,-122.3163963],
"611 26th av e":[47.6248,-122.299101],
"6336 cycle ln sw":[47.5490173,-122.3714493],
"8101 1st av s":[47.5306629,-122.335744],
"8903 2nd av ne":[47.693247,-122.327459],
"920 s bayview st":[47.5811425,-122.3208761],
"9429 45th av ne":[47.697119,-122.280542],
"fs 28":[47.548458,-122.2767948],
"ne 68th st \/ 50th av ne":[47.6775855,-122.2742444],
"ne 88th st \/ 5th av ne":[47.6922217,-122.3230266]
}