{
"102 n 43rd st":[47.6596149,-122.3569186],
"10777 68th av s":[47.5035471,-122.2494608],
"10804 24th av ne":[47.7078816,-122.3022344],
"1114 valley st":[47.6261397,-122.3351579],
"11414 8th av nw":[47.7116929,-122.365798],
"11919 stendall dr n":[47.715342,-122.341261],
"1210 2nd av":[47.6068105,-122.3362493],
"13739 wayne pl n":[47.729388,-122.3349659],
"1629 35th av":[47.616068,-122.288453],
"16th av ne \/ ne 80th st":[47.6866819,-122.3110673],
"1701 california av sw":[47.5880276,-122.3863036],
"17th av ne \/ ne 77th st":[47.6848653,-122.3099595],
"2025 fairview av e":[47.6374174,-122.3294216],
"2510 westmont way w":[47.641644,-122.407845],
"2814 1st av w":[47.64544,-122.35782],
"3502 w emerson st":[47.6542699,-122.402542],
"3836 ashworth av n":[47.653859,-122.339849],
"4001-4099 aurora av n":[47.6566624,-122.3474366],
"4029 51st av s":[47.566813,-122.269877],
"4642 s willow st":[47.540707,-122.2734822],
"51st av ne \/ ne 41st st":[47.6580028,-122.2718036],
"6056 39th av sw":[47.5467565,-122.3815957],
"6810 50th av ne":[47.6779603,-122.2739509],
"717 n 94th st":[47.6967698,-122.3490867],
"7225 17th av sw":[47.537483,-122.356486],
"8102 greenwood av n":[47.6879186,-122.3552609],
"8500 fremont av n":[47.6908045,-122.3496701],
"9000 3rd av nw":[47.6942618,-122.3606765],
"9024 25th av sw":[47.5217619,-122.3642247],
"airport way s \/ s lander st":[47.5798133,-122.3214152],
"e prospect st \/ 25th av e":[47.6292609,-122.3003304],
"eastlake av e \/ e nelson pl":[47.6305966,-122.3276454],
"gilman av w \/ 21st av w":[47.6520195,-122.3831405],
"ne 145th st \/ 15th av ne":[47.7339514,-122.3127759],
"ne 76th st \/ 17th av ne":[47.6839468,-122.3094797],
"s eddy st \/ 28th av s":[47.5453243,-122.2968747],
"s mount baker blvd \/ s mcclellan st":[47.5783472,-122.2887178],
"west marginal way sw \/ delridge way sw":[47.5719727,-122.3600952]
}