{
"12277 densmore av n":[47.719141,-122.3387302],
"130 harvard av e":[47.6195911,-122.3217625],
"13414 corliss av n":[47.7265868,-122.3313052],
"150-291 s royal brougham way":[47.5924228,-122.333931],
"1500 lake washington blvd e":[47.6308616,-122.2972026],
"151 mercer st":[47.6245587,-122.3540961],
"1524 14th av s":[47.58929,-122.314525],
"1815 15th av":[47.618182,-122.313118],
"1900 pike pl":[47.6096713,-122.3421493],
"19th av e \/ e mercer st":[47.6244183,-122.3073132],
"214 ne 65th st":[47.676129,-122.326762],
"2343 41st av e":[47.640375,-122.279918],
"2933 2nd av":[47.618054,-122.353044],
"2nd av n \/ mercer st":[47.6245733,-122.3528251],
"3402 ne 75th st":[47.6832319,-122.291229],
"3711 sw prescott pl":[47.5822943,-122.3782562],
"400 18th av s":[47.5992368,-122.3089623],
"4929 46th av s":[47.557319,-122.276086],
"5110 s garden loop rd":[47.5130326,-122.2699344],
"520 ne 112th st":[47.7102155,-122.3226655],
"5310 beacon av s":[47.554459,-122.302433],
"5510 20th av ne":[47.66896,-122.3060668],
"703 n 98th st":[47.700364,-122.349743],
"705 ne 42nd st":[47.657505,-122.3204653],
"7938 duncan av s":[47.530556,-122.267324],
"8th av s \/ s massachusetts st":[47.588247,-122.3235375],
"9502 interlake av n":[47.6979773,-122.3407866],
"9533 lake shore blvd ne":[47.698314,-122.27436],
"aurora av n \/ n 117th pl":[47.7147669,-122.3448344],
"n 50th st \/ green lake way n":[47.6650291,-122.340344]
}