{
"11310 17th av ne":[47.71072,-122.309678],
"14th av w \/ w nickerson st":[47.6551667,-122.3749067],
"1900 22nd av e":[47.636378,-122.305184],
"1929 s orcas st":[47.550329,-122.307518],
"2011 19th av e":[47.63785,-122.308469],
"2011 1st av n":[47.6368707,-122.356022],
"2137 n 61st st":[47.672717,-122.331964],
"2205 ne 117th st":[47.7137461,-122.305393],
"2348 22nd av s":[47.581551,-122.303893],
"2632 walnut av sw":[47.580134,-122.382938],
"26th pl w \/ w manor pl":[47.6533287,-122.3901452],
"2908 16th av s":[47.5773816,-122.3117533],
"315 hayes st":[47.633789,-122.351292],
"328 m l king jr way e":[47.6222614,-122.2958384],
"3906 42nd av sw":[47.5690086,-122.3850573],
"3945 s thistle st":[47.52765,-122.281824],
"4108 ne 96th st":[47.699014,-122.284107],
"4426 4th av ne":[47.6610548,-122.3237107],
"4509 linden av n":[47.6617102,-122.3488063],
"6730 35th pl s":[47.5412135,-122.2879221],
"6928 38th av sw":[47.5398319,-122.380082],
"7046 cleopatra pl nw":[47.680917,-122.365204],
"7352 39th av ne":[47.682795,-122.286071],
"804 howell st":[47.6143944,-122.3340288],
"8833 42nd av s":[47.523216,-122.280989],
"901 alaskan way":[47.6030589,-122.3378463],
"913 24th av":[47.610534,-122.301862],
"carkeek dr s \/ 40th av s":[47.5170981,-122.2824621],
"sw cloverdale st \/ 11th av sw":[47.5264015,-122.349286]
}