{
"1067 e blaine st":[47.63484,-122.3181766],
"11 roy st":[47.6252606,-122.3561657],
"12717 11th av nw":[47.721992,-122.370779],
"1420 5th av s":[47.5245157,-122.3282152],
"1440 palm av sw":[47.5906483,-122.3842323],
"2101 e union st":[47.612711,-122.3047193],
"2305 n 130th st":[47.7229079,-122.33118],
"2360 22nd av s":[47.581152,-122.303896],
"2720 4th av":[47.618318,-122.3483934],
"2821 11th av w":[47.645726,-122.371859],
"3025 w galer st":[47.631838,-122.39695],
"314 ne 91st st":[47.69524,-122.325101],
"3271 38th av sw":[47.5735363,-122.380345],
"416 ne 80th st":[47.686987,-122.3235128],
"4711 46th av ne":[47.663517,-122.278671],
"5011 ohio av s":[47.5568992,-122.3384026],
"5207 s farrar st":[47.555379,-122.2678129],
"5505 5th av ne":[47.668826,-122.323198],
"611 33rd av":[47.60713,-122.290818],
"619 nw 49th st":[47.6641618,-122.3649508],
"6300 34th av sw":[47.5464552,-122.3749081],
"6527 43rd av ne":[47.6766233,-122.2822543],
"6556 32nd av sw":[47.5435778,-122.3736261],
"6722 rainier av s":[47.541932,-122.271249],
"7011 47th av sw":[47.540217,-122.393354],
"9124 view av nw":[47.6959673,-122.4010467],
"9421 27th av sw":[47.5186691,-122.3673051],
"e interlaken blvd \/ lake washington blvd e":[47.630865,-122.297223],
"lake city way ne \/ 14th av ne":[47.6865999,-122.3134926],
"minor av \/ e union st":[47.612959,-122.3268843],
"sw kenyon st \/ highland park way sw":[47.5319338,-122.3467705]
}