{
"10008 12th av nw":[47.701814,-122.371019],
"101 broadway e":[47.6188724,-122.3211775],
"14323 40th av ne":[47.732773,-122.285978],
"1904 26th av w":[47.6361076,-122.3901724],
"200 5th av s":[47.6007051,-122.3272828],
"2002 42nd av e":[47.6371452,-122.2784479],
"2309 3rd av":[47.6148052,-122.345438],
"2632 nw 57th st":[47.670417,-122.391543],
"2707 s massachusetts st":[47.587958,-122.29755],
"2858 nw 59th st":[47.6718369,-122.3954091],
"3019 s bennett st":[47.554459,-122.293576],
"3617 14th av s":[47.5710797,-122.3150063],
"37th av sw \/ sw raymond st":[47.5483678,-122.3790627],
"4223 2nd av nw":[47.658403,-122.358739],
"4320 aurora av n":[47.6601562,-122.3471425],
"5071 8th av ne":[47.6665483,-122.3195347],
"5603 sw hanford st":[47.5756318,-122.4043252],
"5744 twin maple ln ne":[47.6713847,-122.3014868],
"712 n 84th st":[47.690056,-122.349248],
"8206 linden av n":[47.6886714,-122.3469593],
"850 nw 85th st":[47.6907924,-122.3674437]
}