{
"1020 w howe st":[47.6361222,-122.3713203],
"10310 mary av nw":[47.703691,-122.374998],
"11502 dayton av n":[47.712501,-122.352468],
"11559 38th av ne":[47.7135679,-122.2881679],
"1305 seneca st":[47.611635,-122.3238582],
"1515 38th av e":[47.632699,-122.28447],
"1517 n 110th st":[47.7084321,-122.3385276],
"16th av sw \/ sw myrtle st":[47.539111,-122.35498],
"1724 45th av sw":[47.5872721,-122.3886465],
"1902 bigelow av n":[47.6359658,-122.3483107],
"2434 8th av w":[47.6406461,-122.3673752],
"2600 - 2699 lake washington blvd e":[47.643152,-122.298581],
"2740 ne 143rd st":[47.732218,-122.297542],
"325 nw 82nd st":[47.6881677,-122.3617104],
"3704 14th av s":[47.5705665,-122.3146017],
"401 n 141st st":[47.7306977,-122.3546333],
"4035 1st av ne":[47.656583,-122.328189],
"4801 ne 95th st":[47.697187,-122.276312],
"540 27th av":[47.60741,-122.297517],
"5927 41st av sw":[47.5494361,-122.3847281],
"6050 36th av sw":[47.546816,-122.377365],
"6401 s bangor st":[47.50601,-122.253558],
"7016 18th av nw":[47.680082,-122.379662],
"7308 42nd av ne":[47.681936,-122.283374],
"7541 28th av nw":[47.684305,-122.393412],
"7928 14th av sw":[47.530982,-122.352494],
"8500 mary av nw":[47.690616,-122.3754525],
"8608 26th av sw":[47.526152,-122.365488],
"8911 25th av ne":[47.69342,-122.301894],
"9002 2nd av ne":[47.69421,-122.326708],
"917 n 93rd st":[47.69614,-122.346457],
"9206 51st av ne":[47.6954667,-122.2730949],
"bellevue pl e \/ belmont pl e":[47.627663,-122.3242439],
"n 48th st \/ whitman av n":[47.6635843,-122.3460882],
"w armour st \/ west viewmont way w":[47.6449873,-122.4096232]
}