{
"100 n 80th st":[47.686952,-122.3579124],
"1123 20th av e":[47.629376,-122.306374],
"1400 n northgate way":[47.7051889,-122.3404531],
"1612 44th av sw":[47.588868,-122.38719],
"1617 yale av":[47.615812,-122.328618],
"1706 46th av sw":[47.5877799,-122.3899827],
"200 queen anne av n":[47.6199494,-122.3565224],
"2200 fairmount av sw":[47.5835929,-122.3805752],
"222 e hamlin st":[47.6457988,-122.3246171],
"2350 22nd av s":[47.5814287,-122.3038979],
"2727 ne 54th st":[47.667643,-122.297247],
"2829 s columbian way":[47.562005,-122.29613],
"301 broadway e":[47.6213079,-122.3211824],
"315 27th av e":[47.621878,-122.297585],
"3722 sw grayson st":[47.5819912,-122.3786233],
"3911 s mead st":[47.5503097,-122.282809],
"4950 ne 85th st":[47.6908,-122.272431],
"5122 s medley ct":[47.5348053,-122.2689255],
"5434 25th av sw":[47.5527208,-122.3640306],
"6339 34th av sw":[47.544963,-122.37545],
"6601 aurora av n":[47.6769795,-122.3463393],
"7801 1st av s":[47.5320879,-122.3352077],
"8th av s \/ s charles st":[47.5950002,-122.3224708],
"914 n 79th st":[47.6864318,-122.346382],
"9451 12th av sw":[47.5176966,-122.3509828],
"melrose connector trl":[47.6261175,-122.3279297]
}