{
"10026 48th av ne":[47.701942,-122.276101],
"1127 poplar pl s":[47.5922515,-122.3106739],
"11555 dayton av n":[47.713653,-122.3535065],
"11729 16th av ne":[47.7148098,-122.3113762],
"1246 bigelow av n":[47.630791,-122.349318],
"12705 fremont av n":[47.721577,-122.350694],
"13511 17th av ne":[47.726992,-122.310287],
"13th av nw \/ nw 92nd st":[47.6960621,-122.3727647],
"149 34th av e":[47.6193219,-122.289231],
"1803 e alder st":[47.604121,-122.308728],
"1914 e roy st":[47.625419,-122.306563],
"2319 n 128th st":[47.7218182,-122.3300196],
"29th av s \/ s norman st":[47.5933275,-122.2954514],
"3003 nw 72nd st":[47.680724,-122.39594],
"3025 fairmount av sw":[47.576078,-122.3825323],
"3055 nw 54th st":[47.667429,-122.3996461],
"3209 e cherry st":[47.6077915,-122.2910884],
"328 bellevue av e":[47.621707,-122.326221],
"3401 25th av w":[47.6507107,-122.3887192],
"3904 w briarcliff ln":[47.6480048,-122.4071459],
"4073 ne 109th st":[47.707109,-122.282413],
"4082 letitia av s":[47.5659223,-122.2895085],
"4113 eastern av n":[47.6571307,-122.3293862],
"4119 sw 106th st":[47.5080674,-122.3852825],
"4202 ashworth av n":[47.658145,-122.339405],
"4227 s kenny st":[47.548726,-122.279593],
"4520 2nd av ne":[47.661995,-122.326914],
"4617 22nd av ne":[47.6623725,-122.3047625],
"47th av sw \/ maplewood pl sw":[47.5081781,-122.3901101],
"510 pine st":[47.6117283,-122.3363817],
"5343 s wallace st":[47.4969309,-122.265799],
"5710 sw spokane st":[47.572496,-122.40588],
"5854 east green lake way n":[47.673222,-122.335733],
"6061 wellesley way ne":[47.674785,-122.277572],
"6526 29th av s":[47.543572,-122.295535],
"7517 19th av sw":[47.53494,-122.358502],
"8002 california av sw":[47.531364,-122.387041],
"8036 46th av sw":[47.5302099,-122.391214],
"812 33rd av s":[47.5953386,-122.2899509],
"825 marion st":[47.6074207,-122.3273239],
"8418 delridge way sw":[47.527611,-122.360054],
"900 e prospect st":[47.6288609,-122.3210316],
"9411 21st av sw":[47.5188257,-122.3608527],
"9749 wallingford av n":[47.7010258,-122.336892],
"9th av sw \/ highland park way sw":[47.5319338,-122.3467705]
}