{
"10347 9th av nw":[47.704676,-122.369232],
"10400 1st av ne":[47.7041232,-122.3284837],
"10614 60th av s":[47.505559,-122.257939],
"108 cherry st":[47.6027408,-122.3338996],
"11501 38th av ne":[47.7119287,-122.2879743],
"11519 3rd av ne":[47.712786,-122.326428],
"1407 sw cambridge st":[47.5190345,-122.3533105],
"1417 32nd av s":[47.589745,-122.291691],
"1417 n 47th st":[47.662645,-122.33982],
"14334 24th pl ne":[47.733288,-122.302273],
"2300 e john st":[47.6202293,-122.3025335],
"2441 crane dr w":[47.641368,-122.410905],
"316 n 81st st":[47.687886,-122.35445],
"3434 23rd av w":[47.651269,-122.385505],
"3939 s morgan st":[47.543656,-122.281531],
"400 - 499 10th av":[47.605455,-122.319038],
"406 26th av e":[47.622873,-122.298441],
"4105 whitman av n":[47.656904,-122.346376],
"6522 phinney av n":[47.6767735,-122.3540257],
"6653 ellis av s":[47.5424573,-122.3196684],
"7723 20th av ne":[47.6855603,-122.3070798],
"8651 30th av sw":[47.524993,-122.371635],
"8720 golden gardens dr nw":[47.6927721,-122.3986215],
"916 20th av e":[47.627415,-122.30568],
"925 s jackson st":[47.5989103,-122.3200176],
"9630 rainier av s":[47.518822,-122.256059],
"kenyon on rp":[47.5297817,-122.328043],
"nb i5 at tullys":[47.575959,-122.3196429],
"ne 41st st \/ 15th av ne":[47.6568296,-122.3120806],
"yesler way \/ alaskan way s":[47.601735,-122.3365912]
}