{
"11727 17th av ne":[47.714778,-122.310156],
"1217 ne 69th st":[47.678528,-122.314818],
"13014 6th av nw":[47.723769,-122.363253],
"13250 greenwood av n":[47.7250482,-122.3555355],
"158 prospect st":[47.6291969,-122.3535357],
"1728 palm av sw":[47.587064,-122.385052],
"2028 westlake av":[47.6155978,-122.3378836],
"2050 nw 59th st":[47.6718649,-122.384305],
"2108 8th av w":[47.6380763,-122.367606],
"2359 16th av s":[47.581275,-122.312398],
"2614 24th av w":[47.643773,-122.38695],
"3047 32nd av w":[47.6482589,-122.3985022],
"3733 sw austin st":[47.534728,-122.380792],
"38th av ne \/ ne 117th st":[47.7137296,-122.2872306],
"4015 s holly st":[47.542264,-122.281939],
"421 26th av e":[47.623277,-122.299114],
"5855 seward park av s":[47.5498658,-122.2594249],
"6520 23rd av ne":[47.676404,-122.30243],
"6614 rainier av s":[47.542876,-122.272764],
"7341 dibble av nw":[47.6826651,-122.3675572],
"7453 4th av ne":[47.6829809,-122.3245592],
"7936 29th av sw":[47.5307632,-122.3695978],
"819 w galer st":[47.632126,-122.36878],
"9056 4th av nw":[47.695855,-122.361646],
"9745 holman rd nw":[47.7011937,-122.3646158],
"mount rainier dr s \/ s mcclellan st":[47.5782124,-122.2876574],
"sb i5 at s jackson st":[47.5991996,-122.321822]
}