{
"10046 mary av nw":[47.702915,-122.37505],
"10717 burke av n":[47.7075729,-122.336141],
"11609 2nd av nw":[47.713188,-122.359903],
"12341 38th av ne":[47.7185849,-122.2873293],
"13547 linden av n":[47.7275923,-122.3477271],
"1416 harvard av":[47.6139432,-122.3212395],
"14350 30th av ne":[47.7327708,-122.2965058],
"163 15th av":[47.6031692,-122.3131244],
"1816 ne 82nd st":[47.6886479,-122.3082174],
"1926 s graham st":[47.54802,-122.307701],
"2845 35th av w":[47.646348,-122.402676],
"3315 e saint andrews way":[47.629055,-122.288671],
"3876 bridge way n - bridgeway bldg":[47.653773,-122.343535],
"4809 airport way s":[47.5594774,-122.3236621],
"5317 s kenyon st":[47.5314642,-122.2655239],
"5622 s leo st":[47.50277,-122.262051],
"5720 36th av ne":[47.670915,-122.28877],
"5918 shaffer av s":[47.549223,-122.294438],
"5947 32nd av s":[47.548464,-122.291879],
"650 s orcas st":[47.551965,-122.3251578],
"6829 vista av s":[47.5414265,-122.3004001],
"6th av \/ james st":[47.6041596,-122.3280807],
"8436 42nd av sw":[47.52782,-122.384579],
"907 nw ballard way":[47.6624845,-122.3695248],
"9748 59th av s":[47.5138116,-122.2590777],
"occidental av s \/ s royal brougham way":[47.5924074,-122.3332304],
"sb sr509 at 1 av bridge s":[47.543296,-122.334318],
"w bertona st \/ west viewmont way w":[47.6504489,-122.4095573]
}