{
"1103 e republican st":[47.6229667,-122.317587],
"1122 nw market st":[47.668936,-122.371807],
"11739 roosevelt way ne":[47.715171,-122.3182883],
"1215 lexington way e":[47.630363,-122.288407],
"13209 7th av nw":[47.725421,-122.365396],
"13548 northshire rd nw":[47.7281962,-122.3621977],
"1550 7th av":[47.6121233,-122.3338009],
"1st av \/ union st":[47.6078123,-122.3391044],
"2101 e jefferson st":[47.6060299,-122.3047932],
"2370 eastlake av e":[47.6416619,-122.3258692],
"2520 11th av w":[47.641335,-122.371087],
"2635 34th av w":[47.6441609,-122.401427],
"314 1st av w":[47.6214345,-122.3577652],
"3243 36th av s":[47.5740026,-122.2880268],
"3333 claremont av s":[47.572517,-122.295596],
"3437 nw 62nd st":[47.673641,-122.402788],
"411 nw 92nd st":[47.69583,-122.362531],
"432 ne ravenna blvd":[47.678298,-122.323662],
"4721 rainier av s":[47.5599006,-122.2869591],
"4950 15th av s":[47.557734,-122.313141],
"5530 s brandon st":[47.553581,-122.263238],
"5712 28th av nw":[47.6706419,-122.3928553],
"5898 seward park av s":[47.5496726,-122.2587984],
"6300 35th av sw":[47.5464948,-122.376384],
"6535 39th av ne":[47.676802,-122.286312],
"7513 11th av sw":[47.5350746,-122.3492487],
"7526 11th av nw":[47.68403,-122.370097],
"7532 21st av ne":[47.684035,-122.304897],
"833 35th av":[47.610256,-122.288609],
"8354 14th av nw":[47.6903778,-122.373972],
"9028 11th av sw":[47.521884,-122.348909],
"9329 53rd av s":[47.518114,-122.266608],
"elliott bay trl \/ alaskan way":[47.6332981,-122.3790919],
"nw 70th st \/ alonzo av nw":[47.6795414,-122.3746409],
"s cloverdale st \/ 39th av s":[47.5261128,-122.2836927],
"sw elmgrove st \/ 16th av sw":[47.5300747,-122.3550436]
}