{
"10009 california av sw":[47.513454,-122.387683],
"1100 nw market st":[47.6686724,-122.3707808],
"15th av nw \/ nw 95th st":[47.6978932,-122.3768086],
"1628 21st av":[47.6161857,-122.3045402],
"2301 bigelow av n":[47.639255,-122.348577],
"323 queen anne av n":[47.621607,-122.357112],
"3407 sw morgan st":[47.5445757,-122.375584],
"4001 21st av w":[47.6561282,-122.3838381],
"4041 sw barton st":[47.521302,-122.384847],
"4441 46th av sw":[47.563511,-122.391228],
"4915 wallingford av n":[47.6647429,-122.336703],
"5000 15th av ne":[47.6649094,-122.3119425],
"5751 princeton av ne":[47.671577,-122.2761026],
"604 21st av e":[47.624656,-122.304329],
"6185 4th av s":[47.5456627,-122.3299542],
"7322 34th av ne":[47.681959,-122.291198],
"8144 12th av sw":[47.528898,-122.35021],
"817 aloha st":[47.6271166,-122.3408088],
"8512 fauntlee crest sw":[47.527489,-122.386642],
"8802 36th av s":[47.524268,-122.287331],
"9th av ne \/ ne 113th st":[47.7109797,-122.3190761],
"ne 89th st \/ 15th av ne":[47.6930722,-122.3121821],
"ne 93rd st \/ 51st av ne":[47.6958383,-122.2732304],
"nw 67th st \/ division av nw":[47.6777622,-122.3665605],
"station 16":[47.6791242,-122.3231897]
}