{
"1016 ne 108th st":[47.707639,-122.317071],
"10254 california av sw":[47.5105519,-122.386785],
"10716 dayton av n":[47.707456,-122.352418],
"10755 11th av nw":[47.708474,-122.36909],
"1114 8th av w":[47.629231,-122.367328],
"1371 31st av s":[47.5905561,-122.2927029],
"13744 midvale av n":[47.730007,-122.3432991],
"1506 nw 57th st":[47.670398,-122.376709],
"2209 1st av":[47.612758,-122.3455046],
"2233 6th av s":[47.5827911,-122.3268482],
"2325 s juneau st":[47.5499075,-122.3028486],
"2332 1st av":[47.614201,-122.3475051],
"2730 ne 88th st":[47.6924166,-122.2976069],
"3034 22nd av w":[47.647629,-122.384285],
"3632 meridian av n":[47.6514622,-122.3335878],
"4011 sw henderson st":[47.522421,-122.383635],
"4400-4499 15th av nw":[47.6613492,-122.376163],
"4534 california av sw":[47.5619154,-122.3867711],
"4605 fremont av n":[47.662381,-122.350439],
"4628 s chicago st":[47.5328572,-122.2740739],
"46th av s \/ s morgan st":[47.54425,-122.2753789],
"5911 36th av sw":[47.54974,-122.378073],
"6419 26th av nw":[47.6756802,-122.3901194],
"7749 30th av sw":[47.5323,-122.3715558],
"809 lakeside av s":[47.595413,-122.288202],
"8746 19th av nw":[47.693759,-122.380781],
"n 135th st \/ stone av n":[47.7268125,-122.3423338],
"nw 71st st \/ 32nd av nw":[47.6802118,-122.3983887],
"s creston st \/ 51st av s":[47.5070211,-122.270099],
"s fairbanks st \/ m l king jr way s":[47.5225872,-122.2794906],
"stone av n \/ n 79th st":[47.6862204,-122.3418121]
}