{
"1017 boren av":[47.609793,-122.3259494],
"1024 w ruffner st":[47.6525446,-122.3711276],
"10721 17th av ne":[47.7072862,-122.3102926],
"137 ne 57th st":[47.669853,-122.326575],
"146 n 76th st":[47.6842507,-122.355996],
"1720 n 128th st":[47.722275,-122.336323],
"186 34th av e":[47.61961,-122.288748],
"1917 s alaska st":[47.5610204,-122.307799],
"2100 45th av sw":[47.5852382,-122.3887963],
"234 thomas st":[47.6209193,-122.3528667],
"2407 e valley st":[47.62571,-122.30076],
"2750 s washington st":[47.600869,-122.2969139],
"3838 surber dr ne":[47.6577,-122.28635],
"39th av sw \/ sw holden st":[47.5335416,-122.3819621],
"4040 woodland park av n":[47.656495,-122.344311],
"4208 ne 74th st":[47.682498,-122.283219],
"4228 s myrtle st":[47.539101,-122.279528],
"4420 s genesee st":[47.564093,-122.2781101],
"468 ne thornton pl":[47.703061,-122.3249151],
"4703 beacon av s":[47.560956,-122.305392],
"5111 9th av nw":[47.666089,-122.368876],
"600 post av":[47.6030764,-122.3355268],
"6804 44th av s":[47.541342,-122.277767],
"7170 18th av sw":[47.537128,-122.356938],
"744 belmont pl e":[47.626751,-122.323939],
"91 s jackson st":[47.5990302,-122.3353488],
"918 e highland dr":[47.6309314,-122.3205082],
"9439 39th av s":[47.517086,-122.284078],
"9738 60th av s":[47.5140805,-122.257923],
"elliott av \/ cedar st":[47.6144649,-122.3523282],
"interlake av n \/ n 107th st":[47.7069016,-122.3406723],
"n 92nd st \/ wallingford av n":[47.6959588,-122.3364877],
"sw barton st \/ 41st av sw":[47.5224176,-122.3862809]
}