{
"10010 40th av sw":[47.513399,-122.38281],
"10415 64th av s":[47.507707,-122.253881],
"1170 elliott av w":[47.6295902,-122.3722694],
"119 nw 79th st":[47.6860005,-122.3588244],
"13034 39th av ne":[47.724015,-122.285441],
"1306 33rd av s":[47.592055,-122.290012],
"14016 2nd av nw":[47.7310019,-122.359197],
"14324 30th av ne":[47.7324945,-122.2965129],
"1623 taylor av n":[47.6338968,-122.346273],
"2312 alki av sw":[47.583079,-122.401079],
"2820 13th av s":[47.577941,-122.315594],
"3011 s dakota st":[47.5662251,-122.2951094],
"315 smith pl":[47.6413131,-122.3511786],
"4508 sw holgate st":[47.5870013,-122.3895775],
"4807 beach dr sw":[47.559371,-122.404128],
"4842 s orcas st":[47.5513679,-122.270746],
"5734 25th av ne":[47.671023,-122.300309],
"5919 airport way s":[47.5495842,-122.3175362],
"5936 48th av sw":[47.549161,-122.39343],
"5th av ne \/ ne 57th st":[47.6700747,-122.3228568],
"6012 seaview av nw":[47.6728803,-122.4061041],
"623 nw 137th st":[47.7284859,-122.364528],
"6731 1st av nw":[47.678711,-122.357734],
"7526 44th av ne":[47.683872,-122.280681],
"8733 24th av nw":[47.693135,-122.389312],
"8735 dayton av n":[47.6934125,-122.3529855],
"8802 1st av ne":[47.692333,-122.327999],
"8806 se 59th st":[47.5502092,-122.2212922],
"916 ne ravenna blvd":[47.6725078,-122.3177263],
"922 nw market st":[47.6688903,-122.3696912],
"ne 135th st \/ 30th av ne":[47.7265199,-122.2963976],
"pike st \/ terry av":[47.6130014,-122.3300249]
}