{
"10060 8th av nw":[47.7032432,-122.3658791],
"1022 ne 69th st":[47.678937,-122.3163712],
"1102 utah st":[47.6612334,-122.4201326],
"119 w roy st":[47.6255197,-122.3589598],
"1201 mercer st":[47.6239367,-122.3326679],
"1410 s holgate st":[47.5864913,-122.3141357],
"14th av nw & nw market st":[47.6686564,-122.3736808],
"1601 eastlake av e":[47.6340407,-122.3260389],
"1709 ne 106th st":[47.7053719,-122.309251],
"1719 madrona dr":[47.6170723,-122.2848933],
"1911 broadway e":[47.6363252,-122.3215855],
"1st av ne \/ roosevelt way n":[47.7261059,-122.328875],
"2103 queen anne av n":[47.6373873,-122.3573697],
"2200 e lynn st":[47.6395597,-122.3037015],
"2328 ne 128th st":[47.722311,-122.303369],
"2500 sw cloverdale st":[47.5264672,-122.3645032],
"2712 ne 135th st":[47.7267719,-122.298412],
"28th av s \/ s bayview st":[47.5811962,-122.2964912],
"2920 e olive st":[47.6166482,-122.2939262],
"3037 nw 74th st":[47.6821863,-122.3973676],
"3224 nw 70th st":[47.679639,-122.399517],
"3409 40th av sw":[47.572869,-122.382852],
"3726 sw southern st":[47.530067,-122.380505],
"4401 28th pl w":[47.6597257,-122.3941549],
"4425 california av sw":[47.5638669,-122.3867911],
"4560 w cramer st":[47.67021,-122.415516],
"6051 s redwing st":[47.51813,-122.257065],
"6554 32nd av sw":[47.5438316,-122.3737534],
"7 highland dr":[47.629307,-122.356291],
"8604 25th av ne":[47.6914,-122.301157],
"8709 10th av s":[47.525257,-122.320488],
"9215 11th av sw":[47.5204787,-122.3496383],
"e cherry st \/ broadway":[47.60806,-122.3208091],
"n 77th st \/ stone av n":[47.6847804,-122.3418014],
"occidental av s \/ yesler way":[47.6017151,-122.3327905],
"pine st\/harvard av":[47.615226,-122.3221299],
"s barton pl \/ 51st av s":[47.5199589,-122.2699262]
}