{
"11":[47.5337571,-122.3547282],
"110 26th av s":[47.601258,-122.298607],
"11213 arroyo beach pl sw":[47.501663,-122.384856],
"12043 35th av ne":[47.716745,-122.291852],
"1210 terry av":[47.610697,-122.3278997],
"1710 n 34th st":[47.6482182,-122.3370187],
"1739 nw 64th st":[47.6752785,-122.3806112],
"1914 4th av":[47.6126283,-122.3392655],
"2240 everett av e":[47.639459,-122.315065],
"2445 3rd av s":[47.580391,-122.330039],
"2618 glenwilde pl e":[47.643712,-122.301105],
"2808 e union st":[47.6131789,-122.2957568],
"300 e roy st":[47.6251103,-122.3272765],
"3100 nw 54th st":[47.666566,-122.396277],
"320 w republican st":[47.623534,-122.361567],
"327 27th av":[47.6050895,-122.2981507],
"4122 sw southern st":[47.530216,-122.385751],
"4825 38th av ne":[47.664367,-122.287259],
"4916 rainier av s":[47.5573184,-122.2844744],
"504 3rd av":[47.6021364,-122.3307979],
"5406 34th av sw":[47.553465,-122.374569],
"5612 15th av ne":[47.6698228,-122.3116884],
"630 nw 81st st":[47.6878693,-122.3646602],
"6408 32nd av nw":[47.6755366,-122.3982016],
"6420 flora av s":[47.5449709,-122.31943],
"7322 9th av nw":[47.682141,-122.36801],
"8552 mary av nw":[47.6921735,-122.3751866],
"8800 - 8999 wallingford av n":[47.69232,-122.33646],
"9214 45th av sw":[47.5210091,-122.3899746],
"sand point way ne \/ ne park point dr":[47.6766652,-122.2635502],
"whitman pl n \/ n 63rd st":[47.6740024,-122.3468912]
}