{
"1020 university st":[47.61156,-122.327618],
"10637 renton av s":[47.5053098,-122.2537245],
"11033 lake city way ne":[47.7084665,-122.3013517],
"11226 1st av nw":[47.7113695,-122.3578349],
"123 bell st":[47.6137921,-122.3459434],
"12570 33rd av ne":[47.7210931,-122.2918552],
"1324 w emerson st":[47.654223,-122.374534],
"13344 23rd av ne":[47.7260846,-122.3042432],
"1611 s weller st":[47.5974801,-122.3109584],
"1614 n 36th st":[47.6505208,-122.3379548],
"1728 4th av s":[47.5873004,-122.3290488],
"1st av s \/ s stacy st":[47.5819066,-122.3341991],
"2340 43rd av e":[47.6402209,-122.276036],
"2418 s ferdinand st":[47.559036,-122.301961],
"2534 34th av s":[47.580001,-122.289491],
"2700 s hanford st":[47.575294,-122.297922],
"2819 s adams st":[47.5644715,-122.2976162],
"2821 20th av s":[47.578029,-122.307085],
"3000 nw 57th st":[47.6702015,-122.3956806],
"3647 36th av w":[47.653627,-122.403925],
"3837 37th av s":[47.568646,-122.286453],
"4501 shilshole av nw":[47.6614265,-122.3766657],
"500 n 59th st":[47.6717618,-122.3528515],
"5206 12th av s":[47.555344,-122.316874],
"5229 23rd av sw":[47.554488,-122.36204],
"6550-6598 east green lake way n":[47.6771591,-122.3322332],
"7th av w \/ w highland dr":[47.6296175,-122.366458],
"8114 31st av sw":[47.5296203,-122.3725519],
"8342 9th av nw":[47.6903565,-122.368014],
"8437 18th av sw":[47.5271523,-122.3580811],
"8559 interlake av n":[47.6921748,-122.3402472],
"8621 delridge way sw":[47.5258415,-122.3609185],
"nb i5 at roanoke":[47.644694,-122.322443],
"summit av e \/ e john st":[47.6196834,-122.3252875]
}