{
"0 - 0 nb i5 at boeing access rd":[47.542027,-122.303649],
"1030 ne 115th st":[47.7123932,-122.3164065],
"105 yesler way":[47.6015287,-122.3336266],
"10717 renton av s":[47.5046912,-122.2531183],
"11536 39th av ne":[47.713048,-122.286219],
"13025 aurora av n":[47.7244136,-122.345611],
"1917 10th av e":[47.636511,-122.320468],
"2013 nw 63rd st":[47.674327,-122.382885],
"2212 n 36th st":[47.6506656,-122.3320225],
"2214 broadway e":[47.6388559,-122.320973],
"2878 39th av w":[47.647264,-122.406551],
"300 - 349 ne ravenna blvd":[47.679817,-122.325712],
"304 26th av s":[47.6002069,-122.298436],
"309 19th av e":[47.6207708,-122.3073705],
"4100 50th av s":[47.566291,-122.270358],
"4218 s elmgrove st":[47.53029,-122.280331],
"4403 54th av ne":[47.660259,-122.27029],
"51st av s \/ s barton pl":[47.5199589,-122.2699262],
"5508 sw admiral way":[47.5772334,-122.4034729],
"5800 aurora av n":[47.6733429,-122.3471555],
"6009 39th av s":[47.547596,-122.283844],
"6042 26th av ne":[47.67342,-122.299265],
"605 lake washington blvd e":[47.624775,-122.291671],
"6703 fauntleroy way sw":[47.5429905,-122.3903881],
"708 mcgraw st":[47.6397724,-122.3436092],
"7509 aurora av n":[47.6836146,-122.3448011],
"7732 delridge way sw":[47.532716,-122.360054],
"dallas av s \/ s rose st":[47.5290093,-122.318946],
"west stevens way ne \/ 15th av ne":[47.6553287,-122.3121138]
}