{
"12025 6th av nw":[47.7171802,-122.3639993],
"13733 aurora av n":[47.7299306,-122.3457977],
"170 s king st":[47.5985029,-122.332085],
"1700 occidental av s":[47.5881984,-122.3332342],
"1801 s 93rd st":[47.5201612,-122.3089159],
"202 23rd av":[47.603664,-122.302035],
"2117 e shelby st":[47.6461676,-122.3035809],
"2201 n 106th st":[47.7057961,-122.3314529],
"2206 e galer st":[47.632539,-122.303071],
"2226 1st av":[47.6132966,-122.3459758],
"2408 s judkins st":[47.592284,-122.300755],
"2424 lorentz pl n":[47.6406928,-122.3532436],
"2807 franklin av e":[47.645985,-122.324606],
"312 n 67th st":[47.6778982,-122.3546241],
"335 w nickerson st":[47.65091,-122.362463],
"4208 beach dr sw":[47.565766,-122.407526],
"4228 5th av nw":[47.65863,-122.36261],
"4952 beacon av s":[47.5565276,-122.3030341],
"5021 37th av s":[47.5563849,-122.2864847],
"5130 s wallace st":[47.497982,-122.269172],
"5150 s orchard st":[47.538188,-122.267951],
"5253 green lake way n":[47.6670948,-122.3400906],
"5500 m l king jr way s":[47.5525905,-122.2883163],
"6520 28th av s":[47.5437182,-122.296547],
"6719 14th av nw":[47.678401,-122.37451],
"6913 31st pl s":[47.5401358,-122.2916328],
"7th av nw \/ nw 65th st":[47.6759795,-122.364486],
"8838 35th av sw":[47.523517,-122.376254],
"birch av n \/ halladay st":[47.6422545,-122.346404],
"california av sw \/ sw morgan st":[47.544872,-122.3872148]
}