{
"1019 e jefferson st":[47.606032,-122.318503],
"11014 37th av sw":[47.504171,-122.378589],
"11712 36th av ne":[47.714138,-122.288711],
"12042 9th av nw":[47.717354,-122.367337],
"13202 4th av nw":[47.725243,-122.361899],
"13th av sw \/ klickitat av sw":[47.5722028,-122.3522122],
"1539 nw 53rd st":[47.6670132,-122.3779993],
"1623 n 90th st":[47.693942,-122.33809],
"18 w cremona st":[47.6497283,-122.3584842],
"1825 13th av":[47.6183512,-122.3156047],
"2034 n 78th st":[47.685917,-122.334716],
"2104 wolfe pl w":[47.6379019,-122.398761],
"2249 13th av w":[47.6403003,-122.3738862],
"2310 nw blue ridge dr":[47.70375,-122.385684],
"23rd av s \/ s lander st":[47.5791722,-122.3033235],
"2641 sw nevada st":[47.565221,-122.3673],
"2854 s juneau st":[47.550143,-122.294534],
"3020 s findlay st":[47.551538,-122.293137],
"351 n 133rd st":[47.7252954,-122.3533066],
"370 westlake av n":[47.6217694,-122.3381122],
"37th av s \/ s thistle st":[47.5278808,-122.285927],
"3807 aurora av n":[47.6530332,-122.3476465],
"403 16th av e":[47.622358,-122.3117421],
"4552 sw othello st":[47.538205,-122.391123],
"5416 20th av ne":[47.668566,-122.30618],
"5803 46th av s":[47.550206,-122.275678],
"5th av \/ battery st":[47.6167636,-122.3444213],
"6115 39th av s":[47.546875,-122.283792],
"6732 25th av nw":[47.678653,-122.388341],
"711 madison st":[47.6074931,-122.3290556],
"724 25th av s":[47.595954,-122.299489],
"9269 44th av sw":[47.5200217,-122.3897299],
"roy st \/ queen anne av n":[47.6254573,-122.3567066],
"w dravus st \/ 15th av w sb on rp":[47.6484728,-122.3767594]
}