{
"1026 ne 98th st":[47.700627,-122.316555],
"10446 alderbrook pl nw":[47.7047916,-122.3648487],
"10648 59th av s":[47.5047138,-122.2591501],
"1092 2nd av":[47.6058562,-122.3357486],
"11453 69th pl s":[47.5006476,-122.2484573],
"1147 nw 56th st":[47.6692831,-122.3727935],
"1217 8th av w":[47.630533,-122.36813],
"12552 8th av nw":[47.721123,-122.365944],
"14002 stone av n":[47.730661,-122.34202],
"159 erie av":[47.6026203,-122.2863798],
"2037 42nd av e":[47.638098,-122.278785],
"2312 s spencer st":[47.548131,-122.303757],
"2342 nw 96th st":[47.699204,-122.387113],
"2501 w commodore way":[47.6614428,-122.3889282],
"2652 37th av sw":[47.580118,-122.377735],
"29th av nw \/ nw 85th st":[47.6905725,-122.394198],
"322 w comstock st":[47.630686,-122.361572],
"4221 s willow st":[47.5404863,-122.2797827],
"4349 s holden st":[47.533126,-122.276637],
"4514 bagley av n":[47.661948,-122.33218],
"4720 51st av s":[47.559911,-122.269099],
"4817 2nd av nw":[47.66415,-122.359143],
"500 7th av s":[47.5981204,-122.3237419],
"53rd av s \/ s henderson st":[47.5232963,-122.2663182],
"57th av s \/ s prentice st":[47.5082344,-122.261259],
"6061 m l king jr way s":[47.5463895,-122.2863899],
"620 20th av s":[47.5969991,-122.3060495],
"6897 holly park dr s":[47.5408766,-122.2886221],
"6909 58th av ne":[47.678585,-122.266249],
"8320 10th av s":[47.528401,-122.319915],
"838 s director st":[47.5224122,-122.3212976],
"illinois av":[47.6628014,-122.4107898]
}