{
"1550 4 av s":[47.58889,-122.328303],
"1624 sw holden st":[47.533912,-122.35614],
"2460 36th av w":[47.6413085,-122.4038115],
"2655 11th av w":[47.643835,-122.371869],
"2nd av s \/ s bennett st":[47.5549048,-122.3323853],
"3035 29th av w":[47.647886,-122.394637],
"35 av ne\/ne 60 st":[47.6721385,-122.2902161],
"3800 woodland park av n":[47.6528626,-122.3436762],
"3827 14th av w":[47.6543179,-122.3749247],
"3852 46th av ne":[47.656872,-122.278497],
"42nd av e \/ e garfield st":[47.6333591,-122.2785377],
"4401 sw findlay st":[47.5519838,-122.3889036],
"4532 20th av ne":[47.662219,-122.306199],
"46th av sw \/ sw raymond st":[47.548544,-122.3912048],
"5222 pullman av ne":[47.671392,-122.2723],
"5317 s fletcher st":[47.5188285,-122.2653803],
"5425 55th av s":[47.5526133,-122.2649285],
"5500 brooklyn av ne":[47.6686509,-122.313824],
"5631 kirkwood pl n":[47.6697549,-122.3326529],
"5956 california av sw":[47.5486448,-122.3869095],
"6224 51st pl s":[47.546752,-122.267611],
"624 1st av":[47.6025425,-122.333983],
"6519 5th av ne":[47.676311,-122.324023],
"7149 34th av sw":[47.5377527,-122.3754875],
"7318 29th av sw":[47.5368,-122.369435],
"8315 19th av nw":[47.6892031,-122.3814035],
"916 17th av":[47.610918,-122.309676],
"933 m l king jr way":[47.6110349,-122.2965454],
"9600 15th av sw":[47.5171172,-122.353359],
"ne 115th st \/ 35th av ne":[47.7119623,-122.2906479],
"nw market st \/ 20th av nw":[47.6686761,-122.3821419],
"post al \/ pike pl":[47.6088178,-122.3407902]
}