{
"1107 8th av":[47.6088244,-122.3292985],
"1301 w emerson st":[47.6538454,-122.3740013],
"13224 37th av ne":[47.7258312,-122.28748],
"206 nw 40th st":[47.655805,-122.359474],
"2209 nob hill av n":[47.6385027,-122.3509534],
"2313 n 128th st":[47.721808,-122.330303],
"2910 w crockett st":[47.6376094,-122.3948423],
"312 nw 73rd st":[47.6820085,-122.3612943],
"3232 fuhrman av e":[47.651013,-122.320329],
"327 20th av":[47.605175,-122.306733],
"331 ne longwood pl":[47.6840846,-122.3241727],
"3715 s hudson st":[47.5568583,-122.2851744],
"3825 43rd av ne":[47.65659,-122.281846],
"4217 4th av nw":[47.658334,-122.362203],
"4319 leary way nw":[47.6594986,-122.3652502],
"4502 sw frontenac st":[47.5407121,-122.3906341],
"4531 48th av ne":[47.6622568,-122.2761788],
"4720 43rd av s":[47.5599068,-122.2794667],
"500 e pine st":[47.6154511,-122.3252301],
"5002 sw hudson st":[47.5577046,-122.3966021],
"511 queen anne av n":[47.623617,-122.3569779],
"5412 21st av s":[47.553755,-122.305898],
"5767 sw orleans st":[47.570893,-122.406792],
"6027 30th av sw":[47.5474688,-122.3711689],
"747 s chicago st":[47.532449,-122.323445],
"7709 m l king jr way s":[47.5333226,-122.2808565],
"8119 34th av sw":[47.529516,-122.375664],
"8400 37th av s":[47.52774,-122.285635],
"8431 32nd av sw":[47.527292,-122.374318],
"8th av nw \/ nw 62nd st":[47.6741795,-122.3660647],
"9044 burke av n":[47.6954006,-122.3348603],
"9401 51st av s":[47.518029,-122.27026],
"broadway \/ e james way":[47.6072218,-122.3207749],
"ne 54th st \/ 20th av ne":[47.6680001,-122.3064861],
"nw 61st st \/ 28th av nw":[47.6729905,-122.3929652],
"s 113th st \/ 51st av s":[47.5014588,-122.2702155]
}