{
"107 belmont av e":[47.618815,-122.324282],
"10th av w \/ w galer st":[47.6323164,-122.3704158],
"1311 e olive st":[47.6162945,-122.3149643],
"15th av \/ e yesler way":[47.6016924,-122.3128848],
"18325 aurora av n":[47.761937,-122.3477816],
"1920 7th av w":[47.6366294,-122.365875],
"2026 ne 123rd st":[47.7177231,-122.3060092],
"2510 beacon av s":[47.580642,-122.312994],
"2580 sw barton st":[47.5214169,-122.3663191],
"2620 3rd av":[47.6169916,-122.3486204],
"2727 s norman st":[47.5931556,-122.2966202],
"2775 59th av sw":[47.5778384,-122.4080928],
"3222 ne 90th st":[47.694106,-122.29229],
"3931 s ferdinand st":[47.557605,-122.282011],
"40th av sw \/ sw thistle st":[47.5284258,-122.3828853],
"4459 26th av sw":[47.5631,-122.365735],
"520 bellevue av e":[47.6238506,-122.3264742],
"5247 18th av ne":[47.6677978,-122.3086143],
"5432 16th av sw":[47.552625,-122.354003],
"5440 49th av sw":[47.552763,-122.394654],
"5756 wilson av s":[47.549938,-122.264026],
"6113 8th av nw":[47.6736138,-122.3661062],
"6548 24th av nw":[47.677272,-122.387175],
"7342 29th av sw":[47.536115,-122.369434],
"7545 lakemont dr ne":[47.6842619,-122.273603],
"808 23rd av s":[47.5952399,-122.301899],
"m l king jr way e \/ e harrison st":[47.6225223,-122.2961156],
"magnuson park acrd \/ ne 74th st":[47.6821313,-122.2631519],
"n 72nd st \/ greenwood av n":[47.6807465,-122.3552969],
"sw edmunds st \/ 44th av sw":[47.5593337,-122.3881843]
}