{
"0 nb i5 fr swift":[47.546981,-122.307937],
"100 florentia st":[47.6471288,-122.355458],
"1051 26th av e":[47.628402,-122.2991379],
"1120 lake washington blvd s":[47.592777,-122.288718],
"11729-1\/2 36th av ne":[47.714565,-122.290192],
"12044 15th av ne":[47.7171,-122.312071],
"1218 ne 69th st":[47.678976,-122.314793],
"13241 37th av ne":[47.725825,-122.289026],
"1530 2nd av":[47.6095996,-122.339174],
"1725 ne 130th pl":[47.723968,-122.310345],
"2002 12th av e":[47.6374589,-122.3170829],
"2111 nw 86th st":[47.690833,-122.383823],
"2451 s judkins st":[47.5920327,-122.2990759],
"2613 e yesler way":[47.60143,-122.298258],
"3014 s holly st":[47.542757,-122.2930579],
"30th av ne \/ union bay pl ne":[47.6641306,-122.2956234],
"319 nw 85th st":[47.6904325,-122.361604],
"322 ne 133rd st":[47.725136,-122.3251217],
"325 n greenwood dr":[47.747482,-122.354672],
"3311 cheasty blvd s":[47.573649,-122.299946],
"3409 s juneau st":[47.5496067,-122.289108],
"3620 ne 45th st":[47.6613523,-122.2883844],
"3622 36th av sw":[47.5712815,-122.3770978],
"3800 s graham st":[47.5460771,-122.2844712],
"4006 ne 73rd st":[47.6818399,-122.2847445],
"4027 51st av sw":[47.567682,-122.397871],
"4044 39th av sw":[47.5670494,-122.3810259],
"4351 sw thistle st":[47.5281779,-122.388895],
"5052 42nd av s":[47.555467,-122.280365],
"5240 21st av ne":[47.6677028,-122.3052744],
"6014 s carver st":[47.5189833,-122.2583196],
"625 32nd av e":[47.6258144,-122.2912902],
"6841 40th av ne":[47.678892,-122.285327],
"7539 14th av ne":[47.684191,-122.313511],
"7713 32nd av nw":[47.685352,-122.398635],
"7948 11th av sw":[47.530471,-122.348942],
"802 nw 50th st":[47.6651424,-122.3665496],
"8021 ashworth av n":[47.687615,-122.339505],
"8911 california av sw":[47.5229737,-122.3875467],
"nb sr99 to western":[47.6109,-122.345539],
"utah av s \/ s atlantic st":[47.5902756,-122.33512]
}