{
"1007 ne 126th st":[47.720005,-122.317324],
"101 madison st":[47.6049099,-122.3356732],
"10848 34th av sw":[47.504956,-122.374276],
"116 20th av e":[47.6190762,-122.3056136],
"134 n 82nd st":[47.6886031,-122.3564586],
"1500 42nd av e":[47.6326302,-122.2776228],
"15th av s \/ s college st":[47.582984,-122.3134129],
"1608 23rd av":[47.6157077,-122.3023717],
"1704 3rd av n":[47.6341589,-122.351703],
"226 21st av e":[47.6210189,-122.304381],
"2502 n 50th st":[47.6652166,-122.3287186],
"2809 boyer av e":[47.6459868,-122.3174547],
"2816 nw 77th st":[47.6851111,-122.3938253],
"315 n 80th st":[47.6867491,-122.3545551],
"3839 stone way n":[47.6538763,-122.3428644],
"4200 s willow st":[47.540866,-122.28056],
"421 malden av e":[47.622598,-122.313942],
"4316 sw hudson st":[47.5576202,-122.3877518],
"4717 s mead st":[47.5502449,-122.2733992],
"4950 purdue av ne":[47.671295,-122.273607],
"4955 sw bruce st":[47.5550949,-122.3973362],
"5012 51st av s":[47.556676,-122.269495],
"5112 leary av nw":[47.6654067,-122.3800556],
"533 12th av":[47.6064972,-122.316795],
"5501 30th av ne":[47.6686503,-122.2952492],
"5812 16th av s":[47.5507737,-122.3120005],
"6027 woodland pl n":[47.6728222,-122.3488334],
"7011 46th av s":[47.539459,-122.275684],
"8412 50th av s":[47.5277475,-122.2713916],
"8th av n \/ aloha st":[47.6271318,-122.3409967],
"9089 holman rd nw":[47.6969021,-122.3732094],
"boren av \/ pike st":[47.6134658,-122.328912],
"s weller st \/ 4th av s":[47.5975914,-122.3290528]
}