{
"10704 62nd av s":[47.504216,-122.255624],
"11124 51st av s":[47.500654,-122.269985],
"1200 s bennett st":[47.5549303,-122.31717],
"1219 s donovan st":[47.525586,-122.3166674],
"1253 ne 94th st":[47.696581,-122.3123917],
"13013 3rd av ne":[47.723676,-122.327218],
"13026 31st av ne":[47.723733,-122.294208],
"1326 n 76th st":[47.68385,-122.3404472],
"1406 nw 53rd st":[47.6674115,-122.374083],
"1723 n 137th st":[47.728445,-122.337235],
"1812 24th av":[47.6181481,-122.3006974],
"1815 12th av w":[47.63524,-122.3728148],
"2002 e calhoun st":[47.641227,-122.305297],
"2303 montavista pl w":[47.6387856,-122.406995],
"2530 39th av e":[47.6416819,-122.2825089],
"2612 31st av w":[47.6436374,-122.3966208],
"3100 rainier av s":[47.5755432,-122.2956298],
"3411 sound view dr w":[47.6507887,-122.4173716],
"3623 corliss av n":[47.651206,-122.331863],
"4108 sw thistle st":[47.5286524,-122.3850957],
"4702 ne 39th st":[47.656682,-122.277412],
"5269 rainier av s":[47.5539572,-122.2813442],
"6701 california av sw":[47.5429472,-122.3875859],
"6753 36th av sw":[47.5413076,-122.3782582],
"6819 aurora av n":[47.6792609,-122.345949],
"706 w halladay st":[47.642229,-122.3666431],
"8115 12th av sw":[47.52957,-122.350914],
"9055 view av nw":[47.695558,-122.401986],
"9245 rainier av s":[47.5196137,-122.2692322],
"9727 college way n":[47.7004189,-122.335672],
"e prospect st \/ 15th av e":[47.6284165,-122.3125597]
}