{
"10743 3rd av nw":[47.708195,-122.361134],
"13401 35th av ne":[47.725788,-122.291304],
"14351 linden av n":[47.7327933,-122.3477915],
"1540 nw 54th st":[47.6679211,-122.3767749],
"1602 m l king jr way":[47.615428,-122.295792],
"1623 ne 77th st":[47.6846725,-122.3099742],
"1719 w nickerson st":[47.6551155,-122.3787124],
"18th av ne \/ ne 73rd st":[47.681245,-122.3088034],
"21st av nw \/ nw 65th st":[47.675975,-122.3832293],
"2915 20th av s":[47.5773202,-122.3070177],
"309 8th av":[47.6034243,-122.3246598],
"30th av sw \/ sw trenton st":[47.5246724,-122.371286],
"312 9th av n":[47.621377,-122.33939],
"3315 17th av s":[47.5735574,-122.3116809],
"3424 42nd av w":[47.650869,-122.410657],
"3612 e cherry st":[47.6080746,-122.2865909],
"400 stone av n - university house":[47.6950159,-122.3416669],
"40th av sw \/ sw andover st":[47.5683679,-122.3828239],
"4407 ne 65th st":[47.6757739,-122.2804721],
"4661 s willow st":[47.5406853,-122.2727697],
"500 s brandon st":[47.5550462,-122.3276008],
"5511 1st av ne":[47.6690672,-122.32846],
"5528 30th av ne":[47.669421,-122.294715],
"5528 ashworth av n":[47.66957,-122.338716],
"5634 37th av sw":[47.550917,-122.378639],
"5750 64th av ne":[47.671312,-122.259178],
"608 35th av":[47.607116,-122.288026],
"7024 holly park dr s":[47.5406023,-122.2884275],
"8243 densmore av n":[47.690001,-122.338161],
"88 vine st":[47.6149875,-122.3500342],
"9017 11th av sw":[47.522219,-122.349652],
"939 16th av e":[47.6280061,-122.3116442],
"fire sta 18":[47.6683676,-122.3774267],
"triton dr nw \/ 27th av nw":[47.7001149,-122.3922844]
}