{
"102 22nd av s":[47.601522,-122.303532],
"10703 phinney av n":[47.707066,-122.354496],
"11222 phinney av n":[47.711225,-122.353796],
"1127 m l king jr way":[47.612387,-122.296584],
"12744 20th av ne":[47.722512,-122.3069455],
"13000 linden av n":[47.7240026,-122.3477068],
"1501 melrose av":[47.6144198,-122.3280959],
"1507 45th av sw":[47.5903149,-122.389235],
"2206 2nd av n":[47.6386009,-122.3528841],
"2387 nw 90th st":[47.693911,-122.3870345],
"2410 beacon av s":[47.581682,-122.3142241],
"2816 sw holden st":[47.533933,-122.369301],
"3034 28th av w":[47.6478899,-122.392529],
"3040 16th av w":[47.6478715,-122.3771032],
"3270 sw avalon way":[47.564085,-122.375471],
"3400 nw 60th st":[47.6723393,-122.4012906],
"4703 sand point way ne":[47.6635955,-122.2845548],
"4709 8th av ne":[47.6634206,-122.3195656],
"4819 s morgan st":[47.543998,-122.271857],
"5027 s barton pl":[47.5200376,-122.2701807],
"5501 25th av ne":[47.66878,-122.3009538],
"6236 43rd av ne":[47.675074,-122.281816],
"626 4th av w":[47.6254259,-122.3615424],
"6321 seaview av nw":[47.67461,-122.408381],
"6903 32nd av nw":[47.678821,-122.39868],
"7107 38th av s":[47.5385927,-122.2846903],
"712 summit av e":[47.6255515,-122.3249763],
"7321 18th av sw":[47.5365631,-122.3573928],
"823 33rd av s":[47.595038,-122.290588],
"8317 greenwood av n":[47.6896782,-122.3556324],
"8334 27th av nw":[47.6900077,-122.3905609],
"837 n 34th st":[47.6489613,-122.3481701],
"8438 12th av sw":[47.527167,-122.350197],
"923 6th av n":[47.6278332,-122.3451515],
"montlake br \/ ship canal trl":[47.6470749,-122.3046219]
}