{
"10311 densmore av n":[47.7036578,-122.3378391],
"10745 5th av nw":[47.708212,-122.363371],
"1312 ne 65th st":[47.676032,-122.313736],
"13525 22nd av ne":[47.727417,-122.30565],
"1547 s angeline st":[47.560287,-122.311359],
"1619 14th av":[47.615943,-122.314773],
"2227 nw 57th st":[47.6698962,-122.3859589],
"2500 s juneau st":[47.550194,-122.300211],
"2616 5th av w":[47.6437627,-122.3633071],
"2921 s brighton st":[47.5411594,-122.2948223],
"3005 11th av w":[47.647005,-122.371859],
"3rd av s & s lander st":[47.5798068,-122.3299757],
"4209 west marginal way sw":[47.5654248,-122.354071],
"44th av sw \/ sw atlantic st":[47.5906138,-122.3873524],
"462 boston st":[47.6384528,-122.3476327],
"5215 s mead st":[47.550158,-122.266303],
"5220 sw pritchard st":[47.5799456,-122.399777],
"5619 15th av ne":[47.6700905,-122.3119176],
"608 1st av":[47.6022188,-122.3336129],
"6711 alonzo av nw":[47.678187,-122.375448],
"6748 23rd av nw":[47.6791616,-122.385057],
"6th av nw \/ nw 54th st":[47.6679173,-122.3632755],
"7012 7th av nw":[47.67998,-122.364174],
"7311 40th av ne":[47.6816625,-122.2853345],
"7314 s 115th st":[47.4998512,-122.2417274],
"745 summit av e":[47.626423,-122.325712],
"9045 15th av nw":[47.6948114,-122.376818],
"linden av n \/ n 87th st":[47.6920276,-122.3472187],
"nw vernon pl \/ leary av nw":[47.6668661,-122.3823721],
"rainier av s \/ wabash av s":[47.5296482,-122.2699954]
}