{
"1015 queen anne av n":[47.6285446,-122.3570715],
"10206 roosevelt way ne":[47.702442,-122.317394],
"110 nw 132nd st":[47.725346,-122.358779],
"11316 5th av ne":[47.711236,-122.3221123],
"11ave ne\/ ne 50":[47.6648956,-122.3119613],
"121 28th av s":[47.6010026,-122.2960023],
"129 21st av":[47.602511,-122.305436],
"13515 27th av ne":[47.727025,-122.299522],
"13726 35th av ne":[47.729103,-122.290579],
"13727 interlake av n":[47.729481,-122.341342],
"13th av nw \/ nw 103rd st":[47.7033472,-122.3727499],
"1509 8th av w":[47.6326464,-122.3680001],
"1515 n 38th st":[47.6525414,-122.339558],
"2216 32nd av s":[47.5830879,-122.291602],
"3026 nw 66th st":[47.6768069,-122.396873],
"3424 w mcgraw st":[47.6397033,-122.402205],
"4209 sw 109th st":[47.505049,-122.384719],
"4460 37th av sw":[47.5631766,-122.37853],
"4623 s victor st":[47.5099469,-122.274517],
"4916 24th pl s":[47.557997,-122.30122],
"5208 s hudson st":[47.5572566,-122.2675209],
"5415 ne penrith rd":[47.666646,-122.269346],
"5533 s bangor st":[47.5059309,-122.2634769],
"620 18th av e":[47.6250517,-122.3082433],
"6641 beveridge pl sw":[47.544462,-122.391897],
"7116 west marginal way sw":[47.5378414,-122.334268],
"742 n 77th st":[47.6849466,-122.3480713],
"771 n 75th st":[47.68309,-122.346914],
"7723 18th av ne":[47.685598,-122.309218],
"7742 20th av sw":[47.5324461,-122.3587526],
"833 pike st":[47.6122026,-122.3318568],
"9216 view av nw":[47.696537,-122.400422],
"9742 57th av s":[47.513793,-122.261644],
"beacon av s \/ s cloverdale st":[47.5261256,-122.2876765],
"corson av s \/ s nebraska st":[47.548932,-122.3210359]
}