{
"10109 51st av sw":[47.5129397,-122.3944467],
"1107 harrison st":[47.6219345,-122.3354521],
"1200 w nickerson st":[47.655761,-122.372256],
"122 27th av e":[47.6195949,-122.296888],
"12714 37th av ne":[47.721657,-122.288213],
"12737 28th av ne":[47.7223767,-122.2982126],
"13719 20th av ne":[47.729041,-122.3076034],
"1401 alaskan way":[47.60704,-122.3418276],
"14035 bagley av n":[47.7315401,-122.3330611],
"1600 e olive way":[47.619428,-122.3250572],
"1st av nw \/ nw 51st st":[47.6657912,-122.3570932],
"2308 49th av sw":[47.582669,-122.393544],
"2501 sw findlay st":[47.5517859,-122.3646419],
"2620 s hinds st":[47.573316,-122.298251],
"300 s orcas st":[47.552218,-122.3307042],
"3001 30th av w":[47.6469988,-122.3959875],
"4217 dayton av n":[47.65824,-122.352422],
"4415 36th av sw":[47.5640529,-122.3774994],
"5003 4th av s":[47.5575303,-122.3295334],
"5008 20th av ne":[47.6652046,-122.3062451],
"5614 20th av ne":[47.669845,-122.306192],
"5803 15th av nw":[47.6711712,-122.3764557],
"6306 beacon av s":[47.5460741,-122.2997058],
"6530 15th av ne":[47.676729,-122.311622],
"6701 12th av sw":[47.542654,-122.350655],
"706 22nd av e":[47.6255521,-122.3032223],
"7315 39th av s":[47.5365493,-122.2836384],
"7318 51st av ne":[47.681841,-122.272643],
"7541 seward park av s":[47.534072,-122.267365],
"8606 45th av ne":[47.690667,-122.279642],
"8858 15th av sw":[47.522992,-122.353623],
"8900 burke av n":[47.6940126,-122.3350972],
"ne 113th st \/ lake city way ne":[47.710437,-122.300539],
"w queen anne driveway \/ w roy st":[47.6257112,-122.3568464],
"wb i90 exp at tunnel":[47.590361,-122.30246]
}