{
"12011 38th av ne":[47.715998,-122.287646],
"12701 35th av ne":[47.7213446,-122.290807],
"13015 lake city way ne":[47.7235574,-122.2934291],
"1422 33rd av":[47.613605,-122.290018],
"1616 25th av":[47.6158467,-122.2998016],
"2000 - 2110 ne skagit ln":[47.656686,-122.306445],
"2005 11th av e":[47.637491,-122.318294],
"2349 n 62nd st":[47.6734177,-122.3287522],
"2800 ne university village st":[47.6633338,-122.2977269],
"323 nw 46th st":[47.6619981,-122.3619344],
"3827 ne 86th st":[47.6906899,-122.286803],
"3rd av n & mercer st":[47.6245657,-122.3514792],
"4351 s holden st":[47.532958,-122.276696],
"500 marion st":[47.6058545,-122.3311507],
"5251 pullman av ne":[47.67178,-122.271264],
"6201 9th av nw":[47.6739892,-122.3689693],
"6714 35th pl s":[47.5417823,-122.2879053],
"7414 winona av n":[47.6829303,-122.3437504],
"8213 forest dr ne":[47.688144,-122.276163],
"8534 19th av nw":[47.6916278,-122.3808401],
"8859 12th av sw":[47.523023,-122.350921],
"8921 10th av s":[47.523226,-122.320613],
"903 e john st":[47.6192882,-122.3197732],
"9703 34th av sw":[47.516477,-122.375947],
"dexter av & denny way":[47.6185492,-122.3424076],
"leary way nw \/ nw bowdoin pl":[47.6548512,-122.3607193]
}