{
"10004 beacon av s":[47.510847,-122.271334],
"10026 39th av ne":[47.7019375,-122.28628],
"10224 renton av s":[47.509244,-122.257614],
"1215 ne 125th st":[47.718992,-122.314714],
"12232 phinney av n":[47.718758,-122.35384],
"1314 4th av":[47.6088902,-122.3354744],
"151 euclid av":[47.602928,-122.289009],
"157 fulton st":[47.645424,-122.354132],
"2104 41st av sw":[47.5850363,-122.3833875],
"2511 everett av e":[47.6422274,-122.3140659],
"2516 sw holden st":[47.5337143,-122.3667964],
"2623 e columbia st":[47.6089998,-122.2979164],
"2801 nw 68th st":[47.6778647,-122.393208],
"2817 nw 92nd st":[47.6958517,-122.3936169],
"2914 12th av s":[47.577235,-122.316962],
"3216 22nd av w":[47.649069,-122.384291],
"3220 ne 96th st":[47.698577,-122.292506],
"3501 26th av w":[47.6504503,-122.3897769],
"4500 36th av ne":[47.661668,-122.288951],
"4535 california av sw":[47.5618814,-122.3871826],
"5046 20th av ne":[47.666303,-122.306221],
"5214 palatine av n":[47.667288,-122.356126],
"5507 21st av s":[47.5531267,-122.3065138],
"6502 22nd av nw":[47.6761194,-122.3840441],
"6512 12th av ne":[47.676279,-122.315241],
"6723 13th av nw":[47.6785357,-122.3732531],
"721 n 86th st":[47.691076,-122.348854],
"7839 11th av ne":[47.686467,-122.316621],
"8246 30th av ne":[47.689803,-122.295763],
"8325 m l king jr way s":[47.528533,-122.2807041],
"8334 32nd av nw":[47.689425,-122.397907],
"8625 35th av sw":[47.5253896,-122.3770558],
"9016 aurora av n":[47.6946992,-122.3440613],
"9257 10th av sw":[47.519321,-122.348363],
"926 westlake av n":[47.6265931,-122.3392172],
"935 29th av":[47.611095,-122.295268],
"broad st \/ denny way":[47.6185799,-122.350357],
"m l king jr way s \/ s angel pl":[47.5446199,-122.2847632],
"n 36th st \/ whitman av n":[47.6507634,-122.3459724],
"sw cloverdale st \/ fauntleroy way sw":[47.5267826,-122.3927381],
"w bertona st \/ w nickerson st":[47.6504225,-122.3591356],
"west marginal way sw \/ chelan av sw":[47.5720996,-122.3600862]
}