{
"1138 19th av e":[47.629818,-122.306871],
"1331 terry av":[47.6117965,-122.3291887],
"16236 14th av ne":[47.747171,-122.31408],
"1827 25th av":[47.6184434,-122.3002587],
"2140 westlake av n":[47.6389557,-122.3406715],
"2323 ne 127th st":[47.72037,-122.303373],
"2823 42nd av w":[47.645727,-122.411176],
"300 36th av e":[47.621492,-122.286729],
"3022 w blaine st":[47.635394,-122.396742],
"316 nw 53rd st":[47.6673894,-122.3614855],
"3204 west viewmont way w":[47.6487771,-122.4095436],
"3318 s mead st":[47.5505884,-122.2895829],
"34th av sw \/ sw kenyon st":[47.5319102,-122.375295],
"354 n 77th st":[47.684975,-122.352944],
"3700 15th av w":[47.6533776,-122.3762586],
"37th av s \/ s hinds st":[47.5724491,-122.285946],
"3908 sw rose st":[47.5293697,-122.3824462],
"4207 woodlawn av n":[47.65826,-122.338973],
"4227 s bateman st":[47.546543,-122.279584],
"4921 sw hanford st":[47.575453,-122.395544],
"5014 45th av s":[47.5565357,-122.2762459],
"5052 sw stevens st":[47.577741,-122.396796],
"5th av s \/ s jackson st":[47.5992114,-122.3276813],
"6203 sycamore av nw":[47.674453,-122.358755],
"6727 4th av nw":[47.678597,-122.361793],
"8701 dibble av nw":[47.6922964,-122.367471],
"915 warren av n":[47.627684,-122.354454],
"9704 4th av ne":[47.6993307,-122.32421],
"fauntleroy way sw \/ sw mills st":[47.5415092,-122.3900536]
}