{
"10238 29th av ne":[47.702854,-122.2959966],
"10450 57th av s":[47.5068259,-122.260772],
"12508 lake city way ne":[47.7195831,-122.294806],
"1st av s \/ east marginal way s":[47.54875,-122.3345226],
"2116 condon way w":[47.63796,-122.395388],
"315 nw 58th st":[47.6707323,-122.3614909],
"3247 s hudson st":[47.55682,-122.289532],
"3515 sw alaska st":[47.56077,-122.376919],
"35th av w \/ viewmont way w":[47.6388502,-122.4023061],
"3760 sw admiral way":[47.581186,-122.3795967],
"3819 interlake av n":[47.653324,-122.34177],
"4053 37th av s":[47.5663704,-122.2863244],
"4136 sw arroyo dr":[47.503715,-122.38562],
"4301 densmore av n":[47.659301,-122.337751],
"5332 ne 86th st":[47.692224,-122.271469],
"6337 37th av sw":[47.54545,-122.379512],
"6415 roosevelt way ne":[47.6754297,-122.3177856],
"6733 7th av nw":[47.67873,-122.364821],
"7146 32nd av s":[47.5373771,-122.2911353],
"7357 29th av sw":[47.5357,-122.370193],
"7520 43rd av s":[47.534623,-122.278631],
"8042 17th av ne":[47.6879649,-122.30976],
"9555 college way n":[47.699301,-122.335574],
"nb i5 at spokane st":[47.566974,-122.32047],
"ne 68th st \/ 32nd av ne":[47.6776041,-122.2930545],
"rainier av s \/ 14th av s":[47.5992138,-122.3141341],
"waters av s \/ 62nd av s":[47.5147787,-122.2558297]
}