{
"1027 ne 61st st":[47.6723822,-122.316195],
"108 hayes st":[47.6342019,-122.3551142],
"12527 11th av nw":[47.720514,-122.370792],
"1517 nw 186th st":[47.764372,-122.378194],
"1756 19th av s":[47.587451,-122.308054],
"2048 41st av e":[47.6384282,-122.2793176],
"2311 43rd av e":[47.63951,-122.277491],
"2337 nw 100th st":[47.701384,-122.38693],
"2414 55th av sw":[47.581829,-122.402331],
"2425 s judkins st":[47.5918311,-122.3001089],
"2604 california av sw":[47.5810152,-122.3862599],
"2706 1st av w":[47.644377,-122.357882],
"2815 ne 137th st":[47.7279815,-122.296886],
"3006 36th av w":[47.6471292,-122.4033312],
"3022 63rd av sw":[47.577635,-122.412931],
"3255 nw 54th st":[47.6674344,-122.3997653],
"3312 s judkins st":[47.592438,-122.28956],
"333 pike st":[47.6099602,-122.3372515],
"352 17th av":[47.605846,-122.30986],
"3636 fremont ln n":[47.6521895,-122.34923],
"3702 13th av s":[47.5705209,-122.3157612],
"4013 eastern av n":[47.6560015,-122.329322],
"4722 20th av ne":[47.663787,-122.306188],
"508 21st av e":[47.623503,-122.304338],
"5103 46th av s":[47.556,-122.275746],
"5155 s orcas st":[47.550904,-122.267508],
"5426 s fletcher st":[47.519253,-122.263866],
"604 galer st":[47.6333585,-122.3448122],
"6721 mary av nw":[47.6782923,-122.3761791],
"7059 53rd av ne":[47.681125,-122.270904],
"757 ne 59th st":[47.67135,-122.3203575],
"8th av s \/ s kenyon st":[47.5319579,-122.3228177],
"904 1st av":[47.6044509,-122.3360111],
"beacon av s \/ s othello st":[47.5368697,-122.2931367],
"ne 85th st \/ 5th av ne":[47.6904001,-122.3230071],
"orin ct n \/ east green lake dr n":[47.6837164,-122.3343199]
}