{
"11337 15th av ne":[47.711464,-122.312837],
"13th av e \/ e mercer st":[47.6242789,-122.3156712],
"1422 20th av":[47.6136539,-122.305833],
"1446 nw 53rd st":[47.6674192,-122.3757321],
"150 12th av":[47.6028512,-122.3164722],
"1500 w armory way":[47.6376652,-122.3762837],
"1509 26th av":[47.6144562,-122.2991698],
"1526 nw 63rd st":[47.6747346,-122.3775596],
"1619 29th av":[47.6158601,-122.2952311],
"207 broadway e":[47.6201519,-122.320892],
"212 16th av":[47.603941,-122.310918],
"212 ne 43rd st":[47.6591279,-122.3266382],
"2564 26th av w":[47.642805,-122.389874],
"2nd av nw \/ nw 44th st":[47.6602237,-122.3583504],
"3230 e madison st":[47.6278815,-122.2897125],
"329 n 77th st":[47.6845561,-122.3539361],
"3334 ne blakeley st":[47.6624989,-122.292171],
"3534 s brandon st":[47.5536575,-122.2879454],
"3719 sw ida st":[47.534013,-122.3801653],
"39th av s \/ beacon av s":[47.5218748,-122.2839948],
"4738 university way ne":[47.6642426,-122.3128753],
"5057 26th av sw":[47.5558122,-122.3658758],
"5711 sw lander st":[47.5791899,-122.40593],
"6518 25th av nw":[47.6764699,-122.3883567],
"6552 beacon av s":[47.54392,-122.299159],
"6860 east green lake way n":[47.6783216,-122.3268895],
"700 minor av n":[47.6251766,-122.3325667],
"7947 16th av sw":[47.530541,-122.355435],
"814 ne 115th st":[47.7124439,-122.319934],
"8328 29th av nw":[47.689556,-122.394007],
"8556 fauntlee crest sw":[47.5269959,-122.38575],
"938 21st av":[47.611191,-122.3046]
}