{
"10056 43rd pl ne":[47.7029319,-122.284426],
"1011 s washington st":[47.6008718,-122.3192995],
"10336 13th av nw":[47.704417,-122.37237],
"11006 34th av ne":[47.7087164,-122.2917247],
"115 nw 132nd st":[47.724766,-122.35894],
"12226 ashworth av n":[47.717883,-122.339201],
"1300 e union st":[47.6129261,-122.3154005],
"1504 pike pl":[47.6088666,-122.3407975],
"1528 nw 62nd st":[47.674048,-122.3775072],
"1701 e madison st":[47.6156163,-122.3096661],
"1828 37th av e":[47.635485,-122.285002],
"22nd av ne \/ ne 125th st":[47.7193631,-122.3064532],
"2456 wickstrom pl sw":[47.580908,-122.4019305],
"3003 66th av sw":[47.576688,-122.416947],
"30th av s \/ s main st":[47.6002407,-122.2937668],
"3253 mcclintock av s":[47.574547,-122.2923378],
"332 19th av e":[47.6215524,-122.3073154],
"3610 sw 102nd st":[47.5121578,-122.3776197],
"3801 lake washington blvd s":[47.569978,-122.279887],
"4100 whitman av n":[47.6566739,-122.3459255],
"4254 ne 124th st":[47.71851,-122.280791],
"4302 30th av sw":[47.5653634,-122.3708125],
"4618 palatine av n":[47.6629699,-122.3562733],
"4710 11th av ne":[47.6634903,-122.3160965],
"5017 s dawson st":[47.5548377,-122.2701033],
"5224 seward park av s":[47.554307,-122.264244],
"5411 17th av sw":[47.5533107,-122.3562277],
"5417 30th av s":[47.5530406,-122.294108],
"7140 55th av s":[47.5378433,-122.2636623],
"715 w florentia pl":[47.647101,-122.366937],
"7520 linden av n":[47.683888,-122.346812],
"7726 24th av ne":[47.685684,-122.301572],
"8109 34th av sw":[47.529736,-122.375663],
"8322 wolcott av s":[47.528948,-122.2673589],
"8909 17th av ne":[47.693373,-122.30981],
"9057 13th av sw":[47.5211855,-122.3520558],
"9216 palatine av n":[47.696577,-122.356326],
"9254 wallingford av n":[47.697604,-122.336178],
"9350 57th av s":[47.5175106,-122.261331],
"9363 beacon av s":[47.5173,-122.275886],
"942 n 82nd st":[47.688609,-122.345317],
"9630 beacon av s":[47.5161833,-122.2744485],
"9635 50th av s":[47.515785,-122.2714191],
"fremont av n \/ n 49th st":[47.6643086,-122.3500042]
}