{
"101 boylston av e":[47.618558,-122.323457],
"10105 32nd av sw":[47.512458,-122.373025],
"102 25th av":[47.6018826,-122.2997459],
"11350 40th av ne":[47.71155,-122.284996],
"12001 3rd av nw":[47.716164,-122.361297],
"13544 28th av ne":[47.727897,-122.2975378],
"1510 nw 46th st":[47.6624306,-122.3768491],
"1516 ne 143rd st":[47.7323415,-122.3120057],
"1534 occidental av s":[47.5895487,-122.3332212],
"157 nw 79th st":[47.6860423,-122.3604432],
"2004 e lynn st":[47.639765,-122.305197],
"2123 ne 81st pl":[47.687563,-122.3043964],
"2325 federal av e":[47.6403239,-122.3193206],
"2724 4th av n":[47.64518,-122.349271],
"3114 s norman st":[47.593692,-122.29207],
"33rd av \/ e spring st":[47.6116068,-122.290393],
"4000 university way ne":[47.6554843,-122.3129637],
"4425 m l king jr way s":[47.563216,-122.295427],
"4605 50th av s":[47.5615885,-122.271044],
"4638 s chicago st":[47.532918,-122.273501],
"4924 26th av s":[47.5577461,-122.2991602],
"6749 41st av sw":[47.5415622,-122.3844786],
"7332 38th av ne":[47.682221,-122.287395],
"7550 40th av ne":[47.6845209,-122.284926],
"9021 phinney av n":[47.694912,-122.354364],
"907 belmont av e":[47.626617,-122.325781],
"9202 17th av sw":[47.5208643,-122.3562362],
"s genesee st \/ 49th av s":[47.5640929,-122.2719853]
}