{
"10029 holman rd nw":[47.7015682,-122.3634567],
"115 nickerson st":[47.6485311,-122.3549933],
"11531 35th av ne":[47.712839,-122.29099],
"12025 33rd av ne":[47.716338,-122.293168],
"12232 corliss av n":[47.717988,-122.329826],
"1300 s dawson st":[47.555879,-122.315777],
"1405 ne 123rd st":[47.717442,-122.313576],
"1416 bigelow av n":[47.6319143,-122.3482511],
"1736 4th av s":[47.5870417,-122.3283466],
"1798 8th av":[47.6140694,-122.3340064],
"3018 37th av sw":[47.576811,-122.3778],
"3021 s estelle st":[47.571951,-122.292214],
"3036 61st av sw":[47.5766449,-122.4104491],
"308 4 av s":[47.5997855,-122.3285725],
"32nd av s \/ s mcclellan st":[47.5783472,-122.2919041],
"3311 20th av s":[47.573654,-122.306223],
"332 nw 84th st":[47.6900589,-122.3620901],
"400 boren av n":[47.6226289,-122.335482],
"4000 courtland pl s":[47.567922,-122.286721],
"4020 56th av sw":[47.5678951,-122.403536],
"4024 55th av sw":[47.567828,-122.402501],
"4127 sw kenyon st":[47.5320194,-122.3858786],
"4324 8th av ne":[47.6602868,-122.3194237],
"4578 w cramer st":[47.6687275,-122.4160747],
"4907 ne 85th st":[47.6903689,-122.2743574],
"5 av ne\/ne northgate way":[47.7085941,-122.3232754],
"505 1st av n":[47.623513,-122.355791],
"5220 s juneau st":[47.5499129,-122.26631],
"606 nw 116th st":[47.713552,-122.364033],
"6248 53rd av ne":[47.675187,-122.269934],
"6518 39th av sw":[47.5441797,-122.3818489],
"8512 midvale av n":[47.6909174,-122.342139],
"8745 evanston av n":[47.693724,-122.351691],
"8831 32nd av sw":[47.5236809,-122.3743576],
"aurora av n \/ mercer st":[47.6244645,-122.3436883],
"westmont way w \/ rosemont pl w":[47.6395389,-122.4061098]
}