{
"10021 48th av ne":[47.70196,-122.276832],
"10058 lake shore blvd ne":[47.7026887,-122.2740011],
"10501 meridian av n":[47.7055653,-122.3349122],
"11345 39th av ne":[47.711414,-122.286978],
"1518 8th av w":[47.633001,-122.367327],
"1616 sw austin st":[47.534821,-122.355836],
"1629 36th av":[47.616065,-122.28735],
"2125 western av":[47.6116464,-122.3458852],
"2632 30th av w":[47.644194,-122.39523],
"2912 s jackson st":[47.5992052,-122.2944933],
"3418 w howe st":[47.636017,-122.4008233],
"3rd av s \/ s hudson st":[47.5574116,-122.3309044],
"407 23rd av s":[47.5990083,-122.3022415],
"4227 ne 125th st":[47.718903,-122.282004],
"5813 30th av nw":[47.6713739,-122.3958908],
"7310 east green lake dr n":[47.6810441,-122.326197],
"8103 35th av sw":[47.530306,-122.377103],
"837 ne northgate way":[47.7082122,-122.3188927],
"8501 23rd av ne":[47.6904296,-122.3043609],
"battery st \/ 6th av":[47.6174767,-122.3435548],
"s brandon st \/ beacon av s":[47.5537452,-122.3025902]
}