{
"0 - 0 nb i5 cd fr 4":[47.592469,-122.325159],
"10403 56th av s":[47.50811,-122.263498],
"131 13th av e":[47.6196915,-122.315917],
"13730 lake city way ne":[47.7295286,-122.2918596],
"1407 ne 45th st":[47.6612671,-122.3127694],
"1510 37th av e":[47.632565,-122.285039],
"1649 shenandoah dr e":[47.635005,-122.289622],
"1910 fairview av e":[47.63609,-122.327028],
"2009 e roanoke st":[47.6429721,-122.3047773],
"413 pine st":[47.6112953,-122.336564],
"4754 42nd av sw":[47.5601377,-122.3854727],
"500 harrison st":[47.622012,-122.3253036],
"50th av sw \/ sw stevens st":[47.5775349,-122.3954111],
"546 1st av s":[47.5968034,-122.3341308],
"5506 15th av ne":[47.6687635,-122.3118737],
"565 13th av":[47.6072931,-122.3157151],
"5801 beacon av s":[47.5506699,-122.303171],
"6001 48th av sw":[47.548447,-122.394197],
"6006 33rd av s":[47.547661,-122.289949],
"633 36th av e":[47.625995,-122.287245],
"6517 phinney av n":[47.6764416,-122.354714],
"7508 29th av sw":[47.535222,-122.369415],
"8326 25th av ne":[47.69029,-122.301154],
"948 s doris st":[47.5501499,-122.3186106],
"9623 aurora av n":[47.699477,-122.3446271],
"m l king jr way e \/ e arthur pl":[47.6228419,-122.2961652],
"matthews av ne \/ sand point way ne":[47.6940936,-122.2746467],
"mayfair av n \/ fulton st":[47.6456277,-122.3523531],
"rainier av s \/ s jackson pl":[47.5987966,-122.3137847],
"sw 102nd st \/ 31st av sw":[47.5118838,-122.3715711]
}