{
"1126 33rd av s":[47.592681,-122.290008],
"1544 n 128th st":[47.7222366,-122.3375576],
"1814 15th av s":[47.5865038,-122.3130728],
"216 23rd av e":[47.62079,-122.302161],
"21st av nw \/ nw 85th st":[47.6905861,-122.3832648],
"2315 s dean ct":[47.5516678,-122.3032794],
"2440 nw 57th st":[47.670415,-122.389515],
"2901 4th av s":[47.5775277,-122.3297884],
"3201 utah av s":[47.5752588,-122.3356252],
"3214 4th av w":[47.6487205,-122.3621866],
"3217 17th av s":[47.5745093,-122.3116468],
"3422 nw 56th st":[47.669801,-122.402164],
"3450 22nd av w":[47.6518751,-122.38444],
"3600 s day st":[47.5899714,-122.2891486],
"3613 22nd av w":[47.6525644,-122.3851555],
"4457-4599 aurora av n":[47.6610598,-122.3474441],
"4th av ne \/ ne elk pl":[47.688649,-122.3243281],
"5134 s garden st":[47.537837,-122.268801],
"5137 s leo st":[47.50226,-122.268228],
"5241 17th av ne":[47.667618,-122.309946],
"5316 28th av s":[47.554224,-122.296524],
"5763 s warsaw st":[47.5431426,-122.2607997],
"6500 35th av sw":[47.5440585,-122.3763395],
"7017 18th av nw":[47.680082,-122.38032],
"7117 beach dr sw":[47.538612,-122.397483],
"740 34th av":[47.609127,-122.289078],
"7523 35th av ne":[47.683746,-122.290831],
"7845 lake city way ne":[47.6863598,-122.3143423],
"800 cherry st":[47.6058212,-122.326518],
"8022 20th av nw":[47.687555,-122.3818496],
"8100 delridge way sw":[47.52992,-122.360071],
"8311 renton av s":[47.528826,-122.27847],
"901 spring st":[47.6091148,-122.3279938],
"9015 24th av nw":[47.6946888,-122.3878977],
"9826 waters av s":[47.513168,-122.253172],
"n northlake pl \/ n 34th st":[47.6481858,-122.340405],
"s hinds st \/ 4th av s":[47.5737031,-122.3290843],
"utah st \/ idaho av":[47.6607987,-122.4146773]
}