{
"1039 ne 90th st":[47.6937832,-122.3158727],
"1100 broadway e":[47.6116345,-122.3202662],
"13058 39th av ne":[47.7246403,-122.2855365],
"1600 1st av s":[47.5890213,-122.3341801],
"1925 n 137th st":[47.7284899,-122.3344534],
"2429 e lake washington blvd":[47.643852,-122.300643],
"2649 thorndyke av w":[47.6442033,-122.3836994],
"3051 sw manning st":[47.571065,-122.372979],
"3215 s dearborn st":[47.595515,-122.290814],
"3218 44th av w":[47.649178,-122.412764],
"3233 15th av w":[47.6494945,-122.3770965],
"3609 nw 62nd st":[47.673698,-122.403988],
"38th av ne \/ ne 50th st":[47.6648822,-122.2868125],
"390 35th av s":[47.5991314,-122.2876958],
"4072 ne 107th st":[47.706706,-122.2826372],
"415 nw 65th st":[47.6758565,-122.3624996],
"434 malden av e":[47.6228331,-122.3136019],
"4859 s spencer st":[47.547566,-122.270234],
"502 belmont av e":[47.6233731,-122.3240194],
"5038 18th av ne":[47.665987,-122.307991],
"5142 45th av ne":[47.6672339,-122.2791138],
"5521 canfield pl n":[47.669146,-122.335754],
"5601 1st av s":[47.5522986,-122.3348867],
"6045 28th av ne":[47.673474,-122.297794],
"6200 - 6299 airport way s":[47.548448,-122.315596],
"6547 46th av ne":[47.677207,-122.279256],
"732 33rd av":[47.608891,-122.290137],
"8015 21st av ne":[47.687049,-122.305818],
"8112 5th av ne":[47.687927,-122.322696],
"8719 2nd av nw":[47.692847,-122.359726],
"9015 17th av sw":[47.522373,-122.356838],
"9310 beacon av s":[47.5187476,-122.2762069],
"944 21st av e":[47.628144,-122.304403],
"ne 78th st \/ 5th av ne":[47.6853323,-122.3229462]
}