{
"0 - 0 sb i5 exp at ship canal":[47.656039,-122.322484],
"10840 24th av ne":[47.708763,-122.302446],
"13233 40th av ne":[47.7259223,-122.2845462],
"13545 17th av ne":[47.727901,-122.3102764],
"13713 42nd pl ne":[47.7281549,-122.2826586],
"2039 ne 105th st":[47.7046121,-122.3052496],
"2119 nw 93rd st":[47.6959919,-122.383426],
"219 terry av n":[47.6203295,-122.337554],
"2224 west viewmont way w":[47.6375668,-122.4059362],
"2378 arboretum dr e":[47.6403194,-122.2945218],
"2711 10th av w":[47.644719,-122.370486],
"301 mercer st":[47.6239516,-122.3515184],
"319 w republican st":[47.6232861,-122.3615223],
"333 nw 81st st":[47.687447,-122.362092],
"3508 fremont av n":[47.650749,-122.349599],
"3902 sw kenyon st":[47.532325,-122.382226],
"4110 37th av s":[47.5658866,-122.2858646],
"4220 24th av w":[47.658245,-122.387063],
"4332 ne 57th st":[47.670584,-122.280702],
"5048 ivanhoe pl ne":[47.666049,-122.270551],
"516 ne 125th st":[47.7196736,-122.3225686],
"6525 24th av sw":[47.543726,-122.364342],
"6669 corson av s":[47.5434138,-122.3227941],
"6670 east green lake way n":[47.678103,-122.329697],
"7360 vashon pl sw":[47.5370975,-122.389865],
"7946 45th av s":[47.530214,-122.275499],
"801 e harrison st":[47.6218291,-122.3217265],
"8303 13th av nw":[47.6889152,-122.3730322],
"9042 37th av s":[47.52207,-122.285628],
"9240 37th av s":[47.52026,-122.285637],
"ashworth av n \/ n 103rd st":[47.7032284,-122.339275],
"green lake way n \/ woodland park av n":[47.6628852,-122.3445983],
"lake washington blvd e \/ e ford pl":[47.6242332,-122.2894591]
}