{
"10011 valmay av nw":[47.702015,-122.380332],
"11331 alton av ne":[47.711046,-122.284378],
"114 lakeside av":[47.601983,-122.2849803],
"1831 7th av w":[47.6356803,-122.3666971],
"2032 s norman st":[47.593283,-122.304831],
"206 3 av s":[47.6005822,-122.3298942],
"30th av w \/ w hayes st":[47.6344835,-122.3957149],
"3312 ne 123rd st":[47.717686,-122.291644],
"344 nw 83rd st":[47.6893106,-122.3625733],
"3700 fremont way n":[47.651368,-122.3473794],
"4312 m l king jr way s":[47.5650667,-122.2959255],
"4511 ne 110th st":[47.708816,-122.279499],
"4549 purdue av ne":[47.670098,-122.27791],
"4733 45th av sw":[47.5601537,-122.3898314],
"5139 s othello st":[47.536709,-122.268511],
"5231 s hudson st":[47.556834,-122.266775],
"5317 ne 45th st":[47.660989,-122.270212],
"5967 high point dr sw":[47.5492042,-122.3692156],
"6344 ne 74th st":[47.6828091,-122.2595961],
"6416 57th av s":[47.5445434,-122.2617838],
"6503 19th av nw":[47.6761371,-122.3813687],
"8035 37th av ne":[47.687685,-122.288836],
"8444 54th av s":[47.5272255,-122.264623],
"8914 31st av nw":[47.693989,-122.396596],
"9002 seward park av s":[47.5234076,-122.2645685],
"9241 35th av sw":[47.51984,-122.377097],
"9317 31st av sw":[47.5185707,-122.372683],
"9520 interlake av n":[47.698529,-122.340493],
"9732 57th av s":[47.5141041,-122.2620261],
"alaskan e rdwy way \/ s washington st":[47.6008858,-122.3355259],
"ne 95th st \/ 32nd av ne":[47.6974805,-122.2932366],
"ne thornton pl \/ 3rd av ne":[47.7024064,-122.3258503]
}