{
"10748 19th av ne":[47.708037,-122.307735],
"1106 nw 63rd st":[47.674769,-122.371786],
"1137 harvard av e":[47.629746,-122.322898],
"1153 n 82nd st":[47.6882556,-122.3421377],
"1167 mercer st":[47.6240257,-122.3334309],
"12011 6th av nw":[47.7168397,-122.3640053],
"1212 ne 65th st":[47.676076,-122.314996],
"14020 26th av ne":[47.730849,-122.300208],
"2044 nw 57th st":[47.6703943,-122.3840213],
"224 ward st":[47.6283806,-122.3517285],
"22nd av nw & nw 57th st":[47.6701948,-122.3847435],
"2410 nw 57th st":[47.670414,-122.388298],
"2516 3rd av w":[47.641975,-122.360524],
"26 w cremona st":[47.6495507,-122.3595705],
"3019 24th av w":[47.647334,-122.38791],
"3236 39th av sw":[47.574481,-122.381045],
"3732 37th av sw":[47.5702124,-122.3779151],
"3756 w commodore way":[47.666776,-122.407753],
"3821 ne 94th st":[47.69648,-122.286856],
"4195 gilman av w":[47.6585899,-122.3898711],
"4220 12th av ne":[47.6590195,-122.315206],
"4232 brooklyn av ne":[47.6590695,-122.314339],
"4625 25th av ne":[47.6624168,-122.3009348],
"5026 m l king jr way s":[47.5563176,-122.2901896],
"6723 41st av sw":[47.542291,-122.384845],
"7122 44th av s":[47.53822,-122.277661],
"7517 32nd av ne":[47.683601,-122.294043],
"7520 31st av sw":[47.5349517,-122.3721256],
"7943 10th av sw":[47.530549,-122.348426],
"8411-1\/2 8th av nw":[47.6902347,-122.3662362],
"9033 burke av n":[47.695107,-122.33554],
"9403 6th av sw":[47.518953,-122.343266],
"9812 61st av s":[47.512922,-122.256711],
"s horton st \/ 4th av s":[47.5743692,-122.3290822]
}