{
"1340 n northlake way":[47.6479288,-122.3406513],
"2246 fairview av e":[47.6395709,-122.3293972],
"2530 e madison st":[47.622079,-122.299223],
"2729 2nd av":[47.6167235,-122.3507708],
"2920 s webster st":[47.535542,-122.294215],
"3040 s chicago st":[47.5325909,-122.291708],
"3063 beacon av s":[47.5753193,-122.3095658],
"33rd av s \/ lake washington blvd s":[47.5871162,-122.2895141],
"4001 whitman av n":[47.655537,-122.346229],
"4031 41st av s":[47.566999,-122.28209],
"4100 sw edmunds st":[47.5595144,-122.3851392],
"4525 46th av s":[47.5621633,-122.2757542],
"4719 5th av ne":[47.663733,-122.323234],
"501 n 36th st":[47.6514629,-122.3523448],
"5047 44th av s":[47.55566,-122.278886],
"5623 keystone pl n":[47.6694907,-122.3337345],
"5805 airport way s":[47.5506333,-122.3183247],
"7157 28th av sw":[47.5375159,-122.369055],
"819 23rd av e":[47.6265331,-122.302722],
"8206 latona av ne":[47.688538,-122.325378],
"9616 47th av sw":[47.5170699,-122.392482],
"e garfield st \/ franklin av e":[47.6338555,-122.3244828],
"nb sr99 at seneca st":[47.6109,-122.345539],
"nw 57th st \/ 17th av nw":[47.6701784,-122.3788813],
"s spokane st \/ west seattle bridge trl":[47.5715586,-122.3480068],
"sw charlestown st \/ delridge way sw":[47.5701484,-122.3620467],
"viewmont way w \/ 35th av w":[47.6388502,-122.4023061]
}