{
"10104 35th av sw":[47.5127825,-122.3759818],
"10502 39th av sw":[47.508956,-122.38114],
"1244 nw 126th st":[47.720478,-122.373494],
"12514 25th av ne":[47.719812,-122.301461],
"1404 ne boat st":[47.6516691,-122.3141328],
"2130 n 61st st":[47.673128,-122.332161],
"2134 e interlaken blvd":[47.635297,-122.302336],
"2706 33rd av s":[47.5793408,-122.2905303],
"3111 s hudson st":[47.556882,-122.292454],
"3212 sw 100th st":[47.513955,-122.373657],
"3601 33rd av sw":[47.5718573,-122.3753672],
"38th av s \/ s oregon st":[47.5628326,-122.2849706],
"3rd av nw \/ nw puget dr":[47.709683,-122.360841],
"4002 s holly st":[47.5426659,-122.282554],
"4018 california av sw":[47.56781,-122.386377],
"4021 49th av s":[47.566957,-122.272389],
"4123 cheasty blvd s":[47.5654309,-122.300423],
"4723 9th av ne":[47.66381,-122.318726],
"5234 12th av ne":[47.6675129,-122.3149281],
"6726 6th av nw":[47.678526,-122.363214],
"7407 keen way n":[47.6831271,-122.3419858],
"7924 32nd av sw":[47.531107,-122.373547],
"7th av ne \/ ne 45th st":[47.6613556,-122.3207546],
"835 17th av":[47.6102285,-122.3104861],
"842 ne 102nd st":[47.702413,-122.318573],
"8557 fremont av n":[47.6912662,-122.3499116],
"8th av n \/ john st":[47.6197258,-122.3410838],
"9306 51st av s":[47.518746,-122.269615],
"9655 renton av s":[47.515579,-122.268633],
"aurora av n \/ n 145th st":[47.7341055,-122.3449776],
"corliss av n \/ n northgate way":[47.7086115,-122.3313298],
"ne 50th st \/ 4th av ne":[47.6649734,-122.3239828]
}