{
"1004 boren av":[47.609693,-122.325005],
"10314 rainier av s":[47.511199,-122.240398],
"11706 lakeside av ne":[47.71443,-122.27821],
"14055 3rd av nw":[47.732138,-122.361283],
"1915 24th av s":[47.585861,-122.302172],
"2014 w bertona st":[47.6505529,-122.3828179],
"2307 12th av e":[47.639836,-122.317286],
"2570 west viewmont way w":[47.642962,-122.409301],
"2614 e roy st":[47.6253612,-122.2980795],
"300 s holgate st":[47.5860677,-122.3300639],
"3034 59th av sw":[47.576674,-122.4079195],
"306 6th av":[47.6031833,-122.3271776],
"3408 lafayette av s":[47.572706,-122.3100349],
"3911 sw webster st":[47.535512,-122.382598],
"3rd\/yesler":[47.6017767,-122.3305946],
"4020 31st av s":[47.5673105,-122.2922513],
"4141 4th av s":[47.564474,-122.330435],
"4147 36th av sw":[47.5651057,-122.3778161],
"4629 s holly st":[47.542115,-122.273921],
"4758 49th av sw":[47.559524,-122.394615],
"4812 s othello st":[47.537156,-122.271953],
"500 - 599 n 100th st":[47.701453,-122.352728],
"5417 25th av s":[47.553153,-122.3012158],
"5987 high point dr sw":[47.548929,-122.369207],
"612 nw 50th st":[47.665204,-122.3639133],
"6736 4th av nw":[47.678834,-122.3612391],
"743 n 87th st":[47.691798,-122.348],
"8246 ashworth av n":[47.689995,-122.338767],
"8530 palatine av n":[47.6908953,-122.3565972],
"columbia dr s \/ s pearl st":[47.5565702,-122.3057603],
"minor av \/ james st":[47.6069529,-122.321416],
"nw 130th st \/ 8th av nw":[47.7232912,-122.3663394],
"s frink pl \/ lake washington blvd s":[47.5991201,-122.2889318]
}