{
"1020 s henderson st":[47.5230743,-122.3193533],
"10343 interlake av n":[47.704551,-122.341017],
"11039 dayton av n":[47.7098609,-122.353221],
"11103 34th pl sw":[47.5033804,-122.3756935],
"11771 lakeside pl ne":[47.715364,-122.27853],
"1203 16th av e":[47.6307794,-122.3115292],
"1254 10th av e":[47.6316876,-122.320207],
"13520 ashworth av n":[47.727552,-122.33922],
"15700 dayton av n":[47.7432724,-122.3517269],
"1621 40th av":[47.6158754,-122.2822345],
"1710 valentine pl s":[47.587707,-122.3073064],
"1760 n northgate way":[47.7072652,-122.3360207],
"19th av s \/ s plum st":[47.5855142,-122.308163],
"2024 nw 62nd st":[47.6740438,-122.3832371],
"2326 n 51st st":[47.665916,-122.3291655],
"2421 nw 57th st":[47.669959,-122.388705],
"2730 ne 96th st":[47.698685,-122.297298],
"3011 ne 133rd st":[47.724485,-122.29578],
"305 nw 73rd st":[47.6816363,-122.3610471],
"327 broadway e":[47.62187,-122.3211459],
"340 25th av":[47.6055416,-122.2996448],
"3716 36th av sw":[47.5706086,-122.3767914],
"403 nw 42nd st":[47.6576037,-122.3620938],
"4061 25th av s":[47.56651,-122.300487],
"4336 east marginal way s":[47.5637453,-122.3392683],
"4600 - 4699 fremont av n":[47.662363,-122.350032],
"4831 40th av sw":[47.558337,-122.383308],
"5037 42nd av sw":[47.556382,-122.385829],
"508 n 137th st":[47.7289389,-122.35268],
"5611 university way ne":[47.6698737,-122.3132957],
"566 denny way":[47.6188812,-122.3454331],
"7007 42nd av s":[47.5395522,-122.2808128],
"712 23rd av e":[47.6256539,-122.3021235],
"7525 25th av nw":[47.6839305,-122.389025],
"7707 se 27th st":[47.5861128,-122.2344747],
"819 virginia st":[47.616056,-122.3355233],
"8805 delridge way sw":[47.524353,-122.3605204],
"9810 42nd av sw":[47.515291,-122.385657],
"aurora av n \/ n 83rd st":[47.6891155,-122.3445807]
}