{
"10033 13th av nw":[47.7025565,-122.3730602],
"10310 aurora av n":[47.7035854,-122.3442544],
"1208 w bothwell st":[47.6438773,-122.3727163],
"15th av sw & sw roxbury st":[47.5174214,-122.3540077],
"1727 ne 105th st":[47.704593,-122.308549],
"22nd av nw \/ nw 60th st":[47.672375,-122.3847445],
"2315 boylston av e":[47.6401929,-122.3238118],
"2535 crane dr w":[47.642428,-122.411821],
"3041 s chicago st":[47.532179,-122.291611],
"3056 nw 56th st":[47.669682,-122.398082],
"320 ne 50th st":[47.665195,-122.324635],
"3307 20th av s":[47.573762,-122.306256],
"3419 24th av s":[47.572545,-122.302095],
"3742 sw 100th st":[47.514011,-122.381012],
"3847 williams av w":[47.6554619,-122.392519],
"3rd av s \/ s royal brougham br":[47.5924015,-122.3299693],
"4144 48th av sw":[47.565267,-122.393091],
"4452 40th av sw":[47.563159,-122.382421],
"4500 texas way":[47.6617387,-122.4055503],
"4710 wallingford av n":[47.663222,-122.336127],
"4820 40th av sw":[47.5585526,-122.3824817],
"4832 42nd av sw":[47.558344,-122.385145],
"4835 california ave sw":[47.5579772,-122.3872686],
"506 e olive st":[47.6163571,-122.3254556],
"5306 columbia dr s":[47.554832,-122.303979],
"5500 25th av ne":[47.6685406,-122.3005763],
"5608 brooklyn av ne":[47.6697033,-122.3139872],
"6501 sylvan way sw":[47.5444093,-122.3724083],
"6535 woodlawn av n":[47.677042,-122.331432],
"6734 7th av nw":[47.6787825,-122.3642657],
"6735 15th av nw":[47.67875,-122.3767954],
"698 seneca st":[47.6089513,-122.3308449],
"7000 12th av ne":[47.6794758,-122.3156423],
"8664 island dr s":[47.524957,-122.260022],
"8907 beacon av s":[47.5231047,-122.2856946],
"9014 36th av sw":[47.5223159,-122.377698],
"9227 39th av s":[47.5205934,-122.2840622],
"9264 renton av s":[47.519494,-122.271509],
"98 yesler way":[47.6017368,-122.3342589],
"e roy st \/ 23rd av e":[47.6252048,-122.3023815],
"lake washington blvd e \/ hillside dr e":[47.6225105,-122.2846968],
"ne 55th st \/ university way ne":[47.6685147,-122.3130331],
"nw 50th st \/ nw market st":[47.6650351,-122.3596206],
"renton av s \/ s cloverdale st":[47.5261223,-122.276946]
}