{
"105 nw 73rd st":[47.681587,-122.357777],
"10522 culpeper ct nw":[47.70611,-122.379798],
"1102 sw massachusetts st":[47.5876059,-122.350236],
"1124 n 80th st":[47.687149,-122.343314],
"1228 e john st":[47.6199541,-122.3161031],
"1517 pike pl":[47.6087477,-122.3406095],
"1535 22nd av s":[47.5885638,-122.3041492],
"2433 3rd av w":[47.6406246,-122.3612581],
"2900 lake washington blvd s":[47.5774787,-122.2831371],
"2nd av n \/ mcgraw st":[47.6399623,-122.3531334],
"2nd av nw \/ nw 62nd st":[47.6743626,-122.3594534],
"411 w lee st":[47.631107,-122.362401],
"416 35th av":[47.606133,-122.288079],
"4600 37th av sw":[47.5616923,-122.3783527],
"475 n 36th st":[47.6515698,-122.3524125],
"50 battery st":[47.6134757,-122.3486799],
"525 northgate mall":[47.7062086,-122.3258737],
"5518 20th av s":[47.552812,-122.3070027],
"6017 sycamore av nw":[47.6729446,-122.358742],
"607 ne 78th st":[47.6851068,-122.3211608],
"7035 35th av ne":[47.680506,-122.290813],
"712 n 100th st":[47.7016578,-122.3494973],
"7351 12th av sw":[47.535822,-122.3507828],
"8003 1st av ne":[47.687016,-122.32873],
"8916 beacon av s":[47.523454,-122.285216],
"9009 linden av n":[47.6945034,-122.3475383],
"9454 8th av sw":[47.5174983,-122.3450149],
"946 20th av":[47.611448,-122.305891],
"9518 18th av nw":[47.69879,-122.378836],
"9735 dibble av nw":[47.70118,-122.367793],
"m l king jr way s \/ s byron st":[47.5732853,-122.2967135],
"n 48th st \/ stone av n":[47.6635832,-122.3421224],
"sw southern st \/ california av sw":[47.5302968,-122.3873742]
}