{
"0 - 0 nb i5 to olive":[47.613482,-122.329939],
"0 sb i5 cd at dearborn":[47.598717,-122.321656],
"1020 5th av n":[47.6286424,-122.3471905],
"1028 ne 68th st":[47.678247,-122.316101],
"10321 61st av s":[47.507886,-122.2578846],
"1239 ne 89th st":[47.692818,-122.31318],
"1316 sunset av sw":[47.591692,-122.387799],
"1521 3rd av":[47.6102094,-122.3385308],
"208 1st av s":[47.6005097,-122.333869],
"2300 e spring st":[47.611604,-122.3024369],
"2406 e pine st":[47.6154499,-122.3009295],
"2567 crestmont pl w":[47.6423054,-122.4080555],
"306 24th av s":[47.6002061,-122.3007098],
"3604 nw 60th st":[47.672372,-122.403876],
"3738 sw thistle st":[47.528611,-122.380998],
"3823 49th av sw":[47.5695139,-122.3951249],
"4024 20th av sw":[47.567572,-122.358774],
"40th av sw \/ sw brandon st":[47.5538372,-122.382928],
"4109 sw barton st":[47.5222372,-122.3866728],
"4556 m l king jr way s":[47.5620445,-122.2937675],
"4910 48th av s":[47.557823,-122.272806],
"500 n 79th st":[47.6863994,-122.3522706],
"5500 20th av nw":[47.6686761,-122.3821231],
"5509 20th av ne":[47.6688265,-122.3068324],
"57th av sw \/ sw lander st":[47.5794108,-122.4053611],
"5th av ne \/ ne 97th st":[47.6995173,-122.323093],
"6521 19th av nw":[47.6765969,-122.3813004],
"6523 49th av sw":[47.5442589,-122.395707],
"6534 52nd av s":[47.5431701,-122.2668105],
"7126 44th av s":[47.538051,-122.277659],
"7427 fauntleroy way sw":[47.5365118,-122.3925134],
"7732 58th av ne":[47.6856859,-122.265956],
"california av sw \/ sw andover st":[47.5683978,-122.3867879],
"ne 95th st \/ 12th av ne":[47.6976523,-122.3148295],
"s orcas st \/ 42nd av s":[47.5511914,-122.280779]
}