{
"1009 e union st":[47.6127625,-122.3189293],
"117 24th av":[47.602167,-122.301531],
"14330 aurora av n":[47.7332636,-122.3445172],
"2132 westlake av n":[47.6385799,-122.3404621],
"236 40th av e":[47.621353,-122.280636],
"3007 s juneau st":[47.5496727,-122.294331],
"3104 s irving st":[47.5914276,-122.2921238],
"3206 ne 120th st":[47.7155621,-122.2936303],
"335 ne 55th st":[47.668385,-122.324002],
"3846 ne 96th st":[47.698583,-122.285816],
"3848 letitia av s":[47.5684365,-122.290481],
"4521 46th av ne":[47.661986,-122.278654],
"5017 latona av ne":[47.6655,-122.325959],
"516 ne 103rd st":[47.7033375,-122.3220508],
"5406 47th av sw":[47.5536701,-122.391975],
"6049 ann arbor av ne":[47.674779,-122.276462],
"6246 6th av nw":[47.675545,-122.363685],
"6734 6th av nw":[47.6787991,-122.3632275],
"7132 58th av ne":[47.681113,-122.265479],
"7515 40th av ne":[47.6835289,-122.2854894],
"8017 18th av ne":[47.687215,-122.309254],
"918 n 40th st":[47.6554232,-122.3464447],
"9596 1st av ne":[47.7010549,-122.3280508],
"9740 3rd av nw":[47.7008291,-122.3604424],
"nb i5 at lakeview blvd":[47.629452,-122.326694],
"s hanford st \/ colorado av s":[47.5755765,-122.3367116]
}