{
"0 - 0 nb sr509 to cloverdale":[47.526948,-122.332095],
"10327 23rd av ne":[47.703772,-122.304611],
"116 smith st":[47.641636,-122.354701],
"12014 15th av ne":[47.7162774,-122.31221],
"1241 bigelow av n":[47.630778,-122.350342],
"127 broadway  e":[47.61957,-122.3212684],
"13001 aurora av n":[47.7236927,-122.3457621],
"2405 westmont way w":[47.6401039,-122.406504],
"2714 ne 113th st":[47.710586,-122.298513],
"3012 nw 62nd st":[47.673929,-122.396326],
"3612 phinney av n":[47.652499,-122.3544573],
"3651 dayton av n":[47.6533469,-122.3525711],
"3885 walla walla rd ne":[47.6523414,-122.3010116],
"3918 39th av sw":[47.568652,-122.381053],
"4127 23rd av sw":[47.565701,-122.362576],
"4300 e yesler":[47.6017369,-122.2902932],
"4712 48th av ne":[47.663511,-122.275439],
"4925 leary av nw":[47.6642953,-122.3799155],
"503 n 61st st":[47.672948,-122.352652],
"5520 1st av nw":[47.669368,-122.356598],
"6511 36th av sw":[47.544294,-122.378184],
"7111 rainier av s":[47.5387653,-122.2710021],
"7704 dibble av nw":[47.685232,-122.366927],
"8035 bagley av n":[47.687958,-122.332424],
"8050 20th av nw":[47.6883527,-122.381855],
"926 25th av":[47.6108456,-122.3000942],
"9661 57th av s":[47.5153109,-122.2620514],
"w smith st \/ queen anne av n":[47.6414386,-122.3569196]
}