{
"10031 lake shore blvd ne":[47.701973,-122.274528],
"11119 59th av s":[47.5007292,-122.2595394],
"1414 32nd av s":[47.5897965,-122.2910896],
"15th av ne \/ ne 125th st":[47.7194391,-122.3126829],
"1921 38th av e":[47.636483,-122.284423],
"207 26th av e":[47.6205141,-122.2985727],
"210 20th av":[47.603875,-122.305956],
"2325 california av sw":[47.5822426,-122.3868367],
"2400 25th av w":[47.640155,-122.388582],
"2715 ne 103rd st":[47.7029132,-122.2980943],
"2752 sw macarthur ln":[47.5498763,-122.3686598],
"2962 s adams st":[47.5651915,-122.2937227],
"312 10th av":[47.6048498,-122.3194051],
"3201 5th av w":[47.648401,-122.363805],
"3215 nw 65th st":[47.6755817,-122.3991019],
"3600 burke av n":[47.6506783,-122.3348677],
"3835 46th av ne":[47.6565293,-122.278959],
"4005 6th av s":[47.5668094,-122.3244432],
"4307 phinney av n":[47.6592609,-122.3546333],
"4541 sw henderson st":[47.5234072,-122.3919644],
"5010 s hudson st":[47.5572454,-122.2702628],
"5019 s roxbury st":[47.5167062,-122.2703344],
"5241 18th av ne":[47.6675792,-122.3086156],
"5242 s myrtle st":[47.5390721,-122.2653089],
"5501 20th av ne":[47.66869,-122.30682],
"5770 s oaklawn pl":[47.543882,-122.258258],
"7050 35th av ne":[47.6807495,-122.2899884],
"745 n 85th st":[47.6904451,-122.3479262],
"7623 rockery dr s":[47.5339658,-122.2825628],
"7700 18th av sw":[47.533672,-122.3577132],
"7900 airport way s":[47.5358286,-122.3003404],
"8012 26th av nw":[47.6872459,-122.3894758],
"8498 seaview pl nw":[47.6917923,-122.4039701],
"8th av nw \/ nw 84th st":[47.6898319,-122.3659712],
"914 n 80th st":[47.687161,-122.346473],
"934 n 84th st":[47.690057,-122.345652],
"9705 35th av sw":[47.516381,-122.3770302],
"n 130th st \/ stone av n":[47.7232057,-122.3422549],
"ne 97th st \/ 32nd av ne":[47.6993103,-122.2932999],
"s spokane st \/ 17th av s":[47.5718914,-122.3114069]
}