{
"10733 sand point way ne":[47.707855,-122.28023],
"12 highland dr":[47.6295925,-122.3559777],
"1408 n 38th st":[47.6528706,-122.3409187],
"1513 3rd av":[47.6100363,-122.3385194],
"1771 19th av s":[47.587076,-122.308732],
"350 nw 137th st":[47.729027,-122.363356],
"350 nw 77th st":[47.684958,-122.362784],
"412 ne maple leaf pl":[47.6815284,-122.3246412],
"4192 sw arroyo dr":[47.5025268,-122.3847888],
"4210 e madison st":[47.6360352,-122.2781182],
"4333 sw fletcher st":[47.518856,-122.388258],
"4th av & battery st":[47.6161392,-122.3452264],
"5014 42nd av s":[47.556585,-122.280386],
"512 newton st":[47.6367792,-122.3462491],
"5129 s brandon st":[47.553184,-122.268602],
"6505 airport way s":[47.5452005,-122.3115531],
"6755 6th av nw":[47.6793512,-122.3636441],
"754 n 83rd st":[47.6892847,-122.3475187],
"8318 54th av s":[47.528839,-122.264053],
"832 lake washington blvd s":[47.5948944,-122.2890825],
"college way n \/ n 103rd st":[47.7032211,-122.3339518],
"e olive way \/ belmont av e":[47.6196792,-122.3239902],
"fremont av n \/ n 73rd st":[47.6818111,-122.3498638],
"lakewood av s \/ cascadia av s":[47.5763993,-122.2841447]
}