{
"1310 ne 40th st":[47.6555341,-122.3140992],
"1423 n 45th st":[47.6613731,-122.3389516],
"14321 burke av n":[47.733024,-122.336209],
"1536 eastlake av e":[47.6333133,-122.3254898],
"15509 ashworth av n":[47.741757,-122.340294],
"1611 sw barton st":[47.5210248,-122.3557995],
"1800 19th av":[47.6176145,-122.3073878],
"1806 e lynn st":[47.63978,-122.308574],
"1823 e yesler way":[47.6016694,-122.3085365],
"2004 1st av n":[47.636788,-122.355326],
"2010 broadway  e":[47.637612,-122.320978],
"2230 7th av w":[47.6393749,-122.3662499],
"2600 s jackson st":[47.5994295,-122.2983944],
"305 bell st":[47.6148095,-122.3443318],
"3159 ne 84th st":[47.689278,-122.292537],
"3327 ne 125th st":[47.7190502,-122.2912533],
"345 n 81st st":[47.687441,-122.353256],
"3503 ne 44th st":[47.660339,-122.290054],
"3615 31st av w":[47.65276,-122.397296],
"4058 5th av ne":[47.65721,-122.323159],
"4209 s othello st":[47.537023,-122.2802972],
"4720 23rd av sw":[47.5605681,-122.3613581],
"4807 s graham st":[47.545818,-122.272253],
"5111 ne laurelcrest ln":[47.656215,-122.271552],
"5645 sw orleans st":[47.5708461,-122.4057889],
"6211 s ryan st":[47.509489,-122.255391],
"711 2nd av":[47.6032869,-122.3338096],
"7358 20th av nw":[47.6830657,-122.3819195],
"7733 16th av nw":[47.68598,-122.3781724],
"7979 perimeter rd s":[47.5306215,-122.2974003],
"803 s lane st":[47.5965738,-122.3218834],
"8125 34th av sw":[47.529297,-122.375664],
"8511 27th av ne":[47.690458,-122.299288],
"901 ne 122nd st":[47.716682,-122.319263],
"930 16th av e":[47.627846,-122.31089],
"9637 m l king jr way s":[47.5157861,-122.2794368],
"n 91st st \/ fremont av n":[47.6949335,-122.3499315],
"sb i5 at olive wy":[47.6160752,-122.3292705]
}