{
"117 26th av s":[47.6010581,-122.2989492],
"12515 phinney av n":[47.7201064,-122.3544485],
"12532 25th av ne":[47.720304,-122.301463],
"12th av \/ e howell st":[47.6175943,-122.3169088],
"1314 e pike st":[47.6143455,-122.3148234],
"1524 eastlake av e":[47.6328477,-122.3256022],
"161 fulton st":[47.6454904,-122.3539024],
"214 17th av e":[47.6201447,-122.309712],
"214 warren av n":[47.620611,-122.3540942],
"2754 w commodore way":[47.6627066,-122.3941079],
"321 m l king jr way":[47.5997044,-122.2977265],
"3604 sw 104th st":[47.5101312,-122.377324],
"3819 ne 45th st":[47.661005,-122.286381],
"409 federal av e":[47.622344,-122.319192],
"4128 ashworth av n":[47.657745,-122.339407],
"4413 letitia av s":[47.5636622,-122.2895654],
"4823 s chicago st":[47.5323319,-122.271551],
"501 roy st":[47.6252762,-122.3465607],
"5735 25th av ne":[47.671107,-122.300926],
"6026 31st av sw":[47.5475679,-122.3718545],
"632 32nd av":[47.6077929,-122.2912955],
"6417 sand point way ne":[47.6756696,-122.263564],
"6450 flora av s":[47.5442208,-122.3197461],
"700 s industrial way":[47.5658811,-122.3238278],
"714 26th av":[47.6086561,-122.2988302],
"7821 45th av sw":[47.5324462,-122.3907562],
"808 nw 125th st":[47.719864,-122.366772],
"9000 36th av sw":[47.5227217,-122.3777491],
"9241 26th av nw":[47.697287,-122.390012],
"9247 39th av s":[47.5200118,-122.2840661],
"alaska corp hq acrd":[47.4199253,-122.2987466],
"alaskan way s \/ atlantic alaskan way rp":[47.5910778,-122.3367521],
"ne 43rd st \/ thackeray pl ne":[47.6589596,-122.3262107]
}