{
"10700 aurora av n":[47.7069258,-122.3446944],
"12348 14th av ne":[47.7191761,-122.3139099],
"1236 ne 152nd st":[47.739326,-122.31408],
"126 22nd av e":[47.619394,-122.303266],
"1417 ne 65th st":[47.6755998,-122.3121346],
"1463 20th av":[47.6147599,-122.306588],
"1639 s king st":[47.5980785,-122.3098767],
"1708 n 122nd st":[47.717384,-122.336631],
"1802 parkside dr e":[47.635128,-122.290295],
"2028 32nd av s":[47.584234,-122.291602],
"2132 dexter av n":[47.638632,-122.343518],
"2550 aurora av n":[47.6423298,-122.3468787],
"25th av \/ e spruce st":[47.6034988,-122.2999557],
"2706 s jackson st":[47.5996229,-122.2970086],
"307 36th av e":[47.621584,-122.287704],
"311 n 43rd st":[47.658769,-122.354858],
"38th av sw \/ sw morgan st":[47.5447617,-122.3805162],
"4311 7th av ne":[47.659882,-122.321138],
"4432 sw kenyon pl":[47.5321703,-122.3907138],
"4842 38th av sw":[47.557999,-122.379705],
"5702 s augusta st":[47.500613,-122.261064],
"6301 rainier av s":[47.5458778,-122.2762792],
"7255 beacon av s":[47.5368191,-122.2936809],
"7612 east green lake dr n":[47.683361,-122.333511],
"809 6th av n":[47.626574,-122.3449843],
"8251 northrop pl sw":[47.528991,-122.388921],
"901 5th av":[47.605816,-122.3319745],
"9628 41st av sw":[47.516737,-122.384441],
"9836 40th av sw":[47.5146038,-122.3829871],
"greenwood av n \/ morrow ln":[47.6913972,-122.3553046]
}