{
"1247 westlake av n":[47.63106,-122.341398],
"12541 densmore av n":[47.720698,-122.338498],
"1332 6th av":[47.6100144,-122.3331839],
"13505 lake city way ne":[47.726783,-122.2927666],
"1525 e olive way":[47.618295,-122.3254681],
"1600 43rd av e":[47.633423,-122.27637],
"1615 broadmoor dr e":[47.633495,-122.288624],
"1813 sw brandon st":[47.553313,-122.357846],
"2012 minor av e":[47.637231,-122.327989],
"2347 18th av s":[47.581583,-122.309866],
"2629 11th av e":[47.644084,-122.318713],
"3314 19th av s":[47.573547,-122.306646],
"3515 woodland park av n":[47.649918,-122.3445335],
"4100 sw alaska st":[47.561497,-122.384989],
"4232 27th av w":[47.6585891,-122.3909936],
"4715 thackeray pl ne":[47.66364,-122.326476],
"5026 8th av ne":[47.6657971,-122.319226],
"6310 17th av sw":[47.5462048,-122.3556463],
"6837 27th av ne":[47.678847,-122.298831],
"728 boylston av e":[47.626013,-122.323193],
"7348 29th av sw":[47.535978,-122.369434],
"7560 26th av nw":[47.6848136,-122.3894586],
"7722 58th av ne":[47.685313,-122.265896],
"903 n 130th st":[47.722945,-122.3478557],
"923 belmont av e":[47.626974,-122.3260372],
"9615 17th av ne":[47.6990265,-122.3094981],
"9804 24th av nw":[47.700661,-122.3873262],
"airport way s \/ 8th av s":[47.573058,-122.3222207]
}