{
"10740 interlake av n":[47.7081548,-122.3402162],
"1233 16th av e":[47.6316641,-122.3115566],
"12737 37th av ne":[47.7222719,-122.289005],
"1310 queen anne av n":[47.6307942,-122.3564634],
"14027 27th av ne":[47.73101,-122.299664],
"14056 stone av n":[47.7321393,-122.3420664],
"1416 sw roxbury st":[47.5175629,-122.3535923],
"1735 w thurman st":[47.655815,-122.3786552],
"24th av e \/ e calhoun st":[47.6409935,-122.3020587],
"2906 s irving st":[47.5912867,-122.2953149],
"2930 sw raymond st":[47.5486059,-122.3698877],
"2957 s willow st":[47.5406203,-122.2935725],
"520 ne 94th st":[47.6969454,-122.3222623],
"5414 1st avenue s":[47.5537438,-122.3336564],
"550 4th av s":[47.5975135,-122.3286],
"622 valley st":[47.6264662,-122.3439101],
"7200 linden av n":[47.6811603,-122.3468033],
"831 ne northgate way":[47.7082119,-122.3191081],
"8343 m l king jr way s":[47.5280109,-122.2805585],
"8402 37th av sw":[47.5281711,-122.3790217],
"843 ne 96th st":[47.69831,-122.31852],
"8735 greenwood av n":[47.693547,-122.3553288],
"8837 2nd av s":[47.52355,-122.332109],
"9150 rainier av s":[47.5211516,-122.2695684],
"9551 48th av ne":[47.699003,-122.276882],
"9670 rainier av s":[47.5178475,-122.2549213],
"n 113th pl \/ corliss av n":[47.7108546,-122.3313606],
"w bertona st \/ conkling pl w":[47.6504798,-122.3698058],
"w emerson st \/ 35th av w":[47.6540471,-122.402269]
}