{
"1028 e shelby st":[47.647184,-122.318199],
"10408 8th av nw":[47.7042281,-122.3658204],
"1103 nw 61st st":[47.6729094,-122.3715826],
"11740 greenwood av n":[47.71539,-122.355096],
"1539 magnolia way w":[47.633475,-122.391003],
"19th av s \/ swift av s":[47.5475344,-122.3089178],
"2303 ne 55th st":[47.668136,-122.3023432],
"2501 fairview av e":[47.6429221,-122.3293162],
"2611 s washington st":[47.600646,-122.298423],
"2835 28th av w":[47.645696,-122.393319],
"322 pike st":[47.6098546,-122.3375397],
"3224 nw 61st st":[47.6732299,-122.399515],
"327 nw 49th st":[47.664159,-122.36197],
"3283 conkling pl w":[47.649924,-122.369839],
"3321 37th av s":[47.573059,-122.286304],
"401 boylston av e":[47.6221605,-122.323339],
"40th av sw \/ sw 102nd st":[47.5120714,-122.3830985],
"537 n 105th st":[47.7048571,-122.3512629],
"5426 s prentice st":[47.508148,-122.265],
"5732 s orcas st":[47.551308,-122.260685],
"6552 21st av sw":[47.543234,-122.359208],
"6970 47th av sw":[47.54111,-122.392999],
"712 aurora av n":[47.626063,-122.3432118],
"7349 dibble av nw":[47.6828969,-122.367607],
"750 s homer st":[47.5517679,-122.3236295],
"800 1st av n":[47.6265681,-122.3550931],
"8132 11th av sw":[47.529191,-122.348951],
"9109 50th av s":[47.5220824,-122.2713733],
"n 59th st \/ 1st av ne":[47.671576,-122.328226],
"s front st \/ 1st av s":[47.5455811,-122.3343155]
}