{
"10000 college way n":[47.701414,-122.3350029],
"1001 fairview av n":[47.6287704,-122.3317388],
"1015 ne 123rd st":[47.717473,-122.31737],
"1131 n 94th st":[47.6969268,-122.3430911],
"11723 riviera pl ne":[47.7146406,-122.2776669],
"125 20th av":[47.6023214,-122.3063698],
"13th av sw \/ sw florida st":[47.5842664,-122.3522136],
"154 ne 53rd st":[47.667352,-122.3259576],
"1653 21 av":[47.6169044,-122.3052166],
"1838 27th av":[47.6187612,-122.2972309],
"1901 ne 137th st":[47.728167,-122.308636],
"2005 ne 105th st":[47.7047039,-122.3067154],
"2201 walnut av sw":[47.583846,-122.383032],
"2347 hughes av sw":[47.5825539,-122.3995966],
"2536 1st av w":[47.6425361,-122.3579189],
"2605 east montlake pl e":[47.64315,-122.303163],
"3023 20th av w":[47.647359,-122.382425],
"3031 beacon av s":[47.5760965,-122.3098315],
"3112 sw avalon way":[47.565118,-122.372729],
"318 ne northgate way":[47.7086703,-122.3257463],
"3605 ne 45th st":[47.6609338,-122.2888829],
"3901 2nd av ne":[47.6545289,-122.32719],
"3rd av w \/ w smith st":[47.641435,-122.3608981],
"4053 8th av ne":[47.657091,-122.320119],
"4205 rainier av s":[47.56533,-122.2889181],
"4419 cascadia av s":[47.563484,-122.283159],
"4523 w sheridan st":[47.669762,-122.414037],
"501 s king st":[47.5982682,-122.3275085],
"5160 s augusta st":[47.49987,-122.267957],
"5249 19th av sw":[47.5543059,-122.358618],
"546 ne 126th st":[47.7207241,-122.3215037],
"607 n 61st st":[47.67301,-122.3509834],
"6520 5th av s":[47.5448627,-122.3280756],
"6840 44th av ne":[47.6787528,-122.2809992],
"7200 beach dr sw":[47.538486,-122.3961359],
"7525 14th av nw":[47.6839459,-122.3744348],
"800 - 899 3rd av":[47.60423,-122.332744],
"806 ne 117th st":[47.714272,-122.320281],
"burke gilman trl \/ adams ln ne":[47.6548328,-122.3168109],
"dravus st \/ queen anne av n":[47.6486632,-122.3577015],
"nw 65th st \/ 26th av nw":[47.6759326,-122.3897009],
"s massachusetts st \/ rainier av s":[47.588422,-122.3058458]
}