{
"- 0 nb i5 fr on ramp at roanoke":[47.644694,-122.322443],
"1110 3rd av w":[47.6287312,-122.3605849],
"1200 ne 65th st":[47.6760738,-122.3153065],
"1218 6th av n":[47.630373,-122.3449187],
"12358 14th av ne":[47.7192483,-122.3140111],
"12506 12th av nw":[47.720023,-122.371351],
"1411 ne 120th st":[47.715548,-122.313585],
"1515 ne 105th st":[47.70462,-122.310951],
"1626 sw austin st":[47.534822,-122.35624],
"1717 ne 124th st":[47.717968,-122.309147],
"18th av e \/ e prospect st":[47.6286758,-122.3086235],
"2021 15th av w":[47.6363777,-122.3762235],
"2103 nw 96th st":[47.698759,-122.383261],
"2339 11th av e":[47.640676,-122.318277],
"25th av s \/ s college st":[47.5829351,-122.3003264],
"2714 beacon av s":[47.578921,-122.3118637],
"2727 31st av s":[47.578797,-122.293343],
"376 nw 112th st":[47.710298,-122.364198],
"3910 s burns st":[47.516739,-122.28309],
"4539 8th av ne":[47.6624305,-122.3198909],
"45th av sw \/ sw andover st":[47.5684246,-122.389462],
"4609 s holden st":[47.5335049,-122.2749673],
"4655 ne 89th st":[47.692819,-122.275447],
"4725 s mead st":[47.5502369,-122.2730583],
"5102 s orchard st":[47.5384777,-122.2698723],
"5859 woodlawn av n":[47.673041,-122.33545],
"6342 fauntleroy way sw":[47.5454398,-122.383963],
"6714 shaffer av s":[47.5421816,-122.294533],
"6809 linden av n":[47.6789398,-122.3475271],
"720 n 95th st":[47.6979863,-122.3490865],
"7526 mary av nw":[47.684074,-122.375065],
"7711 32nd av ne":[47.685266,-122.294098],
"8645 44th av s":[47.5247727,-122.2782662],
"9239 17th av sw":[47.519901,-122.356736],
"944 n 91st st":[47.695133,-122.345268],
"lafayette av s \/ s spokane st":[47.5719035,-122.3103211],
"roosevelt way ne \/ ne 45th st":[47.661301,-122.3177369],
"wabash av s \/ seward park av s":[47.5256701,-122.2647519],
"wb wsea frwy at sr99":[47.571599,-122.337687]
}