{
"0 - 0 sb i5 exp fr 1":[47.7014112,-122.3296782],
"10th av nw \/ nw 83rd st":[47.6887459,-122.3693196],
"13011 30th av ne":[47.72323,-122.29673],
"1313 s pearl st":[47.5561549,-122.31545],
"13509 densmore av n":[47.7271359,-122.3385765],
"13511 burke av n":[47.727276,-122.33596],
"1445 n northlake way":[47.646264,-122.338542],
"150 nw 135th pl":[47.7275228,-122.3604386],
"1511 1st av":[47.60913,-122.3405697],
"16 av w \/ w dravus st":[47.648467,-122.3774983],
"1716 31st av w":[47.6350229,-122.396846],
"1811 queen anne av n":[47.6352034,-122.3573438],
"23rd pl ne \/ ne 145th st":[47.733861,-122.304873],
"29th av s \/ s walker st":[47.5836314,-122.2951124],
"334 n 82nd st":[47.688609,-122.353715],
"3636 greenwood av n":[47.653581,-122.355214],
"3919 s mead st":[47.5502436,-122.2825925],
"4109 25th av sw":[47.566247,-122.364689],
"4110 39th av sw":[47.566121,-122.381016],
"4316 6th av nw":[47.659528,-122.363578],
"4523 18th av ne":[47.6619662,-122.3086366],
"4th av s \/ s horton st":[47.5743692,-122.3290822],
"5130 ballard av nw":[47.6653464,-122.3815414],
"6026 24th av s":[47.5474792,-122.3020288],
"6405 29th av sw":[47.545562,-122.3697979],
"6725 45th av s":[47.5417501,-122.2770806],
"6756 16th av nw":[47.679374,-122.377516],
"7315 40th av ne":[47.6817986,-122.2853591],
"8645 18th av sw":[47.525217,-122.358157],
"john st \/ 2nd av n":[47.6197722,-122.3528588],
"sand point way ne \/ 55th av ne":[47.6715275,-122.268849]
}