{
"0 - 0 nb i5 exp fr mercer":[47.626881,-122.328379],
"0 eb wsea frwy at 4":[47.571518,-122.330916],
"102 12th av":[47.6017851,-122.3167655],
"1108 mcgilvra blvd e":[47.62898,-122.280948],
"1249 ne 92nd st":[47.6956388,-122.3127498],
"1400 sw roxbury st":[47.5174084,-122.3528993],
"1406 29th av":[47.613217,-122.294533],
"1876 e shelby st":[47.6466165,-122.3058165],
"2248 nw 64th st":[47.6755124,-122.3869462],
"239 nw 48th st":[47.663361,-122.360529],
"3205 14th av s":[47.574851,-122.315139],
"3207 ne 125th st":[47.7190874,-122.2935361],
"3212 beacon av s":[47.574568,-122.308664],
"3606 sw myrtle st":[47.5392738,-122.378327],
"3837 13th av w":[47.6550582,-122.3740097],
"4350 8th av ne":[47.6609146,-122.3195405],
"4408 44th av sw":[47.5643512,-122.3875972],
"509 ne 71st st":[47.679943,-122.322369],
"5418 s roxbury st":[47.5169727,-122.2643049],
"5946 17th av sw":[47.548801,-122.355649],
"6512 30th av sw":[47.5441157,-122.3697285],
"6533 5th av ne":[47.676652,-122.324211],
"6547 seward park av s":[47.542878,-122.264798],
"711 2nd av n":[47.6257859,-122.3530634],
"7171 38th av s":[47.5381673,-122.2846904],
"7th av nw \/ nw 132nd st":[47.7250926,-122.364976],
"80 e roanoke st":[47.643716,-122.327399],
"8413 grattan pl s":[47.526947,-122.267789],
"8800 14th av s":[47.5244978,-122.3147096],
"9001 51st av ne":[47.69372,-122.272859],
"9010 45th av ne":[47.694161,-122.279108],
"9401 meyers way so - joint trng facility":[47.518636,-122.335383],
"9746 57th av s":[47.513792,-122.260864],
"westlake av n \/ blaine st":[47.6346604,-122.3404091],
"wheeler st \/ dexter av n":[47.6409293,-122.3445861]
}