{
"10107 33rd av sw":[47.512636,-122.374369],
"10609 renton av s":[47.50584,-122.254344],
"11th av ne \/ ne 56th st":[47.6694272,-122.3163001],
"1400 harbor av sw":[47.5912575,-122.3824049],
"1762 nw 56th st":[47.6694695,-122.3806309],
"19th av s \/ s jackson st":[47.599251,-122.3076498],
"2801 s alaska pl":[47.5607216,-122.2966516],
"2923 nw 75th st":[47.6829222,-122.395382],
"3017 ne 115th st":[47.71181,-122.295305],
"3020 13th av s":[47.5761899,-122.315728],
"3505 ne 135th st":[47.726225,-122.290624],
"4353 s holden st":[47.532797,-122.276949],
"4430 34th av s":[47.5631047,-122.289917],
"4620 sw myrtle st":[47.5396479,-122.3923032],
"5013 renton av s":[47.5562325,-122.2882254],
"5048 21st av ne":[47.6663168,-122.3052499],
"5326 s avon st":[47.501714,-122.266405],
"5548 39th av ne":[47.6699304,-122.2854883],
"5954 44th av s":[47.548727,-122.277791],
"6320 ne 60th st":[47.672301,-122.259807],
"8102 5th av ne":[47.6876766,-122.3226865],
"818 ne 115th st":[47.712456,-122.319782],
"8717 40th av ne":[47.6921396,-122.2855275],
"8th av nw \/ nw 86th st":[47.691392,-122.3661017],
"903 n northlake way":[47.6484137,-122.3476027],
"9257 college way n":[47.6975989,-122.335504]
}