{
"10011 wallingford av n":[47.701817,-122.336128],
"10231 8th av ne":[47.7028578,-122.3204673],
"10521 meridian av n":[47.7052551,-122.3339513],
"1112 35th av":[47.612042,-122.287913],
"1248 15th av e":[47.6321078,-122.3121972],
"127 belmont av e":[47.6192647,-122.3240099],
"12758 15th av ne":[47.7228,-122.312305],
"1412 6th av n":[47.631838,-122.344457],
"1428 4th av":[47.6100648,-122.336262],
"14812 bothell way ne":[47.737018,-122.290555],
"15th av e \/ e howe st":[47.6359751,-122.3136145],
"2436 30th av w":[47.640686,-122.395252],
"2nd av s \/ s washington st":[47.6008783,-122.3315755],
"3127 ne 82nd st":[47.687881,-122.293724],
"3621 38th av s":[47.570901,-122.285337],
"4422 45th av sw":[47.564056,-122.389076],
"4803 s thistle st":[47.527669,-122.272637],
"500 30th av s":[47.5979165,-122.2937603],
"502 21st av e":[47.6233571,-122.3043901],
"5030 roosevelt way ne":[47.6659217,-122.3170839],
"516 28th av s":[47.5974953,-122.2960731],
"5228 36th av ne":[47.6675929,-122.288751],
"6102 brooklyn av ne":[47.6725869,-122.3142129],
"6343 23rd av sw":[47.5452547,-122.362917],
"6409 dayton av n":[47.6756522,-122.3526436],
"6538 sylvan way sw":[47.5438814,-122.3708467],
"6552 shaffer av s":[47.5432145,-122.2947287],
"722 n 97th st":[47.6998869,-122.348971],
"7339 seward park av s":[47.5357552,-122.2673018],
"7740 16th av sw":[47.5324176,-122.3547287],
"8016 9th av nw":[47.6875081,-122.3680302],
"8326 49th av s":[47.528315,-122.271476],
"88 s hudson st":[47.5575023,-122.3350056],
"8810 corliss av n":[47.692627,-122.330314],
"8839 3rd av s":[47.523362,-122.331033],
"9050 meridian pl n":[47.69533,-122.33215],
"9358 52nd av s":[47.517265,-122.267116],
"9682 beacon av s":[47.5147394,-122.2737144],
"mary av nw \/ nw 75th st":[47.6832468,-122.3754388],
"n 80th st \/ aurora av n":[47.6869338,-122.3445711],
"nw 79th st \/ 1st av nw":[47.6862116,-122.3579393]
}