{
"10604 8th av nw":[47.705811,-122.365655],
"1100-1439 discovery park blvd":[47.6609416,-122.4199219],
"1116 taylor av n":[47.6295069,-122.345915],
"1119 25th av e":[47.6298663,-122.3006909],
"12530 15th av ne":[47.7204119,-122.312231],
"13730 22nd av ne":[47.729316,-122.305722],
"1401 ne brockman pl":[47.7242727,-122.3138868],
"1811 n 48th st":[47.663359,-122.335873],
"2112 thorndyke av w":[47.638092,-122.3878548],
"2210 e cherry st":[47.6081798,-122.3031759],
"27th av s \/ s dawson st":[47.556072,-122.298017],
"355 w kinnear pl":[47.627418,-122.362954],
"3826 35th av sw":[47.5694324,-122.3758356],
"416 broadway e":[47.6225352,-122.3206103],
"5263 university way ne":[47.6682818,-122.3133228],
"5534 s oakhurst pl":[47.550513,-122.263043],
"5605 princeton av ne":[47.670223,-122.27677],
"5705 ne 60th st":[47.671855,-122.266036],
"5920 48th av s":[47.54904,-122.2723],
"6503 18th av ne":[47.6759215,-122.3087344],
"6511 16th av ne":[47.676164,-122.311196],
"7321 39th av s":[47.5363239,-122.2836251],
"7508 55th av ne":[47.683221,-122.268704],
"801 6th av n":[47.626409,-122.34532],
"8650 31st av sw":[47.5251417,-122.372299],
"921 e jefferson st":[47.6060349,-122.3196346],
"9th av ne \/ ne 50th st":[47.6649458,-122.3183858],
"broadway \/ e spruce st":[47.6035155,-122.3207836],
"john st \/ 1st av n":[47.6197755,-122.355437],
"linden av n \/ n 95th st":[47.6978182,-122.3472886],
"post al \/ stewart st":[47.6099314,-122.3417719]
}