{
"117 ne 58th st":[47.67063,-122.327436],
"1211 alder st":[47.6042387,-122.3208138],
"12304 18th av ne":[47.717662,-122.308581],
"1309 yakima av s":[47.5918181,-122.2944309],
"15015 15th av ne":[47.7379066,-122.3135863],
"2005 ne 130th st":[47.722264,-122.306756],
"2123 ne 135th st":[47.726334,-122.304848],
"2210 47th av sw":[47.5835656,-122.3916144],
"2710 w smith st":[47.641397,-122.392215],
"2755 s washington st":[47.600644,-122.296417],
"3533 sw ida st":[47.533911,-122.378054],
"360 newton st":[47.636755,-122.350213],
"362 n 76th st":[47.684245,-122.352576],
"3rd av nw \/ nw 110th st":[47.7087445,-122.360829],
"4221 30th av sw":[47.5653972,-122.3711243],
"43rd av ne \/ ne 80th st":[47.6866486,-122.2821381],
"509 n 47th st":[47.6627045,-122.3522919],
"5117 13th av s":[47.5558991,-122.3164164],
"5306 s fletcher st":[47.519264,-122.265768],
"5523 26th av ne":[47.669252,-122.299894],
"5545 23rd av s":[47.55201,-122.304275],
"6764 41st av sw":[47.5411379,-122.384082],
"8620 roosevelt way ne":[47.6917985,-122.3174894],
"902 2nd av":[47.604473,-122.3344826],
"sw cloverdale st \/ 8th av sw":[47.5264656,-122.3454767],
"w mercer st \/ 4th av w":[47.6245956,-122.3619568]
}