{
"106 w roy st":[47.6259903,-122.3585318],
"1108 33rd av s":[47.5931419,-122.2900659],
"1205 20th av e":[47.630857,-122.306353],
"1221 western av":[47.6059162,-122.3389305],
"1235 3rd av n":[47.630757,-122.351828],
"125 s findlay st":[47.5526935,-122.3328727],
"12th av s \/ s lucile st":[47.5534694,-122.3171878],
"1400 23rd av s":[47.5903758,-122.3021262],
"1425 elliott av w":[47.63103,-122.374518],
"1441 nw 58th st":[47.6708941,-122.374745],
"15th av e \/ e john ct":[47.6196719,-122.3127385],
"160 26th av":[47.603023,-122.298587],
"1914 n 40th st":[47.655837,-122.334259],
"21st av ne \/ ne 54th st":[47.667995,-122.30548],
"2228 e blaine st":[47.63712,-122.303644],
"2237 14th av w":[47.6397695,-122.3753514],
"2800 sw roxbury st":[47.5174104,-122.368257],
"3206 41st av sw":[47.57534,-122.38426],
"3210 41st av sw":[47.5751953,-122.3842564],
"34th av ne \/ ne 70th st":[47.6794161,-122.2914337],
"4125 ne surber dr":[47.655417,-122.283025],
"4202 34th av w":[47.6578766,-122.4004298],
"4293 memorial way ne":[47.6591701,-122.3109631],
"4304 13th av s":[47.5650616,-122.3156862],
"4457 44th av sw":[47.563192,-122.388536],
"4821 26th av sw":[47.558661,-122.365921],
"502 sw roxbury st":[47.5174622,-122.3418492],
"5630 3rd av nw":[47.6705047,-122.3607806],
"6070 lanham pl sw":[47.5470653,-122.3730396],
"6104 ravenna av ne":[47.673238,-122.303394],
"6916 25th av sw":[47.540265,-122.364112],
"7025 27th av ne":[47.680211,-122.298838],
"7383 glenridge way sw":[47.535984,-122.385869],
"7900 green lake dr n":[47.6858994,-122.3373464],
"810 m l king jr way":[47.5948296,-122.297142],
"8721 golden gardens dr nw":[47.692776,-122.399926],
"89 wall st":[47.6142696,-122.3489088]
}