{
"0 - 0 nb i5 at denny":[47.613695,-122.329853],
"10117 4th av nw":[47.703109,-122.362291],
"10235 39th av sw":[47.510939,-122.382013],
"1132 38th av":[47.612423,-122.284664],
"12039 15th av ne":[47.7169439,-122.3129941],
"12542 5th av ne":[47.7207911,-122.3231669],
"13201 42nd av ne":[47.72483,-122.283956],
"13301 lake city way ne":[47.7249577,-122.292995],
"1726 ne 105th st":[47.705239,-122.308437],
"1911 e thomas st":[47.6203391,-122.3067837],
"200 27th av e":[47.6203286,-122.2969443],
"2229 ne 80th st":[47.686119,-122.30334],
"24th av s \/ s charles st":[47.594581,-122.3011474],
"25th av nw \/ nw 75th st":[47.6831242,-122.3886857],
"3039 ne 88th st":[47.6921686,-122.294187],
"3841 47th av sw":[47.5689655,-122.3924002],
"3861 delridge way sw":[47.5686117,-122.363843],
"4463 midvale av n":[47.6611479,-122.3440248],
"4955 17th av s":[47.5576932,-122.3107892],
"5005 delridge way sw":[47.557166,-122.363336],
"5102 keystone pl n":[47.665951,-122.330774],
"5115 s director st":[47.521639,-122.269208],
"5222 rainier av s":[47.5557822,-122.2832933],
"5400 9th av nw":[47.66811,-122.3683589],
"5900 east marginal way s":[47.5500915,-122.3351532],
"6002 30th av s":[47.547863,-122.2933731],
"6620 corson av s":[47.543795,-122.322135],
"7224 s taft st":[47.510733,-122.242691],
"7500 24th av sw":[47.5355009,-122.3631408],
"7532 sunnyside av n":[47.6842672,-122.3290722],
"813 w cremona st":[47.648821,-122.368008],
"8212 8th av ne":[47.688632,-122.320037],
"8230 17th av ne":[47.6894444,-122.3098574],
"8600 lake city way ne":[47.691076,-122.3066301],
"8849 39th av sw":[47.523243,-122.382357],
"9026 30th av sw":[47.522031,-122.370927],
"9420 densmore av n":[47.6977387,-122.3375937],
"airport way s \/ s lucile st":[47.5534809,-122.3214632],
"w nickerson st \/ 12th av w":[47.6551668,-122.372301]
}