{
"0 - 0 wb sr520 at portage":[47.642978,-122.316288],
"1440 16th av":[47.613862,-122.3114475],
"1610 4th av":[47.6113251,-122.3376724],
"1738 ne 62nd st":[47.6734828,-122.3083431],
"209 harvard av e":[47.6202504,-122.3222328],
"2511 e yesler way":[47.601432,-122.299392],
"2609 37th av w":[47.6434558,-122.4052801],
"2817 11th av e":[47.6461924,-122.3187102],
"3214 45th av sw":[47.575204,-122.389001],
"32nd av s \/ e yesler way":[47.6016442,-122.2912973],
"3790 montlake blvd ne":[47.6516072,-122.3035798],
"3919 w bertona st":[47.65019,-122.407689],
"3970 evanston av n":[47.6552689,-122.3508],
"4413 s willow st":[47.5404229,-122.277502],
"4429 51st av sw":[47.5639082,-122.3979323],
"5108 s farrar st":[47.5557952,-122.2694082],
"5566 canfield pl n":[47.6703205,-122.3364025],
"612 stewart st":[47.6138445,-122.3367518],
"6555 25th av ne":[47.6774446,-122.3009315],
"7048 17th av nw":[47.680907,-122.378594],
"822 19th av s":[47.5951817,-122.3069427],
"822 ne 92nd st":[47.6960407,-122.3192218],
"8434 wabash av s":[47.5270686,-122.2662702],
"880 northgate mall":[47.7062086,-122.3258737],
"9250 14th av nw":[47.6972398,-122.3735024],
"e lake washington blvd \/ east montlake pl e":[47.6439612,-122.3040975],
"fremont av n \/ n 94th st":[47.6969185,-122.3499718],
"summit av e \/ e republican st":[47.6231487,-122.3252996]
}