{
"10011 renton av s":[47.5112849,-122.2616664],
"1011 s sullivan st":[47.527057,-122.319636],
"1136 38th av":[47.612568,-122.284632],
"11438 71st pl s":[47.500943,-122.245315],
"11711 shoreline park dr nw":[47.713988,-122.373905],
"1234 ne 90th st":[47.694237,-122.313152],
"127 nw 145th st":[47.733769,-122.360142],
"1538 13th av s":[47.588844,-122.315628],
"1708 alki av sw":[47.587919,-122.395508],
"2011 nw market st":[47.6684832,-122.3826396],
"2147 nw 95th st":[47.698016,-122.385031],
"315 ne 155th st":[47.741075,-122.325783],
"3311 alamo pl s":[47.5736608,-122.3097465],
"3424 49th av sw":[47.573124,-122.394369],
"4232 chilberg av sw":[47.565523,-122.40665],
"4515 48th av s":[47.56242,-122.273613],
"4915 13th av s":[47.5581699,-122.316446],
"4th av \/ westlake av":[47.6461347,-122.3496983],
"5011 s thistle st":[47.527891,-122.271029],
"508 ne 72nd st":[47.6811065,-122.322373],
"511 n 65th st":[47.6758734,-122.3518108],
"5254 35th av ne":[47.6683095,-122.2898683],
"5317 22nd av nw":[47.6672943,-122.3849361],
"5631 17th av sw":[47.550947,-122.356296],
"5860 west green lake way n":[47.6705879,-122.3427383],
"6129 oakhurst rd s":[47.547072,-122.262314],
"6502 51st av s":[47.544087,-122.26956],
"6726 13th av sw":[47.542008,-122.351145],
"720 seneca st":[47.6094488,-122.3301767],
"7502 30th av ne":[47.6831956,-122.2956422],
"8055 corliss av n":[47.6884299,-122.331376],
"911 n 48th st":[47.663362,-122.346698],
"9268 44th av sw":[47.519965,-122.389068],
"9816 9th av nw":[47.701175,-122.3686953],
"9857 arrowsmith av s":[47.512775,-122.251991],
"midvale av n \/ n 45th st":[47.6613846,-122.3438085],
"vine st \/ alaskan way":[47.6133284,-122.352168]
}