{
"1036 s donovan st":[47.525847,-122.318607],
"10437 35th av sw":[47.508913,-122.376397],
"10739 roosevelt way ne":[47.7074653,-122.3178595],
"11838 56th pl s":[47.4963417,-122.2674315],
"12317 24th av ne":[47.7181059,-122.3035843],
"1605 25th av":[47.6155235,-122.3003222],
"1906 10th av e":[47.636177,-122.319766],
"1st av s \/ s main st":[47.6000445,-122.3341139],
"2022 s dearborn st":[47.59613,-122.3051247],
"2600 fairmount av sw":[47.5803699,-122.3821822],
"2605 44th av sw":[47.5808986,-122.3880411],
"2759 59th av sw":[47.5782782,-122.4084633],
"2922 nw esplanade":[47.700021,-122.395184],
"3067 s genesee st":[47.5642894,-122.2936039],
"3611 e harrison st":[47.622324,-122.286593],
"3653 22nd av w":[47.653677,-122.385066],
"3800 w armour st":[47.645274,-122.405876],
"4226 4th av nw":[47.658632,-122.361533],
"4428 dayton av n":[47.661121,-122.351735],
"4516 sunnyside av n":[47.661963,-122.329794],
"5025 22nd av ne":[47.665806,-122.304839],
"5226 s holly st":[47.542688,-122.26592],
"526 queen anne av n":[47.6240982,-122.3564381],
"5654 ne windermere rd":[47.667255,-122.26382],
"6248 31st av ne":[47.67536,-122.293995],
"7547 30th av nw":[47.6845014,-122.3960694],
"827 ne 100th st":[47.701042,-122.319173],
"90 wall st":[47.6144362,-122.3491104],
"9815 roosevelt way ne":[47.7007824,-122.3176882],
"stone av n \/ n 130th st":[47.7232057,-122.3422549]
}