{
"10041 61st av s":[47.510446,-122.257561],
"10303 20th av ne":[47.703157,-122.307285],
"10432 34th av sw":[47.5090141,-122.374339],
"1112 24th av":[47.612037,-122.301036],
"1412 sw myrtle st":[47.539423,-122.353362],
"1499 s columbian way":[47.5691699,-122.3138473],
"2440 dexter av n":[47.6407627,-122.3441386],
"263 yale av n":[47.6206514,-122.3307362],
"2728 39th av sw":[47.5783739,-122.381019],
"300 seneca st":[47.6070547,-122.3353462],
"3014 s willow st":[47.5408104,-122.292689],
"3321 rainier av s":[47.573405,-122.2944034],
"3445 21st av w":[47.6516069,-122.3838849],
"3553 s brandon st":[47.553218,-122.28662],
"3919 sw 106th st":[47.5080526,-122.3823582],
"4407 s spencer st":[47.5472474,-122.2777715],
"4550 university way ne":[47.6627467,-122.3128487],
"4615 sw othello st":[47.537876,-122.3926779],
"4632 44th av s":[47.560727,-122.277853],
"4711 46th av sw":[47.5607169,-122.391245],
"4818 ne 70th st":[47.6795898,-122.2761077],
"517 prospect st":[47.628739,-122.3467864],
"5503 s roxbury st":[47.516634,-122.263792],
"5598 seward park av s":[47.5512996,-122.2623214],
"6008 corliss av n":[47.672621,-122.330534],
"602 nw 78th st":[47.6856208,-122.3635165],
"7011 42nd av ne":[47.6798611,-122.284242],
"7052 dibble av nw":[47.681104,-122.366911],
"721 10th av e":[47.626034,-122.320571],
"7522 1st av ne":[47.6838441,-122.3282747],
"8156 14th av sw":[47.528445,-122.352507],
"8426 55th av s":[47.5277055,-122.2636837],
"854 w nickerson st":[47.6535103,-122.3691532],
"burke av n \/ n northgate way":[47.7075208,-122.3356134],
"e roanoke st \/ fairview av e":[47.6431983,-122.3286166],
"ne 43rd st \/ 7th av ne":[47.659468,-122.3208242],
"stendall dr n \/ stone av n":[47.7144983,-122.3421615],
"w garfield st \/ 4th av w":[47.6335388,-122.362326]
}