{
"10th av s \/ s weller st":[47.597508,-122.319646],
"1100 n 94th st":[47.6970954,-122.3445809],
"1302 2nd av":[47.6073267,-122.3371153],
"13232 7th av nw":[47.7260848,-122.3646579],
"1413 14th av":[47.6133528,-122.3144396],
"14807 5th av ne":[47.736685,-122.323887],
"1704 25th av":[47.616642,-122.2997984],
"1900 s graham st":[47.5470014,-122.3079683],
"2632 nob hill av n":[47.644153,-122.35036],
"2659 w bertona st":[47.6501949,-122.391333],
"2707 rainier av s":[47.5790676,-122.2995944],
"2767 59th av sw":[47.5780287,-122.408433],
"3011 39th av sw":[47.5765232,-122.3816446],
"3113 s hudson st":[47.5568669,-122.291912],
"3228 35th av s":[47.5743322,-122.2884842],
"3431 48th av sw":[47.572972,-122.393793],
"358 nw 52nd st":[47.6664632,-122.3630698],
"411 30th av e":[47.622921,-122.2933667],
"4921 17th av s":[47.558422,-122.3109209],
"5520 18th av s":[47.5527679,-122.3096315],
"5539 36th av ne":[47.66966,-122.289433],
"5619 26th av sw":[47.551336,-122.365924],
"5741 40th av ne":[47.671522,-122.285319],
"600 w smith st":[47.6414424,-122.364908],
"6027 38th av sw":[47.547565,-122.38083],
"6806 linden av n":[47.6789427,-122.3470152],
"714 maynard av s":[47.5959477,-122.3250446],
"7901 7th av s":[47.531756,-122.326079],
"8552 20th av nw":[47.692181,-122.381922],
"915 1st av":[47.6043412,-122.3359564],
"ne 70th st \/ 24th av ne":[47.6794083,-122.3017224],
"s myrtle st \/ beacon av s":[47.5389553,-122.2960715],
"sw stevens st \/ 61st av sw":[47.5777418,-122.4106745]
}