{
"103 nw 51st st":[47.6656012,-122.3573629],
"12749 3rd av nw":[47.722755,-122.361355],
"12804 23rd av ne":[47.722228,-122.304275],
"13503 wallingford av n":[47.727003,-122.337308],
"165 aloha st":[47.626988,-122.3532854],
"2716 ne 97th st":[47.699599,-122.29809],
"3 howe st":[47.6357717,-122.356692],
"3611 ne 137th st":[47.7281083,-122.2891824],
"3736 sw 100th st":[47.514009,-122.380688],
"3808 25th av w":[47.6543954,-122.388686],
"3841 35th av w":[47.6552692,-122.4026551],
"4122 whitman av n":[47.657335,-122.345572],
"42nd av s \/ s conover way":[47.5626639,-122.280729],
"4522 12th av s":[47.5627629,-122.317019],
"5107 2nd av nw":[47.666058,-122.359016],
"5916 48th av s":[47.549204,-122.2723],
"6311 s fountain st":[47.5030509,-122.2524816],
"6816 42nd av s":[47.5410288,-122.2804993],
"714 19th av":[47.6085664,-122.3073336],
"750 ne 56th st":[47.6695459,-122.32066],
"800 e pine st":[47.6152513,-122.322109],
"8400 seaview av nw":[47.6862702,-122.40272],
"8432 fauntleroy way sw":[47.527278,-122.392309],
"8520 17th av ne":[47.6909827,-122.3092388],
"8552 ashworth av n":[47.6920064,-122.3388664],
"9343 fauntleroy way sw":[47.5187219,-122.394845],
"9675 54th av s":[47.514643,-122.265771],
"969 22nd av":[47.6120128,-122.3038008],
"nb i5 to swift av s":[47.542027,-122.303649],
"s augusta st \/ 53rd av s":[47.4996344,-122.2677532],
"sb sr99 at galer st":[47.6323059,-122.343571]
}