{
"104 14th av e":[47.618961,-122.313926],
"11018 1st av nw":[47.709209,-122.35774],
"11432 70th pl s":[47.5010524,-122.2464502],
"11533 5th av ne":[47.713302,-122.323734],
"1246 19th av e":[47.631956,-122.306873],
"2 roy st":[47.62547,-122.3566932],
"2015 18th av s":[47.585099,-122.309838],
"2308 30th av s":[47.582579,-122.293805],
"2319 n 50th st":[47.6648501,-122.3293847],
"2813 ne 115th st":[47.711672,-122.297888],
"2831 sw yancy st":[47.567329,-122.369384],
"315 mcgraw st":[47.639721,-122.35123],
"3200 sw 97th st":[47.516874,-122.373713],
"325 19th av":[47.6050749,-122.3080415],
"336 n 101st st":[47.7023938,-122.3535983],
"3427 belvidere av sw":[47.572303,-122.379584],
"425 23rd av":[47.6058889,-122.3029751],
"4471 35th av sw":[47.5630086,-122.3761763],
"4500 s cloverdale st":[47.5261328,-122.2753758],
"4527 rainier av s":[47.5620584,-122.2879911],
"5428 barnes av nw":[47.6683989,-122.3796912],
"5816 14th av nw":[47.671468,-122.373173],
"5919 39th av s":[47.549178,-122.28384],
"6516 29th av s":[47.543871,-122.295535],
"702 s orchard st":[47.5386697,-122.3250833],
"8421 renton av s":[47.527175,-122.277747],
"8620 14th av s":[47.5257357,-122.3145776],
"8626 wabash av s":[47.526438,-122.265435],
"9279 fauntleroy way sw":[47.52032,-122.395685],
"949 n 76th st":[47.683966,-122.3448769],
"9908 waters av s":[47.5128326,-122.2527704],
"ne 120th st \/ 17th av ne":[47.7157682,-122.3098586]
}