{
"107 15th av e":[47.618765,-122.3129848],
"10822 31st av sw":[47.505778,-122.371774],
"11010 evanston av n":[47.70906,-122.351107],
"11508 evanston av n":[47.712661,-122.351144],
"12537 27th av ne":[47.720238,-122.299642],
"14022 greenwood av n":[47.7312133,-122.3555172],
"1409 6th av":[47.6102306,-122.3336556],
"14825 39th av ne":[47.736961,-122.28752],
"14th av ne \/ ne 63rd st":[47.6744838,-122.3131253],
"1946 n northgate way":[47.7082539,-122.3350205],
"2000 taylor av n":[47.636787,-122.34544],
"2335 10th av e":[47.640573,-122.320447],
"2345 boylston av e":[47.6410458,-122.3238067],
"24th av \/ e olive st":[47.6164882,-122.3013641],
"2963 1st av s":[47.575862,-122.334707],
"3244 46th av sw":[47.5743702,-122.3905364],
"3722 california av sw":[47.5704728,-122.3867654],
"3815 letitia av s":[47.569502,-122.291393],
"413 minor av n":[47.6223761,-122.3330206],
"528 ne 120th st":[47.716169,-122.322253],
"5400 2nd av s":[47.5539402,-122.3321033],
"5954 32nd av sw":[47.5488885,-122.3736719],
"6201 46th av s":[47.5470309,-122.27563],
"716 ne 40th st":[47.6560216,-122.3201308],
"849 nw 62nd st":[47.6736668,-122.3683007],
"850 fairview pl n":[47.6263804,-122.334138],
"8600 rainier av s":[47.52616,-122.26954],
"964 denny way":[47.6187923,-122.3375967],
"fremont av n \/ n 90th st":[47.6942147,-122.3499227],
"s horton st \/ east marginal way s":[47.574377,-122.3398715],
"sw cloverdale st \/ 6th av sw":[47.5264443,-122.3429341]
}