{
"10315 14th av nw":[47.704021,-122.374549],
"12263 densmore av n":[47.718769,-122.3386],
"201 spring st":[47.6058649,-122.335763],
"2205 alaskan way":[47.6109794,-122.3479853],
"2216 walnut av sw":[47.583466,-122.382194],
"2316 16th av s":[47.582412,-122.311701],
"2316 s spokane st":[47.572302,-122.302708],
"2904 montlake blvd e":[47.64658,-122.3041234],
"3010 w garfield st":[47.633974,-122.396287],
"315 n 85th st":[47.6904262,-122.3544705],
"3612 sw cambridge st":[47.51973,-122.378708],
"3613 san juan rd ne":[47.649896,-122.3120137],
"4015 ne 56th st":[47.669199,-122.284069],
"4800 s alaska st":[47.5605923,-122.2732028],
"5100 sand point way ne":[47.6665019,-122.2810573],
"5621 sw manning st":[47.571595,-122.404822],
"5730 s hawthorn rd":[47.5495339,-122.2611626],
"7207 seward park av s":[47.5377009,-122.2675947],
"734 n 68th st":[47.678951,-122.348446],
"8415 5th av ne":[47.690192,-122.323375],
"9027 12th av sw":[47.521999,-122.350935],
"9516 25th av nw":[47.698271,-122.387853],
"9710 5th av ne":[47.7001388,-122.3227837],
"9th av ne \/ ne 106th st":[47.7058931,-122.3679865],
"nb sr99 at s jackson st":[47.5992177,-122.3354932],
"s genesee st \/ 50th av s":[47.5641098,-122.2707408]
}