{
"11518 lake city way ne":[47.712655,-122.2987322],
"12024 greenwood av n":[47.716772,-122.355093],
"1749 ne 104th st":[47.7036779,-122.307618],
"2000 mcgilvra blvd e":[47.6371142,-122.2804477],
"2109 4th av n":[47.6376648,-122.3497252],
"21st av ne \/ ne 50th st":[47.6649192,-122.3055531],
"3005 sw 109th st":[47.5051223,-122.3711652],
"3008 14th av s":[47.576514,-122.314298],
"3010 s charlestown st":[47.570184,-122.293568],
"331 15th av":[47.605312,-122.313245],
"3822 40th av sw":[47.569421,-122.382413],
"4111 13th av s":[47.566804,-122.316326],
"4119 baker av nw":[47.6569239,-122.359757],
"4537 s lucile st":[47.552442,-122.276719],
"4627 41st av ne":[47.6645598,-122.2835036],
"4718 2nd av ne":[47.663751,-122.326888],
"5727 28th av ne":[47.670822,-122.297647],
"6330 14th av ne":[47.6754559,-122.312785],
"7 w fulton st":[47.6456429,-122.3572759],
"ne 125th st \/ 17th av ne":[47.7194027,-122.3108721],
"ne 92nd st \/ 25th av ne":[47.6957364,-122.3014749]
}