{
"0 - 0 nb i5 fr olive eb":[47.616379,-122.328509],
"0 nb sr99 at yesler":[47.6017501,-122.3361278],
"10002 64th av s":[47.5115,-122.253194],
"1014 e spruce st":[47.6035641,-122.3186411],
"10724 11th av nw":[47.707243,-122.369193],
"1210 n 43rd st":[47.6594219,-122.3431814],
"12329 42nd av ne":[47.718233,-122.283773],
"14031 1st av ne":[47.731443,-122.329272],
"1512 california av sw":[47.5901203,-122.386025],
"1513 29th av s":[47.5890091,-122.294914],
"1526 ne northgate way":[47.708813,-122.311202],
"1615 40th av":[47.6157385,-122.282272],
"220 6th av":[47.6028955,-122.3269502],
"2215 nw 90th st":[47.6941413,-122.3846139],
"24th av sw \/ sw kenyon st":[47.5318578,-122.3631857],
"2504 7th av w":[47.641653,-122.365867],
"2575 ne 83rd st":[47.6892348,-122.298122],
"2815 e thomas st":[47.621139,-122.295304],
"3104 s day st":[47.5903162,-122.2920382],
"3200 s graham st":[47.5461481,-122.2915217],
"3307 sw andover st":[47.567626,-122.374409],
"3446 12th av w":[47.6517713,-122.3720138],
"3520 sw admiral way":[47.579206,-122.3761],
"3619 e terrace st":[47.605026,-122.286547],
"37th av ne \/ ne 44th st":[47.6605298,-122.2882188],
"4005 w bertona st":[47.6502372,-122.4082344],
"4441 s brandon st":[47.553182,-122.277582],
"5518 29th av ne":[47.669059,-122.295865],
"5541 18th av sw":[47.55187,-122.3570955],
"6520 17th av ne":[47.676462,-122.309472],
"7220 woodlawn av ne":[47.6810993,-122.32481],
"8113 12th av sw":[47.52968,-122.350914],
"8th av ne \/ ne 83rd st":[47.6889452,-122.3202979],
"9303 aurora av n":[47.696514,-122.3445993],
"9th av sw \/ sw thistle st":[47.5283014,-122.3467462],
"latona av ne \/ ne 61st st":[47.6728411,-122.3254799],
"ne 61st st \/ 20th av ne":[47.6726344,-122.3065888],
"rainier av s \/ s adams st":[47.56565,-122.2885894],
"s bayview st \/ 6th av s":[47.5811824,-122.3259804],
"s columbian way \/ beacon av s":[47.5596424,-122.3043775]
}