{
"1907 e madison st":[47.6167582,-122.3073119],
"2148 7th av w":[47.6392049,-122.365902],
"3239 california av sw":[47.5744691,-122.3870047],
"34th av sw \/ sw elmgrove st":[47.5300924,-122.3753042],
"4235 9th av ne":[47.6586651,-122.3187959],
"5404 22nd av nw":[47.667997,-122.3845732],
"5616 11th av ne":[47.6700299,-122.315963],
"5622 california av sw":[47.5514228,-122.3866864],
"6528 21st av nw":[47.676746,-122.382887],
"6548 seward park av s":[47.5428651,-122.2641618],
"6711 s 112th pl":[47.5023319,-122.2500016],
"7527 19th av sw":[47.534667,-122.358584],
"7747 23rd av nw":[47.686352,-122.3856612],
"804 9th av":[47.607582,-122.32594],
"805 ne 105th st":[47.7047473,-122.3198248],
"8441 17th av sw":[47.5270761,-122.3567592],
"8614 32nd av ne":[47.69142,-122.293085],
"9008 8th av sw":[47.5228427,-122.3454533],
"9212 1st av nw":[47.696459,-122.357665],
"interlake av n \/ stone way n":[47.6641924,-122.3408237]
}