{
"1126 republican st":[47.6232113,-122.3346361],
"1137 n 92nd st":[47.6956187,-122.3429344],
"11725 fremont av n":[47.71497,-122.350636],
"12622 10th av ne":[47.720927,-122.317735],
"1356 alki av sw":[47.5915902,-122.3915831],
"14300 stone av n":[47.73258,-122.342012],
"215 nw 36th st":[47.6532669,-122.3599244],
"2725 queen anne av n":[47.644819,-122.357199],
"2755 47th av sw":[47.5777655,-122.3922455],
"3020 ne 140th st":[47.730165,-122.2955638],
"3500-3599 ne 85th st":[47.6902281,-122.2907249],
"3928 24th av s":[47.568376,-122.30148],
"3971 lake washington blvd s":[47.567386,-122.271019],
"4206 s angeline st":[47.5595659,-122.280297],
"44th av ne \/ ne 65th st":[47.675787,-122.280878],
"4526 51st pl sw":[47.56217,-122.397961],
"5175 s spencer st":[47.547167,-122.267917],
"6055 m l king jr way s":[47.5465856,-122.2859943],
"6400 8th av nw":[47.6750687,-122.3654915],
"6509 roosevelt way ne":[47.6761493,-122.3176511],
"7903 8th av s":[47.5318029,-122.323152],
"7939 46th av s":[47.5304376,-122.2747969],
"8120 18th av sw":[47.529418,-122.3574208],
"9016 8th av ne":[47.694547,-122.320015],
"920 occidental av s":[47.5950232,-122.3332345],
"loyal av nw \/ sylvan pl nw":[47.6938133,-122.3993543],
"ne 45th st \/ mary gates memorial dr ne":[47.6612147,-122.292807],
"nw 56th st \/ 5th av nw":[47.6694335,-122.3629]
}