{
"10808 beacon av s":[47.503352,-122.269565],
"1114 29th av s":[47.5928727,-122.2952532],
"11207 59th av s":[47.499867,-122.259864],
"11222 marine view dr sw":[47.502047,-122.380472],
"13275 15th av ne":[47.7252754,-122.3126689],
"13716 32nd av ne":[47.7286968,-122.2932156],
"1400 11th av w":[47.631295,-122.371381],
"1514 n 40th st":[47.655862,-122.339156],
"1528 ne 94th st":[47.696951,-122.310718],
"1630 melrose av":[47.6161358,-122.3278798],
"2714 sw macarthur ln":[47.5504751,-122.3699039],
"3030 26th av w":[47.647771,-122.389807],
"3219 m l king jr way s":[47.5742189,-122.2973792],
"3410 24th av s":[47.572711,-122.30139],
"3450 s holly st":[47.5425159,-122.288869],
"4102 36th av sw":[47.566335,-122.377054],
"420 34th av":[47.605823,-122.289188],
"4242 sw admiral way":[47.581206,-122.3858226],
"4522 41st av sw":[47.562182,-122.383878],
"47th pl ne \/ 47th av ne":[47.6557712,-122.2768093],
"4903 3rd av nw":[47.6645797,-122.360999],
"550 rainier av s":[47.5978562,-122.3130467],
"6046 50th av sw":[47.547675,-122.395577],
"629 pike st":[47.6111894,-122.3334174],
"64th pl sw \/ alki av sw":[47.577784,-122.4152769],
"6529 30th av sw":[47.543755,-122.370321],
"6543 19th av ne":[47.6771711,-122.3079443],
"7007 7th av nw":[47.679837,-122.36482],
"7015 brighton ln s":[47.539331,-122.266118],
"711 28th av s":[47.596339,-122.296691],
"7245 west green lake dr n":[47.6821272,-122.3426298],
"8111 dayton av n":[47.6881081,-122.352818],
"828 26th av s":[47.594681,-122.298739],
"9007 stone av n":[47.6944657,-122.3420634],
"9205 spear pl s":[47.520716,-122.275335],
"9229 39th av s":[47.5205225,-122.2836746],
"9456 26th av sw":[47.517546,-122.365533],
"greenwood av n \/ n 39th st":[47.6541548,-122.3555243],
"n 107th st \/ fremont av n":[47.7068948,-122.3500858]
}