{
"0 sb i5 exp to cherry":[47.604891,-122.329262],
"1012 e harrison st":[47.622167,-122.319292],
"1326 ne 62nd st":[47.67383,-122.313349],
"13th av w \/ w blewett way":[47.6562349,-122.3735527],
"14024 38th av ne":[47.730952,-122.287226],
"2240 n pacific st":[47.6502827,-122.3318305],
"3102 s brandon st":[47.553776,-122.292521],
"3210 34th av s":[47.574813,-122.289564],
"3850 ne 85th st":[47.6904138,-122.2858479],
"3928 sw arroyo ct":[47.504603,-122.382837],
"400 cherry st":[47.603966,-122.3309553],
"4407 43rd av ne":[47.660813,-122.281833],
"5100 15th av nw":[47.6661505,-122.3757696],
"522 20th av e":[47.623951,-122.305623],
"6523 52nd av s":[47.5436229,-122.26749],
"731 n 86th st":[47.691109,-122.348397],
"7733 39th av ne":[47.6858379,-122.286674],
"columbia st \/ 1st av":[47.6033002,-122.3349735],
"dayton av n \/ n 95th st":[47.6978286,-122.352679],
"n 143rd st \/ interlake av n":[47.7323147,-122.3413146],
"ne 145th st \/ 3rd av ne":[47.7340716,-122.3263431],
"ne university village st \/ 25th av ne":[47.6632901,-122.3009312],
"nw 65th st \/ cleopatra pl nw":[47.6759855,-122.3655067],
"park point ln ne \/ park point way ne":[47.6766355,-122.2659066],
"s hanford st \/ cheasty blvd s":[47.5750826,-122.299372],
"sw othello st \/ fauntleroy way sw":[47.5380219,-122.3914713],
"walla walla rd ne \/ montlake blvd ne":[47.6490087,-122.304529]
}