{
"1009 w garfield st":[47.6333625,-122.3709527],
"10234 37th av sw":[47.5110004,-122.377925],
"10319 wallingford av n":[47.703882,-122.336383],
"1311 2nd av w":[47.630888,-122.359589],
"13751 23rd pl ne":[47.729596,-122.304032],
"14040 3rd av nw":[47.7316735,-122.360645],
"1465 s columbian way":[47.5709976,-122.3145373],
"1502 alki av sw":[47.590216,-122.392733],
"1702 n 85th st":[47.690729,-122.337833],
"1924 e spruce st":[47.603721,-122.306582],
"2408 1st av s":[47.5814325,-122.3336973],
"2765 nw 65th st":[47.6756993,-122.3926072],
"3061 ne 92nd st":[47.695472,-122.293598],
"312 nw 49th st":[47.66457,-122.361321],
"3441 47th av sw":[47.572669,-122.392461],
"355 n 78th st":[47.685276,-122.352854],
"3610 s edmunds st":[47.5591101,-122.2866417],
"4060 george washington ln ne":[47.6564609,-122.3104401],
"4143 52nd av sw":[47.5654289,-122.3991475],
"417 23rd av":[47.5986527,-122.3024844],
"4229 greenwood av n":[47.658601,-122.3557469],
"4401 ne 95th st":[47.6970996,-122.2810949],
"4407 52nd av sw":[47.5645121,-122.3992667],
"5043 15th av ne":[47.6661097,-122.3122891],
"5325 s kenyon st":[47.531424,-122.26523],
"5612 24th av nw":[47.6697064,-122.3875746],
"5715 roosevelt way ne":[47.6705202,-122.317608],
"5760 s hawthorn rd":[47.549323,-122.260031],
"5th av s \/ s brandon st":[47.5541348,-122.3283595],
"611 cherry st":[47.604888,-122.3286451],
"6221 sw admiral way":[47.575729,-122.413127],
"6502 42nd av sw":[47.544689,-122.385473],
"6550 18th av sw":[47.5433195,-122.3569406],
"6609 57th av s":[47.542947,-122.262149],
"6700 s bangor ct":[47.5056952,-122.2503517],
"7417 latona av ne":[47.6827712,-122.326394],
"8028 36th av ne":[47.6875349,-122.2893093],
"821 18th av":[47.60984,-122.309298],
"8305 28th av nw":[47.6888989,-122.3933012],
"8625 10th av s":[47.5262471,-122.3202593],
"910 ne 105th st":[47.705169,-122.31806],
"9706 60th av s":[47.5149468,-122.2581805],
"9832 34th av sw":[47.5146771,-122.3750871],
"n 121st st \/ ashworth av n":[47.7163787,-122.3395073],
"roosevelt way ne \/ ne ravenna blvd":[47.6719888,-122.3173521],
"sw spokane st \/ california av sw":[47.5720568,-122.386781]
}