{
"11273 3rd av ne":[47.7105774,-122.3260394],
"11710 20th av ne":[47.714252,-122.306772],
"122 1st av n":[47.6193921,-122.3552422],
"1712 ne 80th st":[47.6868445,-122.3093145],
"1808 9th av w":[47.6350935,-122.368799],
"2000 ne 97th st":[47.6994063,-122.3068528],
"2015 e lynn st":[47.6392832,-122.3048494],
"2326 nw market st":[47.6686909,-122.3873469],
"2400 battery st":[47.6154719,-122.3460959],
"2621 west viewmont way w":[47.6437839,-122.41006],
"2632 35th av w":[47.644137,-122.401958],
"3043 belvidere av sw":[47.5761936,-122.3795377],
"3210 magnolia blvd w":[47.648953,-122.413815],
"3333 sw 102nd st":[47.511669,-122.3746847],
"3850 beach dr sw":[47.568975,-122.40885],
"3921 sw 97th st":[47.5162819,-122.383074],
"4003 59th av sw":[47.5684032,-122.4086487],
"4072 ne 86th st":[47.690835,-122.282388],
"4215 sw edmunds st":[47.5592114,-122.3863653],
"4700 sw othello st":[47.5381723,-122.3932225],
"5310 24th av s":[47.554654,-122.301248],
"5547 21st av s":[47.5520248,-122.3065686],
"5th av s \/ s royal brougham way":[47.5923928,-122.3274555],
"6522 28th av ne":[47.676476,-122.297028],
"702 n 41st st":[47.656853,-122.349661],
"7544 fairway dr ne":[47.684161,-122.276813],
"8131 11th av sw":[47.5291804,-122.3495722],
"814 ne 40th st":[47.655943,-122.3190346],
"900 hiawatha pl s":[47.5943746,-122.3088364],
"9323 45th av sw":[47.519414,-122.39123],
"9442 20th av sw":[47.517786,-122.358817],
"alder st \/ terry av":[47.6038807,-122.3216889]
}