{
"1013 15th av e":[47.6280993,-122.3129564],
"14342 interlake av n":[47.733571,-122.341034],
"1524 5th av":[47.6114295,-122.3359461],
"1655 10th av e":[47.634676,-122.32043],
"1700 broadway":[47.616762,-122.3204287],
"2123 waverly pl n":[47.638461,-122.3429761],
"21st av sw \/ sw holly st":[47.5428897,-122.3595537],
"2239 eastlake av e":[47.6393821,-122.3261066],
"2340 46th av sw":[47.5817603,-122.3902753],
"2901 2nd av":[47.617317,-122.3518355],
"2926 eastlake av e":[47.6479777,-122.3236298],
"3002 nw 72nd st":[47.681149,-122.396014],
"4138 m l king jr way s":[47.5656545,-122.2963022],
"4301 ne 55th st":[47.6684035,-122.2819616],
"4402 1st av nw":[47.66007,-122.3569],
"4500 20th av ne":[47.6614334,-122.3065057],
"4730 thackeray pl ne":[47.6640749,-122.325812],
"5300 green lake way n":[47.6670947,-122.3400531],
"5815 15th av s":[47.5510861,-122.3135206],
"7015 9th av nw":[47.679984,-122.368654],
"711 belmont pl e":[47.6262313,-122.3246096],
"8031 30th av nw":[47.6876725,-122.3960126],
"8340 earl av nw":[47.6902055,-122.3916103],
"8402 17th av sw":[47.5281019,-122.356083],
"8720 16th av nw":[47.693111,-122.377582],
"9125 5th av ne":[47.695726,-122.323457],
"9303 36th av s":[47.519539,-122.287544],
"934 s harney st":[47.5484685,-122.3199327],
"9th av \/ pine st":[47.6135254,-122.3320429]
}