{
"100 ne 62nd st":[47.67385,-122.327994],
"106 n 42nd st":[47.6578675,-122.3567878],
"10744 5th av ne":[47.7075462,-122.3231948],
"11212 meridian av n":[47.7096812,-122.3339583],
"11th av nw \/ nw 85th st":[47.6906293,-122.3704175],
"1212 n 41st st":[47.656835,-122.342909],
"1219 nw elford dr":[47.727418,-122.371992],
"1360 ne 45":[47.6612948,-122.3133608],
"1401 ne 43rd st":[47.6597844,-122.3131781],
"1504 34th av":[47.6142633,-122.2887093],
"1514 nw woodbine way":[47.708412,-122.37848],
"2405 s morgan st":[47.5441577,-122.3020523],
"2722 elliott av":[47.6150195,-122.3530191],
"309 33rd av":[47.6048154,-122.2908058],
"3404 s holly pl":[47.5423134,-122.2887478],
"3820 belvidere av sw":[47.56914,-122.3797008],
"3900 e mcgraw st":[47.640204,-122.282865],
"4020 49th av s":[47.566971,-122.271622],
"4339 14th av s":[47.56411,-122.3150596],
"4739 university view pl ne":[47.6629598,-122.2922566],
"4843 ne 45th st":[47.661063,-122.274832],
"5000 44th av ne":[47.6649095,-122.2804638],
"5465 43rd av w":[47.6711039,-122.4111997],
"606 15th av e":[47.624737,-122.312332],
"620 ne 55th st":[47.668825,-122.320941],
"6531 1st av nw":[47.676978,-122.357741],
"6551 sylvan way sw":[47.5437284,-122.3713897],
"7132 47th av sw":[47.5386211,-122.3927695],
"7506 latona av ne":[47.6834347,-122.3252671],
"814 23rd av e":[47.6264009,-122.3021015],
"9542 46th av ne":[47.698684,-122.278592],
"9829 51st av sw":[47.514448,-122.396047],
"9th av \/ marion st":[47.6076948,-122.3267087]
}