{
"10547 23rd av ne":[47.7062359,-122.304869],
"1119 8th av":[47.6090123,-122.3299243],
"1150 sw spokane st":[47.5714071,-122.3527334],
"11744 phinney av n":[47.715472,-122.353815],
"1219 n 50th st":[47.6648095,-122.3428198],
"1300 airport way s":[47.5915804,-122.3232993],
"1931 perkins ln w":[47.636998,-122.408053],
"1st av \/ marion st":[47.6039776,-122.3356],
"2609 w halladay st":[47.64209,-122.390832],
"2nd av ne \/ ne 85th st":[47.6904249,-122.3270273],
"32nd av sw \/ sw webster st":[47.5355452,-122.3739104],
"3322 e terrace st":[47.6053349,-122.289472],
"3709 sw grayson st":[47.5816289,-122.378129],
"3920 42nd av sw":[47.5686455,-122.3850579],
"4401 east marginal way s":[47.563854,-122.341995],
"4417 42nd av sw":[47.5641148,-122.3858814],
"4472 s cloverdale st":[47.526676,-122.276022],
"4509 evanston av n":[47.661673,-122.351906],
"515 9th av":[47.6052483,-122.3244835],
"6056 seward park av s":[47.547146,-122.260581],
"620 nw 114th pl":[47.712229,-122.364378],
"7200 sycamore av nw":[47.6807534,-122.3583868],
"7624 east green lake dr n":[47.6836112,-122.3337549],
"7923 rainier av s":[47.530853,-122.2702742],
"806 e harrison st":[47.622012,-122.3219398],
"8108 11th av sw":[47.529914,-122.349035],
"8328 seward park av s":[47.528692,-122.265968],
"907 16th av":[47.61067,-122.311865],
"corson av s \/ s willow st":[47.5414209,-122.3233988],
"latona av ne \/ ne 63rd st":[47.6743741,-122.32546],
"nw 90th st \/ 1st av nw":[47.6942405,-122.3579905],
"wall st \/ 5th av":[47.617392,-122.3452663]
}