{
"1132 n 92nd st":[47.6957853,-122.3430208],
"1213 ne 97th st":[47.699188,-122.314145],
"12704 palatine av n":[47.72161,-122.356504],
"1510 e olive way":[47.6182517,-122.326091],
"1909 broadway  e":[47.636246,-122.321709],
"2637 walnut av sw":[47.580064,-122.383582],
"2724 1st av w":[47.6448123,-122.3578936],
"2759 sw sylvan heights dr":[47.540213,-122.369265],
"311 ne maple leaf pl":[47.680899,-122.3257232],
"3203 franklin av e":[47.6500789,-122.3214356],
"3525 sw 110th st":[47.50429,-122.377308],
"44th pl s \/ s rose st":[47.5295674,-122.2770443],
"508 34th av":[47.606019,-122.28913],
"5200 17th av sw":[47.555722,-122.355575],
"528 ne 117th st":[47.714284,-122.322229],
"528 ne 97th st":[47.699754,-122.321926],
"5501 15th av nw":[47.6691981,-122.3769825],
"57th av sw \/ sw admiral way":[47.5771092,-122.405374],
"6285 airport way s":[47.546515,-122.313428],
"6910 42nd av s":[47.540244,-122.280489],
"6917 31st pl s":[47.540138,-122.291829],
"7010 2nd av nw":[47.679933,-122.359146],
"7400 east marginal way s":[47.538103,-122.314577],
"801 12th av":[47.6088475,-122.3168151],
"834 nw 54th st":[47.6680443,-122.3677965],
"901 taylor av n":[47.6273037,-122.3465536],
"9409 27th av sw":[47.5188119,-122.368018],
"west montlake pl e \/ e louisa st":[47.6424625,-122.3060345]
}