{
"1100 dexter av n":[47.6291351,-122.3419207],
"1108 pike st":[47.6137693,-122.3286641],
"11258 dayton av n":[47.712172,-122.35248],
"115 bellevue av e":[47.618951,-122.327038],
"1520 35th av s":[47.58811,-122.287685],
"1539 ne 106th st":[47.705337,-122.310398],
"15th av nw \/ nw 59th st":[47.6716339,-122.3762265],
"1619 27th av":[47.6159312,-122.2978505],
"1917 nw 73rd st":[47.6811508,-122.3819317],
"1st av nw \/ n 90th st":[47.6942405,-122.3579905],
"2 av \/ university st":[47.607299,-122.3370866],
"2006 s pearl st":[47.557058,-122.3064654],
"20th av s \/ e yesler way":[47.6016712,-122.3063492],
"2333 34th av s":[47.5815258,-122.2900946],
"2342 broadway e":[47.640791,-122.320969],
"2623 sw nevada st":[47.5652679,-122.3665684],
"2803 s lilac st":[47.5667815,-122.289317],
"2810 nw 59th st":[47.671862,-122.393479],
"3208 s ferdinand st":[47.5578835,-122.2910024],
"3214 sw henderson st":[47.5231039,-122.374799],
"3615 ne 145th st":[47.733535,-122.288805],
"4053 ne 87th st":[47.691405,-122.283129],
"4115 meridian av n":[47.657278,-122.334145],
"42nd av sw \/ sw admiral way":[47.5811909,-122.3851943],
"4323 ne 42nd st":[47.658933,-122.280236],
"4417 21st av sw":[47.5642507,-122.3606012],
"5015 15th av nw":[47.6655701,-122.3765695],
"507 n 63rd st":[47.674374,-122.352439],
"5342 30th av nw":[47.6675079,-122.3960551],
"600 union st":[47.6104734,-122.3336198],
"6002 52nd av ne":[47.6723235,-122.2714039],
"6022 38th av ne":[47.672865,-122.286586],
"6329 sand point way ne":[47.6747578,-122.2645613],
"6402 swift av s":[47.5452185,-122.305631],
"6414 greenwood av n":[47.6757073,-122.3550728],
"7309 50th av ne":[47.681462,-122.274687],
"832 ne 127th st":[47.7215323,-122.3193587],
"8414 42nd av sw":[47.5282989,-122.385427],
"9314 53rd av s":[47.518535,-122.26595],
"9407 24th av sw":[47.51886,-122.3634846],
"n 97th st \/ woodlawn av n":[47.6996696,-122.3387561],
"ne 120th st \/ 23rd av ne":[47.715728,-122.304477]
}