{
"108 nw 84th st":[47.6900193,-122.3584946],
"1151 n 93rd st":[47.6963405,-122.3423205],
"13036 31st av ne":[47.7240279,-122.2942482],
"1416 n 55th st":[47.669004,-122.339273],
"1531 n 143rd st":[47.732115,-122.3398808],
"1815 14th av":[47.618117,-122.314667],
"1900 e republican st":[47.6232449,-122.3073042],
"1905 10th av w":[47.6360948,-122.3708184],
"2140 n northlake way":[47.6468862,-122.3338751],
"2224 nw 56th st":[47.6695775,-122.3859595],
"2336 minor av e":[47.640871,-122.327981],
"2600 4th av":[47.617256,-122.3471039],
"2637 32nd av w":[47.644304,-122.398649],
"3318 37th av s":[47.57315,-122.285698],
"35th av s \/ s mount baker blvd":[47.5769817,-122.2887514],
"3915 s eddy st":[47.545101,-122.282602],
"420 nw 73rd st":[47.6820049,-122.3624228],
"4304 sw 106th st":[47.5084657,-122.3873851],
"4415 51st av s":[47.563607,-122.269856],
"4530 s lucile st":[47.5528501,-122.2771147],
"4649 s othello st":[47.5367754,-122.2731785],
"4th av s \/ s jackson st":[47.5991984,-122.3290272],
"5070 26th av sw":[47.555441,-122.365196],
"5616 49th av sw":[47.55162,-122.394669],
"6521 37th av sw":[47.544054,-122.379542],
"682 ne 96th pl":[47.6990212,-122.3215084],
"7121 46th av s":[47.538252,-122.275726],
"7245 38th av s":[47.5375243,-122.2846818],
"7358 jones av nw":[47.683043,-122.386128],
"7507 m l king jr way s":[47.5361233,-122.2809644],
"7th av & union st":[47.6106243,-122.3324548],
"802 ne 62nd st":[47.673522,-122.3192817],
"819 nw 90th st":[47.6941103,-122.3670619],
"8321 13th av nw":[47.689416,-122.373141],
"943 m l king jr way s":[47.5933447,-122.2978732],
"9th av nw \/ nw leary way":[47.6636669,-122.3686126],
"eb i90 at mercer way":[47.589276,-122.252626],
"i-90 fwy":[47.5930281,-122.3121258],
"ne 75th st \/ roosevelt way ne":[47.6830731,-122.3175059],
"ne 90th st \/ 27th av ne":[47.6938862,-122.2987261],
"s brandon st \/ maynard av s":[47.5541171,-122.3254034],
"ward st \/ queen anne av n":[47.6280762,-122.3566678]
}