{
"1008 4th av n":[47.628393,-122.348455],
"1023 ne 63rd st":[47.6739457,-122.3163263],
"106 pine st":[47.6101367,-122.3407695],
"11097 arroyo beach pl sw":[47.5020049,-122.385518],
"11th av s \/ s snoqualmie st":[47.5616835,-122.3186611],
"12th av s \/ s jackson st":[47.5991825,-122.3172207],
"14th av s \/ east marginal way s":[47.5352464,-122.3148095],
"1900 nw 89th st":[47.6941307,-122.3813467],
"1903 s dearborn st":[47.595594,-122.307031],
"205 nw 72nd st":[47.6805852,-122.3597455],
"215 10th av e":[47.6206301,-122.3198568],
"2203 e miller st":[47.641494,-122.303516],
"2247 14th av w":[47.639992,-122.375356],
"2451 4th av s":[47.5803582,-122.3290776],
"2603 ne 145th st":[47.733572,-122.300361],
"2907 1st av n":[47.64611,-122.35588],
"3120 rainier av s":[47.5749555,-122.2951279],
"3204 e cherry st":[47.6079744,-122.2911284],
"3320 s holly st":[47.542689,-122.289323],
"3559 sw ocean view dr":[47.5014148,-122.3778169],
"4033 16th av sw":[47.5674595,-122.3551878],
"4123 12th av ne":[47.6575876,-122.3158942],
"4737 w emerson st":[47.653904,-122.4174218],
"5203 56th av s":[47.5546558,-122.2632505],
"5700 15th av nw":[47.6701792,-122.3761954],
"5738 s gazelle st":[47.512647,-122.260377],
"6017 ann arbor av ne":[47.67386,-122.276392],
"620 maynard av s":[47.596845,-122.32469],
"6314 4th av ne":[47.6748812,-122.3241189],
"6702 21st av sw":[47.542679,-122.359263],
"7203 48th av s":[47.5381015,-122.2728936],
"7319 39th av sw":[47.536905,-122.382314],
"913 n 84th st":[47.6896119,-122.346505],
"922 n 34th st":[47.649045,-122.3461617],
"9722 60th av s":[47.514411,-122.257873],
"sw myrtle st \/ 47th av sw":[47.5396417,-122.3930585],
"virginia st \/ minor av n":[47.6185159,-122.3329677]
}