{
"1124 yakima av s":[47.5923163,-122.2942198],
"142 ne 51st st":[47.6659409,-122.326429],
"18th av s \/ s washington st":[47.6008388,-122.3089708],
"2019 s charles st":[47.5942719,-122.305291],
"2437 e interlaken blvd":[47.633543,-122.301078],
"2624 western av":[47.615214,-122.351037],
"2720 ne 144th st":[47.7332139,-122.298051],
"3229 ne 88th st":[47.692144,-122.292132],
"3809 s trenton st":[47.524057,-122.284402],
"4013 ne 45th st":[47.661047,-122.284129],
"510 20th av":[47.606544,-122.305961],
"5106 47th av sw":[47.556088,-122.391954],
"511 n 43rd st":[47.6588199,-122.3513526],
"5234 40th av w":[47.6674942,-122.4090876],
"6000 15th av nw":[47.6727056,-122.3758996],
"616 e thomas st":[47.6212244,-122.3233359],
"6309 latona av ne":[47.6746833,-122.3257152],
"6517 31st av s":[47.543833,-122.293037],
"6701 sylvan way sw":[47.5408131,-122.3698501],
"6714 palatine av n":[47.678263,-122.356097],
"6853 18th av ne":[47.6791726,-122.309041],
"7515 25th av nw":[47.6835996,-122.3890253],
"7518 43rd av ne":[47.683695,-122.281731],
"7921 31st av sw":[47.531248,-122.372983],
"815 western av":[47.6032365,-122.3367562],
"8803 42nd av sw":[47.525044,-122.385539],
"9061 s fisher pl":[47.5213998,-122.2642952],
"rainier av s & s edmunds st":[47.5586611,-122.2854374]
}