{
"10304 interlake av n":[47.7034809,-122.340254],
"10528 evanston av n":[47.70592,-122.35106],
"10718 68th av s":[47.5050463,-122.2490617],
"1118 post av":[47.6056583,-122.3377773],
"11415 crestwood dr s":[47.500594,-122.24441],
"11739 12th av ne":[47.715191,-122.315666],
"12201 3rd av nw":[47.7179829,-122.361321],
"13027 7th av nw":[47.724108,-122.365383],
"1309 ne ravenna blvd":[47.6711134,-122.3135948],
"1503 e olin pl":[47.6354629,-122.3132687],
"15th av w \/ nickerson 15th rp":[47.6532585,-122.3761338],
"1721 26th av s":[47.587634,-122.299443],
"1748 n 130th st":[47.723401,-122.334851],
"1812 nw 80th st":[47.6870533,-122.3806614],
"2030 26th av w":[47.6375711,-122.3903448],
"2204 n 59th st":[47.67181,-122.331583],
"2902 52nd av sw":[47.578125,-122.397674],
"3409 cheasty blvd s":[47.572776,-122.299633],
"3517 sw 106th st":[47.5079474,-122.3766993],
"4040 55th av ne":[47.657853,-122.269961],
"4627 s orchard st":[47.538099,-122.274295],
"4853 37th av sw":[47.5577309,-122.379196],
"5004 s genesee st":[47.5641207,-122.2703452],
"560 s michigan st":[47.5463815,-122.3265682],
"5710 wilson av s":[47.55092,-122.2656146],
"6508 10th av nw":[47.6763073,-122.3695044],
"6521 33rd av s":[47.543749,-122.290619],
"6523 21st av ne":[47.6765199,-122.305566],
"6555 ravenna ave ne":[47.6774653,-122.3042795],
"713 8th av s":[47.5962327,-122.3227843],
"800 davis pl s":[47.5958741,-122.3089506],
"8001 fauntleroy way sw":[47.531542,-122.392706],
"809 fairview pl n":[47.6267206,-122.3349152],
"8515 17th pl ne":[47.690881,-122.3104],
"8614 corliss av n":[47.6915661,-122.330714],
"8844 4th av s":[47.5238593,-122.3296674],
"9037 9th av nw":[47.695377,-122.369113],
"939 30th av":[47.611194,-122.294139],
"9717 8th av nw":[47.700682,-122.366449],
"howell st \/ minor av":[47.6168633,-122.3305455],
"nb sr99 fr 1":[47.596235,-122.334307],
"s forest st \/ 15th av s":[47.5777554,-122.3133639],
"sb i5 fr columbian":[47.566556,-122.320956]
}