{
"10055 35th av ne":[47.7022168,-122.2915654],
"10210 greenwood av n":[47.7032875,-122.3551226],
"1025 s king st":[47.59784,-122.3183597],
"13504 sherman rd nw":[47.727034,-122.361719],
"1700 ne 47th st":[47.6630923,-122.3096754],
"328 n 45th st":[47.661413,-122.3544513],
"34th av s \/ s hinds st":[47.5724833,-122.2899097],
"3636 wallingford av n":[47.6516006,-122.3359774],
"3727 s perry st":[47.514651,-122.284785],
"4319 sw mills st":[47.541272,-122.3881945],
"4825 45th av s":[47.5591497,-122.276989],
"5409 35th av s":[47.553064,-122.289648],
"5705 29th av ne":[47.670539,-122.296219],
"5929 18th av sw":[47.549289,-122.357717],
"8053 20th av nw":[47.6883585,-122.3824457],
"8505 29th av nw":[47.6908449,-122.3943634],
"8604 8th av sw":[47.5264072,-122.3454531],
"8614 delridge way sw":[47.5259637,-122.3602242],
"8th av ne \/ ne 70th st":[47.6795039,-122.3198073],
"9250 14th av sw":[47.519543,-122.352513],
"e madison st \/ 22nd av e":[47.6184477,-122.3036511],
"lake washington blvd s \/ s angeline st":[47.5594353,-122.2637851],
"n 92nd st \/ 1st av nw":[47.696039,-122.3580233],
"nw 36th st \/ leary way nw":[47.6535178,-122.3594144],
"s ferdinand st \/ rainier av s":[47.5578554,-122.2850435]
}