{
"0 - 0 sb i5 exp to cherry":[47.604891,-122.329262],
"10406 holman rd n":[47.704414,-122.3559975],
"10737 evanston av n":[47.708003,-122.351847],
"1132 nw 63rd st":[47.6747547,-122.3728029],
"1140 24th av":[47.6126501,-122.3011581],
"1240 s cloverdale st":[47.526688,-122.315789],
"1372 33rd av s":[47.5904828,-122.2902225],
"14309 38th av ne":[47.732263,-122.287436],
"1801 s juneau st":[47.5498179,-122.3095647],
"2107 western av":[47.6114459,-122.3452487],
"2111 1st av":[47.6119219,-122.3445169],
"2312 44th av sw":[47.5825801,-122.387288],
"2nd av s \/ s mead st":[47.5510804,-122.3324297],
"303 n 44th st":[47.6600118,-122.355081],
"3434 45th av ne":[47.6537797,-122.2785936],
"6029 45th av ne":[47.6729879,-122.279902],
"6529 44th av ne":[47.6766766,-122.2812166],
"7523 11th av nw":[47.683964,-122.370719],
"800 lakeside av s":[47.595528,-122.286959],
"8310 jones av nw":[47.6890653,-122.3861638],
"8802 32nd av sw":[47.5244972,-122.3736535],
"e terrace st \/ 11th av":[47.6051969,-122.3181056],
"nw 43rd st \/ leary way nw":[47.6589574,-122.3647088],
"s webster st \/ 43rd av s":[47.5352133,-122.2793834],
"west stevens way ne \/ okanogan ln ne":[47.6540962,-122.3104126]
}