{
"1030 1st av s":[47.5931178,-122.3341806],
"1115 21st av s":[47.592592,-122.305435],
"126 20th av":[47.6025202,-122.3060504],
"145 s horton st":[47.5740171,-122.3329764],
"1715 ne 136th st":[47.727261,-122.309156],
"1716 e olive way":[47.620049,-122.322851],
"2106 19th av s":[47.5842716,-122.3081568],
"2301 harbor av sw":[47.5832355,-122.3742502],
"2317 n 136th st":[47.7277274,-122.3306749],
"2400 n 65th st":[47.676165,-122.328574],
"26th av s \/ e yesler way":[47.6016601,-122.2989156],
"30th av sw \/ sw othello st":[47.537366,-122.3711949],
"3408 s mount baker blvd":[47.57738,-122.289333],
"342 n 82nd st":[47.688609,-122.353411],
"3720 woodlawn av n":[47.652654,-122.338325],
"3802 e mcgraw st":[47.640639,-122.284563],
"4824 s holden st":[47.5339529,-122.271501],
"516 9th av":[47.605437,-122.3246096],
"520 n 60th st":[47.672671,-122.351882],
"5344 ballard av nw":[47.667572,-122.3841005],
"540 s front st":[47.5484649,-122.3270445],
"5525 s leo st":[47.5022,-122.26375],
"6015 48th av sw":[47.5481049,-122.3942164],
"6512 33rd av s":[47.543925,-122.289967],
"8719 10th av s":[47.525114,-122.3205063],
"9324 57th av s":[47.5182041,-122.2613203],
"e lake washington blvd \/ montlake blvd e":[47.6440272,-122.3040493],
"nw 65th ct \/ parker ct nw":[47.6758541,-122.404594],
"seward park av s \/ s juneau st":[47.5496503,-122.2588099],
"sw admiral wy off rp \/ sw manning st":[47.5708106,-122.3707531],
"sw alaska st \/ 26th av sw":[47.561101,-122.3654724]
}