{
"1104 n allen pl":[47.660903,-122.344262],
"1111 nw 56th st":[47.6692692,-122.3713768],
"11326 15th av ne":[47.7109359,-122.312157],
"11552 15th av ne":[47.7136497,-122.3120796],
"1st av nw \/ nw 155th st":[47.741405,-122.3588431],
"2020 terry av":[47.6176856,-122.3356162],
"2051 43rd av e":[47.6384242,-122.2776757],
"2437 s spencer st":[47.547481,-122.299182],
"3014 e thomas st":[47.6215138,-122.2923133],
"3038 s brighton st":[47.5414547,-122.2913968],
"3246 36th av s":[47.5739004,-122.2875796],
"3328 s austin st":[47.5346649,-122.288359],
"350 16th av e":[47.62194,-122.311059],
"39th av ne \/ ne 51st st":[47.6658475,-122.2860248],
"414 8th av s":[47.5986301,-122.3222735],
"4200 east marginal way s":[47.5680206,-122.3389895],
"4426 29th av w":[47.6603446,-122.3946968],
"4426 36th av w":[47.6608648,-122.4032555],
"4619 14th av sw":[47.561323,-122.353258],
"5145 s roxbury st":[47.5166932,-122.2681009],
"5800 22nd av nw":[47.6711405,-122.3842713],
"5800 greenwood av n":[47.6712893,-122.3550555],
"6443 sand point way ne":[47.6756872,-122.263561],
"6845 35th av ne":[47.678934,-122.290749],
"725 e pine st":[47.615099,-122.3223415],
"8207 roosevelt way ne":[47.68849,-122.317921],
"831 ne 86th st":[47.69103,-122.318963],
"8543 2nd av ne":[47.691716,-122.3273414],
"8639 delridge way sw":[47.5253336,-122.3609718],
"lake city way ne \/ 12th av ne":[47.6853113,-122.3150128],
"n lucas pl \/ stone way n":[47.6559451,-122.3424174],
"nw 60th st \/ 15th av nw":[47.6723656,-122.3762314],
"sw manning st \/ sw admiral wy off rp":[47.5708106,-122.3707531],
"w smith st \/ 31st av w":[47.6411644,-122.3969833]
}