{
"10107 4th av nw":[47.7027405,-122.3619954],
"1131 nw 60th st":[47.672127,-122.372206],
"1241 ne 100th st":[47.700996,-122.312933],
"12th av \/ e jefferson st":[47.6061898,-122.3167759],
"13620 4th av ne":[47.728392,-122.325048],
"14010 corliss av n":[47.7309581,-122.3312969],
"14336 courtland pl n":[47.7334416,-122.3377378],
"1609 19th av":[47.6154009,-122.3074598],
"1767 20th av s":[47.587205,-122.306574],
"2035 n 77th st":[47.6847558,-122.3335687],
"22nd av sw \/ sw roxbury st":[47.517361,-122.361817],
"2326 n 128th st":[47.722324,-122.329836],
"3008 16th av w":[47.6468972,-122.3770674],
"316 ne 50th st":[47.665196,-122.324788],
"3257 61st av sw":[47.574249,-122.411168],
"3rd av ne \/ ne 100th st":[47.7013567,-122.3258342],
"4237 aikins av sw":[47.5660576,-122.406297],
"4407 5th av ne":[47.6604839,-122.323254],
"500 w olympic pl":[47.627054,-122.363688],
"510 30th av e":[47.624024,-122.29281],
"5300 3rd av nw":[47.6673716,-122.3607901],
"5401 ballard av nw":[47.667502,-122.3848888],
"609 w mercer pl":[47.6252755,-122.3654782],
"6211 51st av s":[47.546551,-122.270154],
"7029 20th av ne":[47.680285,-122.306994],
"7503 34th av ne":[47.683211,-122.291886],
"7709 20th av nw":[47.6853712,-122.3824098],
"8135 11th av sw":[47.529182,-122.349834],
"8165 1st av s":[47.5284931,-122.335411],
"9542 palatine av n":[47.699069,-122.356352],
"burke av n \/ n 85th st":[47.6905014,-122.3351938]
}