{
"10710 59th av s":[47.5039533,-122.2591786],
"10720 sand point way ne":[47.70773,-122.279212],
"114 n 36th st":[47.6529684,-122.3568794],
"12019 35th av ne":[47.71617,-122.291886],
"1210 ne 97th st":[47.6997039,-122.314373],
"1400 sw holden st":[47.5341232,-122.3527998],
"14510 aurora av n":[47.7349231,-122.3445511],
"1621 n 49th st":[47.6640845,-122.3381323],
"1802 sw holden st":[47.5339165,-122.3579305],
"2012 nw market st":[47.6689496,-122.3828692],
"232 32nd av":[47.604166,-122.291241],
"2532 9th av w":[47.6416773,-122.3685836],
"300 pike st":[47.6097633,-122.3377938],
"3230 nw 64th st":[47.675109,-122.399851],
"3440 14th av s":[47.572671,-122.314394],
"3451 37th av w":[47.651972,-122.405003],
"347 ne 59th st":[47.671314,-122.323482],
"3601 fremont av n":[47.651802,-122.3503325],
"3611 33rd av w":[47.6526876,-122.3999012],
"3620 california av sw":[47.5714044,-122.3865316],
"407 n 36th st":[47.6521028,-122.3538991],
"4853 beach dr sw":[47.558234,-122.403244],
"5751 25th av ne":[47.6715257,-122.300877],
"6312 54th av ne":[47.675077,-122.269074],
"6501 31st av sw":[47.5446039,-122.3726337],
"6530 36th av sw":[47.543725,-122.377449],
"6566 24th av sw":[47.542941,-122.363133],
"7220 40th av ne":[47.6814096,-122.2848103],
"7538 15th av nw":[47.684441,-122.376326],
"7727 63rd av ne":[47.6854243,-122.2620374],
"8045 17th av ne":[47.6879996,-122.3103112],
"814 ne 67th st":[47.6773227,-122.3193951],
"9038 palatine av n":[47.6953397,-122.3564043],
"920 19th av":[47.610962,-122.307176],
"924 e cherry st":[47.6080721,-122.3205796],
"e spruce st \/ 10th av":[47.6035783,-122.3193966],
"meridian av n \/ n 77th st":[47.6851114,-122.3330208],
"ne 62nd st \/ 32nd av ne":[47.6739749,-122.2932312],
"nw 80th st \/ 30th av nw":[47.6867467,-122.3957373],
"nw market st \/ tallman av nw":[47.6686745,-122.381691],
"seward park av s \/ s hawthorn rd":[47.5486538,-122.2592631]
}