{
"101 nw 44th st":[47.6598765,-122.3576885],
"11024 greenwood av n":[47.709534,-122.355062],
"13th av sw \/ sw henderson st":[47.5228372,-122.351679],
"1400 nw 60th st":[47.6725281,-122.3739715],
"1406 broadway":[47.6132334,-122.3208037],
"1417 15th av":[47.6134917,-122.3130153],
"1514 11th av":[47.6145913,-122.3177708],
"1537 21st av s":[47.5885754,-122.305371],
"17525 aurora av n":[47.7566493,-122.3464263],
"2033 42nd av e":[47.6380174,-122.2787489],
"24th av s \/ s main st":[47.60032,-122.3011189],
"3004 sw 106th st":[47.508831,-122.37134],
"3004 sw barton st":[47.521292,-122.371613],
"318 s bennett st":[47.5548954,-122.3303219],
"3237 ne 100th st":[47.700855,-122.291854],
"3266 37th av sw":[47.5736521,-122.3778501],
"3611 12th av w":[47.652605,-122.372668],
"3rd av nw \/ nw 140th st":[47.7305228,-122.3609483],
"4503 sw wildwood pl":[47.5207947,-122.3907157],
"4753 ravenna av ne":[47.6631629,-122.3030781],
"4th av \/ madison st":[47.6060794,-122.332905],
"51st av s \/ s juneau st":[47.5497253,-122.2699093],
"5259 17th av sw":[47.5540777,-122.3562402],
"5308 7th av ne":[47.667463,-122.320355],
"5517 s roxbury st":[47.516591,-122.263279],
"5700 38th av ne":[47.6704992,-122.2866294],
"5701 wilson av s":[47.550821,-122.265878],
"6035 49th av sw":[47.5475407,-122.3954917],
"6050 5th av ne":[47.673648,-122.32312],
"6111 12th av s":[47.5482093,-122.3175836],
"6th av n \/ valley st":[47.6262637,-122.3449711],
"712 n 41st st":[47.6566741,-122.3492014],
"802 w newell st":[47.6445232,-122.3677394],
"821 nw 106th st":[47.705361,-122.367145],
"9210 32nd av sw":[47.5207059,-122.373693],
"9226 21st av sw":[47.5202219,-122.360137],
"belmont av e \/ e republican st":[47.6231453,-122.3240437],
"nw 59th st \/ 32nd av nw":[47.6716611,-122.3983526]
}