{
"1002 western av":[47.6044706,-122.3373788],
"1012 ne 55th st":[47.6687623,-122.3167224],
"10309 23rd av ne":[47.703294,-122.304602],
"11008 dayton av n":[47.7090145,-122.3525058],
"116 22nd av":[47.60223,-122.303376],
"1206 sw myrtle st":[47.5392609,-122.3507546],
"13033 20th av ne":[47.723973,-122.307573],
"14014 3rd av nw":[47.7311794,-122.3606222],
"1652 22nd av":[47.616773,-122.303256],
"1883 e shelby st":[47.6461544,-122.3056231],
"1960 9th av w":[47.637585,-122.368601],
"1st av ne \/ east green lake way n":[47.6783133,-122.3282676],
"200 vine st":[47.6162409,-122.3487212],
"223 11th av e":[47.6206139,-122.3185838],
"2334 ne 85th st":[47.690527,-122.302646],
"23rd av s \/ s grand st":[47.586913,-122.3026924],
"2426 25th av w":[47.640833,-122.388573],
"2474 s edmunds st":[47.559679,-122.301194],
"2615 11th av w":[47.64342,-122.371848],
"26th av e \/ lake washington blvd e":[47.641221,-122.2984511],
"340 nw 46th st":[47.6622086,-122.362669],
"3408 ne 57th st":[47.670512,-122.290957],
"3703 s court st":[47.570434,-122.285888],
"3716 densmore av n":[47.652524,-122.337132],
"3805 30th av w":[47.654341,-122.396034],
"3902 42nd av sw":[47.5691193,-122.3851179],
"3920 13th av s":[47.5683329,-122.3156804],
"4009 eastern av n":[47.6558661,-122.3293747],
"4114 37th av ne":[47.6589703,-122.28805],
"413 ne 70th st":[47.678875,-122.323991],
"4355 8th av ne":[47.6607662,-122.319956],
"4865 24th av s":[47.559287,-122.303318],
"5006 15th av ne":[47.6651365,-122.3116252],
"5015 24th pl s":[47.5569149,-122.301887],
"5107 52nd av s":[47.555974,-122.2684178],
"520 ne northgate way":[47.7088619,-122.3221604],
"5233 s myrtle st":[47.538676,-122.265746],
"6002 31st av sw":[47.5480977,-122.3719133],
"6615 dayton av n":[47.6773733,-122.3528662],
"6715 16th av sw":[47.542417,-122.35529],
"7547 13th av nw":[47.684689,-122.373131],
"80 cedar st":[47.6154315,-122.3511276],
"836 w etruria st":[47.648007,-122.369375],
"e thomas st \/ 23rd av e":[47.6213789,-122.3024881],
"s myrtle st \/ seward park av s":[47.5388878,-122.2672181],
"thorndyke av w \/ w blaine st":[47.6350679,-122.3907208],
"union st \/ western av":[47.6073689,-122.3402071]
}