{
"0 - 0 sb i5 at mid boeing field":[47.545461,-122.308073],
"12019 22nd av ne":[47.716361,-122.306249],
"12354 31st av ne":[47.7185434,-122.2951072],
"12823 1st av ne":[47.722684,-122.329286],
"1320 44th av sw":[47.591321,-122.386929],
"13741 35th av ne":[47.7296534,-122.2909963],
"14319 burke av n":[47.732887,-122.336208],
"2117 14th av s":[47.583986,-122.315068],
"214 4 av s":[47.6003698,-122.3288249],
"2209 s ferdinand st":[47.557304,-122.304684],
"2620 26th av w":[47.64412,-122.389854],
"28th av sw\/sw roxbury st":[47.5173945,-122.3686052],
"3043 34th av w":[47.648093,-122.401369],
"3rd av n \/ aloha st":[47.6271734,-122.3514815],
"414 nw 44th st":[47.660713,-122.362908],
"4245 ne 89th st":[47.6926301,-122.2799868],
"4419 s bateman st":[47.546513,-122.277294],
"6701 6th av s":[47.543737,-122.3263664],
"7005 rainier av s":[47.539596,-122.2709264],
"7335 beacon av s":[47.5358633,-122.2922421],
"7723 15th av sw":[47.5329922,-122.3542512],
"8026 46th av sw":[47.530374,-122.391212],
"8060 17th av nw":[47.688601,-122.378612],
"8211 corliss av n":[47.689032,-122.331382],
"8448 beacon av s":[47.5264217,-122.2873817],
"901 1st av w":[47.6271113,-122.357999],
"9200 5th av ne":[47.695988,-122.322737],
"9730 46th av ne":[47.700329,-122.278564],
"n 145th st \/ linden av n":[47.7341262,-122.3477742],
"ne 123rd st \/ 14th av ne":[47.717611,-122.3139827],
"nw 57th st \/ seaview av nw":[47.6704352,-122.4040869],
"w dravus st \/ 20th av w":[47.6484554,-122.3820449]
}