{
"100 8th av":[47.6017155,-122.3224358],
"10250 rainier av s":[47.511331,-122.241384],
"10346 densmore av n":[47.704603,-122.337217],
"11334 meridian av n":[47.7114788,-122.3334034],
"12311 ambaum blvd sw":[47.4926291,-122.3505092],
"12739 7th av nw":[47.722551,-122.365411],
"131 bellevue av e":[47.6194562,-122.3269693],
"13550 37th av ne":[47.727941,-122.287854],
"14004 17th av ne":[47.730454,-122.309601],
"1802 17th av":[47.618059,-122.309763],
"2311 n 45th st":[47.6610733,-122.3308323],
"2710 s king st":[47.5980695,-122.2968663],
"315 29th av s":[47.5998126,-122.2952808],
"3235 5th av w":[47.6480235,-122.3639201],
"32nd av e \/ e republican st":[47.6236561,-122.2910894],
"3723 sw elmgrove st":[47.530344,-122.380355],
"4008 37th av s":[47.567594,-122.285798],
"4036 s holly st":[47.5426216,-122.2810263],
"500 n 85th st":[47.6906111,-122.3526013],
"5334 14th av s":[47.553652,-122.314358],
"5468 shilshole av nw":[47.6680561,-122.386776],
"5515 wallingford av n":[47.669176,-122.33683],
"6836 vista av s":[47.541251,-122.299342],
"7539 32nd av nw":[47.684158,-122.3986178],
"7721 m l king jr way s":[47.5332547,-122.2808544],
"825 31st av":[47.610009,-122.292957],
"8560 37th av sw":[47.5265289,-122.379012],
"8825 burke av n":[47.6930877,-122.3354142],
"9260 31st av sw":[47.51932,-122.372092],
"9291 46th av sw":[47.52002,-122.391992],
"weedin pl ne \/ ne 70th st":[47.6794617,-122.322726]
}