{
"1015 e prospect st":[47.628543,-122.3194306],
"1020 w bothwell st":[47.6438318,-122.3712324],
"10236 62nd av s":[47.508608,-122.25556],
"1103 30th av":[47.6118227,-122.2940324],
"11309 corliss av n":[47.710819,-122.331753],
"12049 pinehurst way ne":[47.7171318,-122.3111613],
"12529 3rd av ne":[47.72032,-122.326629],
"1611 5th av w":[47.6339194,-122.3640776],
"1911 n 63rd st":[47.674151,-122.334247],
"2006 federal av e":[47.637492,-122.3187],
"23rd av ne \/ ne 137th st":[47.7283981,-122.3045938],
"3444 60th av sw":[47.572662,-122.409157],
"4423 phinney av n":[47.6609471,-122.3546953],
"4851 s mead st":[47.5501927,-122.2704284],
"516 26th av s":[47.597522,-122.298358],
"535 36th av e":[47.62417,-122.287036],
"5545 s orcas st":[47.550831,-122.262784],
"5th av ne \/ ne 145th st":[47.7340601,-122.3235207],
"611 e pine st":[47.6150689,-122.32386],
"6507 9th av nw":[47.6762891,-122.3690165],
"7014 14th av nw":[47.680043,-122.373282],
"7133 delridge way sw":[47.5380799,-122.3614421],
"8009 california av sw":[47.531063,-122.387938],
"8507 35th av ne":[47.6904314,-122.2910809],
"9363 46th av sw":[47.5179511,-122.3926439],
"e denny way \/ melrose av":[47.6185001,-122.3278548]
}