{
"10820 42nd av sw":[47.505966,-122.384551],
"11040 marine view dr sw":[47.5034463,-122.3804862],
"11914 stendall dr n":[47.715773,-122.341059],
"13000 greenwood av n":[47.7232672,-122.3555079],
"14011 wallingford av n":[47.730888,-122.337284],
"1417 s henderson st":[47.522784,-122.314043],
"1526 e olin pl":[47.6357194,-122.3123506],
"1607 5th av w":[47.6338494,-122.3640694],
"2821 nw 56th st":[47.6693042,-122.3937682],
"3003 77th av se":[47.5822768,-122.2357248],
"3037 25th av w":[47.64788,-122.389286],
"3555 sw 100th st":[47.513512,-122.378592],
"4015 s court st":[47.5705048,-122.2821004],
"443 25th av e":[47.623988,-122.300415],
"4607 sw maple way":[47.541081,-122.3917445],
"4708 burke av n":[47.6631756,-122.3348878],
"4868 rainier av s":[47.5581166,-122.2848631],
"5029 46th av ne":[47.665783,-122.278694],
"5510 33rd av ne":[47.6688682,-122.292296],
"5810 16th av ne":[47.671781,-122.310452],
"6306 atlas pl sw":[47.546602,-122.398264],
"6951 m l king jr way s":[47.5391951,-122.2829532],
"7415 8th av nw":[47.6830349,-122.366439],
"914 virginia st":[47.616962,-122.335491],
"9503 6th av nw":[47.69811,-122.363641],
"9540 1st av nw":[47.699095,-122.357692],
"idaho av \/ montana cir":[47.6607647,-122.4146874],
"palatine av n \/ n 130th st":[47.7232335,-122.3568757]
}