{
"11512 riviera pl ne":[47.7134338,-122.277022],
"1218 10th av":[47.61281,-122.3191563],
"1218 ne 96th st":[47.698793,-122.313963],
"1534 broadway":[47.6150721,-122.3204419],
"1565 6th av s":[47.5884473,-122.3264129],
"1900 e spruce st":[47.603726,-122.307444],
"1939 1st av s":[47.5850863,-122.3347253],
"2146 9th av w":[47.639123,-122.36858],
"2572 14th av w":[47.642831,-122.374486],
"3006 37th av sw":[47.577136,-122.377796],
"3250 s edmunds st":[47.5588819,-122.289215],
"3409 18th av s":[47.5727515,-122.307997],
"3430 18th av s":[47.5721599,-122.307332],
"3447 62nd av sw":[47.57271,-122.412515],
"3825 38th av s":[47.569005,-122.285355],
"4203 28th av w":[47.6579049,-122.3930685],
"4300 ne 55th st":[47.6687912,-122.2818203],
"4402 ne 41st st":[47.658669,-122.2799115],
"4815 45th av sw":[47.5588703,-122.3899376],
"5008 17th av ne":[47.665227,-122.309139],
"562 mcgraw st":[47.639832,-122.345018],
"6054 26th av sw":[47.546635,-122.365244],
"6513 shaffer av s":[47.543888,-122.2949096],
"6922 38th ave s":[47.5405464,-122.2847747],
"7016 15th av ne":[47.679977,-122.311688],
"7131 m l king jr way s":[47.5380641,-122.2819455],
"715 lake washington blvd s":[47.596096,-122.289442],
"8615 7th av s":[47.5259661,-122.3258122],
"952 20th av":[47.611648,-122.305886],
"denny way \/ stewart st":[47.6184955,-122.3306944],
"meridian av n \/ n 82nd st":[47.6886517,-122.3331569],
"nw 64th st \/ 8th av nw":[47.6752561,-122.3660507]
}