{
"104 occidental av s":[47.6013795,-122.3325794],
"111 yale av n":[47.6189113,-122.3304539],
"11708 greenwood av n":[47.7145006,-122.3552124],
"1261 parkside dr e":[47.631725,-122.290805],
"12613 8th av ne":[47.720958,-122.3211331],
"1903 dexter av n":[47.63605,-122.342765],
"1957 8th av w":[47.637599,-122.36805],
"2209 e roanoke st":[47.642954,-122.303238],
"2600 s mcclellan st":[47.5783632,-122.2983594],
"2612 w armour st":[47.6447865,-122.3909105],
"2737 ne 135th st":[47.7263441,-122.2974242],
"2911 s holly st":[47.5425423,-122.2953251],
"3022 w smith st":[47.6413298,-122.3967077],
"3244 ne 103rd st":[47.703318,-122.292113],
"3515 sw 99th st":[47.5145086,-122.3772893],
"3521 sw 104th st":[47.5097499,-122.376905],
"4954 ravenna av ne":[47.6649609,-122.3034071],
"5008 sw stevens st":[47.5777401,-122.3958594],
"5014 39th av s":[47.556412,-122.283043],
"5442 47th av sw":[47.552738,-122.392002],
"645 nw 137th st":[47.728208,-122.36551],
"6510 linden av n":[47.6763294,-122.3476574],
"7700 20th av sw":[47.533498,-122.358938],
"8014 lake city way ne":[47.6869993,-122.3123856],
"9th av \/ lenora st":[47.6171512,-122.337054],
"sylvan way sw \/ sw holly st":[47.5429142,-122.370722],
"thomas st \/ aurora av n":[47.6208927,-122.343773]
}