{
"12340 riviera pl ne":[47.718679,-122.278547],
"140 nw 75th st":[47.6835,-122.359725],
"1728 25th av s":[47.587417,-122.299852],
"1937 4th av w":[47.63705,-122.3627],
"200 w galer st":[47.6323329,-122.3596728],
"2610 ne 55th st":[47.6687098,-122.2989603],
"2611 5th av":[47.6180129,-122.3468544],
"2818 fuhrman av e":[47.6469208,-122.3165108],
"2835 s genesee st":[47.5636134,-122.2960609],
"3316 ne 125th st":[47.7194126,-122.2918989],
"3920 6th av nw":[47.6549151,-122.3631074],
"410 11th av":[47.605535,-122.317734],
"429 yale av n":[47.622544,-122.3304478],
"5101 s mead st":[47.5501829,-122.269723],
"5237 s farrar st":[47.5553888,-122.266527],
"558 n 70th st":[47.679806,-122.350115],
"5955 m l king jr way s":[47.5482024,-122.2869581],
"5th av ne \/ banner way ne":[47.685078,-122.3229364],
"7026 delridge way sw":[47.5398517,-122.3608064],
"712 s portland st":[47.5334111,-122.3249961],
"7565 46th av sw":[47.5344777,-122.3918213],
"7608 rainier av s":[47.534374,-122.269635],
"8511 fremont av n":[47.6909026,-122.3501153],
"916 n 143rd st":[47.73263,-122.3467056],
"9240 fauntleroy way sw":[47.5206861,-122.393222],
"9610 14th av nw":[47.699599,-122.373706],
"denny way \/ dexter av n":[47.6185492,-122.3424076]
}