{
"10200 rainier av s":[47.5110307,-122.2437663],
"1022 w galer st":[47.6324845,-122.3714618],
"1037 s thistle st":[47.527904,-122.318578],
"11702 stendall pl n":[47.714329,-122.341181],
"1202 24th av e":[47.6304422,-122.3013962],
"13730 1st av nw":[47.729665,-122.357854],
"13755 27th av ne":[47.7298551,-122.2991993],
"1405 25th av":[47.613225,-122.30035],
"14335 24th pl ne":[47.733538,-122.302846],
"2201 4th av":[47.614662,-122.34302],
"2601 w blaine st":[47.6349308,-122.3910664],
"2663 thorndyke av w":[47.6445963,-122.3838292],
"3537 sw 98th st":[47.515344,-122.378219],
"3641 s findlay st":[47.551763,-122.286476],
"3817 59th av sw":[47.5696215,-122.4086491],
"4228 university way ne":[47.6591942,-122.3129028],
"4263 s thistle st":[47.527639,-122.278275],
"42nd av s \/ s adams st":[47.5652753,-122.2807237],
"4318 stone way n":[47.6597139,-122.3418523],
"44 av sw \/ sw walker st":[47.5839965,-122.3877602],
"4414 4th av s":[47.563678,-122.3293778],
"4423 brygger dr w":[47.6603056,-122.4016804],
"4525 5th av ne":[47.6621376,-122.3232199],
"4532 1st av ne":[47.6623658,-122.3280208],
"4537 26th av sw":[47.5617941,-122.3658873],
"4655 s holly st":[47.5422662,-122.2730144],
"5008 25th av sw":[47.557114,-122.363896],
"525 federal av e":[47.623841,-122.319169],
"5933 delridge way sw":[47.54884,-122.363314],
"6th av nw \/ nw 132nd st":[47.7250897,-122.3636232],
"7706 11th av nw":[47.685359,-122.370072],
"7925 9th av sw":[47.5311896,-122.3471448],
"824 33rd av e":[47.627023,-122.289146],
"842 nw 62nd st":[47.674035,-122.368016],
"905 n 177th st":[47.7568986,-122.3482714],
"950 madison st":[47.6086555,-122.3267984],
"9875 43rd pl ne":[47.701442,-122.283586],
"e john st \/ 18th av e":[47.6196805,-122.308758],
"e john st \/ 24th av e":[47.6201994,-122.3011789],
"fremont av n \/ n 38th st":[47.6527199,-122.3499311],
"sw barton st \/ 14th av sw":[47.5210189,-122.3528373]
}