{
"10015 46th av ne":[47.70165,-122.279274],
"11319 20th av ne":[47.7109189,-122.306797],
"142 34th av e":[47.6189949,-122.2889863],
"1800 ne 58th st":[47.6712339,-122.3083319],
"2103 5th av n":[47.6375727,-122.3473762],
"2109 california ave sw":[47.5851593,-122.3867432],
"2335 w newton st":[47.636767,-122.387681],
"2525 30th av w":[47.6420109,-122.396012],
"2817 nw 66th st":[47.676392,-122.393832],
"300 5th av s":[47.600041,-122.3276464],
"3212 s mount baker blvd":[47.57659,-122.291308],
"3310 e spring st":[47.6117796,-122.2898852],
"3725 sw barton st":[47.5208748,-122.3805975],
"3831 52nd av sw":[47.569401,-122.399212],
"4319 9th av ne":[47.6601053,-122.3187919],
"4500 26th av sw":[47.5628849,-122.36544],
"4532 california av sw":[47.5620018,-122.3864916],
"4639 s orchard st":[47.538101,-122.273607],
"5042 wilson av s":[47.5559258,-122.2700799],
"600 university st":[47.6097565,-122.3321199],
"6555 22nd av nw":[47.6774758,-122.384619],
"7207 32nd av nw":[47.681198,-122.398701],
"7344 34th av sw - montessori school":[47.536042,-122.374864],
"9201 38th av s":[47.521233,-122.285168],
"9514 lake shore blvd ne":[47.697907,-122.272656],
"m l king jr way s \/ s henderson st":[47.5235248,-122.2789173],
"n 133rd st \/ greenwood av n":[47.7255142,-122.3555541],
"ne 68th st \/ oswego pl ne":[47.6778539,-122.322452]
}