{
"10029 39th av sw":[47.5129329,-122.382171],
"10332 midvale av n":[47.7042519,-122.342955],
"111 1st av s":[47.6012754,-122.3345306],
"1227 nw woodbine way":[47.706662,-122.37242],
"1526 27th av":[47.614924,-122.297103],
"211 bell st":[47.6143328,-122.3452548],
"2119 4th av w":[47.6383791,-122.3626832],
"2203 nob hill av n":[47.6384294,-122.3509774],
"2541 11th av w":[47.641927,-122.371861],
"2817 s lane st":[47.596479,-122.295479],
"29th av s \/ s columbian way":[47.5624627,-122.2957991],
"3228 1st av s":[47.5746559,-122.3338763],
"3274 42nd av sw":[47.573468,-122.385353],
"3403 37th av s":[47.572308,-122.286384],
"34th av sw \/ sw juneau st":[47.5501377,-122.3749876],
"3906 ne surber dr":[47.656395,-122.285711],
"4300 west marginal way sw":[47.5643231,-122.3527074],
"4432 2nd av nw":[47.661199,-122.358029],
"4555 stanford av ne":[47.670905,-122.277658],
"4905 38th av ne":[47.6646783,-122.2868681],
"5434 university way ne":[47.6684718,-122.313015],
"6061 2nd av nw":[47.6741218,-122.3596891],
"618 2nd av":[47.602838,-122.3329925],
"6348 52nd av s":[47.544668,-122.266826],
"6507 15th av nw":[47.6764416,-122.3767595],
"6834 36th av ne":[47.6786416,-122.2890096],
"760 terry av n":[47.6249359,-122.3371153],
"840 ne 58th st":[47.6709554,-122.3183282],
"901 8th av":[47.607383,-122.3284],
"931 n 98th st":[47.70039,-122.345867],
"n 137th st \/ aurora av n":[47.728684,-122.3450467],
"w nickerson st \/ 14th av w":[47.6551667,-122.3749067]
}