{
"1021 ne 90th st":[47.6937489,-122.316607],
"10263 37th pl sw":[47.5101708,-122.3796097],
"10708 stone av n":[47.7072817,-122.3417101],
"11099 arroyo beach pl sw":[47.501926,-122.385333],
"117 1st av n":[47.6191471,-122.3558519],
"1421 s main st":[47.5999997,-122.3133221],
"1525 ne 63rd st":[47.6745144,-122.3107595],
"15831 6th av ne":[47.744399,-122.322923],
"15th av ne \/ ne 62nd st":[47.6739811,-122.3119352],
"163 19th av":[47.603122,-122.308187],
"1740 13th av s":[47.587316,-122.315635],
"1903 n 45th st":[47.6611909,-122.3347497],
"1st av s \/ s atlantic st":[47.5902441,-122.3342202],
"201 s jackson":[47.5988193,-122.3309376],
"222 fairview av n":[47.6198714,-122.3338418],
"24th av s \/ s college st":[47.5829497,-122.3023885],
"2542 15th av w":[47.6419314,-122.3759045],
"2645 nw market st":[47.6683425,-122.3923299],
"2739 s mcclellan st":[47.5783387,-122.2968236],
"2747 47th av sw":[47.578002,-122.3923362],
"3 av \/ cherry st":[47.6034838,-122.3320622],
"3015 s genesee st":[47.5638842,-122.2950456],
"3110 nw 75th st":[47.683275,-122.397549],
"3207 nw 64th st":[47.6746116,-122.3988534],
"3315 e howell st":[47.6175389,-122.2894125],
"3510 s leschi pl":[47.5998243,-122.2871325],
"3540 sw rose st":[47.529281,-122.378541],
"4044 54th av sw":[47.567247,-122.401459],
"4125 9th av nw":[47.6575723,-122.3671391],
"4606 42nd av s":[47.5614599,-122.280374],
"502 nw 44th st":[47.6606731,-122.3631319],
"601 27th av e":[47.624527,-122.298025],
"6719 23rd av nw":[47.678344,-122.385694],
"824 s donovan st":[47.525857,-122.321786],
"8516 greenwood av n":[47.690893,-122.3549977],
"904-999 ne boat st":[47.653871,-122.3183101],
"9042 15th av sw":[47.5215238,-122.3537128],
"910 marion st":[47.607856,-122.326511],
"comstock st \/ dexter av n":[47.6305856,-122.3422944],
"federal av e \/ e mercer st":[47.6242818,-122.3188404],
"thorndyke av w \/ w barrett st":[47.6465865,-122.3819739]
}