{
"12704 3rd av nw":[47.721657,-122.360556],
"1524 24th av e":[47.6331048,-122.3013288],
"1602 dexter av n":[47.6333199,-122.3419303],
"1709 m l king jr way s":[47.58799,-122.298423],
"2124 31st av s":[47.583829,-122.292706],
"221 minor av n":[47.6203245,-122.3333022],
"2337 n 58th st":[47.670646,-122.329761],
"2556 31st av w":[47.6428377,-122.3966499],
"303 w halladay st":[47.6418706,-122.3611891],
"4100 - 4199 rainier av s":[47.56614,-122.288746],
"4111 43rd av s":[47.566035,-122.279902],
"4218 pasadena pl ne":[47.658222,-122.321532],
"4506 w bertona st":[47.650598,-122.415633],
"4527 48th av ne":[47.662118,-122.2763],
"5215 wallingford av n":[47.6669839,-122.3366405],
"5958 44th av s":[47.5486319,-122.2778457],
"6221 47th av s":[47.5463417,-122.2740166],
"625 nw 75th st":[47.6830929,-122.3644988],
"7027 26th av ne":[47.6802475,-122.2998859],
"7306 s 115th st":[47.4998502,-122.2422533],
"7430 rainier av s":[47.535051,-122.26964],
"7504 56th av ne":[47.683084,-122.267692],
"7517 linden av n":[47.6837548,-122.347256],
"80 blanchard st":[47.6121634,-122.3458283],
"8509 dibble av nw":[47.6911231,-122.3675162],
"933 29th av s":[47.593451,-122.295783],
"ne 43rd st \/ 48th av ne":[47.6598553,-122.2764794],
"occidental av s \/ s hanford st":[47.5755754,-122.333249],
"sw orchard st \/ dumar way sw":[47.5377478,-122.3586817]
}