{
"10025 65th av s":[47.51087,-122.252683],
"11510 4th av ne":[47.71266,-122.324336],
"1528 29th av":[47.615021,-122.294572],
"1600 11th av w":[47.6337369,-122.3715028],
"1642 18th av":[47.616492,-122.3088178],
"2024 ne 96th st":[47.6986328,-122.3059418],
"219 pontius av n":[47.6203026,-122.3320457],
"2737 w commodore way":[47.662359,-122.3928368],
"2812 fairview av e":[47.6458218,-122.3269758],
"3809 rainier av s":[47.5695677,-122.2908785],
"4223 s kenny st":[47.5487546,-122.279783],
"4230 s rose ct":[47.5299181,-122.279369],
"4335 university way ne":[47.6608571,-122.3131751],
"45th av s \/ s rose st":[47.5295723,-122.2756373],
"4724 40th av sw":[47.5602229,-122.3824108],
"4758 21st av sw":[47.559498,-122.359866],
"48th av sw \/ sw genesee st":[47.564776,-122.3934882],
"519 7th av s":[47.597847,-122.324134],
"602 ne 63rd st":[47.6745354,-122.3220245],
"611 nw 41st st":[47.656721,-122.36394],
"6246 chatham dr s":[47.5462573,-122.2648483],
"7539 29th av nw":[47.684274,-122.394764],
"7730 jones av nw":[47.6858938,-122.3861643],
"812 ne 42nd st":[47.657734,-122.319162],
"8309 32nd av nw":[47.688787,-122.399176],
"9257 20th av nw":[47.697193,-122.381847],
"9330 53rd av s":[47.5180825,-122.2659338],
"9400 37th av sw":[47.519141,-122.379119],
"airport way s \/ s homer st":[47.5507585,-122.3184278],
"n 38th st \/ fremont way n":[47.6523758,-122.3481464],
"ne 140th st \/ 37th av ne":[47.730106,-122.2882994],
"ne 65th st \/ 55th av ne":[47.6757552,-122.2688868],
"ne 66th st \/ 8th av ne":[47.6765862,-122.3200673],
"s elmgrove st \/ 10th av s":[47.5304998,-122.3201736],
"westlake av n \/ harrison st":[47.6220467,-122.3384426]
}