{
"1022 e yesler way":[47.601708,-122.3193145],
"1221 2nd av n":[47.630441,-122.352977],
"12315 40th av ne":[47.7178017,-122.2855449],
"12500 greenwood av n":[47.7196329,-122.3555022],
"133 22nd av e":[47.61941,-122.303982],
"2132 ne 85th st":[47.6903062,-122.3043714],
"214 w boston st":[47.6385557,-122.3603653],
"2321 34th av s":[47.5817963,-122.290079],
"2515 w halladay st":[47.6421404,-122.3897182],
"3026 ne 117th st":[47.713702,-122.294949],
"3101 w government way":[47.661058,-122.39736],
"3211 e spring st":[47.6116301,-122.2909501],
"3306 e terrace st":[47.605339,-122.290091],
"3957 dayton av n":[47.654837,-122.352976],
"44th av s \/ s spencer st":[47.5474201,-122.2781165],
"500 wall st":[47.617963,-122.34535],
"532 19th av e":[47.6241277,-122.3070529],
"5600 15th av ne":[47.6694639,-122.3118751],
"730 n 85th st":[47.690866,-122.348324],
"7557 lake city way ne":[47.6846561,-122.3159681],
"8010 30th av ne":[47.687007,-122.295678],
"8408 55th av s":[47.5282328,-122.2636708],
"9226 47th av sw":[47.5206448,-122.3921777],
"9502 evanston av n":[47.6980435,-122.3510268],
"9633 26th av nw":[47.6995182,-122.3889536],
"n 110th st \/ palatine av n":[47.7087301,-122.3568035],
"nw 77th st \/ 33rd av nw":[47.6849307,-122.399367],
"pine st \/ post al":[47.6095786,-122.3414869]
}