{
"1001 w howe st":[47.635736,-122.370637],
"1014 sw elmgrove st":[47.5303137,-122.3487756],
"11700 40th av ne":[47.713803,-122.284824],
"12th av w \/ w wheeler st":[47.6406979,-122.3725228],
"13000 linden av n - new haven apts":[47.7240026,-122.3477068],
"141 30th av":[47.602848,-122.294091],
"14325 lake city way ne":[47.7329445,-122.2928472],
"1534 cherrylane pl s":[47.5892892,-122.3127514],
"1639 n 55th st":[47.66845,-122.336618],
"1733 n 130th st":[47.722976,-122.335761],
"2016 12th av s":[47.584979,-122.316915],
"2325 franklin av e":[47.640491,-122.325133],
"3009 37th av sw":[47.577081,-122.378454],
"3010 nw 73rd st":[47.681873,-122.396351],
"331 35th av e":[47.6221137,-122.288235],
"37th av sw \/ sw stevens st":[47.5774284,-122.3781184],
"3814 s cloverdale st":[47.526361,-122.284068],
"4012 renton av s":[47.567611,-122.293484],
"4307 sw admiral way":[47.5810586,-122.3869515],
"5113 sw admiral way":[47.578897,-122.397914],
"5311 beach dr sw":[47.554482,-122.400165],
"5909 32nd av s":[47.549497,-122.291879],
"5914 s fountain st":[47.503168,-122.258781],
"607 n 46th st":[47.6619747,-122.3511148],
"645 elliott av w":[47.6260638,-122.3683843],
"6528 34th av sw":[47.543701,-122.374668],
"6533 3rd av s":[47.5439616,-122.3311628],
"7441 4th av ne":[47.6828,-122.324985],
"7908 6th av nw":[47.686461,-122.362917],
"8497 3rd av nw":[47.6904223,-122.36066],
"8549 17th av nw":[47.6920815,-122.3791958],
"9212 17th av sw":[47.5205629,-122.3560792],
"9236 47th av sw":[47.520363,-122.392262],
"eastlake av e \/ republican st":[47.6231269,-122.3291563],
"ne 58th st \/ ne ravenna blvd":[47.6712967,-122.3144266]
}