{
"100 aurora av":[47.6187766,-122.3434323],
"114 w mcgraw st":[47.639744,-122.3590095],
"1229 w bothwell st":[47.643369,-122.373186],
"1510 38th av e":[47.63261,-122.283648],
"1511 4th av":[47.6102817,-122.336831],
"1531 nw 57th st":[47.6701628,-122.377704],
"1804 25th av s":[47.586671,-122.299936],
"1831 s weller st":[47.597236,-122.307589],
"3200 alki av sw":[47.5759395,-122.418765],
"330 w mcgraw st":[47.6395951,-122.36179],
"400 n 34th st":[47.650909,-122.353218],
"406 20 av":[47.605459,-122.305968],
"4100 ne 96th st":[47.698778,-122.284609],
"5009 roosevelt way ne":[47.6652442,-122.3178828],
"5362 s wallace st":[47.4981,-122.265239],
"6019 34th av ne":[47.6726891,-122.2913957],
"610 nw 52nd st":[47.666679,-122.36392],
"624 s lander st":[47.5800005,-122.3248474],
"627 e roy st":[47.6250358,-122.3233865],
"7510 5th av s":[47.53506,-122.327794],
"7523 24th av sw":[47.5347859,-122.363498],
"8128 delridge way sw":[47.5291967,-122.3601992],
"830 s cloverdale st":[47.5264795,-122.3215305],
"8921 ravenna av ne":[47.6939459,-122.3036342],
"sw portland st \/ highland park way sw":[47.5333011,-122.3469503]
}