{
"1037 ne 65th st":[47.6756948,-122.315894],
"1116 nw 54th st":[47.6680956,-122.3715354],
"1168 harvard av e":[47.6296116,-122.3220315],
"12230 59th av s":[47.492968,-122.2594114],
"14420 1st av nw":[47.7338666,-122.3586646],
"1506 sw henderson st":[47.523047,-122.354425],
"151 n 78th st":[47.6853213,-122.3558703],
"1671 harbor av sw":[47.588095,-122.380038],
"1807 29th av":[47.6179402,-122.2950588],
"210 27th av e":[47.6205941,-122.2972226],
"217 22nd av e":[47.620797,-122.303958],
"2302 s eddy st":[47.545661,-122.303999],
"2nd av et s \/ yesler way":[47.601716,-122.3319991],
"3031 37th av w":[47.647747,-122.405004],
"3216 46th av sw":[47.5751324,-122.3903103],
"3500 ne 94th st":[47.6967343,-122.2905315],
"3707 20th av sw":[47.5707374,-122.3593488],
"411 11th av e":[47.622326,-122.318142],
"4115 m l king jr way s":[47.5657101,-122.296927],
"4300 35th av w":[47.6590063,-122.4022512],
"4468 stone way n":[47.6611382,-122.3417568],
"4619 42nd av s":[47.560969,-122.281052],
"51st av s \/ lake washington blvd s":[47.5673543,-122.2694379],
"537 warren av n":[47.6243502,-122.3544023],
"53rd av s \/ hamlet av s":[47.525804,-122.2664672],
"602 n 42nd st":[47.657946,-122.3507],
"6542 delridge way sw":[47.543318,-122.360709],
"721 24th av":[47.608701,-122.301827],
"7302 9th av nw":[47.681591,-122.368008],
"7342 11th av nw":[47.682685,-122.370124],
"7915 27th av sw":[47.531431,-122.3674862],
"800 14th av":[47.609358,-122.313849],
"8202 california av sw":[47.529904,-122.386999],
"8649 fauntleroy way sw":[47.525256,-122.394583],
"916 n 46th st":[47.662376,-122.346502],
"9351 56th av s":[47.517519,-122.2631411],
"nw 87th st \/ 16th av nw":[47.6924375,-122.3778782],
"renton av s \/ m l king jr way s":[47.571384,-122.2967382]
}