{
"13240 3rd av nw":[47.726291,-122.360548],
"1492 ne boat st":[47.6512417,-122.3127216],
"1609 7th av w":[47.633937,-122.3667965],
"1758 18th av s":[47.587461,-122.309039],
"1955 western av":[47.610007,-122.3432465],
"2105 parkside dr e":[47.638394,-122.290621],
"213 cherry st":[47.603101,-122.332258],
"2201 32nd av w":[47.6380083,-122.3981075],
"2357 11th av e":[47.6411918,-122.318195],
"2429 montavista pl w":[47.6403684,-122.4052539],
"2505 1st av":[47.6146712,-122.3492866],
"2535 57th av sw":[47.5800298,-122.4054158],
"2545 occidental av s":[47.5808974,-122.3332895],
"2945 25th av w":[47.647038,-122.389806],
"3240 eastlake av e":[47.6510977,-122.3213394],
"357 nw 46th st":[47.661972,-122.363276],
"3621 duwamish av s":[47.5703736,-122.3439098],
"3724 e highland dr":[47.629959,-122.284507],
"3836 35th av sw":[47.5691034,-122.375845],
"431 18th av e":[47.6229699,-122.3089063],
"4404 52nd av ne":[47.660309,-122.271664],
"6029 35th av sw":[47.5474809,-122.3768019],
"6207 meridian av n":[47.6735057,-122.3337279],
"700 n 84th st":[47.6900481,-122.3496807],
"8215 dallas av s":[47.5293391,-122.3195542],
"824 nw 46th st":[47.6624076,-122.367236],
"836 s sullivan st":[47.5273316,-122.3213012],
"902 1st av s":[47.5946674,-122.3336972],
"9618 renton av s":[47.5164229,-122.2684321],
"broadway \/ minor av":[47.6064523,-122.3208045],
"nb i5 at ne 135 st":[47.7267506,-122.3241743],
"northgate transit center":[47.7022182,-122.3272596]
}