{
"10045 8th av ne":[47.7018381,-122.3204451],
"1007 ne 71st st":[47.679957,-122.316959],
"10148 holman rd nw":[47.7026651,-122.360149],
"10732 35th av ne":[47.70752,-122.290391],
"1321 n 80th st":[47.686707,-122.340933],
"14359 linden av n":[47.733616,-122.349046],
"14390 30th av ne":[47.7330546,-122.2964955],
"167 highland dr":[47.629536,-122.353239],
"1715 n 137th st":[47.728445,-122.337515],
"1928 41st av sw":[47.58588,-122.383358],
"2000 alaskan way":[47.6099793,-122.3454782],
"2200 broadway e":[47.6384038,-122.3213507],
"2417 e union st":[47.6127549,-122.3005712],
"2825 ne 125th st":[47.7190615,-122.2966627],
"3011 14th av s":[47.5764363,-122.3146988],
"3617 sw 107th st":[47.507042,-122.377817],
"3701 sw prescott pl":[47.5822868,-122.3778532],
"3937 15th av ne":[47.6543388,-122.3124412],
"4005 fauntleroy way sw":[47.567589,-122.374061],
"4114 58th pl sw":[47.5670519,-122.407498],
"4331 5th av ne":[47.659905,-122.323298],
"6328 s fountain st":[47.503708,-122.252055],
"6519 57th av ne":[47.676333,-122.268459],
"6706 cleopatra pl nw":[47.678044,-122.36523],
"7769 52nd av s":[47.532019,-122.268461],
"8010 fauntleroy way sw":[47.531207,-122.392338],
"8041 crest dr ne":[47.687343,-122.27449],
"8249 5th av s":[47.5305303,-122.3291541],
"9206 spear pl s":[47.520905,-122.274722],
"bellevue av & e pike st":[47.6140893,-122.3268135],
"eastlake av \/ howell st":[47.6178356,-122.3292726],
"mount rainier dr s \/ s ferris pl":[47.5759998,-122.2853429],
"winslow pl n \/ n 42nd st":[47.6577481,-122.3467118]
}