{
"14523 sunnyside av n":[47.6891464,-122.3297167],
"1st av ne \/ ne 92nd st":[47.6959134,-122.3284697],
"218 florentia st":[47.6469252,-122.3523806],
"2334 n 137th st":[47.729545,-122.33008],
"3026 s holden st":[47.5339589,-122.2922116],
"3105 w emerson st":[47.653877,-122.397291],
"3215 sw brandon st":[47.553604,-122.374443],
"3429 15th av s":[47.572203,-122.313758],
"3771 s perry st":[47.514628,-122.28301],
"3827 s findlay st":[47.5517756,-122.2839792],
"3928 s eddy st":[47.545476,-122.282002],
"4069 spikane ln ne":[47.6565815,-122.3091862],
"42nd av s \/ s bateman st":[47.546743,-122.2808313],
"4709 roosevelt way ne":[47.6634828,-122.3177174],
"4808 s fontanelle st":[47.536306,-122.272037],
"4810 s holly st":[47.542877,-122.272273],
"5007 8th av ne":[47.66523,-122.319872],
"519 25th av s":[47.5974784,-122.3001606],
"7535 19th av ne":[47.684106,-122.308108],
"7556 15th av nw":[47.6849009,-122.376559],
"822 e gwinn pl":[47.6481035,-122.3210441],
"8402 renton av s":[47.52781,-122.277245],
"8741 22nd av nw":[47.692998,-122.384278],
"9342 57th av s":[47.5176501,-122.26133],
"940 n 88th st":[47.69296,-122.345384],
"n 131st st \/ ashworth av n":[47.7241664,-122.3395562]
}