{
"0 - 0 w seattle stadium ac rd":[47.5619861,-122.374278],
"1110 nw 46th st":[47.6623507,-122.3717208],
"112 3rd av s":[47.6012049,-122.3299997],
"1121 nw 103rd st":[47.7031673,-122.3710519],
"11410 arroyo beach pl sw":[47.5012456,-122.382398],
"11545 phinney av n":[47.71366,-122.35458],
"14th av e \/ e republican st":[47.6231195,-122.3146337],
"1520 nw leary way":[47.6640489,-122.3773476],
"16th av ne \/ ne 123rd st":[47.717588,-122.311271],
"208 nw 62nd st":[47.6743324,-122.359904],
"2313 e olive st":[47.61631,-122.3019015],
"2702 w elmore st":[47.6578296,-122.3912117],
"2760 nw 85th st":[47.690787,-122.392588],
"41st av sw \/ sw graham st":[47.5466522,-122.3844285],
"4402 38th av sw":[47.564528,-122.379697],
"6001 beach dr sw":[47.548218,-122.39919],
"6224 carleton av s":[47.546608,-122.320063],
"707 pike st":[47.6116316,-122.3332663],
"7th av nw \/ leary way nw":[47.6593213,-122.3650588],
"8250 42nd av ne":[47.689859,-122.283066],
"9627 53rd av s":[47.5157927,-122.2667839],
"9727 48th av ne":[47.700152,-122.276862],
"e miller st \/ lake washington blvd e":[47.6417041,-122.2986089],
"lake city way ne \/ ne 137th st":[47.7283082,-122.2922596],
"mercer st \/ 9th av n":[47.6246902,-122.339742]
}