{
"10401 holman rd n":[47.704585,-122.3570639],
"10704 durland av ne":[47.7075257,-122.2778246],
"1103 e hamlin st":[47.6454585,-122.318065],
"11650 54th av s":[47.4977625,-122.2656677],
"11726 beacon av s":[47.4977779,-122.262231],
"1200 broadmoor dr e":[47.6300021,-122.2865767],
"1300 s dearborn st":[47.5962618,-122.3155703],
"13710 15th av ne":[47.729003,-122.3126727],
"1414 sw trenton st":[47.524965,-122.353775],
"1437 20th av":[47.614061,-122.306606],
"1568 s angeline st":[47.560804,-122.310416],
"1716 e columbia st":[47.6093555,-122.3092454],
"1940 ne 107th st":[47.7068328,-122.3065138],
"2575 4th av w":[47.6427763,-122.3622371],
"2633 west viewmont way w":[47.644111,-122.410057],
"2642 nw 58th st":[47.671147,-122.391947],
"3037 64th av sw":[47.576821,-122.415002],
"316 ne 54th st":[47.668105,-122.324818],
"328 erie av":[47.604562,-122.28431],
"33rd av nw \/ nw 67th st":[47.6769974,-122.3997267],
"3803 33rd av sw":[47.5696796,-122.374279],
"3927 burke av n":[47.655155,-122.335437],
"4736 25th av sw":[47.559965,-122.363861],
"48th av s \/ s graham st":[47.5460518,-122.2726274],
"4th av s \/ s henderson st":[47.5228316,-122.3296403],
"5018 17th av nw":[47.6655169,-122.3786553],
"5023 42nd av s":[47.556301,-122.28106],
"5106 s orchard st":[47.5384772,-122.2696857],
"51st av s \/ s creston st":[47.5070211,-122.270099],
"6002 s ryan st":[47.509895,-122.258377],
"618 w highland dr":[47.62986,-122.365419],
"6308 36th av sw":[47.54619,-122.377378],
"6630 park point way ne":[47.6769479,-122.265787],
"6934 40th av sw":[47.5402792,-122.3829853],
"700 4th av n":[47.6254506,-122.348874],
"730 s orcas st":[47.55089,-122.323187],
"7629 rockery dr s":[47.5339356,-122.2825548],
"807 nw 90th st":[47.694071,-122.366513],
"8310 8th av nw":[47.6895231,-122.3657469],
"9521 13th av nw":[47.698513,-122.373094],
"9605 marine view dr sw":[47.5172396,-122.3914585],
"beach dr sw \/ sw genesee st":[47.5648748,-122.4070412],
"e lynn st \/ 10th av e":[47.6395535,-122.32006],
"m l king jr way s \/ beacon av s":[47.5206691,-122.2799842],
"ne 143rd st \/ 23rd pl ne":[47.7324511,-122.3046609]
}