{
"10629 exeter av ne":[47.706375,-122.276678],
"1110 nob hill av n":[47.6292896,-122.3498746],
"11277 3rd av ne":[47.7106026,-122.3260396],
"12558 35th av ne":[47.720856,-122.290311],
"13223 35th av ne":[47.7253789,-122.291327],
"1416 24th av":[47.6134569,-122.3013776],
"1443 nw 61st st":[47.6728723,-122.3754802],
"15th av ne \/ ne 130th pl":[47.7230373,-122.3126714],
"15th av ne \/ ne 41st st":[47.6568296,-122.3120806],
"1700 ne 125th st":[47.7194153,-122.3108716],
"1727 s dawson st":[47.5553219,-122.30931],
"2653 nw 64th st":[47.6752117,-122.3924413],
"3007 62nd av sw":[47.5774479,-122.412376],
"3420 22nd av w":[47.6509988,-122.3841758],
"3517 ne 89th st":[47.6928709,-122.289764],
"4225 4th av nw":[47.6585231,-122.362158],
"4622 sw wildwood pl":[47.521805,-122.391729],
"4640 s fontanelle st":[47.5361227,-122.2734649],
"4754 22nd av ne":[47.664626,-122.304062],
"4th av s \/ s bennett st":[47.5548875,-122.3294846],
"5050 california av sw":[47.5559867,-122.3865432],
"516 w howe st":[47.6360619,-122.3644438],
"5639 47th av sw":[47.5509592,-122.3926441],
"620 s spokane st":[47.572139,-122.3249513],
"6227 52nd av s":[47.546376,-122.266533],
"652 nw 54th st":[47.6681133,-122.3655839],
"660 s king st":[47.5985257,-122.3245175],
"7016 47th av sw":[47.540033,-122.392729],
"7249 38th av s":[47.537486,-122.2846815],
"8050 31st av nw":[47.6882624,-122.3967117],
"8453 46th av s":[47.526361,-122.275012],
"8833 39th av s":[47.523249,-122.2840422],
"9219 stone av n":[47.6962453,-122.3421184],
"ballard av nw \/ nw 48th st":[47.6639113,-122.380244],
"broadway e \/ e olive way":[47.6199037,-122.3208691],
"e harrison st \/ 30th av e":[47.6225043,-122.2931039],
"ne 50th st & 5th av ne":[47.6649718,-122.322854],
"sw snoqualmie st \/ 36th av sw":[47.5620307,-122.3774431]
}