{
"1016 s donovan st":[47.52585,-122.319435],
"10733 meridian av n":[47.707864,-122.3344147],
"11530 palatine av n":[47.713126,-122.356473],
"11602 2nd av nw":[47.712998,-122.359129],
"12219 fremont av n":[47.718266,-122.350683],
"1225 ne 143rd st":[47.7321389,-122.3151067],
"12749 17th av ne":[47.722662,-122.311215],
"16th av sw \/ sw findlay st":[47.551912,-122.3547743],
"2109 45th av sw":[47.58508,-122.389514],
"2111 thorndyke av w":[47.6380005,-122.3883874],
"2633 w lynn st":[47.638897,-122.391899],
"2909 sw cambridge st":[47.5189809,-122.370497],
"3045 s willow st":[47.5405717,-122.2916862],
"3317 4th av s":[47.5741445,-122.3291025],
"3318 25th av s":[47.573406,-122.300382],
"3340 58th av sw":[47.574225,-122.406427],
"3453 23rd av w":[47.6519209,-122.3859996],
"412 university st":[47.6088248,-122.3343613],
"4226 ne 73rd st":[47.6817758,-122.2825365],
"4315 eastern av n":[47.659582,-122.329361],
"47th av sw \/ sw webster st":[47.5359102,-122.3924498],
"5353 sw admiral way":[47.577946,-122.401621],
"5719 29th av ne":[47.670909,-122.296544],
"6015 35th av nw":[47.6726585,-122.4020125],
"6055 seward park av s":[47.547513,-122.261106],
"6314 47th av sw":[47.546323,-122.392186],
"7312 15th av ne":[47.681633,-122.311329],
"7341 26th av nw":[47.6824156,-122.3900161],
"7518 20th av ne":[47.6848098,-122.3061131],
"7731 35th av sw":[47.5324079,-122.377041],
"8041 stroud av n":[47.6880359,-122.334694],
"8115 4th av sw":[47.52957,-122.340615],
"910 ne 117th st":[47.7142046,-122.318756],
"9710 44th av ne":[47.699638,-122.280982],
"9th av nw \/ nw 59th st":[47.6716202,-122.3685936],
"eb wsea frwy at sr99":[47.57151,-122.337962],
"nw 75th st \/ 22 av nw":[47.6831942,-122.384312],
"s carstens pl \/ corson av s":[47.5510382,-122.3202495]
}