{
"10524 23rd av ne":[47.7055966,-122.3039815],
"11222 east marginal way s":[47.5019157,-122.2878997],
"11275 3rd av ne":[47.71059,-122.3260395],
"1200 ne 41st st":[47.6568747,-122.3155652],
"14312 wallingford av n":[47.732757,-122.336633],
"14340 24th pl ne":[47.7334436,-122.3021772],
"16th av \/ e columbia st":[47.6092035,-122.3115323],
"1717 e spruce st":[47.6033706,-122.3093641],
"1729 boylston av":[47.6172076,-122.3236763],
"18th av e \/ e thomas st":[47.6204961,-122.3087482],
"2025 boylston av e":[47.637579,-122.323815],
"22nd av ne \/ ne 133rd st":[47.7248548,-122.3059519],
"2823 36th av w":[47.645696,-122.403998],
"3100 s bayview st":[47.5811322,-122.2926567],
"332 5th av":[47.6021934,-122.3277958],
"333 nw 86th st":[47.6911454,-122.3620566],
"3539 ne 113th st":[47.709729,-122.289049],
"37th av s \/ beacon av s":[47.5234479,-122.2858833],
"3810 ne 100th st":[47.701358,-122.287603],
"4014 sw findlay st":[47.552266,-122.383707],
"4133 52nd av sw":[47.565733,-122.3992414],
"4425 52nd pl sw":[47.564515,-122.399545],
"4503 32nd av w":[47.6614937,-122.3985313],
"4534 15th av ne":[47.6623901,-122.3119832],
"4546 46th av sw":[47.5615618,-122.3904202],
"4723 37th av ne":[47.663246,-122.288549],
"5065 25th av sw":[47.555583,-122.364644],
"5327 47th av sw":[47.553971,-122.392738],
"53rd av sw \/ alki av sw":[47.5835741,-122.4009492],
"5520 brooklyn av ne":[47.6691881,-122.3138293],
"5700 airport way s":[47.551465,-122.3185416],
"5th av s \/ s kenyon st":[47.5319607,-122.3309272],
"602 w prospect st":[47.628984,-122.364693],
"62nd av sw \/ sw stevens st":[47.5777517,-122.4119798],
"6708 39th av sw":[47.54255,-122.381519],
"7016 23rd av ne":[47.679902,-122.302503],
"726 39th av":[47.608706,-122.283672],
"802 newton st":[47.636776,-122.341188],
"8823 10th av sw":[47.5239693,-122.3482924],
"947 m l king jr way s":[47.593277,-122.298274],
"broad st \/ roy st":[47.6254302,-122.3397374],
"eastlake av ne \/ ne campus pkwy":[47.6560792,-122.3178361],
"green lake way n \/ n 54th st":[47.6677642,-122.3400679],
"s fisher pl \/ rainier av s":[47.5213886,-122.2699992],
"shilshole av nw \/ nw 46th st":[47.6621749,-122.3781779],
"sw trenton st \/ 18th av sw":[47.5247022,-122.3577696]
}