{
"0 - 0 eb i90 fr rainier":[47.588571,-122.30595],
"100 nw 36th st":[47.6529808,-122.3576575],
"10581 40th av ne":[47.707143,-122.285804],
"10721 62nd av s":[47.503712,-122.256446],
"11208 crestwood dr s":[47.5022393,-122.2440098],
"12265 corliss av n":[47.719001,-122.330183],
"1356 m l king jr way s":[47.5909661,-122.2972356],
"1616 sw thistle st":[47.5284873,-122.3559153],
"1700-1899 4th av s":[47.5876643,-122.3290721],
"1901 s plum st":[47.5853621,-122.3077944],
"1st av \/ spring st":[47.6054364,-122.3368773],
"20th av s \/ s ingersoll pl":[47.5937786,-122.3062488],
"2338 41st av e":[47.640258,-122.27927],
"2409 e lake washington blvd":[47.643835,-122.301565],
"3013 59th av sw":[47.577268,-122.4084957],
"3114 s mcclellan st":[47.5785176,-122.2922444],
"323 n 85th st":[47.6903469,-122.3541979],
"3629 burke av n":[47.65139,-122.335485],
"4108 university way ne":[47.6571911,-122.3129511],
"4601 26th av ne":[47.6619878,-122.29989],
"4616 sw brandon st":[47.5541447,-122.3914378],
"46th av s \/ s austin st":[47.5347018,-122.2753377],
"4706 8th av ne":[47.663375,-122.319223],
"7329 44th av sw":[47.5374335,-122.3888765],
"9512 4th av nw":[47.698286,-122.361649],
"n 107th st \/ 1st av nw":[47.7069163,-122.3581124]
}