{
"1020 ne 62nd st":[47.673568,-122.316299],
"1256 parkside dr e":[47.631544,-122.290174],
"1709 nw 59th st":[47.6716281,-122.3794671],
"1823 broadway":[47.6178394,-122.3208598],
"2004 4th av":[47.6132526,-122.3403311],
"2011 nw 60th st":[47.6721379,-122.382683],
"2237 nw 61st st":[47.6728794,-122.3864023],
"2301 w crockett st":[47.6375827,-122.3864401],
"2324 49th av sw":[47.582229,-122.3938146],
"2503 s edmunds st":[47.5593222,-122.3000763],
"2521 38th av w":[47.642175,-122.406341],
"2810 s alaska pl":[47.5608967,-122.296216],
"31st av sw \/ sw bataan st":[47.5456237,-122.3713976],
"4304 kinnikinick pl s":[47.5645956,-122.2950174],
"564 n 137th st":[47.7278463,-122.3505091],
"719 35th av":[47.608527,-122.288649],
"7534 24th av nw":[47.6841694,-122.3871074],
"8821 27th av nw":[47.693571,-122.391146],
"alaskan way atlantic rp \/ s atlantic st":[47.590732,-122.3373358],
"evanston av n \/ n 46th st":[47.6621385,-122.3514719],
"ne 124th st \/ 20th av ne":[47.717936,-122.307227]
}