{
"102 nw 110th st":[47.708975,-122.358409],
"11029 36th av ne":[47.709175,-122.2897],
"1111 5th av w":[47.62912,-122.363472],
"117 3rd av s":[47.6012173,-122.3306424],
"13743 15th av ne":[47.729598,-122.3149666],
"14001 20th av ne":[47.7304936,-122.3076318],
"1420 nw 60th st":[47.672654,-122.374648],
"1514 25th av":[47.6146079,-122.299717],
"1606 24th av":[47.615604,-122.301015],
"1610 e marion st":[47.6105518,-122.3109523],
"2310 ne 113th st":[47.7104999,-122.3037419],
"3015 59th av sw":[47.5771956,-122.4081098],
"34th av sw \/ sw henderson st":[47.5228577,-122.3753654],
"405 39th av e":[47.622755,-122.283431],
"414 w newell st":[47.644347,-122.363002],
"4401 sw hudson st":[47.557254,-122.38888],
"4530 sw frontenac st":[47.540754,-122.39128],
"5606 7th av s":[47.5524894,-122.3232412],
"6046 37th av ne":[47.6735337,-122.2877334],
"6507 woodland pl n":[47.676252,-122.347646],
"6700 16th av sw":[47.5428337,-122.3548898],
"711 n 35th st":[47.6501499,-122.3492369],
"7322 58th av ne":[47.681837,-122.265534],
"7620 2nd av s":[47.534469,-122.330988],
"7929 39th av s":[47.530653,-122.28398],
"800 4th av s":[47.5968484,-122.3290184],
"8400 15th av nw":[47.6897273,-122.3767826],
"8517 fremont av n":[47.6910685,-122.3501247],
"8518 4th av ne":[47.6909459,-122.324052],
"857 s trenton st":[47.52451,-122.320551],
"915 16th av e":[47.6273219,-122.3116301],
"9231 evanston av n":[47.697141,-122.351658],
"n 127th st \/ phinney av n":[47.7214144,-122.3541615],
"sw orchard st \/ sylvan way sw":[47.5374157,-122.3625227],
"w boston st \/ 14th av w":[47.638643,-122.3750062]
}