{
"11057 dayton av n":[47.710356,-122.353227],
"12752 6th av nw":[47.722967,-122.363315],
"14300 35th av ne":[47.7319646,-122.2910384],
"15th av ne \/ ne 65th st":[47.6757855,-122.3119363],
"1618 34th av":[47.6158097,-122.2889387],
"17th av nw \/ nw 60th st":[47.6723658,-122.3788885],
"1954 occidental av s":[47.5857393,-122.3332495],
"2024 n 78th st":[47.6855712,-122.3348404],
"2106 dexter av n":[47.6379423,-122.3431953],
"2211 13th av s":[47.583287,-122.316392],
"2344 halleck av sw":[47.583004,-122.399959],
"2541 13th av w":[47.6419654,-122.3738367],
"2903 e denny way":[47.618634,-122.294542],
"32nd av sw \/ sw genesee st":[47.564977,-122.373798],
"3304 s dose ter":[47.58376,-122.290548],
"3665 sw othello st":[47.536779,-122.381121],
"3801 s graham st":[47.5458194,-122.2846588],
"3839 35th av sw":[47.568922,-122.376498],
"4237 university way ne":[47.6594176,-122.3134221],
"4519 s holly st":[47.542259,-122.275613],
"46th av s \/ s findlay st":[47.5519111,-122.2753753],
"4723 49th av ne":[47.663784,-122.275027],
"4846 columbia dr s":[47.5588824,-122.3053271],
"5017 90th av se":[47.5577718,-122.2200016],
"5322 beacon av s":[47.554248,-122.30241],
"5403 21st av ne":[47.6681557,-122.3057031],
"623 32nd av":[47.607509,-122.291863],
"ne 145th st \/ lake city way ne":[47.7337803,-122.2924537]
}