{
"10739 1st av nw":[47.7080726,-122.358437],
"1113 29th av s":[47.592864,-122.295799],
"11508 stone av n":[47.7126461,-122.3420876],
"1305 e mercer st":[47.6241126,-122.3153689],
"1330 n 131st st":[47.7246406,-122.3412],
"13320 bagley av n":[47.725676,-122.332492],
"1548 ne 88th st":[47.692398,-122.310132],
"1655 broadmoor dr e":[47.634673,-122.288304],
"17th av ne \/ ne 100th st":[47.7012292,-122.3095881],
"1802 nw 85th st":[47.6907578,-122.3804138],
"1922 e calhoun st":[47.6412047,-122.3061204],
"200 25th av s":[47.600715,-122.299678],
"2002 ne ravenna blvd":[47.669543,-122.30628],
"2645 32nd av w":[47.644579,-122.398646],
"2850 nw 64th st":[47.67541,-122.395243],
"2907 s court st":[47.570779,-122.295074],
"2nd av n \/ harrison st":[47.622094,-122.3528109],
"3100 22nd av s":[47.5757104,-122.3040652],
"319 n 76th st":[47.683794,-122.354398],
"3210 fuhrman av e":[47.6505163,-122.3200798],
"3217 37th av sw":[47.575014,-122.378479],
"3623 fremont av n":[47.6520392,-122.3501607],
"4130 bagley av n":[47.6576261,-122.33234],
"4222 s chicago st":[47.5326722,-122.2796066],
"510 5th av s":[47.5245842,-122.3282149],
"5274 mithun pl ne":[47.6672548,-122.2824403],
"5413 3rd av nw":[47.6683473,-122.3611042],
"6029 atlas pl sw":[47.548241,-122.3970357],
"615 19th av e":[47.6248584,-122.3076764],
"6850 43rd av ne":[47.679071,-122.281995],
"8916 41st av sw":[47.5226142,-122.3857107],
"9108 8th av s":[47.5219623,-122.3230409],
"9153 7th av s":[47.520775,-122.325675],
"9417 35th av sw":[47.5187172,-122.3768679],
"nw 48th st \/ nw leary way":[47.6636669,-122.3686126]
}