{
"10311 midvale av n":[47.703623,-122.343802],
"11517 28th av ne":[47.712579,-122.298175],
"12552 7th av nw":[47.72111,-122.364706],
"2008 5th av":[47.6140659,-122.3395986],
"210 nw 107th st":[47.707172,-122.359975],
"2303 n 54th st":[47.6676619,-122.3290735],
"2519 ne 135th st":[47.7265143,-122.3010887],
"2531 29th av w":[47.6421021,-122.3944289],
"2571 56th av sw":[47.579658,-122.404362],
"2604 1st av":[47.615509,-122.3498248],
"2725 sw macarthur ln":[47.5503478,-122.3697598],
"2800 nw market st":[47.6686614,-122.392894],
"304 ne 115th st":[47.7122684,-122.3258436],
"307 ne 140th st":[47.7306936,-122.3263283],
"3122 w mansell st":[47.658615,-122.397697],
"3802 e terrace st":[47.605251,-122.284402],
"3917 ne 127th st":[47.720982,-122.284916],
"4749 roosevelt way ne":[47.6645974,-122.3176502],
"5030 24th pl s":[47.556453,-122.301248],
"5134 s garden loop rd":[47.5130088,-122.2697833],
"5300 s bangor st":[47.5060949,-122.2667599],
"6237 3rd av nw":[47.675331,-122.361114],
"6421 17th av nw":[47.6756489,-122.3788902],
"7103 48th av s":[47.5386968,-122.272908],
"7135 beach dr sw":[47.53805,-122.397156],
"7700 35th av sw":[47.533584,-122.376201],
"8206 dayton av n":[47.6887081,-122.352347],
"824 15th av":[47.609997,-122.312458],
"825 nw 70th st":[47.6793822,-122.3668491],
"8310 32nd av nw":[47.688794,-122.397905],
"9659 54th av s":[47.515222,-122.265775],
"nb i5 at wb wsea frwy":[47.571714,-122.322064],
"ne 145th st\/15th av ne":[47.733952,-122.312749],
"ravenna pl ne \/ 24th av ne":[47.6671158,-122.3020139],
"westlake av \/ olive way":[47.6126653,-122.3373936]
}