{
"12545 phinney av n":[47.720927,-122.354617],
"12751 1st av nw":[47.722918,-122.358651],
"1600 s graham st":[47.54755,-122.3119675],
"163 mcgraw pl":[47.640735,-122.3539945],
"1658 e olive way":[47.6199817,-122.3236316],
"1716 n 50th st":[47.6652408,-122.3368844],
"2019 fairview av e":[47.6372447,-122.3298834],
"231 s hinds st":[47.5735156,-122.3301204],
"2417 s graham st":[47.546114,-122.301511],
"25th av sw \/ puget blvd sw":[47.5552902,-122.364274],
"2614 ne 113th st":[47.710488,-122.299612],
"3721 33rd av s":[47.5705987,-122.2910531],
"3rd av s \/ s stacy st":[47.5819017,-122.329986],
"417 denny way":[47.6184106,-122.3478539],
"4433 50th av s":[47.563113,-122.271107],
"4545 stone way n":[47.661774,-122.3423934],
"4700 11th av ne":[47.6631092,-122.31635],
"511 stadium pl s":[47.5980697,-122.331943],
"5208 18th av ne":[47.6667,-122.307979],
"5210 21st av ne":[47.6668072,-122.3054955],
"5650 ne 55th st":[47.668701,-122.264004],
"6007 29th av ne":[47.6724501,-122.2966569],
"6023 40th av ne":[47.672845,-122.285165],
"625 nw 45th st":[47.6612311,-122.3651629],
"7101 sylvan ln sw":[47.5394816,-122.3904377],
"9232 10th av sw":[47.519972,-122.347609],
"e jefferson st \/ 14th av":[47.6062002,-122.3141809],
"fauntleroy way sw \/ sw barton st":[47.5232349,-122.393012],
"linden av n \/ n 86th st":[47.6913034,-122.3472094],
"roosevelt way ne \/ ne 41st st":[47.6568813,-122.3178113]
}