{
"10410 11th av ne":[47.7043597,-122.3157278],
"11214 beacon av s":[47.499237,-122.264805],
"14394 30th av ne":[47.733083,-122.2964944],
"17th av sw \/ sw holden st":[47.5336871,-122.356382],
"1925 32nd av w":[47.636713,-122.39923],
"2144 n 117th st":[47.7144229,-122.332179],
"2400 westlake av n":[47.6396817,-122.3410231],
"2601 west viewmont way w":[47.643296,-122.410096],
"3231 63rd av sw":[47.575,-122.413757],
"3450 34th av w":[47.651934,-122.400606],
"406 w smith st":[47.641618,-122.362651],
"4131 39th av s":[47.5652373,-122.2842084],
"417 erie av":[47.605619,-122.28488],
"418 30th av":[47.6057583,-122.293351],
"422 comstock pl":[47.630918,-122.348273],
"4424 36th av s":[47.5635324,-122.2868588],
"4648 sunnyside av n":[47.664049,-122.329841],
"4819 s henderson st":[47.5232955,-122.2720929],
"4840 s kenyon st":[47.531884,-122.270884],
"5159 1\/2 42nd av s":[47.555509,-122.281176],
"5329 tallman av nw":[47.667752,-122.381076],
"5500 s fletcher st":[47.5190175,-122.2639425],
"5855 oberlin av ne":[47.6722212,-122.278041],
"6032 52nd av ne":[47.6731484,-122.2713489],
"63 e roanoke st":[47.6429838,-122.3282671],
"6346 delridge way sw":[47.5453127,-122.3615745],
"7333 california av sw":[47.5374883,-122.38762],
"7339 43rd av s":[47.535889,-122.279795],
"7716 31st av ne":[47.685465,-122.294518],
"7808 rainier av s":[47.5322777,-122.2699513],
"904 17th av":[47.610616,-122.309682],
"9299 49th av s":[47.5190663,-122.2722752],
"california av sw \/ sw bradford st":[47.5692747,-122.3867908],
"letitia av s \/ s charlestown st":[47.5697555,-122.2906824],
"nb sr99 at battery st tunnel":[47.614027,-122.347754],
"sb i5 at 65th":[47.670539,-122.322214],
"sb sr99 at bell":[47.6126904,-122.3474774],
"seward park av s \/ 56th av s":[47.5203906,-122.262813],
"sw alaska st \/ 48th av sw":[47.5611612,-122.3935011],
"sw holden st \/ highland park way sw":[47.5340694,-122.3474534],
"waters av s \/ 68th av s":[47.5063893,-122.2488881]
}