{
"0 - 0 nb i5 at yesler":[47.602671,-122.325753],
"10012 61st av s":[47.5112304,-122.2567309],
"1010 n allen pl":[47.6607102,-122.3451962],
"110 occidental av s":[47.6013487,-122.3327765],
"1513 ne 145th st":[47.733652,-122.312019],
"1614 ne 75th st":[47.6830567,-122.3103256],
"1721 31st av s":[47.587443,-122.293285],
"1814 minor av":[47.6171598,-122.3309943],
"1908 28th av w":[47.636118,-122.392691],
"2600 2nd av n":[47.64327,-122.353869],
"26th av s \/ s jackson st":[47.5992536,-122.2986607],
"2752 nw 85th st":[47.690794,-122.3921652],
"3012 ne 137th st":[47.728353,-122.295795],
"3020-3027 east laurelhurst dr ne":[47.6492502,-122.276096],
"3403 e spring st":[47.6113969,-122.289129],
"34th av w \/ w raye st":[47.6431623,-122.4009678],
"3507 29th av w":[47.651671,-122.39462],
"3700 s orcas st":[47.551407,-122.285982],
"3745 s angeline st":[47.5594521,-122.2855115],
"3901 13th av s":[47.56882,-122.316407],
"3917 s angel pl":[47.544384,-122.282487],
"3rd av & wall st":[47.6160341,-122.3470308],
"4001 california av sw":[47.5682087,-122.3873163],
"411 31st av s":[47.5987651,-122.2929978],
"4903 sw hill st":[47.585293,-122.394356],
"500 6th av":[47.6034713,-122.327438],
"5019 46th av ne":[47.665385,-122.278689],
"5211 17th av ne":[47.666851,-122.309957],
"5225 university way ne":[47.6671813,-122.313188],
"6035 32nd av ne":[47.673226,-122.293581],
"6209 34th av ne":[47.67432,-122.291474],
"6235 27th av ne":[47.675007,-122.298864],
"6917 california av sw":[47.541726,-122.387616],
"6932 42nd av s":[47.5399597,-122.2807814],
"6th av s \/ s snoqualmie st":[47.5619839,-122.3266707],
"715 randolph pl":[47.608598,-122.285765],
"8142 15th av sw":[47.5288244,-122.3536525],
"8815 5th av ne":[47.692678,-122.323375],
"8830 25th av sw":[47.5234345,-122.3641582],
"8910 2nd av ne":[47.693598,-122.32642],
"9523 4th av ne":[47.6984014,-122.3247305],
"fremont av n \/ n 74th st":[47.6825609,-122.3498604],
"renton pl s \/ m l king jr way s":[47.5724583,-122.2967185],
"s forest st \/ 27th av s":[47.5775168,-122.2982607],
"w lee st \/ 2nd av w":[47.6313229,-122.3591753]
}