{
"10821 23rd av ne":[47.708248,-122.304652],
"12313 roosevelt way ne":[47.7181688,-122.3193773],
"1416 e marion st":[47.6105402,-122.3133876],
"1420 s trenton st":[47.5226701,-122.3112334],
"17962 midvale av n":[47.7593505,-122.3447553],
"19th av \/ e jefferson st":[47.6061682,-122.3076259],
"2006 ne northgate way":[47.708661,-122.305956],
"2108 n 90th st":[47.693995,-122.333358],
"222 nw 45th st":[47.661739,-122.360049],
"3215 31st av w":[47.6492401,-122.3972087],
"346 w kinnear pl":[47.6279352,-122.3626962],
"362 aloha st":[47.6273465,-122.3495211],
"3700 sw donovan st":[47.525637,-122.379606],
"4217 2nd av nw":[47.658251,-122.35874],
"6214 20th av ne":[47.6731153,-122.306197],
"6214 vassar av ne":[47.6742907,-122.2779694],
"6304 s ryan st":[47.5098644,-122.2544258],
"705 nw 70th st":[47.6794267,-122.3648414],
"7515 30th av nw":[47.6835196,-122.3959902],
"8108 18th av sw":[47.529737,-122.357373],
"832 14th av":[47.610236,-122.313843],
"nb i5 to 205":[47.7755268,-122.3174473]
}