{
"1018 9th av":[47.6090499,-122.3275285],
"1324 29th av s":[47.591398,-122.295249],
"1445 s cloverdale st":[47.5262412,-122.3130763],
"1510 18th av":[47.614451,-122.308457],
"200 w highland dr":[47.6299029,-122.3595845],
"2200 gilman dr w":[47.6393107,-122.3735987],
"2606 4th av n":[47.643439,-122.3493369],
"2904 s columbian way":[47.5624743,-122.2958063],
"311 ne thornton pl":[47.7022556,-122.325188],
"3220 sw genesee st":[47.565213,-122.374832],
"3528 burke av n":[47.6500569,-122.3348122],
"3834 s edmunds st":[47.5588391,-122.2839483],
"4115 s dakota st":[47.5660632,-122.2810066],
"4532 19th av ne":[47.6622406,-122.3067798],
"4636 41st av ne":[47.6645598,-122.2835036],
"47th av ne \/ sand point way ne":[47.6684543,-122.2773598],
"5217 roosevelt way ne":[47.6665682,-122.3173965],
"5244 38th av ne":[47.6680442,-122.2865547],
"5521 32nd av nw":[47.669362,-122.398632],
"5606 37th av s":[47.551712,-122.28598],
"6032 27th av ne":[47.673144,-122.298199],
"6210 21st av ne":[47.6737379,-122.305174],
"6230 rainier av s":[47.546259,-122.275768],
"712 n 62nd st":[47.674087,-122.349259],
"7505 m l king jr way s":[47.5361497,-122.280966],
"7614 45th av s":[47.533811,-122.276159],
"7711 33rd av ne":[47.685267,-122.293026],
"8338 wolcott av s":[47.528765,-122.267107],
"919 1st av":[47.6041086,-122.3357205],
"9423 35th av sw":[47.5186428,-122.3773967],
"9508 17th av ne":[47.697943,-122.309116],
"ne 44th st \/ thackeray pl ne":[47.6602282,-122.3261959]
}