{
"10720 5th av ne":[47.7075426,-122.3226239],
"10745 2nd av nw":[47.708255,-122.359855],
"11500 - 11699 stone av n":[47.713611,-122.342147],
"1200 summit av":[47.6117079,-122.3241999],
"2141 dexter av n":[47.6386823,-122.3438625],
"2202 s forest st":[47.577665,-122.3040378],
"2932 walnut av sw":[47.577321,-122.383004],
"308 15th av":[47.6046468,-122.3126491],
"3136 alki av sw":[47.576316,-122.418762],
"3445 60th av sw":[47.572755,-122.409908],
"3717 ne 43rd st":[47.659619,-122.287433],
"4106 sw lander st":[47.5795109,-122.384079],
"4230 s chicago st":[47.532621,-122.2792901],
"4235 university way ne":[47.6593456,-122.3134032],
"4401 sw kenyon pl":[47.531932,-122.390223],
"522 27th av":[47.6068639,-122.297529],
"5949 36th av s":[47.548385,-122.288277],
"6215 15th av nw":[47.6743754,-122.3765655],
"7155 holly park dr s":[47.5387301,-122.2871624],
"7206 s taft st":[47.5106529,-122.243288],
"7522 23rd av nw":[47.683873,-122.3850729],
"7707 20th av ne":[47.6851026,-122.307077],
"sw admiral wy off rp \/ admiral avalon rp":[47.5707118,-122.3706537]
}