{
"11709 lake city way ne":[47.714509,-122.2980755],
"12556 fremont av n":[47.7212597,-122.3500657],
"12748 1st av nw":[47.72275,-122.357849],
"13050 8th av nw":[47.724766,-122.365965],
"150 ne 95th st":[47.6981593,-122.326252],
"1518 e yesler way":[47.6017009,-122.3121811],
"1700 18th av s":[47.588293,-122.309132],
"1919 30th av s":[47.5857053,-122.2943813],
"2036 nw 58th st":[47.671136,-122.383697],
"2100 48th av sw":[47.5853034,-122.3925756],
"2219 45th av sw":[47.583404,-122.389566],
"2307 1st av":[47.6134183,-122.3472284],
"2611 eastlake av e":[47.6436402,-122.3262766],
"2715 california av sw":[47.5788274,-122.3871794],
"347 n 138th st":[47.72933,-122.35346],
"3516 s kenyon st":[47.531884,-122.287334],
"3531 sw 100th st":[47.513388,-122.377826],
"3801 rainier av s":[47.5697685,-122.2907051],
"4120 beach dr sw":[47.566996,-122.408873],
"4501 roosevelt way ne":[47.6617435,-122.3179231],
"4700 colorado av s":[47.5602781,-122.3367873],
"526 28th av":[47.6070083,-122.2955699],
"5408 ne 54th st":[47.667858,-122.27002],
"5730 35th av ne":[47.6712344,-122.2899562],
"57th av s \/ s holly st":[47.5424594,-122.2618259],
"648 nw 89th st":[47.6937279,-122.365388],
"6614 corson av s":[47.543916,-122.322096],
"7340 35th av sw":[47.5361485,-122.37609],
"7546 roosevelt way ne":[47.6844975,-122.3171823],
"7843 stroud av n":[47.686624,-122.335413],
"8619 fauntleroy way sw":[47.5261428,-122.3927708],
"9716 48th av ne":[47.699818,-122.276137],
"w aloha st \/ queen anne av n":[47.6271991,-122.3566763]
}