{
"1117 federal av e":[47.629239,-122.319483],
"11537 5th av ne":[47.713305,-122.324056],
"12537 42nd av ne":[47.720299,-122.28376],
"12732 25th av ne":[47.7221208,-122.3015688],
"1310 ne 52nd st":[47.666609,-122.3137257],
"13236 7th av nw":[47.7262739,-122.364542],
"13735 interlake av n":[47.729646,-122.341344],
"14028 lenora pl n":[47.7313263,-122.343123],
"1414 26th av":[47.613463,-122.298424],
"1502 14th av s":[47.589843,-122.314519],
"1527 nw 90th st":[47.6946738,-122.3780889],
"1705 m l king jr way s":[47.5880775,-122.2984124],
"1711 broadway":[47.6168908,-122.3208405],
"1922 9th av":[47.616354,-122.335114],
"2100 ne 90th st":[47.6939518,-122.3061777],
"2202 38th pl e":[47.638315,-122.283537],
"2303 e denny way":[47.61873,-122.302214],
"2306 ne 105th st":[47.7049839,-122.3039037],
"3015 nw 57th st":[47.669981,-122.396366],
"3845 37th av s":[47.568427,-122.286455],
"401 1st av n":[47.6221127,-122.3554447],
"4103 s andover st":[47.567715,-122.281495],
"4557 14th av s":[47.561839,-122.315106],
"5728 juneau ter s":[47.5503486,-122.2855015],
"5th av ne \/ ne northlake way":[47.6539734,-122.3235396],
"6701 34th av sw":[47.542715,-122.375531],
"6720 18th av sw":[47.542175,-122.356871],
"7 w dravus st":[47.6485021,-122.3580973],
"7114 m l king jr way s":[47.5383891,-122.2812382],
"719 nw 116th st":[47.712651,-122.365776],
"735 35th av":[47.6089122,-122.2886047],
"815 n 45th st":[47.6612564,-122.347877],
"824 nw 65th st":[47.6761337,-122.3667555],
"8616 linden av n":[47.6918232,-122.3471973],
"924 n 90th st":[47.694411,-122.346214],
"9629 14th av nw":[47.700145,-122.374547],
"9731 mary av nw":[47.701071,-122.375828],
"9933 64th av s":[47.5120851,-122.2538547],
"alki av sw \/ 63rd av sw":[47.5782555,-122.413276],
"n 41st st \/ sunnyside av n":[47.65669,-122.330237],
"spokane turn rd \/ delridge way sw":[47.5713285,-122.3606258],
"woodlawn av ne \/ 2nd av ne":[47.6775696,-122.3272323]
}