{
"101 ne 51st st":[47.665553,-122.328068],
"123 n 84th st":[47.689621,-122.356938],
"1414 e republican st":[47.6231273,-122.3142009],
"14th av off rp \/ des moines memorial dr":[47.5209834,-122.3153944],
"1621 e spring st":[47.6113806,-122.3105081],
"2586 constance dr w":[47.6430923,-122.4129148],
"2900 s king st":[47.598299,-122.294709],
"3710 densmore av n":[47.65236,-122.337134],
"3750 fremont way n":[47.6524855,-122.3482421],
"4103 sw bradford st":[47.56907,-122.384408],
"42nd av s \/ s trenton st":[47.5242764,-122.2807689],
"4333 35th av w":[47.6595567,-122.4028213],
"4450 s camano pl":[47.527759,-122.275762],
"5247 s dawson st":[47.554622,-122.266077],
"5406 30th av s":[47.553273,-122.293462],
"600 e mercer st":[47.6244495,-122.3237433],
"6324 hampton rd s":[47.545726,-122.260158],
"7521 27th av nw":[47.683822,-122.3911563],
"7737 13th av sw":[47.5331671,-122.35201],
"8345 13th av nw":[47.6900828,-122.373055],
"9235 renton av s":[47.520127,-122.273071],
"goodwin way ne \/ 15th av ne":[47.7113666,-122.31242],
"nb i5 at 50":[47.664964,-122.321726],
"nw neptune pl \/ nw blue ridge dr":[47.7016263,-122.3896881],
"phinney av n \/ n 95th st":[47.6978386,-122.3540165],
"s main st \/ 22nd av s":[47.6003334,-122.3032886]
}