{
"10248 37th pl sw":[47.5105585,-122.3789958],
"10330 sand point way ne":[47.703787,-122.27731],
"1060 n 39th st":[47.6540889,-122.3442791],
"1215 ne 130th st":[47.722799,-122.314643],
"12229 densmore av n":[47.717896,-122.338091],
"1600 bigelow av n":[47.633164,-122.3483613],
"180 26 av":[47.6035565,-122.2986153],
"2104 3rd av":[47.6135063,-122.342315],
"219 n 36th st":[47.6523023,-122.3558066],
"220 aloha st":[47.6271871,-122.3519899],
"2544 beacon av s":[47.5798577,-122.3124435],
"2800 nw 61st st":[47.673003,-122.3929922],
"2809 sw adams st":[47.565942,-122.368747],
"2815 62nd av sw":[47.578098,-122.412321],
"2833 s juneau st":[47.549641,-122.295427],
"3700 w tilden st":[47.653707,-122.404772],
"3809 46th av sw":[47.569869,-122.391159],
"4000 fremont av n":[47.6551914,-122.3499095],
"5043 16th av ne":[47.6661194,-122.3111073],
"51st av sw \/ sw edmunds st":[47.559405,-122.3975982],
"531 28th av":[47.6071479,-122.2960997],
"5572 23rd av s":[47.5512159,-122.303735],
"5623 california av sw":[47.5514238,-122.3873203],
"6210 48th av s":[47.5466989,-122.272297],
"702 18th av":[47.608182,-122.308624],
"7348 27th av nw":[47.6827613,-122.3904498],
"8415 12th av sw":[47.5278284,-122.350887],
"850 nw 45th st":[47.6618982,-122.3679491],
"8502 burke av n":[47.6907355,-122.3347607],
"8821 39th av s":[47.5235775,-122.2840398],
"910 17th av e":[47.627251,-122.309576],
"9102 rainier av s":[47.5217512,-122.2696482],
"9410 36th av sw":[47.518872,-122.377809],
"fremont way n \/ linden av n":[47.6528757,-122.348703],
"harrison st \/ broad st":[47.6220715,-122.3458617],
"n 38th st \/ woodland park av n":[47.6527163,-122.3439748],
"prefontaine pl s \/ dilling way":[47.6017161,-122.3302647]
}