{
"1122 hiawatha pl s":[47.592203,-122.307055],
"1133 n 84th st":[47.689604,-122.343001],
"1244 ne 91st st":[47.695146,-122.31295],
"130 n 83rd st":[47.6893249,-122.356611],
"13345 23rd av ne":[47.726007,-122.304985],
"14029 23rd av ne":[47.730504,-122.305715],
"1425 western av":[47.6078755,-122.341326],
"1615 interlaken pl e":[47.63374,-122.302386],
"1945 boyer av e":[47.6365,-122.304872],
"2225 1st av s":[47.5831827,-122.3347026],
"2300 elliott av":[47.6124596,-122.3483633],
"2509 n 40th st":[47.655326,-122.328512],
"2600 ne 45th st":[47.6612566,-122.2989263],
"2701 ne 82nd st":[47.688261,-122.297896],
"3271 39th av sw":[47.573523,-122.381757],
"39th av sw \/ sw othello st":[47.5369028,-122.3819498],
"4136 46th av sw":[47.56548,-122.390418],
"4232 4th av ne":[47.6586509,-122.3238108],
"4408 54th av sw":[47.564563,-122.401156],
"4437 39th av s":[47.5629979,-122.2841664],
"4500 ne 94th st":[47.6966989,-122.2799848],
"5463 s othello st":[47.536505,-122.264495],
"5541 23rd av s":[47.5521462,-122.304347],
"616 nw 80th st":[47.6871546,-122.3640983],
"8411 42nd av sw":[47.527862,-122.386096],
"8826 36th av sw":[47.523843,-122.377649],
"9111 rainier av s":[47.5220051,-122.2703738],
"beacon av s \/ 37th av s":[47.5234479,-122.2858833],
"e lake washington blvd \/ 24th av e":[47.6441578,-122.3020524],
"sb i5 at east marginal":[47.5074353,-122.2856578]
}