{
"105 nw 136th st":[47.72797,-122.358657],
"11012 phinney av n":[47.709175,-122.353758],
"1108 taylor av n":[47.62921,-122.345711],
"1149 nw 53rd st":[47.6671586,-122.372837],
"1620 12th av":[47.6154686,-122.3168688],
"1915 n 122nd st":[47.716732,-122.334797],
"220 w harrison st":[47.622416,-122.360269],
"2225 west viewmont way w":[47.637068,-122.406179],
"2509 24th av w":[47.641492,-122.388045],
"25th av sw \/ sw hudson st":[47.5574672,-122.3642382],
"2711 3rd av n":[47.64482,-122.351709],
"3212 s edmunds st":[47.5588173,-122.2908331],
"32nd av w \/ w dravus st":[47.6486485,-122.3982305],
"3420 fremont av n":[47.650189,-122.3498114],
"3508 ne 98th st":[47.700469,-122.290162],
"3518 ne 123rd st":[47.717534,-122.290554],
"3536 ne 130th st":[47.723193,-122.289218],
"3839 ne 90th st":[47.6935829,-122.286242],
"4069 rainier av s":[47.5662288,-122.2890468],
"4226 7th av ne":[47.658352,-122.320519],
"4601 43rd av s":[47.5613037,-122.2795213],
"5002 sw andover st":[47.5686668,-122.3965104],
"5200 17th av nw":[47.6666553,-122.3786525],
"837 ne 98th st":[47.70028,-122.3187651],
"844 33rd av e":[47.627516,-122.289141],
"east green lake dr n \/ sunnyside av n":[47.6826415,-122.3295845],
"fs 32":[47.5608271,-122.3797577],
"n 74th st \/ linden av n":[47.6825697,-122.3463614],
"nb i5 fr s columbian wy":[47.57548,-122.319516],
"ne 58th st \/ 20th av ne":[47.6706864,-122.3064964],
"nw market st \/ 22nd av nw":[47.6686778,-122.3847527],
"wb wsea frwy fr nb i5":[47.571548,-122.324825]
}