{
"100 dexter av n":[47.6191249,-122.34189],
"1000 harbor av sw":[47.5950148,-122.3851548],
"10028 ashworth av n":[47.702176,-122.338644],
"1010 bellevue ct e":[47.6273535,-122.3267252],
"1330 ne 68th st":[47.678241,-122.313106],
"141 ne 53rd st":[47.666945,-122.326549],
"1602 n northlake pl":[47.6468641,-122.3384769],
"1759 ne pacific st":[47.6511324,-122.3087702],
"1800 e howell st":[47.6176283,-122.3097971],
"209 occidental av s":[47.6006,-122.333778],
"2520 mount baker dr s":[47.580985,-122.287043],
"2581 9th av w":[47.6429154,-122.3691637],
"2610 ne 135th st":[47.726838,-122.299904],
"2618 ne 137th st":[47.7286092,-122.2993897],
"3055 s chicago st":[47.532177,-122.291004],
"30th av nw \/ nw 60th st":[47.6722536,-122.3956426],
"3214 15th av s":[47.574584,-122.313088],
"3241 s kenyon st":[47.531481,-122.289035],
"4422 meridian av n":[47.6609814,-122.3335159],
"4809 delridge way sw":[47.558865,-122.363315],
"5126 s wildwood ln":[47.5341299,-122.2688211],
"5151 s kenyon st":[47.5315192,-122.2685094],
"520 pike st":[47.6112805,-122.3350326],
"5428 delridge way sw":[47.5528128,-122.3626513],
"5608 renton av s":[47.5516,-122.284821],
"5623 s bangor st":[47.5058629,-122.2622178],
"571 valley st":[47.626132,-122.3451739],
"5807 s roxbury st":[47.516549,-122.260319],
"722 n allen pl":[47.660782,-122.3490517],
"8043 44th av ne":[47.6879034,-122.2814737],
"8050 fauntleroy way sw":[47.5300831,-122.3926883],
"8449 grattan pl s":[47.5263142,-122.26669],
"8900 lake city way ne":[47.693034,-122.3054915],
"903 terry av":[47.6085981,-122.3260143],
"946 nw 60th st":[47.6725587,-122.3707435],
"9th av \/ madison st":[47.6084145,-122.3273577],
"woodland pl n \/ n 60th st":[47.6724608,-122.3493053]
}