{
"11200 meridian av n":[47.7095714,-122.3339614],
"11225 15th av ne":[47.7102045,-122.3124495],
"1227 8th av w":[47.630738,-122.3677028],
"1448 21st av":[47.614378,-122.304514],
"1603 broadway":[47.6164002,-122.3208329],
"1948 nw blue ridge dr":[47.7047427,-122.3828628],
"217 27th av e":[47.620795,-122.297745],
"2416 n 42nd st":[47.6581298,-122.3293101],
"2611 nw market st":[47.668487,-122.3907588],
"2859 nw 61st st":[47.6727429,-122.395432],
"2902 19th av s":[47.577679,-122.307717],
"3033 nw 67th st":[47.677079,-122.397126],
"3321 e valley st":[47.625979,-122.288607],
"3409 nw 65th st":[47.67553,-122.401552],
"3841 44th av ne":[47.656685,-122.280444],
"3910 wallingford av n":[47.654732,-122.335906],
"4115 wallingford av n":[47.657291,-122.336601],
"4244 s rose st":[47.5293631,-122.2789059],
"4615 s genesee st":[47.563837,-122.275001],
"4741 30th av s":[47.559605,-122.293991],
"5600 fauntleroy way sw":[47.551837,-122.381254],
"5800 15th av ne":[47.6717531,-122.3119003],
"5946 high point dr sw":[47.5495728,-122.3692426],
"6205 25th av ne":[47.67399,-122.300975],
"6408 hampton rd s":[47.5446079,-122.259864],
"7320 48th av s":[47.536288,-122.272361],
"7539 22nd av nw":[47.6843362,-122.3845687],
"7991 m l king jr way s":[47.5300065,-122.2807965],
"8049 24th av nw":[47.6882707,-122.3879446],
"9232 21st av nw":[47.696515,-122.382244],
"densmore av n \/ green lake dr n":[47.6857884,-122.337883],
"n 73rd st \/ aurora av n":[47.681804,-122.3445337],
"s king st \/ alaskan way s":[47.5983076,-122.3354687],
"sw kenyon st \/ 35th av sw":[47.5319199,-122.3766375],
"thorndyke av w \/ w plymouth st":[47.6362682,-122.3896719]
}