{
"10659 durland av ne":[47.7069029,-122.27824],
"10744 62nd av s":[47.503534,-122.255014],
"1210 nw 80th st":[47.6870886,-122.3719661],
"1415 ne 42nd st":[47.6582982,-122.3126679],
"148 nw 82nd st":[47.688597,-122.3601329],
"1619 n 50th st":[47.664784,-122.338255],
"222 17th av":[47.604177,-122.309886],
"3247 32nd av w":[47.6500134,-122.3985321],
"3436 walnut av sw":[47.572063,-122.383257],
"3515 46th av ne":[47.654549,-122.27846],
"3823 s edmunds st":[47.558453,-122.2844018],
"4044 40th av sw":[47.5675443,-122.382438],
"503 s brandon st":[47.5539459,-122.328107],
"6051 18th av sw":[47.546724,-122.357525],
"7124 32nd av s":[47.538037,-122.290989],
"715 northgate mall":[47.7062086,-122.3258737],
"718 s kenyon st":[47.5321315,-122.3246353],
"7338 23rd av ne":[47.6823734,-122.3026428],
"7623 48th av s":[47.534018,-122.273032],
"7921 m l king jr way s":[47.530902,-122.2808081],
"8005 stroud av n":[47.687157,-122.334645],
"935 n 81st st":[47.687441,-122.345702],
"9807 35th av sw":[47.5153704,-122.3766126],
"greenwood av n \/ n 50th st":[47.6650352,-122.3553733],
"n 43rd st \/ fremont av n":[47.6589563,-122.3500049],
"nw 56th st \/ 4th av nw":[47.6694311,-122.3618367]
}