{
"0 nb i5 at lakeview":[47.6281429,-122.3284098],
"1015 1st av":[47.6051,-122.3369831],
"1016 nw 87th st":[47.692271,-122.370171],
"111 ne 50th st":[47.6648454,-122.3276577],
"1125 21st av s":[47.592221,-122.305505],
"1213 s lucile st":[47.5534533,-122.3166726],
"12214 3rd av nw":[47.7183149,-122.36056],
"1231 s director st":[47.5216364,-122.3166596],
"12401 5th av ne":[47.7188578,-122.3235913],
"12540 12th av nw":[47.7206819,-122.371343],
"14303 38th av ne":[47.7321002,-122.2874848],
"1771 nw 59th st":[47.6714661,-122.3818459],
"1st av \/ cherry st":[47.6025568,-122.3343034],
"315 university st":[47.6078941,-122.3356961],
"3635 24th pl w":[47.6528889,-122.3876759],
"4009 ne 73rd st":[47.681409,-122.284553],
"409 15th av e":[47.6222815,-122.3129198],
"4228 s rose ct":[47.5297611,-122.2793935],
"4235 11th av ne":[47.6593764,-122.3169745],
"4642 s fontanelle st":[47.5361374,-122.2732697],
"4832 26th av sw":[47.5583,-122.365161],
"5220 40th av sw":[47.554969,-122.382531],
"535 s trenton st":[47.524529,-122.326755],
"5918 21st av sw":[47.549555,-122.359094],
"6016 palatine av n":[47.672877,-122.356093],
"615 8th av":[47.6055633,-122.3265986],
"7008 linden av n":[47.679932,-122.346927],
"7119 34th av nw":[47.680775,-122.401416],
"7558 44th av sw":[47.534738,-122.388187],
"800 e roy st":[47.6253135,-122.3220222],
"819 s thistle st":[47.527914,-122.321971],
"8838 9th av sw":[47.5234813,-122.3467059],
"9032 - 9th ave sw":[47.5217669,-122.34638],
"e aloha st \/ 16th av e":[47.6268751,-122.3112874],
"e mercer st \/ 15th av e":[47.6242509,-122.312633],
"nb i 5 at i 90":[47.5939862,-122.3205772],
"westlake av \/ denny way":[47.6185383,-122.3384741]
}