{
"1026 s henderson st":[47.5232823,-122.3191734],
"10312 fischer pl ne":[47.703275,-122.300456],
"10450 marine view dr sw":[47.508641,-122.387424],
"1147 federal av e":[47.630062,-122.319482],
"119 pine st":[47.6100115,-122.3400431],
"1220 3rd av s":[47.5915326,-122.3300034],
"13740 interlake av n":[47.729832,-122.340535],
"1414 sw holden st":[47.534002,-122.3535871],
"1518 pike pl":[47.6092061,-122.3412533],
"1587 alki av sw":[47.5886179,-122.3946],
"1922 ferry av sw":[47.586075,-122.385776],
"2030 minor av e":[47.637579,-122.327988],
"2031 nw 59th st":[47.671409,-122.383596],
"216 n 110th st":[47.7087424,-122.3560103],
"221 w highland dr":[47.6295685,-122.3599684],
"2230 nw 57th st":[47.670328,-122.3863098],
"2326 29th av s":[47.582078,-122.294755],
"2415 e howell st":[47.6174873,-122.3006031],
"3229 sw roxbury st":[47.517216,-122.374858],
"3242 15th av s":[47.5738286,-122.3130891],
"3413 39th av sw":[47.572762,-122.381767],
"3615 albion pl n":[47.6511095,-122.3451607],
"3821 41st av ne":[47.657222,-122.284282],
"3921 sw kenyon st":[47.531904,-122.383015],
"4012 36th av w":[47.65631,-122.403205],
"4238 12th av ne":[47.6594564,-122.3151926],
"4446 s warsaw st":[47.5435369,-122.2760812],
"4765 42nd av s":[47.5597405,-122.2810075],
"5039 26th av sw":[47.556358,-122.365949],
"5061 51st av sw":[47.5556894,-122.3981904],
"5509 23rd av s":[47.5529621,-122.3042799],
"5811 rainier av s":[47.5501222,-122.2775595],
"6568 24th av sw":[47.542897,-122.36348],
"7027 19th av ne":[47.6802362,-122.307756],
"752 boylston av e":[47.6266466,-122.3233018],
"7543 63rd av ne":[47.6837727,-122.2624078],
"918 nw 127th st":[47.7216583,-122.3686694],
"9237 1st av nw":[47.697145,-122.358431],
"9821 37th av sw":[47.5149405,-122.3795004],
"greenwood av n \/ n 52nd st":[47.6663972,-122.3553548],
"s grand st \/ 26th av s":[47.5869073,-122.2989977],
"sb i5 at corson":[47.5529139,-122.317898],
"w florentia st \/ 3rd av w":[47.6468963,-122.3606756]
}