{
"11245 35th av sw":[47.5015,-122.376551],
"1133 california av sw":[47.59234,-122.386511],
"1154 nw 50th st":[47.6650591,-122.3728425],
"12023 10th pl ne":[47.7160324,-122.3173652],
"14356 20th av ne":[47.733716,-122.306959],
"1916 n 85th st":[47.690786,-122.334307],
"2015 ne 105th st":[47.704577,-122.30635],
"215 m l king jr way e":[47.620678,-122.296387],
"216 nw 115th st":[47.712607,-122.36037],
"230 30th av e":[47.621127,-122.293103],
"2517 eastlake av e":[47.6425629,-122.3262167],
"25th av ne \/ ne 65th st":[47.6757734,-122.300635],
"2714 12th av s":[47.579013,-122.316991],
"2903 s estelle st":[47.571391,-122.29377],
"3000 w eaton st":[47.633262,-122.396044],
"3017 e john st":[47.6200094,-122.2925833],
"3048 east laurelhurst dr ne":[47.650018,-122.275552],
"330 s jackson st":[47.5992135,-122.3300557],
"3604 sw graham st":[47.5466812,-122.3780317],
"3628 59th av sw":[47.571408,-122.408099],
"3917 27th av s":[47.568606,-122.298221],
"4038 51st av sw":[47.567392,-122.397086],
"4528 s juneau st":[47.5499035,-122.2758008],
"5500 seaview av nw":[47.6686577,-122.4029395],
"6236 31st av ne":[47.6751045,-122.2940023],
"6307 roosevelt way ne":[47.6744465,-122.3177243],
"6784 48th av sw":[47.541043,-122.395668],
"712 ne 42nd st":[47.6575288,-122.3201637],
"7202 s lawrence pl":[47.5465872,-122.2674636],
"7519 28th av ne":[47.683713,-122.297626],
"8000 delridge way sw":[47.5301216,-122.3604148],
"8028 fauntleroy way sw":[47.530435,-122.392348],
"908 16th av":[47.6105942,-122.3114883],
"alaskan e rdwy way \/ s main st":[47.6000593,-122.3355403],
"nb i5 to seneca \/ seneca st":[47.6084366,-122.3316075],
"sb i5 to sb i5 cd":[47.6070232,-122.3300966]
}