{
"0 - 0 sb sr99 at 14":[47.521555,-122.319617],
"0 - 0 wb sr520 fr montlake":[47.643852,-122.306798],
"10255 34th av sw":[47.510308,-122.375151],
"1029 belmont av e":[47.6279576,-122.3270682],
"11314 sand point way ne":[47.711326,-122.280586],
"116 nw bowdoin pl":[47.655081,-122.358019],
"1310 lakeside av s":[47.591892,-122.286592],
"1445 nw market st":[47.6686489,-122.3746369],
"2061 mcgilvra blvd e":[47.6387549,-122.2811297],
"2449 piedmont pl w":[47.6410381,-122.4031869],
"2657 sw sylvan heights dr":[47.5395781,-122.3668864],
"3651 hillcrest av sw":[47.571584,-122.407661],
"3714 sw monroe st":[47.531519,-122.380089],
"4434 29th av w":[47.660563,-122.394637],
"4434 51st av sw":[47.563755,-122.397145],
"4527 2nd av ne":[47.662239,-122.32757],
"4752 21st av sw":[47.559724,-122.359765],
"4900 dayton av n":[47.664432,-122.352309],
"5231 kirkwood pl n":[47.666865,-122.330753],
"5403 47th av sw":[47.553807,-122.3926512],
"6425 36th av nw":[47.675626,-122.403792],
"6842 31st av sw":[47.5414958,-122.3722714],
"729 n 115th st":[47.71204,-122.348964],
"7336 35th av sw":[47.5363286,-122.3762077],
"7956 44th pl s":[47.529849,-122.276742],
"8328 beacon av s":[47.528829,-122.287453],
"9203 8th av sw":[47.520792,-122.345833],
"9411 36th av sw":[47.518873,-122.378549],
"9603 50th av s":[47.5166069,-122.2713188],
"ne 113th st \/ 34th av ne":[47.7101955,-122.2920555],
"s oregon st \/ 37th av s":[47.562829,-122.2860355]
}