{
"1020 e jefferson st":[47.6067581,-122.3186183],
"10444 alderbrook pl nw":[47.7049,-122.364573],
"10647 marine view dr sw":[47.506722,-122.387785],
"10650 marine view dr sw":[47.5068666,-122.3865777],
"11416 woodley av s":[47.500559,-122.24221],
"1143 nw 52nd st":[47.6662,-122.372623],
"12045 2nd av ne":[47.717214,-122.327908],
"15th av s \/ beacon av s":[47.5806673,-122.3134929],
"1717 n 105th st":[47.704628,-122.336775],
"1738 ne 88th st":[47.692382,-122.307823],
"1903 n 46th st":[47.6618971,-122.3349415],
"2024 ne 85th st":[47.690562,-122.30569],
"2026 boyer av e":[47.63765,-122.306139],
"2822 ne 110th st":[47.708896,-122.296991],
"3013 15th av s":[47.576375,-122.313749],
"303 w olympic pl":[47.6265444,-122.3608673],
"312 broadway  e":[47.6213244,-122.3205585],
"319 smith pl":[47.6413255,-122.351021],
"3219 40th av sw":[47.574999,-122.382818],
"3229 nw 56th st":[47.6692843,-122.3997051],
"3535 sw monroe st":[47.531009,-122.378356],
"4121 49th av s":[47.565792,-122.272379],
"4225 s findlay st":[47.551722,-122.279621],
"4610 41st av s":[47.5609139,-122.281433],
"4733 roosevelt way ne":[47.6635967,-122.3174285],
"4800 s henderson st":[47.5241026,-122.2719749],
"4806 36th av ne":[47.6638488,-122.289004],
"5813 renton av s":[47.550073,-122.285077],
"622 nw 83rd st":[47.6893118,-122.3643532],
"637 nw 84th st":[47.6896114,-122.3649671],
"6536 mcarthur ct sw":[47.5441228,-122.3681237],
"6721 30th av s":[47.5419429,-122.293875],
"706 bellevue av e":[47.62534,-122.326311],
"85 s lander st":[47.57959,-122.334705],
"8th av ne \/ ne 69th st":[47.6787735,-122.3200634],
"9300 16th av sw":[47.5196316,-122.3551202],
"9452 15th av sw":[47.517644,-122.353541],
"9727 1st av nw":[47.700483,-122.358466],
"aurora av n \/ n 48th st":[47.6635861,-122.347413],
"hubbell pl \/ seneca st":[47.6090464,-122.3306121],
"west marginal way s \/ sr99 sb off rp":[47.5216995,-122.3198639]
}