{
"10019 33rd av sw":[47.513127,-122.374436],
"10212 55th av s":[47.509228,-122.264284],
"1102 nw 85th st":[47.6906423,-122.370547],
"1116 24th av s":[47.592519,-122.300693],
"1131 32nd av":[47.612555,-122.29177],
"11th av ne \/ ne 133rd st":[47.7248697,-122.3167693],
"13045 7th av nw":[47.724601,-122.365381],
"13749 corliss av n":[47.7301689,-122.331833],
"1526 ne 100th st":[47.7014048,-122.3110571],
"1534 44th av sw":[47.589565,-122.387282],
"1711 29th av":[47.6168693,-122.2951636],
"1810 magnolia way w":[47.635337,-122.389106],
"2103 n 106th st":[47.7059598,-122.3330038],
"2609 boylston av e":[47.6433635,-122.3235834],
"2715 s jackson st":[47.598982,-122.297059],
"2818 e pine st":[47.6154584,-122.2953678],
"2nd av sw \/ 1st av s":[47.5337244,-122.3362435],
"4708 42nd av sw":[47.5606462,-122.385459],
"5208 15th av s":[47.5551993,-122.3132041],
"610 36th av":[47.6071035,-122.2869472],
"6208 37th av nw":[47.674234,-122.404401],
"7358 15th av nw":[47.6831278,-122.376479],
"7912 10th av sw":[47.531449,-122.347673],
"915 n 92nd st":[47.695419,-122.346502],
"9th av n \/ denny way":[47.6185437,-122.3397763],
"e boston st \/ yale av e":[47.6382556,-122.327114],
"howe st \/ nob hill av n":[47.6357136,-122.3507362],
"n 88th st \/ ashworth av n":[47.6923465,-122.3391407],
"nw 120th st \/ 8th av nw":[47.7160266,-122.3662914]
}