{
"10308 aurora av n":[47.7032976,-122.3445587],
"10744 15th av ne":[47.707903,-122.311755],
"11021 dayton av n":[47.709376,-122.353215],
"11302 40th av ne":[47.710274,-122.284971],
"11750 sand point way ne":[47.715229,-122.282248],
"1700 e yesler way":[47.6016999,-122.3102502],
"1931 e mcgraw st":[47.640044,-122.305904],
"2000 43rd av e":[47.637142,-122.276565],
"2239 e madison st":[47.6186411,-122.3027964],
"2320 w plymouth st":[47.6362907,-122.3873938],
"233 14th av e":[47.6209474,-122.3147652],
"2622 ne 130th st":[47.723169,-122.299591],
"300 - 399 2nd av et s":[47.600347,-122.330692],
"3314 31st av sw":[47.5732486,-122.3720394],
"4320 palatine av n":[47.6601798,-122.355909],
"4857 s bateman st":[47.5468415,-122.2703074],
"512 n 76th st":[47.684241,-122.3517617],
"5268 mithun pl ne":[47.6673111,-122.2824593],
"5926 34th av sw":[47.549327,-122.374638],
"6402 28th av s":[47.5451583,-122.2965898],
"7301 winona av n":[47.6821264,-122.3462034],
"7322 27th av sw":[47.536714,-122.366773],
"76 s king st":[47.5983248,-122.3351621],
"7702 28th av sw":[47.533547,-122.368164],
"7750 11th av sw":[47.53315,-122.348935],
"825 30th av":[47.6097601,-122.2940555],
"8618 29th av ne":[47.691673,-122.296715],
"9050 rainier av s":[47.522059,-122.26961],
"9820 m l king jr way s":[47.512787,-122.276942],
"aurora av n \/ prospect st":[47.628901,-122.3435875],
"n 49th st \/ interlake av n":[47.6642361,-122.3407838],
"nb i5 at mercer":[47.626029,-122.328121],
"ne 47th st \/ 22nd av ne":[47.6630736,-122.3039992]
}