{
"1029 ne 91st st":[47.694656,-122.316035],
"10409 42nd av ne":[47.704037,-122.28343],
"122 30th av e":[47.619575,-122.293135],
"14037 26th av ne":[47.731357,-122.300989],
"1631 n 55th st":[47.66845,-122.337024],
"17th av ne \/ ne 123rd st":[47.717553,-122.3099183],
"1924 10th av e":[47.636727,-122.319762],
"2109 nw 90th st":[47.694365,-122.383393],
"22nd av ne \/ ne 47th st":[47.663071,-122.304004],
"2360 n 58th st":[47.671065,-122.328936],
"2421 nw 85th st":[47.6905589,-122.3884188],
"2605 ne 145th st":[47.73357,-122.300117],
"2802 148th av se":[47.5850937,-122.1422607],
"2905 s columbian way":[47.5624575,-122.2954862],
"3004 w tilden st":[47.653409,-122.395832],
"3019 nw 58th st":[47.6707328,-122.396548],
"354 fulton st":[47.6457988,-122.3502534],
"4055 39th av s":[47.566305,-122.284233],
"4137 palatine av n":[47.65745,-122.3568703],
"4207 s willow st":[47.540449,-122.280427],
"4221 3rd av nw":[47.658468,-122.361125],
"4600 17th av ne":[47.6621776,-122.3096873],
"4715 s dawson st":[47.554974,-122.2737],
"4754 cottage pl sw":[47.5594617,-122.3619649],
"500 terry av n":[47.6233993,-122.3366842],
"5112 s findlay st":[47.552091,-122.269252],
"5315 ne 74th st":[47.681938,-122.269838],
"5609 11th av ne":[47.6697551,-122.3163185],
"5725 s gazelle st":[47.5121482,-122.2608589],
"6030 fauntleroy way sw":[47.5473886,-122.3827161],
"6202 12th av ne":[47.67347,-122.315334],
"623 w mercer pl":[47.6255685,-122.3658054],
"6415 ellis av s":[47.5452302,-122.3187455],
"7133 34th av sw":[47.538187,-122.375606],
"7204 54th av s":[47.537732,-122.2658336],
"7607 rockery dr s":[47.5340465,-122.282584],
"7716 15th av nw":[47.6855892,-122.3764251],
"8518 14th av nw":[47.691456,-122.37367],
"8603 8th av ne":[47.6914549,-122.3205689],
"8800 8th av sw":[47.5228643,-122.3454779],
"9432 18th av sw":[47.518168,-122.357449],
"ne 67th st \/ roosevelt way ne":[47.6772954,-122.3173823],
"prospect st \/ 4th av n":[47.628925,-122.3488562]
}