{
"10064 riviera pl ne":[47.7044244,-122.2747839],
"10423 40th av ne":[47.704555,-122.285824],
"11539 sand point way ne":[47.71338,-122.282726],
"1423 nw 77th st":[47.684887,-122.37523],
"163 nw 60th st":[47.6721354,-122.3590971],
"1736 n 122nd st":[47.718774,-122.334973],
"20th av e \/ e crescent dr":[47.6332084,-122.3059476],
"2139 52nd av sw":[47.5842276,-122.3976309],
"2605 e columbia st":[47.6090016,-122.2986902],
"2858 nw 58th st":[47.67114,-122.395425],
"3038 s holly pl":[47.5420171,-122.2922565],
"306 queen anne av n":[47.6212993,-122.3562294],
"3100 ne 123rd st":[47.717406,-122.295172],
"3212 29th av w":[47.649122,-122.393845],
"328 summit av e":[47.6217393,-122.3250996],
"3633 whitman av n":[47.6517766,-122.3463531],
"4112 48th av sw":[47.5661569,-122.3931877],
"4208 chilberg av sw":[47.5661599,-122.4069685],
"4259 whitman ct ne":[47.6582938,-122.3042603],
"4738 47th av ne":[47.6641959,-122.276917],
"5469 beach dr sw":[47.552476,-122.399678],
"6014 30th av s":[47.5475656,-122.2933864],
"6035 30th av ne":[47.6732257,-122.2956752],
"7738 13th av sw":[47.5331077,-122.351363],
"8304 29th av nw":[47.6889133,-122.3940545],
"8318 28th av nw":[47.6895451,-122.3927253],
"8536 greenwood av n":[47.6911697,-122.3550048],
"8716 18th av nw":[47.6930089,-122.379742],
"900-1299 12th av s":[47.5952015,-122.3172268],
"9036 17th av sw":[47.5216912,-122.3562733],
"9250 3rd av nw":[47.697561,-122.360335],
"927 21st av":[47.610899,-122.305401],
"934 n 100th st":[47.7016427,-122.3456741],
"9800 35th av ne":[47.7002177,-122.290622],
"wb i90 exp at 76":[47.592069,-122.243084]
}