{
"10425 55th av s":[47.5072173,-122.2650322],
"10803 44th av sw":[47.5062446,-122.3871573],
"11201 lake ridge dr s":[47.502786,-122.243544],
"12760 8th av nw":[47.723103,-122.365959],
"150 denny way":[47.618846,-122.353213],
"1701 n 82nd st":[47.688512,-122.337553],
"1731 lake washington blvd s":[47.5872389,-122.290206],
"1800 taylor av n":[47.635234,-122.346411],
"2104 ne 83rd st":[47.6900284,-122.3054395],
"2321 16th av s":[47.582279,-122.312472],
"2321 n 130th st":[47.722658,-122.330676],
"241 yale av n":[47.6205713,-122.3307216],
"3010 nw market st":[47.6686474,-122.3961878],
"3046 39th av sw":[47.576052,-122.381038],
"307 blanchard st":[47.6140932,-122.3431285],
"31st av sw \/ sw othello st":[47.5373737,-122.3725579],
"3500 sw 106th st":[47.5083503,-122.3763803],
"359 nw 76th st":[47.683777,-122.363108],
"4821 ne 60th st":[47.6729046,-122.2766548],
"5212 15th av ne":[47.6668348,-122.3115891],
"5925 28th av s":[47.549142,-122.297257],
"6300 26th av nw":[47.6745293,-122.3900836],
"7717 renton av s":[47.532929,-122.279704],
"8245 northrop pl sw":[47.529183,-122.388919]
}