{
"12737 42nd av ne":[47.722205,-122.284025],
"14054 riviera pl ne":[47.7316292,-122.2821474],
"2137 n 89th st":[47.69291,-122.332125],
"2324 s columbian way":[47.560068,-122.303315],
"2426 30th av w":[47.640357,-122.395256],
"2961 36th av s":[47.57564,-122.288014],
"300 union st":[47.6087694,-122.336885],
"3016 s genesee st":[47.5639127,-122.2950421],
"304 nw 41st st":[47.657214,-122.361287],
"3411 sw 106th st":[47.507921,-122.375287],
"3456 38th av sw":[47.571483,-122.379997],
"351 26th av":[47.6059089,-122.299224],
"3631 woodland park av n":[47.6514631,-122.3440155],
"36th av ne \/ ne 70th st":[47.6794193,-122.2893038],
"4198 east stevens way ne":[47.6597604,-122.3078689],
"4539 s henderson st":[47.5229349,-122.274741],
"5208 20th av nw":[47.6637039,-122.384213],
"5636 20th av ne":[47.670393,-122.306194],
"5913 18th av sw":[47.549705,-122.357713],
"610 2nd av":[47.6027229,-122.3324397],
"6523 34th av sw":[47.5439589,-122.3754065],
"701 16th av e":[47.625415,-122.3116486],
"701 n 34th st":[47.6487161,-122.3488282],
"740 harvard av e":[47.626237,-122.322042],
"7912 12th av sw":[47.53144,-122.350222],
"8106 16th av sw":[47.529765,-122.354734],
"914 s main st":[47.6000438,-122.3185935],
"9245 16th av sw":[47.519729,-122.355532],
"939 westlake av n":[47.6278273,-122.3401565],
"mary av nw \/ nw 100th st":[47.701545,-122.3754457],
"seward park av s \/ wabash av s":[47.5256701,-122.2647519]
}