{
"10526 midvale av n":[47.7052923,-122.3433146],
"141 ne 51st st":[47.665495,-122.326557],
"14th av s \/ boren av s":[47.5992138,-122.3141341],
"1612 m l king jr way":[47.615789,-122.295795],
"1740 ne 104th st":[47.704203,-122.308002],
"1800 ne pacific st":[47.6515043,-122.3096048],
"200 e louisa st":[47.6420566,-122.3252899],
"2018 3rd av":[47.6128266,-122.3415931],
"20th av s \/ s massachusetts st":[47.588412,-122.3062307],
"2113 8th av n":[47.6383337,-122.3423309],
"2126 ne 47th st":[47.6633536,-122.3041957],
"2150 n 135th st":[47.727081,-122.332303],
"2152 halleck av sw":[47.58406,-122.39848],
"22 western av w":[47.61872,-122.3575343],
"2301 s graham st":[47.5462657,-122.3041803],
"2350 50th av sw":[47.581621,-122.3942165],
"2415 42nd av e":[47.641083,-122.2782915],
"300 maiden ln e":[47.621434,-122.283874],
"32nd av nw \/ loyal way nw":[47.6903817,-122.3983234],
"3425 32nd av w":[47.651249,-122.398607],
"3818 21st av sw":[47.569555,-122.359778],
"3822 ne 97th st":[47.699525,-122.286946],
"402 s lucile st":[47.5535946,-122.3292507],
"4128 25th av sw":[47.565699,-122.364043],
"4227 48th av s":[47.5644372,-122.2735553],
"4300 s henderson st":[47.5233049,-122.2789767],
"4337 4th av nw":[47.6600368,-122.3621674],
"6330 delridge way sw":[47.545627,-122.36177],
"6699 58th av ne":[47.6781726,-122.2660778],
"7320 11th av ne":[47.682189,-122.316092],
"7348 27th av sw":[47.536036,-122.366744],
"7403 rockery dr s":[47.535916,-122.2824935],
"813 e thomas st":[47.621067,-122.3215106],
"848 ne 96th st":[47.698821,-122.318265],
"8501 ravenna av ne":[47.6904169,-122.302117],
"8810 45th av sw":[47.524419,-122.389864],
"9055 2nd av nw":[47.6958541,-122.3594166],
"9835 40th av sw":[47.514609,-122.383698],
"aurora av n \/ n 44th st":[47.6600489,-122.3474293],
"evanston av n \/ n 130th st":[47.7232311,-122.3516288]
}