{
"11651 beacon av s":[47.4982452,-122.2636132],
"12344 sand point way ne":[47.7184829,-122.2845696],
"13001 lake city way ne":[47.7230997,-122.2934527],
"13555 aurora av n":[47.7284978,-122.3455524],
"1610 e yesler way":[47.6017003,-122.3108949],
"17th av nw \/ nw 80th st":[47.6868611,-122.3789411],
"1st av nw \/ n 43rd st":[47.6594641,-122.3572437],
"2024 s stevens st":[47.5771967,-122.3056259],
"2217 29th av w":[47.638679,-122.394547],
"229 harvard av e":[47.62079,-122.3224789],
"2517 ne 125th st":[47.7193007,-122.3008801],
"3009 w barrett st":[47.646622,-122.396105],
"3109 e yesler way":[47.6016315,-122.2920908],
"311 n 84th st":[47.6896565,-122.3546303],
"3215 56th av sw":[47.5752932,-122.4038699],
"3347 9th av w":[47.650335,-122.368987],
"34th av nw \/ nw 56th st":[47.669552,-122.4011116],
"3652 phinney av n":[47.65378,-122.354133],
"3914 sw monroe st":[47.5315723,-122.3826569],
"4023 41st av sw":[47.5676751,-122.3844554],
"4142 36th av sw":[47.565239,-122.377055],
"4201 s brandon st":[47.553197,-122.280545],
"4239 palatine av n":[47.6588588,-122.3562265],
"4917 ne 100th st":[47.700874,-122.274506],
"5009 48th av ne":[47.665173,-122.276308],
"520 17th av e":[47.623897,-122.309623],
"5320 47th av sw":[47.5542184,-122.3920153],
"5345 ballard av nw":[47.6673462,-122.3844833],
"5823 17th av ne":[47.6720619,-122.310001],
"6036 31st av sw":[47.547257,-122.3719321],
"7517 28th av nw":[47.683545,-122.393409],
"7619 west green lake dr n":[47.6840914,-122.3400341],
"7937 17th av sw":[47.530769,-122.3567881],
"8814 15th av ne":[47.6926045,-122.3119033],
"n 104th st \/ fremont av n":[47.7043436,-122.3500433],
"n 36th st \/ evanston av n":[47.6515359,-122.3514802],
"nw 60th st \/ 8th av nw":[47.672354,-122.3661305]
}