{
"10560 5th av ne":[47.7060972,-122.3231306],
"12516 39th av ne":[47.719803,-122.285954],
"13340 3rd av ne":[47.726186,-122.325522],
"14401 greenwood av n":[47.7334554,-122.3560644],
"1551 minor av":[47.614614,-122.3286502],
"1914 n 34th st":[47.6483028,-122.3344229],
"2009 ne 103rd st":[47.7028685,-122.3065055],
"201 5th av n":[47.620146,-122.3480247],
"2511 5th av w":[47.6417916,-122.3638447],
"2535 perkins ln w":[47.641649,-122.415369],
"27th av \/ e marion st":[47.6100118,-122.2975091],
"2803 e denny way":[47.6187175,-122.2958431],
"2918 s byron st":[47.5737256,-122.2954526],
"318 s orcas st":[47.5521079,-122.3300353],
"3311 30th av sw":[47.573358,-122.371722],
"3353 w commodore way":[47.665006,-122.400834],
"3800 s ferris pl":[47.576258,-122.285196],
"3900 sw ida st":[47.534496,-122.382203],
"4132 densmore av n":[47.6578456,-122.3371188],
"4200 s orcas st":[47.551412,-122.280596],
"434 n 35th st":[47.6512784,-122.3527619],
"4620 s bradford st":[47.569158,-122.27484],
"5069 renton av s":[47.555237,-122.287303],
"545 n 83rd st":[47.688888,-122.350562],
"59th av s \/ s 118th st":[47.4973649,-122.2596099],
"6230 25th av ne":[47.6746489,-122.3003773],
"723 29th av s":[47.5960133,-122.295382],
"8031 meridian av n":[47.68789,-122.333497],
"8116 28th av sw":[47.529527,-122.368166],
"819 ne 71st st":[47.679976,-122.318982],
"8th av ne \/ ne 88th st":[47.6922074,-122.3203091],
"e john st \/ 14th av e":[47.6199537,-122.3143071],
"s plum st \/ rainier av s":[47.5854965,-122.3036098],
"stone av n \/ n 92nd st":[47.6956229,-122.3418745]
}