{
"1036 s washington st":[47.6008919,-122.318963],
"1136 nw 62nd st":[47.6739703,-122.3731682],
"1207 e columbia st":[47.6091188,-122.3164355],
"12230 10th av nw":[47.718777,-122.369301],
"1231 ne 92nd st":[47.6956475,-122.3134697],
"13211 15th av ne":[47.725457,-122.314161],
"14334 riviera pl ne":[47.7328785,-122.2836154],
"1910 3rd av s":[47.5860658,-122.3299912],
"206 w boston st":[47.638571,-122.360025],
"2114 w ruffner st":[47.6523431,-122.3840916],
"2428 sw holden st":[47.534142,-122.364358],
"3022 s mount baker blvd":[47.5771469,-122.293245],
"3051 44th av w":[47.648262,-122.41345],
"315 nw 84th st":[47.6896145,-122.3613811],
"3208 33rd av s":[47.5749138,-122.2906901],
"3302 e denny way":[47.6185236,-122.2898051],
"4514 s myrtle st":[47.53908,-122.276295],
"4th av \/ denny way":[47.6185775,-122.3494489],
"5030 32nd av s":[47.556151,-122.291229],
"5264 19th av ne":[47.668226,-122.306824],
"5347 16th av s":[47.5535566,-122.3125289],
"5419 31st av s":[47.553377,-122.2926823],
"6018 51st pl s":[47.548279,-122.268053],
"627 34th av":[47.6074131,-122.2894432],
"6317 6th av ne":[47.6748803,-122.3226017],
"6547 3rd av nw":[47.677364,-122.36082],
"707 n 73rd st":[47.6815831,-122.3494593],
"7302 19th av nw":[47.68147,-122.38074],
"7341 32nd av sw":[47.536149,-122.374274],
"7945 18th av sw":[47.5305419,-122.358133],
"8811 37th av sw":[47.5242812,-122.3796322],
"9204 40th av ne":[47.6954695,-122.2849884],
"9478 57th av s":[47.5168986,-122.2616532],
"9516 densmore av n":[47.698347,-122.337308],
"9530 46th av ne":[47.698354,-122.278598],
"greenwood av n \/ n 70th st":[47.6795576,-122.3553036],
"lakeside av s \/ s massachusetts st":[47.5876399,-122.2862917],
"m l king jr way s \/ s webster st":[47.5353956,-122.2806409],
"ne 94th st \/ 1st av ne":[47.6968655,-122.3284715]
}