{
"1100 ne 45th st":[47.6615144,-122.3162524],
"1103 nw 85th st":[47.6905118,-122.3706161],
"11313 19th av ne":[47.710711,-122.308662],
"1269 parkside dr e":[47.631918,-122.290774],
"1426 nw 61st st":[47.673308,-122.3748931],
"14th av e \/ e roy st":[47.6252917,-122.3146143],
"1814 12th av":[47.6181509,-122.3165058],
"2001 19th av s":[47.585362,-122.308531],
"2023 boylston av e":[47.63745,-122.323815],
"2118 s pearl st":[47.5563881,-122.304871],
"2152 38th av e":[47.638699,-122.284563],
"2527 24th av w":[47.641985,-122.388017],
"2615 e cherry st":[47.6078561,-122.2981544],
"2902 harris pl s":[47.57737,-122.30201],
"3310 ne 80th st":[47.686896,-122.292101],
"3317 36th av w":[47.650023,-122.403923],
"3627 37th av w":[47.6531049,-122.404997],
"36th av s \/ s edmunds st":[47.5586604,-122.2877459],
"403 nw 56th st":[47.6692695,-122.3621932],
"420 valley st":[47.6264656,-122.3480208],
"43rd av ne \/ ne 55th st":[47.6685568,-122.2821303],
"5013 29th av s":[47.556783,-122.295995],
"5152 54th av s":[47.555389,-122.265457],
"5646 ne keswick dr":[47.6678762,-122.2641146],
"6008 30th av s":[47.5477149,-122.2933909],
"6246 34th av ne":[47.6753659,-122.290828],
"6529 6th av nw":[47.676812,-122.36382],
"8830 9th av sw":[47.5236621,-122.3463858],
"9220 dayton av n":[47.6966759,-122.352276],
"9226 1st av nw":[47.696733,-122.357667],
"9877 40th av s":[47.5116346,-122.2826606],
"9916 beacon av s":[47.511998,-122.272252],
"densmore av n \/ n 43rd st":[47.6591723,-122.3373985],
"e olive way \/ bellevue av":[47.6171601,-122.3267676],
"nw 77th st \/ earl av nw":[47.6849517,-122.3919019]
}