{
"10010 44th av sw":[47.513433,-122.38823],
"10035 61st av s":[47.510889,-122.258273],
"10724 fremont av n":[47.70731,-122.349709],
"1110 nw 75th st":[47.6834245,-122.371005],
"11103 56th av s":[47.501212,-122.262707],
"120 n 143rd st":[47.7325643,-122.3568333],
"13035 meridian av n":[47.724213,-122.334619],
"13710 41st av ne":[47.728579,-122.28426],
"14004 20th av ne":[47.730418,-122.306992],
"1623 26th av":[47.6159655,-122.2991597],
"1700 1st av s":[47.587935,-122.3336919],
"1813 westlake av n":[47.6355057,-122.3409138],
"30th av w \/ w grover st":[47.6513662,-122.3955561],
"3214 19th av s":[47.574622,-122.306974],
"3504 ne 93rd st":[47.6961715,-122.290063],
"4016 33rd av w":[47.656456,-122.399144],
"407 w galer st":[47.6321704,-122.3622568],
"420 30th av e":[47.623185,-122.2928231],
"4301 sw college st":[47.582766,-122.386872],
"4723 ne 36th st":[47.65421,-122.275993],
"5339 s ruggles st":[47.508545,-122.265769],
"5522 1st av nw":[47.669508,-122.356596],
"5701 rainier av s":[47.5509867,-122.2778627],
"5740 61st av ne":[47.671149,-122.261807],
"65 lenora st":[47.611147,-122.3448453],
"6521 greenwood av n":[47.6766383,-122.3556544],
"6752 earl av nw":[47.6792126,-122.3915876],
"7013 15th av ne":[47.679865,-122.312372],
"7015 1st av nw":[47.680048,-122.357725],
"715 s willow st":[47.5411941,-122.3226452],
"761 s homer st":[47.550697,-122.321925],
"7725 east marginal way s":[47.5333574,-122.3116098],
"8117 49th av s":[47.529751,-122.272061],
"853 lake washington blvd":[47.6103774,-122.2836612],
"9221 24th av nw":[47.696685,-122.387891],
"broadway \/ marion st":[47.6101513,-122.3208158],
"green lake way n \/ n 52nd st":[47.6664279,-122.3400766],
"n 105th st \/ meridian av n":[47.7050462,-122.3339264],
"s charles st \/ 20th pl s":[47.5945771,-122.3048613],
"s mcclellan st \/ m l king jr way s":[47.5783534,-122.2961658]
}