{
"1011 boren av":[47.6096024,-122.325606],
"1014 s henderson st":[47.5230757,-122.3195296],
"1030 ne 71st st":[47.6803421,-122.3160577],
"11027 3rd av ne":[47.7088433,-122.3259953],
"1111 summit av":[47.6110467,-122.3236466],
"1112 19th av e":[47.6290735,-122.3069129],
"1200 3rd av":[47.6074222,-122.3351981],
"123 n 112th st":[47.7105244,-122.3579951],
"12528 30th av ne":[47.7195599,-122.2962861],
"1301 6th av n":[47.6307126,-122.3453384],
"1415 9th av w":[47.631647,-122.3693991],
"1521 36th av":[47.6147394,-122.2873958],
"1536 s pearl st":[47.5569238,-122.3117668],
"1551 thorndyke av w":[47.633861,-122.392253],
"1706 22nd av":[47.6171869,-122.3037262],
"1710 dexter av n":[47.6342064,-122.3418184],
"1727 m l king jr way s":[47.587516,-122.298432],
"1761 16th av s":[47.587386,-122.313044],
"1st av s bridge trl \/ s michigan st":[47.5443115,-122.3345811],
"214 22nd av e":[47.620684,-122.303266],
"2200 s charles st":[47.5944786,-122.3033078],
"2207 nw 87th st":[47.691588,-122.384298],
"2401 n northlake way":[47.6503333,-122.3305154],
"2549 34th av w":[47.642624,-122.401419],
"3046 nw esplanade":[47.699186,-122.397877],
"314 nw 46th st":[47.6623914,-122.3614871],
"3235 33rd av s":[47.574143,-122.291265],
"3811 burke av n":[47.6535207,-122.3351048],
"3916 dayton av n":[47.6543127,-122.3525728],
"3920 stone way n":[47.654794,-122.342066],
"4556 california av sw":[47.561339,-122.3865617],
"5111 s lucile st":[47.552409,-122.269294],
"5218 16th av ne":[47.6669919,-122.3104416],
"5646 36th av sw":[47.55057,-122.377316],
"6016 34th av ne":[47.6727302,-122.29087],
"6320 9th av ne":[47.674737,-122.318198],
"7358 woodland av n":[47.6817004,-122.3257475],
"7540 seward park av s":[47.533749,-122.265593],
"826 28th av s":[47.5949369,-122.296288],
"8606 13th av sw":[47.526198,-122.351481],
"8634 3rd av nw":[47.6922721,-122.3606541],
"8th av \/ jefferson st":[47.6043143,-122.3253431],
"9500 renton av s":[47.5169638,-122.2697407],
"banner way ne \/ 4th av ne":[47.6861642,-122.3242791],
"fremont av n \/ n 45th st":[47.6614196,-122.3500608],
"melrose av \/ e denny way":[47.6185001,-122.3278548]
}