{
"1024 n 36th st":[47.6507333,-122.3448781],
"1512 nw market st":[47.66894,-122.376914],
"1556 ne 140th st":[47.7302909,-122.3129501],
"1613 2nd av":[47.6104544,-122.3405042],
"1716 m l king jr way":[47.5877204,-122.2978636],
"1723 sturgus av s":[47.5877629,-122.3117558],
"2222 29th av w":[47.6386085,-122.3939752],
"2317 19th av s":[47.582401,-122.308558],
"2341 nw 87th st":[47.691669,-122.3864981],
"2803 nw 62nd st":[47.6735075,-122.3931856],
"2839 s columbian way":[47.562081,-122.295925],
"310 27th av":[47.604659,-122.297524],
"322 n 82nd st":[47.688609,-122.354169],
"34th av sw \/ sw 106th st":[47.5081879,-122.3746822],
"3718 w tilden st":[47.653697,-122.405612],
"460 ne old belfair":[47.460268,-122.8266747],
"519 w prospect st":[47.628532,-122.364168],
"5240 erskine way sw":[47.5556484,-122.3907449],
"5348 sw lander st":[47.579296,-122.402038],
"6507 38th av sw":[47.544493,-122.3809],
"7317 9th av nw":[47.682048,-122.36866],
"7412 8th av nw":[47.6829811,-122.3657675],
"77 spring st":[47.6049889,-122.3378703],
"8004 25th av nw":[47.6870309,-122.3884986],
"8621 22nd av sw":[47.5258309,-122.362196],
"8627 12th av sw":[47.525687,-122.350932],
"9054 11th av nw":[47.6955955,-122.3700272],
"blair ter s \/ s graham st":[47.546057,-122.2643514],
"n 61st st \/ phinney av n":[47.6731827,-122.3543618]
}