{
"10635 57th av s":[47.5050854,-122.2615603],
"1137 colorado st":[47.6610519,-122.4209976],
"11419 woodley av s":[47.5004359,-122.2428121],
"1800 franklin av e":[47.6351092,-122.3239795],
"2307 24th av e":[47.6398344,-122.3023322],
"2311 viewmont way w":[47.6387395,-122.402487],
"2419 w halladay st":[47.6421618,-122.3885709],
"2461 42nd av w":[47.6414964,-122.4102745],
"2508 n 43rd st":[47.6592818,-122.3284779],
"300 northgate mall":[47.7062086,-122.3258737],
"3116 14th av s":[47.575385,-122.314309],
"324 n 77th st":[47.6849586,-122.3541342],
"3356 w commodore way":[47.6653174,-122.4009053],
"3500 s graham st":[47.5460944,-122.2877849],
"35th av ne \/ ne 90th st":[47.6938345,-122.2906127],
"3701 sw 104th st":[47.5095279,-122.3781449],
"4200 s adams st":[47.5652879,-122.2807117],
"4426 dayton av n":[47.6610037,-122.3518546],
"4542 university way ne":[47.662524,-122.3126504],
"4600 w emerson st":[47.6541245,-122.4161732],
"4604 s morgan st":[47.5444586,-122.2750916],
"5260 university way ne":[47.6681721,-122.3126886],
"6038 31st av sw":[47.5472761,-122.3718078],
"6429 30th av sw":[47.545174,-122.370701],
"6522 27th av ne":[47.676477,-122.298085],
"703 23rd av s":[47.5962941,-122.3022571],
"7546 33rd av nw":[47.6844801,-122.3990579],
"8310 mary av nw":[47.6890523,-122.3752483],
"8409 6th av nw":[47.69017,-122.363604],
"8705 greenwood av n":[47.6928008,-122.3553221],
"nb i5 cd to dearborn \/ s dearborn st":[47.5958241,-122.3199424]
}