{
"1412 12th av":[47.6135841,-122.3165474],
"1502 19th av":[47.6142449,-122.307093],
"1771 nw 56th st":[47.6694427,-122.3815963],
"2666 ne university village st":[47.663719,-122.2979727],
"325 w prospect st":[47.628452,-122.361777],
"4th av \/ james st":[47.6032355,-122.3303058],
"5273 s bangor st":[47.5060764,-122.2674591],
"543 temple pl":[47.607478,-122.297111],
"5909 evanston av n":[47.6720622,-122.3516713],
"7006 16th av ne":[47.6797084,-122.3109041],
"715 e pike st":[47.6138006,-122.3226852],
"9032 18th av sw":[47.52179,-122.357408],
"909 western av":[47.6037371,-122.3371945],
"924 27th av":[47.610779,-122.297152],
"m l king jr way s \/ s raymond st":[47.5479829,-122.2866136],
"w pleasant pl \/ 6th av w":[47.6427126,-122.3648751]
}