{
"0 sb i5 fr mercer":[47.624655,-122.333319],
"11704 4th av nw":[47.714351,-122.36184],
"1212 ne northgate way":[47.7087969,-122.314618],
"1307 n 46th st":[47.6619735,-122.3416624],
"1500 8th av":[47.6127225,-122.3328329],
"2221 n 40th st":[47.6554453,-122.3316231],
"2430 55th av sw":[47.581516,-122.4024197],
"2466 nob hill av n":[47.641367,-122.350379],
"2728 3rd av s":[47.5789342,-122.3295473],
"3220 nw 68th st":[47.678441,-122.39937],
"3626 fremont ln n":[47.652423,-122.3495723],
"3815 ne 100th st":[47.700794,-122.287343],
"4212 e edgewater pl":[47.6418782,-122.2777039],
"4300 woodland park av n":[47.659443,-122.344176],
"532 25th av":[47.60715,-122.299625],
"6206 ravenna av ne":[47.67405,-122.3035577],
"6401 20th av nw":[47.675508,-122.382423],
"7132 43rd av s":[47.5380051,-122.2790571],
"7611 15th av ne":[47.684285,-122.312441],
"8039 30th av nw":[47.6878798,-122.3961129],
"944 n 89th st":[47.6936782,-122.3451695],
"ashworth av n \/ n 82nd st":[47.688725,-122.3391021],
"nw 92nd st \/ mary av nw":[47.6960702,-122.3754462],
"rainier av s \/ s oregon st":[47.5628256,-122.2878209],
"sb i5 exp at denny":[47.6212,-122.328501],
"sb sr509 to 2":[47.534366,-122.335286]
}