{
"11th av ne \/ ne 80th st":[47.6867228,-122.3162841],
"12030 hiram pl ne":[47.7165589,-122.2987239],
"15th av s \/ s shelton st":[47.5579035,-122.3134718],
"1707 boylston av":[47.616638,-122.323761],
"1729 e olive st":[47.6164419,-122.3099592],
"1800 nw carkeek park rd":[47.7117615,-122.3678688],
"2121 26 av s":[47.5842083,-122.2996639],
"2326 16th av s":[47.582138,-122.311702],
"2506 e yesler way":[47.601963,-122.299495],
"2514 sw trenton st":[47.5248163,-122.365369],
"2701 4th av s":[47.5793781,-122.3295635],
"27th av ne \/ ne 82nd st":[47.6884519,-122.2981429],
"3732 s perry st":[47.5150627,-122.2845658],
"4327 palatine av n":[47.660406,-122.35645],
"4715 sw 98th st":[47.51493,-122.393468],
"5319 51st av s":[47.553481,-122.27013],
"6011 28th av s":[47.548176,-122.297262],
"7527 seward park av s":[47.534451,-122.267648],
"8126 22nd av sw":[47.5292584,-122.3614708],
"8338 29th av nw":[47.689775,-122.394008],
"8550 16th av nw":[47.6919633,-122.3776998],
"9015 21st av sw":[47.5223728,-122.3608353],
"9th av \/ jefferson st":[47.6048423,-122.3241046],
"bellevue pl e \/ bellevue av e":[47.6269645,-122.3265888],
"e mcgilvra st \/ 43rd av e":[47.6406465,-122.2771581],
"ne 60th st \/ 5th av ne":[47.6722604,-122.3234428],
"nw 57th st \/ 9th av nw":[47.6701671,-122.3685905],
"terry av n \/ harrison st":[47.6220355,-122.3371396]
}