{
"2837 10th av e":[47.6467408,-122.3199622],
"2906 1st av n":[47.645862,-122.355246],
"2nd av & madison st":[47.6051579,-122.335131],
"300 wall st":[47.6160458,-122.3470404],
"310 ne 174th st":[47.755248,-122.326254],
"311 nw 51st st":[47.665491,-122.361241],
"3225 6th av w":[47.6485555,-122.3648788],
"3529 sw 98th st":[47.515343,-122.377895],
"37th pl sw \/ sw 104th st":[47.5100096,-122.3792463],
"3805 s holly park dr":[47.5356871,-122.2844026],
"3812 25th av w":[47.6544503,-122.3883714],
"3820 whitman av n":[47.6533702,-122.3457269],
"3928 interlake av n":[47.6550083,-122.3407993],
"3936 s angel pl":[47.544781,-122.281684],
"4220 sw 100th st":[47.5139468,-122.3869563],
"42nd av sw \/ sw holly st":[47.543017,-122.3857696],
"4315 wallingford av n":[47.659627,-122.336553],
"4520 sunnyside av n":[47.662098,-122.329793],
"4827 terrace dr ne":[47.6637508,-122.2855506],
"5012 university way ne":[47.6653279,-122.3128584],
"5116 sw pritchard st":[47.580013,-122.398015],
"51st av s \/ s dawson st":[47.5549675,-122.2699336],
"5730 26th av ne":[47.6708909,-122.2992563],
"7111 35th av nw":[47.6805635,-122.4025826],
"7269 27th av ne":[47.6826154,-122.298827],
"814 ne 65th st":[47.6760749,-122.3185948],
"816 ne 67th st":[47.677524,-122.319299],
"8347 29th av nw":[47.68999,-122.394787],
"9252 densmore av n":[47.6974919,-122.337297],
"9337 forest ct sw":[47.518713,-122.386],
"wb sr520 to sb i5":[47.636676,-122.323292]
}