{
"10033 29th av ne":[47.702022,-122.297192],
"10207 56th av s":[47.509372,-122.263356],
"1107 w prospect st":[47.6288018,-122.3705783],
"11325 lakeside av ne":[47.712439,-122.278225],
"11405 pinehurst way ne":[47.711654,-122.316352],
"1208 6th av n":[47.6300592,-122.3447343],
"1244 20th av e":[47.631936,-122.305622],
"1320 12th av s":[47.5908766,-122.3172647],
"13249 15th av ne":[47.7251098,-122.3126689],
"13323 20th av ne":[47.7255112,-122.3073063],
"1734 dexter av n":[47.634968,-122.341879],
"200 james st":[47.602322,-122.3325287],
"200-299 s king st":[47.59837,-122.3304262],
"2118 45th av sw":[47.584777,-122.388839],
"220 s brandon st":[47.5541705,-122.3316145],
"2504 ne 117th st":[47.7141779,-122.301504],
"2574 27th av w":[47.64307,-122.3912],
"318 2nd av et   s":[47.6005433,-122.3305826],
"3310 ne 123rd st":[47.717687,-122.291797],
"3326 ne 123rd st":[47.717512,-122.291536],
"3416 west viewmont way w":[47.651035,-122.409318],
"3429 20th av s":[47.5723002,-122.3058081],
"3503 e alder st":[47.60416,-122.288112],
"3637 40th av w":[47.653384,-122.408211],
"3820 6th av s":[47.5692722,-122.3262446],
"3841 53rd av sw":[47.569083,-122.400546],
"3901 sw arroyo dr":[47.502024,-122.382313],
"4135 47th av sw":[47.565591,-122.392538],
"4337 evanston av n":[47.660051,-122.351336],
"4415 sw walker st":[47.5838422,-122.3885715],
"4809 s garden st":[47.5374526,-122.2721084],
"5016 30th av s":[47.556705,-122.293542],
"511 n 82nd st":[47.6881965,-122.3519276],
"6247 6th av nw":[47.675493,-122.364335],
"6712 s 112th pl":[47.502776,-122.249996],
"6718 1st av nw":[47.678379,-122.357126],
"7724 15th av ne":[47.685642,-122.311809],
"7800 aurora av n":[47.6856755,-122.3440965],
"8820 42nd av sw":[47.52433,-122.385417],
"923 14th av e":[47.627567,-122.3149137],
"ne 85th st \/ 36th av ne":[47.6902045,-122.2892676],
"s morgan st \/ 31st av s":[47.5443328,-122.2928013],
"sw avalon way \/ harbor av sw":[47.5717533,-122.3707831],
"union st \/ 3rd av":[47.608754,-122.336886]
}