{
"10528 ashworth av n":[47.705825,-122.338659],
"1124 nw 53rd st":[47.6673902,-122.3718155],
"14th av w \/ w emerson st":[47.654004,-122.3749057],
"1705 e olive way":[47.6192552,-122.3231494],
"1738 ne brockman pl":[47.7221579,-122.3095373],
"17734 12th av ne":[47.758667,-122.314979],
"2615 e union st":[47.612639,-122.298044],
"3273 conkling pl w":[47.6496615,-122.3697612],
"3635 thorndyke av w":[47.6528652,-122.3776575],
"36th av w \/ w thurman st":[47.6558719,-122.4035565],
"3924 airport way s":[47.5682797,-122.3223417],
"3937 sw 97th st":[47.516284,-122.383802],
"405 nw 101st st":[47.7023051,-122.3614623],
"4101 woodlawn av n":[47.657002,-122.338987],
"4115 sw walker st":[47.5838046,-122.3845524],
"4221 s holly st":[47.5422757,-122.2797888],
"4355 east stevens way ne":[47.6597604,-122.3078689],
"458 mcgraw st":[47.640201,-122.347741],
"5782 s 152nd pl":[47.4657988,-122.2616922],
"5th av nw \/ nw 43rd st":[47.6589551,-122.362907],
"6405 28th av s":[47.54516,-122.297225],
"7029 25th av ne":[47.680303,-122.301036],
"7717 30th av nw":[47.685473,-122.3960923],
"7748 22nd av nw":[47.6864262,-122.3840091],
"830 ne northgate way":[47.709363,-122.319335],
"848 ne 56th st":[47.669528,-122.318007],
"n 127th st \/ palatine av n":[47.721421,-122.3568917],
"s kenyon st \/ 37th av s":[47.5315451,-122.2859153],
"sw barton st \/ 10th av sw":[47.5209887,-122.3479844],
"w barrett st \/ 10th av w":[47.646868,-122.3704133]
}