{
"10010 36th av ne":[47.701467,-122.288972],
"10032 31st av ne":[47.702179,-122.295],
"1027 bellevue ct e":[47.6275154,-122.3274282],
"10317 8th av ne":[47.703695,-122.320735],
"1231 e spruce st":[47.6033218,-122.3152759],
"1438 nw ballard way":[47.6629511,-122.3748311],
"1517 ne 123rd st":[47.7173526,-122.3118543],
"1710 e alder st":[47.604556,-122.309636],
"2215 11th av e":[47.6388589,-122.318286],
"2670 belvidere av sw":[47.579574,-122.378822],
"2811 20th av s":[47.578292,-122.307084],
"3011 nw 93rd st":[47.69623,-122.395976],
"3033 nw 70th st":[47.679215,-122.397138],
"320 queen anne av n":[47.6216074,-122.3564689],
"3414 34th av sw":[47.572465,-122.374884],
"353 n 71st st":[47.6801589,-122.3529661],
"38 florentia st":[47.647059,-122.3560151],
"4123 beach dr sw":[47.5668665,-122.40917],
"5011 15th av nw":[47.6654376,-122.3765674],
"5942 beacon av s":[47.548812,-122.300731],
"6211 26th av nw":[47.674226,-122.390438],
"6226 50th av ne":[47.6747615,-122.2735831],
"6353 sand point way ne":[47.6748805,-122.2643875],
"6417 marshall av sw":[47.5451698,-122.3936665],
"6536 37th av ne":[47.67689,-122.287844],
"6th av w \/ w pleasant pl":[47.6427152,-122.3648732],
"7138 m l king jr way s":[47.537656,-122.2812219],
"7522 36th av ne":[47.683748,-122.289123],
"7545 25th av nw":[47.6844809,-122.3890249],
"7706 32nd av ne":[47.685123,-122.293436],
"827 ne 59th st":[47.671265,-122.318827],
"8303 m l king jr way s":[47.5288834,-122.2806384],
"8825 wallingford av n":[47.693156,-122.336856],
"9258 rainier av s":[47.5198806,-122.2690964],
"e highland dr \/ 10th av e":[47.630486,-122.3202144],
"n 113th st \/ meridian av n":[47.71047,-122.3339908]
}