{
"10014 greenwood av n":[47.7018799,-122.3550631],
"10518 linden av n":[47.7056479,-122.347],
"10811 56th av s":[47.503023,-122.263502],
"120 ne 85th st":[47.6906446,-122.3272636],
"1427 ne 107th st":[47.706486,-122.312676],
"1509 e mercer st":[47.6242281,-122.3123884],
"1815 5th av w":[47.635256,-122.364064],
"1946 9th av":[47.6163203,-122.3355717],
"2000 ne pacific st":[47.650459,-122.3074795],
"2215 24th av e":[47.639144,-122.302353],
"2216 15th av s":[47.58313,-122.313018],
"2612 e aloha st":[47.626881,-122.298026],
"4108 fremont av n":[47.657016,-122.349493],
"413 7th av s":[47.5988486,-122.3241257],
"4810 54th av sw":[47.559098,-122.40076],
"5243 12th av ne":[47.6676912,-122.3155321],
"6534 36th av ne":[47.676846,-122.288702],
"6555 38th av s":[47.54329,-122.285603],
"6900 swift av s":[47.540335,-122.3010677],
"7111 california av sw":[47.539561,-122.3875669],
"7307 27th av sw":[47.537098,-122.367607],
"7403 california av sw":[47.536892,-122.387695],
"9329 renton av s":[47.5183528,-122.2711998],
"9735 woodlawn av n":[47.700746,-122.339075],
"e denny way \/ 24th av e":[47.6189249,-122.3011759],
"lenora pl n \/ n 145th st":[47.7340965,-122.3434189]
}