{
"10040 39th av ne":[47.7022693,-122.2863443],
"1245 ne 140th st":[47.730043,-122.313524],
"14 mcgraw st":[47.639786,-122.35613],
"14328 stone av n":[47.733186,-122.342048],
"1507 38th av e":[47.632496,-122.2844008],
"16th av \/ e pike st":[47.6141093,-122.3114636],
"2011 s nye pl":[47.594985,-122.305646],
"2301 n 140th st":[47.730219,-122.331312],
"2316 30th av s":[47.582361,-122.293807],
"2350 10th av e":[47.6409588,-122.3197479],
"2511 22nd av s":[47.580627,-122.304636],
"2537 lake washington blvd e":[47.6428864,-122.2988191],
"3010 37th av sw":[47.577028,-122.377797],
"3029 nw 60th st":[47.672044,-122.396986],
"310 bellevue av e":[47.6212164,-122.3262592],
"3258 45th av sw":[47.5740089,-122.389013],
"36th av s \/ s massachusetts st":[47.5876598,-122.2868617],
"3710 13th av s":[47.5703516,-122.3157743],
"404 yesler way":[47.601732,-122.3281329],
"4216 s angeline st":[47.5596249,-122.279927],
"426 n 68th st":[47.678934,-122.353101],
"4702 13th av s":[47.560775,-122.315734],
"4705 ne 54th st":[47.6676144,-122.2770424],
"4747 35th av sw":[47.5595316,-122.3765751],
"5145 s morgan st":[47.5438965,-122.2680024],
"5932 48th av sw":[47.549298,-122.393426],
"605 10th av e":[47.6244338,-122.3201286],
"6501 ellis av s":[47.5447653,-122.318931],
"6600 linden av n":[47.677053,-122.347074],
"7017 25th av nw":[47.680061,-122.389016],
"7300 33rd av s":[47.536878,-122.289542],
"8623 beacon av s":[47.525362,-122.288521],
"9520 mary av nw":[47.698548,-122.375066],
"9th av ne \/ ne 53rd st":[47.6671179,-122.3183985],
"baker av nw \/ nw market st":[47.6652013,-122.3597534],
"e yesler way \/ 20th av s":[47.6016712,-122.3063492],
"ne 76th st \/ banner way ne":[47.6838897,-122.3215108]
}