{
"10224 39th av sw":[47.511268,-122.381315],
"1109 4th av":[47.6071865,-122.3339426],
"1123 federal av e":[47.629398,-122.3194549],
"120 harvard av e":[47.6193598,-122.3218412],
"1212 s king st":[47.5986011,-122.3165396],
"12335 hiram pl ne":[47.7183167,-122.3011483],
"14324 stone av n":[47.7330582,-122.3420837],
"152 florentia st":[47.647141,-122.354277],
"15th av s \/ s snoqualmie st":[47.5616928,-122.3134867],
"1910 11th av s":[47.58494,-122.3184852],
"2805 beacon av s":[47.5784372,-122.3117174],
"2821 sw trenton st":[47.5244992,-122.3696019],
"2923 ne blakeley st":[47.6652925,-122.2962684],
"3014 s plum st":[47.5853262,-122.2933328],
"315 n 145th st":[47.7338932,-122.3547578],
"3201 hunter blvd s":[47.5750265,-122.285471],
"3212 sw 97th st":[47.5168503,-122.3741545],
"3226 37th av s":[47.574562,-122.28563],
"3230 25th av w":[47.649481,-122.388256],
"3964 evanston av n":[47.6550641,-122.3508217],
"400 boston st":[47.6384296,-122.349326],
"4240 brooklyn av ne":[47.6591807,-122.3143384],
"42nd av s \/ s kenny st":[47.5489352,-122.2808114],
"4318 dayton av n":[47.659531,-122.351745],
"4325 university way ne":[47.6605934,-122.3136391],
"4400 fremont av n":[47.660154,-122.349595],
"5000 50th av ne":[47.6651842,-122.273856],
"5020 erskine way sw":[47.5568684,-122.3900413],
"5911 22nd av s":[47.5498308,-122.3053987],
"6014 high point dr sw":[47.5479169,-122.3685634],
"7029 beach dr sw":[47.5397629,-122.3963528],
"707 16th av e":[47.6254467,-122.3117873],
"7347 35th av sw":[47.5360325,-122.376624],
"802 ne 89th st":[47.6932813,-122.3200806],
"8049 44th av ne":[47.6880508,-122.2814689],
"8142 29th av sw":[47.528774,-122.369519],
"8415 california av sw":[47.5280739,-122.387826],
"8507 linden av n":[47.6908045,-122.3474329],
"9408 lake city way ne":[47.6971246,-122.3052897],
"9538 1 av ne":[47.6990865,-122.3281473],
"98 e newton st":[47.6368375,-122.3271218]
}