{
"1100 e edgar st":[47.6446661,-122.3180643],
"112 28th av s":[47.6010837,-122.2956802],
"1261 sw othello st":[47.536808,-122.353246],
"1400 n 46th st":[47.662371,-122.34043],
"1522 nw 60th st":[47.6725809,-122.3773231],
"1564 nw leary way":[47.6638164,-122.378576],
"1830 yale av":[47.6178479,-122.3302386],
"2018 taylor av n":[47.637121,-122.3456841],
"2703 s dawson st":[47.5558613,-122.2976123],
"2733 ne 92nd st":[47.695421,-122.297203],
"2943 s webster st":[47.535076,-122.2932417],
"3001 harris pl s":[47.576541,-122.302619],
"3020 nw 61st st":[47.6731895,-122.3966785],
"311 1st av s":[47.5996199,-122.3344224],
"318 30th av e":[47.621854,-122.292841],
"3202 s chicago st":[47.532586,-122.290599],
"3318 hunter blvd s":[47.5731224,-122.2845647],
"3612 34th av w":[47.6527423,-122.4008872],
"4145 12th av s":[47.5658293,-122.3175525],
"45th av sw \/ glenn way sw":[47.5631597,-122.3896381],
"4760 university way ne":[47.6647364,-122.3127062],
"5128 55th av s":[47.556107,-122.264501],
"5225 16th av sw":[47.55538,-122.355103],
"537 33rd av s":[47.596812,-122.290524],
"604 n 45th st":[47.661613,-122.351099],
"620 nw 48th st":[47.6638546,-122.3650083],
"621 western av":[47.6019481,-122.3355121],
"623 nw 90th st":[47.6940776,-122.3643824],
"6357 seaview av nw":[47.6743683,-122.4063761],
"6526 park point way ne":[47.6758653,-122.2654127],
"6543 43rd av ne":[47.6770979,-122.2825494],
"700 n 98th st":[47.700794,-122.349817],
"756 n 81st st":[47.6878612,-122.3474743],
"7748 23rd av nw":[47.6864157,-122.3850794],
"817 yesler way":[47.6016916,-122.3220382],
"9113 48th av s":[47.5220186,-122.272885],
"eb sr520 at east span":[47.63798,-122.2436999],
"newton st \/ taylor av n":[47.6365511,-122.3459175]
}