{
"10226 42nd av sw":[47.511304,-122.385436],
"10300 1st av ne":[47.7031859,-122.3284486],
"11730 15th av ne":[47.7149219,-122.3123423],
"119 3rd av s":[47.5885412,-122.330128],
"12710 10th av ne":[47.721791,-122.317116],
"12735 6th av nw":[47.722542,-122.364056],
"13533 15th pl ne":[47.727555,-122.312344],
"1403 33rd av":[47.613056,-122.290683],
"1438 s donovan st":[47.525825,-122.313334],
"1629 eastlake av e":[47.6344967,-122.3257875],
"1722 n 47th st":[47.6631096,-122.3366391],
"222 summit av e":[47.6203709,-122.3249377],
"2222 25th av e":[47.6393739,-122.300191],
"2423 queen anne av n":[47.640293,-122.357304],
"3043 nw 64th st":[47.674931,-122.397535],
"3116 rainier av s":[47.575204,-122.294939],
"3241 34th av w":[47.649856,-122.401363],
"342 nw 74th st":[47.682729,-122.3625365],
"3707 sw tillman st":[47.526676,-122.379744],
"3803 burke av n":[47.6533251,-122.3353053],
"3840 44th av sw":[47.568962,-122.387709],
"4045 brooklyn av ne":[47.6565449,-122.3144615],
"4536 41st av sw":[47.561762,-122.383878],
"4664 1st av ne":[47.66445,-122.327966],
"6520 22nd av nw":[47.6766272,-122.3839726],
"6553 53rd av ne":[47.677401,-122.270823],
"7115 16th av sw":[47.538629,-122.355434],
"7334-7421 m l king jr way s":[47.5359492,-122.2806338],
"900 22nd av s":[47.5944615,-122.3032728],
"9024 39th av s":[47.522264,-122.28336],
"9615 20th av sw":[47.516952,-122.3594767],
"9625 renton av s":[47.5162574,-122.269215],
"atlantic alaskan way rp":[47.5910293,-122.3367556],
"corliss av n \/ northgate wy i5 rp":[47.7086459,-122.3313136]
}