{
"100 broadway  e":[47.6187627,-122.3208282],
"10664 riviera pl ne":[47.707687,-122.275003],
"11508 greenwood av n":[47.712672,-122.355075],
"11557 phinney av n":[47.71399,-122.354583],
"13724 37th av ne":[47.728928,-122.28788],
"13th av s \/ s nevada st":[47.5653106,-122.3159929],
"1527 harvard av":[47.6148041,-122.3222682],
"1719 nw 58th st":[47.6706069,-122.379778],
"2330 harbor av sw":[47.5823474,-122.3729737],
"2517 e helen st":[47.627938,-122.299575],
"3303 w crockett st":[47.6375967,-122.3997232],
"4123 42nd av s":[47.565548,-122.28105],
"4141 brooklyn av ne":[47.658141,-122.3147524],
"4237 sw findlay st":[47.5520878,-122.386094],
"4455 interlake av n":[47.6606972,-122.3407599],
"520 n 79th st":[47.6864113,-122.3515416],
"5357 s creston st":[47.506776,-122.265055],
"537 n 101st st":[47.7021692,-122.3513439],
"5605 s roxbury st":[47.516629,-122.262764],
"6211 28th av ne":[47.674339,-122.2977405],
"6220 carleton av s":[47.5467299,-122.3201012],
"7030 mary av nw":[47.6805715,-122.3754202],
"7209 54th av s":[47.5375534,-122.2665929],
"815 w mcgraw st":[47.6394245,-122.3684467],
"818 32nd av":[47.609862,-122.291173],
"8304 54th av s":[47.529441,-122.265117],
"841 s sullivan st":[47.527061,-122.321064],
"8556 evanston av n":[47.692273,-122.350898],
"929 n 86th st":[47.6910851,-122.346015],
"9709 8th av sw":[47.5162039,-122.3456301],
"e newton st \/ lakeview blvd e":[47.636808,-122.3234682],
"n 145th st \/ midvale av n":[47.7340908,-122.3439954],
"ne 117th st \/ pinehurst way ne":[47.7139773,-122.3128169]
}