{
"102 n 73rd st":[47.682032,-122.357736],
"10909 linden av n":[47.7083626,-122.3477529],
"1160 23rd av":[47.6127132,-122.3026966],
"12252 12th av nw":[47.719361,-122.371341],
"13505 23rd av ne":[47.726787,-122.304305],
"1428 nw 57th st":[47.6701839,-122.3743981],
"1724 sw barton st":[47.5211743,-122.3574067],
"1767 14th av s":[47.5872264,-122.3152628],
"1900 e union st":[47.613113,-122.307284],
"2147 n 62nd st":[47.673443,-122.3314311],
"2415 29th av w":[47.6400668,-122.3944314],
"26th av \/ e howell st":[47.6176418,-122.2985631],
"2909 s adams st":[47.56478,-122.296703],
"2915 ne 60th st":[47.6719774,-122.2954656],
"3024 e republican st":[47.623855,-122.292156],
"3220 s edmunds st":[47.5588666,-122.2905388],
"3732 sw sullivan st":[47.5278429,-122.3807239],
"3921 s cloverdale st":[47.52581,-122.282631],
"4344 54rd av ne":[47.6599863,-122.2700016],
"5026 sw admiral way":[47.579565,-122.396538],
"5335 ballard av nw":[47.6671885,-122.3841482],
"5405 lake washington blvd s":[47.553252,-122.261044],
"5436 beacon av s":[47.552644,-122.301888],
"5511 s holly st":[47.5423363,-122.2639489],
"5932 42nd av sw":[47.549302,-122.385285],
"6045 3rd av nw":[47.6737148,-122.3610907],
"6317 california av sw":[47.5460708,-122.3872341],
"6412 ne 60th st":[47.672298,-122.25897],
"6718 42nd av sw":[47.542437,-122.385413],
"7719 earl av nw":[47.6855307,-122.3922453],
"9508 5th av ne":[47.6978012,-122.3230564],
"e prospect st \/ 18th av e":[47.6286758,-122.3086235],
"e yesler way \/ 19th av":[47.6016792,-122.3076551]
}