{
"10013 holman rd nw":[47.7016592,-122.3622759],
"13810 greenwood av n":[47.729988,-122.355256],
"14014 25th av ne":[47.730692,-122.30153],
"1532 5th av":[47.6114391,-122.3362646],
"17th av ne \/ ne 104th st":[47.7039834,-122.3095753],
"1921 minor av":[47.6178957,-122.3327956],
"21st av sw \/ sw juneau st":[47.5501672,-122.3598617],
"2248 nw market st":[47.6689447,-122.3868535],
"22nd av sw \/ sw barton pl":[47.5223233,-122.3620442],
"2737 34th av s":[47.5785106,-122.2900725],
"2906 s holly st":[47.5427585,-122.2955182],
"3022 39th av sw":[47.576737,-122.381029],
"3026 nw 69th st":[47.6789272,-122.3969362],
"3608 - 22nd ave w":[47.6524656,-122.3845503],
"3716 32nd av w":[47.6537438,-122.3979782],
"3822 53rd av sw":[47.5695819,-122.39971],
"4328 sw concord st":[47.524335,-122.388779],
"4401 s snoqualmie st":[47.561471,-122.277975],
"4831 37th av ne":[47.664413,-122.288354],
"5126 s medley ct":[47.5348093,-122.2687247],
"5218 university way ne":[47.6670408,-122.3126569],
"5422 42nd av sw":[47.5531621,-122.3851789],
"5708 renton av s":[47.55092,-122.284639],
"6315 32nd av s":[47.545646,-122.291867],
"6708 34th pl s":[47.541848,-122.288676],
"700 6th av s":[47.5964118,-122.3262929],
"7309 35th av ne":[47.681544,-122.2907005],
"8100 15th av sw":[47.5299024,-122.3536662],
"8614 25th av ne":[47.691729,-122.301126],
"8632 22nd av sw":[47.5255105,-122.3615528],
"9022 palatine av n":[47.694939,-122.356309],
"911 1st av n":[47.6275738,-122.355606],
"9231 11th av nw":[47.697049,-122.370359],
"9439 renton av s":[47.5172394,-122.2704552],
"9534 palatine av n":[47.698815,-122.356349],
"corson av s & s michigan st":[47.5475001,-122.3214556],
"east green lake way n \/ kirkwood pl n":[47.6737086,-122.3356536],
"m l king jr way \/ e yesler way":[47.60166,-122.2967608],
"prospect st \/ warren av n":[47.628936,-122.3540736],
"roy st \/ 5th av n":[47.6254293,-122.3475475]
}