{
"1016 jefferson st":[47.6056662,-122.3224222],
"10740 fremont av n":[47.707666,-122.349715],
"10750 greenwood av n":[47.708381,-122.355057],
"11670 renton av s":[47.497606,-122.247841],
"1210 1st av":[47.6064589,-122.3378508],
"12530 3rd av ne":[47.7199695,-122.3261962],
"127 n bowdoin pl":[47.6548605,-122.3559793],
"1320 aurora av n":[47.7341014,-122.3449965],
"1624 4th av w":[47.634322,-122.361948],
"17th av e \/ e john st":[47.619691,-122.310139],
"1819 3rd av w":[47.63543,-122.361382],
"201 w mercer st":[47.6245802,-122.3593488],
"2300 fairview av e":[47.6397409,-122.329411],
"2421 s norman st":[47.592546,-122.300189],
"2500 15th av w":[47.640948,-122.3759059],
"2502 24th av w":[47.6415546,-122.3873524],
"2610 s angeline st":[47.5599095,-122.2987457],
"3015 nw 85th st":[47.6905578,-122.3965981],
"30th av e \/ e mercer st":[47.6249397,-122.2930615],
"3134 ne 83rd st":[47.6890069,-122.2935009],
"3554 sw 110th st":[47.504868,-122.3784],
"3704 48th av ne":[47.654766,-122.275333],
"4112 sunnyside av n":[47.657117,-122.329859],
"4608 s chicago st":[47.532848,-122.274881],
"500 stewart st":[47.6130131,-122.3378404],
"522 6th av s":[47.5977323,-122.3260915],
"5523 woodlawn av n":[47.6694184,-122.3379865],
"5547 16th av s":[47.5520833,-122.3125596],
"566 s myrtle st":[47.5394173,-122.3268677],
"5955 36th av s":[47.548211,-122.288193],
"6302 se 22nd st":[47.591292,-122.249756],
"6530 high point dr sw":[47.5441725,-122.3680895],
"719 2nd av n":[47.6261103,-122.353104],
"7322 16th av nw":[47.681999,-122.377526],
"7734 mary av nw":[47.686114,-122.375077],
"7933 10th av sw":[47.5309373,-122.3483374],
"8129 34th av sw":[47.529188,-122.375664],
"8518 20th av nw":[47.69118,-122.381924],
"8750 greenwood av n":[47.6936587,-122.3548789],
"8850 14th av sw":[47.523175,-122.35248],
"900 e republican st":[47.6231526,-122.320917],
"9685 51st av s":[47.514516,-122.270358],
"lakeside av s \/ s irving st":[47.5911098,-122.2869946],
"minor av \/ bellevue av":[47.6130641,-122.3270034],
"renton av s \/ s chicago st":[47.5325241,-122.2785936],
"wb wsea frwy to fauntleroy wy":[47.565151,-122.376011]
}