{
"110 ne 147th st":[47.735587,-122.328422],
"11035 bartlett av ne":[47.709607,-122.28229],
"1106 nw 56th st":[47.6696049,-122.371149],
"1306 western av":[47.6067241,-122.3391506],
"216 10th av e":[47.620393,-122.319171],
"2591 perkins ln w":[47.642686,-122.41659],
"319 pike st":[47.6099101,-122.3373714],
"3405 23rd av w":[47.6505941,-122.3862571],
"35th av ne \/ ne 137th st":[47.7282846,-122.2909288],
"36th av w \/ w government way":[47.6584017,-122.4035528],
"3945 s sullivan st":[47.5266009,-122.2818387],
"4051 ne 110th st":[47.708019,-122.283344],
"4549 25th av ne":[47.6633272,-122.3009455],
"4630 33rd av w":[47.6640782,-122.3993773],
"48th av ne \/ ne 75th st":[47.6830403,-122.2765563],
"507 galer st":[47.632102,-122.347126],
"5207 11th av nw":[47.6667578,-122.3707863],
"533 s holden st":[47.5338932,-122.3269059],
"5657 16th av sw":[47.550297,-122.355177],
"5806 greenwood av n":[47.671384,-122.355068],
"6125 47th av s":[47.547184,-122.274124],
"6518 ne windermere rd":[47.670716,-122.257682],
"6700 s 116th pl":[47.5008343,-122.2500214],
"6820 27th av ne":[47.678216,-122.298129],
"7051 12th av sw":[47.539426,-122.350754],
"7343 7th av sw":[47.535565,-122.344974],
"7421 4th av ne":[47.6822995,-122.3253645],
"7738 corliss av n":[47.6861869,-122.330114],
"8016 37th av sw":[47.530674,-122.379026],
"851 nw 56th st":[47.6692006,-122.368394],
"8832 delridge way sw":[47.5236779,-122.360071],
"9234 30th av sw":[47.520001,-122.370965],
"9258 9th av nw":[47.6976934,-122.3684547]
}