{
"10019 34th av sw":[47.5131408,-122.3754951],
"10028 ravenna av ne":[47.7019,-122.298991],
"1134 hawaii cir":[47.6604449,-122.4199998],
"12219 4th av nw":[47.7183245,-122.3626685],
"13520 35th av ne":[47.727129,-122.290528],
"1534 magnolia way w":[47.6334,-122.3898],
"1723 ne 88th st":[47.691877,-122.308542],
"1911 10th av w":[47.6363745,-122.3706346],
"2011 30th av s":[47.585037,-122.294322],
"2115 california av sw":[47.584842,-122.386788],
"2218 5th av":[47.6158333,-122.3421903],
"233 6th av n":[47.6206464,-122.3453738],
"2637 nw market st":[47.6683206,-122.3918674],
"2726 ne 75th st":[47.6832233,-122.2974737],
"3412 35th av sw":[47.5724669,-122.3758272],
"3628 sw 108th st":[47.506681,-122.378347],
"4121 1st av s":[47.567295,-122.3352207],
"4237 33rd av w":[47.6588137,-122.3997834],
"4607 s myrtle st":[47.538696,-122.274866],
"6038 s pilgrim st":[47.5153472,-122.2573129],
"6230 29th av ne":[47.674885,-122.296105],
"6504 20th av ne":[47.6761134,-122.3063435],
"6634 high point dr sw":[47.5433186,-122.3695565],
"7254-7271 west green lake dr n":[47.681832,-122.3428276],
"7340 jones av nw":[47.682494,-122.386125],
"7521 16th av nw":[47.683917,-122.3781682],
"7901 greenwood av n":[47.6862194,-122.3553027],
"8008 10th av nw":[47.6871653,-122.3691349],
"810 e denny way":[47.618989,-122.32168],
"9433 9th av sw":[47.518179,-122.347083],
"post al \/ virginia st":[47.6107363,-122.3430488],
"w mcgraw st \/ 34th av w":[47.6395537,-122.4009985]
}