{
"10708 12th av ne":[47.707053,-122.315086],
"11003 35th av ne":[47.7086248,-122.2907789],
"1101 e yesler way":[47.6016869,-122.3177416],
"1207 e hamlin st":[47.6454507,-122.3164339],
"1317 republican st":[47.623003,-122.3296709],
"15th av w off rp \/ 15th emerson rp":[47.6534688,-122.3760203],
"217 w boston st":[47.6383762,-122.3605551],
"2214 8th av":[47.6173739,-122.3393737],
"2322 ne 92nd st":[47.695986,-122.303212],
"2601 15th av w":[47.6439587,-122.3767162],
"26th av sw \/ sw roxbury st":[47.5173845,-122.3658995],
"2905 1st av":[47.616869,-122.353028],
"4219 whitman av n":[47.6583675,-122.3459892],
"4500 fauntleroy way sw":[47.5626663,-122.3790361],
"513 20th av e":[47.6236249,-122.306381],
"5425 17th av sw":[47.5529321,-122.3562245],
"6533 26th av nw":[47.676968,-122.390041],
"6922 30th av s":[47.540139,-122.292736],
"7400 46th av s":[47.5359139,-122.2753133],
"7501 m l king jr way s":[47.5362024,-122.2809693],
"7510 beacon av s":[47.534842,-122.289642],
"826 25th av s":[47.59472,-122.299791],
"8308 wabash av s":[47.5291797,-122.2694587],
"cheasty blvd s \/ beacon av s":[47.5611599,-122.305099],
"harvard av \/ e pine st":[47.6152332,-122.3221099],
"n midvale pl \/ n 46th st":[47.662128,-122.3446001],
"n northlake way \/ eastern av n":[47.6519342,-122.3290436]
}