{
"11th av sw \/ sw elmgrove st":[47.5301381,-122.3493186],
"1811 e fir st":[47.6026648,-122.3082344],
"2106 n 122nd st":[47.717416,-122.33383],
"2532 crestmont pl w":[47.6422013,-122.4069572],
"2956 eastlake av e":[47.6483893,-122.3231829],
"310 mercer st":[47.6245793,-122.351202],
"3251 61st av sw":[47.5743591,-122.411165],
"3515 sw ocean view dr":[47.502266,-122.37649],
"4050 6th av nw":[47.6564175,-122.3635434],
"4516 sw holgate st":[47.58701,-122.389895],
"4819 14th av s":[47.5596109,-122.314472],
"5101 24th av ne":[47.6659149,-122.3019567],
"5503 6th av nw":[47.668855,-122.364356],
"6030 35th av ne":[47.67305,-122.289921],
"624 w emerson st":[47.651392,-122.365885],
"6743 2nd av nw":[47.679011,-122.359762],
"6861 holly park dr s":[47.5402991,-122.2881183],
"6970 california av sw":[47.541085,-122.386789],
"700 18th av":[47.6080178,-122.3089215],
"7019 13th av sw":[47.540568,-122.351846],
"7344 35th av s":[47.53571,-122.288229],
"8347 10th av nw":[47.690116,-122.369671],
"9500 fauntleroy way sw":[47.5175194,-122.394134],
"fremont av n\/n 145th st":[47.7341278,-122.350507],
"m l king jr way s \/ s morgan st":[47.5438916,-122.2844042],
"minor av n \/ roy st":[47.6251756,-122.3325888],
"nw market st \/ 24th av nw":[47.6686787,-122.3875802]
}