{
"12758 30th av ne":[47.7227796,-122.2961351],
"1516 s bennett st":[47.5549635,-122.3126801],
"1601 dexter av n":[47.6335577,-122.3427171],
"1700 ne 143rd st":[47.732256,-122.309621],
"1757 1st av s":[47.5864704,-122.3347005],
"1928 5th av w":[47.636803,-122.363256],
"2115 n 128th st":[47.72104,-122.333612],
"26th av nw \/ nw 83rd st":[47.689011,-122.3897817],
"2856 nw 64th st":[47.675409,-122.395446],
"357 nw 90th st":[47.6940836,-122.3631107],
"385 w ewing st":[47.6522392,-122.3638539],
"421 nw 101st st":[47.701928,-122.362272],
"4316 48th av ne":[47.6604219,-122.276294],
"5041 beach dr sw":[47.556576,-122.400981],
"6031 39th av ne":[47.6731085,-122.286111],
"606 post av":[47.6019962,-122.3347095],
"6727 42nd av sw":[47.542191,-122.386088],
"6808 30th av s":[47.5411306,-122.2931172],
"6848 38th av ne":[47.678981,-122.2865967],
"7048 10th av nw":[47.6809439,-122.369062],
"7602 48th av s":[47.5345128,-122.2723918],
"7th av ne & ne 50th st":[47.6649546,-122.3207561],
"8200 - 8499 wallingford av n":[47.688709,-122.336422],
"8439 30th av sw":[47.527131,-122.371629],
"8520 26th av nw":[47.691232,-122.389921],
"8802 38th av sw":[47.524554,-122.380312],
"9103 23rd av ne":[47.694996,-122.304583]
}