{
"10551 interlake av n":[47.7066372,-122.3410541],
"14338 lenora pl n":[47.7335629,-122.343032],
"1720 29th av":[47.61713,-122.294467],
"1765 22nd av s":[47.5871726,-122.3041289],
"1938 nw 97th st":[47.6999445,-122.3824971],
"1st av s sb on rp \/ s michigan st":[47.5448814,-122.331306],
"200 union st":[47.6083054,-122.3379956],
"2130 n 113th st":[47.7106355,-122.3325008],
"28th av ne \/ ne 82nd st":[47.6884553,-122.2973814],
"3512 ne 140th st":[47.7302642,-122.2906056],
"3711 sw ida st":[47.533973,-122.379866],
"3903 e boston st":[47.6378708,-122.2827222],
"3915 31st av s":[47.5685379,-122.292809],
"3921 25th av s":[47.568622,-122.300877],
"4011 38th av sw":[47.567941,-122.380483],
"4019 latona av ne":[47.6561646,-122.3257039],
"4216 linden av n":[47.658296,-122.348194],
"4324 31st av w":[47.659137,-122.396834],
"4503 sw othello st":[47.5378556,-122.3900632],
"4531 44th av sw":[47.561976,-122.388461],
"5012 26th av sw":[47.557012,-122.365177],
"524 broadway":[47.6070451,-122.3204144],
"5466 21st av sw":[47.551842,-122.359589],
"6712 25th av nw":[47.678122,-122.388332],
"7011 california av sw":[47.5403182,-122.3875613],
"7210 palatine av n":[47.6811309,-122.3561281],
"8034 sunnyside av n":[47.687936,-122.329307],
"8157 9th av sw":[47.528464,-122.347083],
"937 n 84th st":[47.689613,-122.345541],
"ne 105th st \/ 1st av ne":[47.7050076,-122.3286329]
}