{
"10001 1st av ne":[47.7013859,-122.3285271],
"12707 1st av ne":[47.721551,-122.329327],
"13740 40th av ne":[47.729244,-122.285304],
"1511 7th av":[47.6119075,-122.3341121],
"1800 e yesler way":[47.6018603,-122.3086543],
"1902 e jefferson st":[47.6063509,-122.307326],
"201 16th av":[47.6035277,-122.311282],
"2323 ne 94th st":[47.6963859,-122.303196],
"2630 nw 60th st":[47.672361,-122.3908039],
"2746 46th av sw":[47.577967,-122.390331],
"2816 29th av w":[47.645147,-122.39389],
"2836 s genesee st":[47.5636134,-122.2960609],
"3859 33rd av sw":[47.568117,-122.374305],
"3956 1st av ne":[47.655412,-122.327561],
"4002 cascadia av s":[47.5677042,-122.2825788],
"4039 evanston av n":[47.656525,-122.351438],
"406 2nd av et  s":[47.6010528,-122.3310867],
"4068 burton pl w":[47.6575418,-122.3894079],
"4100 sw othello st":[47.5376876,-122.3845961],
"4515 s alaska st":[47.560385,-122.2762692],
"4636 beach dr sw":[47.561514,-122.404085],
"4824 rainier av s":[47.5587805,-122.2852316],
"5033 delridge way sw":[47.556453,-122.363345],
"5256 45th av sw":[47.5549576,-122.3897288],
"530 26th av s":[47.597112,-122.298451],
"602 e harrison st":[47.6221378,-122.3237113],
"6750 magnuson park acrd":[47.682259,-122.2580203],
"8430 12th av sw":[47.5273309,-122.350198],
"north park av n \/ n 122nd st":[47.7177705,-122.3494529],
"nw 54th st \/ 3rd av nw":[47.6678936,-122.3608102]
}