{
"100 2nd av et s":[47.6017181,-122.331979],
"1214 e fir st":[47.602852,-122.3160094],
"12547 1st av ne":[47.720889,-122.329284],
"13050 1st av ne":[47.724634,-122.328497],
"14th av ne \/ ne 85th st":[47.690348,-122.313482],
"2001 21st av s":[47.5852116,-122.3059365],
"211 11th av e":[47.6203032,-122.3184708],
"2509 e howell st":[47.617465,-122.299544],
"2722 queen anne av n":[47.6448287,-122.3565642],
"2922 mayfair av n":[47.6462999,-122.352051],
"3566 sw admiral way":[47.579841,-122.37625],
"4115 35th av sw":[47.5659596,-122.376444],
"4608 sw admiral way":[47.58144,-122.391089],
"4610 bagley av n":[47.663039,-122.332171],
"5077 sw olga st":[47.580321,-122.397055],
"6011 28th av ne":[47.672515,-122.297791],
"6302 39th av sw":[47.5464566,-122.3815859],
"6308 hampton rd s":[47.546169,-122.2601],
"6555 20th av nw":[47.677487,-122.382475],
"6834 31st av ne":[47.6786,-122.293795],
"7339 12th av ne":[47.682715,-122.315697],
"7419 keen way n":[47.6833655,-122.3416278],
"8050 lake city way ne":[47.687469,-122.3118515],
"839 nw 54th st":[47.6677098,-122.3679685],
"8542 17th av nw":[47.691847,-122.378652],
"9016 4th av nw":[47.6948124,-122.3617736],
"9309 38th av s":[47.519325,-122.285175],
"9809 34th av sw":[47.51534,-122.375829],
"ashworth av n \/ n 137th st":[47.728677,-122.339628],
"queen anne av \/ denny way":[47.618589,-122.3566375],
"w raye st \/ 15th av w":[47.6429669,-122.376235]
}