{
"10114 renton av s":[47.510036,-122.258681],
"10248 65th av s":[47.50831,-122.252046],
"10359 51st av s":[47.507253,-122.2700973],
"12324 33rd av ne":[47.7180173,-122.292533],
"125 nw 117th st":[47.713921,-122.359313],
"1771 sturgus av s":[47.587074,-122.3119734],
"2203 n 59th st":[47.671376,-122.3315752],
"2410 sw juneau st":[47.5501096,-122.3632981],
"25th av e \/ e mcgraw st":[47.6402584,-122.3003291],
"2607 royal ct e":[47.643408,-122.299605],
"2763 4th av s":[47.5779613,-122.3295363],
"313 s findlay st":[47.5524372,-122.3305077],
"3172 ne 82nd st":[47.688316,-122.292004],
"3417 39th av sw":[47.572607,-122.381767],
"4233 s frontenac st":[47.539513,-122.279293],
"4520 colorado av s":[47.5628325,-122.3367813],
"5029 47th av ne":[47.6657685,-122.2776268],
"611 20th av e":[47.624759,-122.306284],
"6305 m l king jr way s":[47.5455657,-122.2860108],
"6732 mars av s":[47.542364,-122.301988],
"6th av s \/ seattle blvd s":[47.5948712,-122.325978],
"8021 earl av nw":[47.6873793,-122.3922585],
"8209 northrop pl sw":[47.530197,-122.388906],
"9226 woodlawn av n":[47.696845,-122.338383],
"945 21 av e":[47.62815,-122.305139],
"9660 47th av sw":[47.515734,-122.392415],
"mary av nw \/ nw 73rd st":[47.6814307,-122.3757248],
"sw elmgrove st \/ 31st av sw":[47.5300954,-122.3725859]
}