{
"11024 40th av ne":[47.709004,-122.284836],
"12025 aurora av n":[47.7165981,-122.3448985],
"13041 3rd av nw":[47.7244249,-122.3612347],
"1363 31st av s":[47.5907758,-122.2926634],
"1400 ne 56th st":[47.6694576,-122.3130313],
"17053 3rd av ne":[47.7538,-122.327115],
"1807 nw 73rd st":[47.6811549,-122.3804467],
"1933 ne 125th st":[47.7189981,-122.3079527],
"201 mercer st":[47.6241187,-122.3524483],
"2209 e mercer st":[47.6242019,-122.302998],
"2354 w plymouth st":[47.6364919,-122.388613],
"3006 65th av sw":[47.5768932,-122.4157007],
"3112 e cherry st":[47.608241,-122.291932],
"31st av w \/ w commodore way":[47.6635622,-122.3967204],
"3235 sw graham st":[47.5466186,-122.3738929],
"4616 s raymond pl":[47.548434,-122.274397],
"4701 shilshole av nw":[47.6625633,-122.3800017],
"511 ne 95th st":[47.697429,-122.322454],
"5220 s dawson st":[47.5550643,-122.2671766],
"5603 rainier av s":[47.5517893,-122.2783592],
"5934 shaffer av s":[47.548837,-122.294461],
"6411 linden av n":[47.6757621,-122.3486222],
"6750 jones av nw":[47.679152,-122.38611],
"727 n 104th st":[47.704124,-122.348877],
"747 n 78th st":[47.6853265,-122.3478878],
"7716 31st av sw":[47.533155,-122.372148],
"799 bellevue pl e":[47.6267333,-122.3273349],
"8007 45th av ne":[47.686855,-122.2802149],
"9021 rainier av s":[47.5225629,-122.2705329],
"9239 9th av sw":[47.519804,-122.347092],
"ballard av nw \/ 17th av nw":[47.6629278,-122.3789098],
"walnut av sw \/ sw hanford st":[47.575613,-122.3835548]
}