{
"11744 sand point way ne":[47.7149038,-122.2824781],
"122 20th av e":[47.6191818,-122.3056821],
"1509 boren av":[47.6125465,-122.3280947],
"17th av sw\/sw roxbury st":[47.5174259,-122.3564898],
"1825 e lynn st":[47.63932,-122.307896],
"1906 26th av e":[47.636091,-122.299141],
"2100 w commodore way":[47.660055,-122.384412],
"2442 5th av w":[47.640871,-122.3633449],
"2912 4th av w":[47.6462379,-122.361814],
"2912 s webster st":[47.5355459,-122.294466],
"4209 43rd av s":[47.564917,-122.279894],
"4209 sw 106th st":[47.508033,-122.386392],
"4230 s lucile st":[47.5528651,-122.2793891],
"4557 34th av s":[47.5611729,-122.290226],
"5909 15th av nw":[47.6721034,-122.3764918],
"6002 36th av ne":[47.672279,-122.288804],
"7321 33rd av s":[47.536401,-122.2902372],
"9001 39th av s":[47.5229202,-122.2840446],
"911 m l king jr way":[47.6104054,-122.2966106],
"e terrace st \/ 12th av":[47.6051981,-122.3167946],
"n 90th st \/ midvale av n":[47.6941898,-122.3424012],
"ne 60th st \/ 45th av ne":[47.6721432,-122.2794825],
"renton  av s \/ s henderson st":[47.5233123,-122.2764032],
"s willow st \/ 42nd av s":[47.5406674,-122.280811]
}