{
"12556 37th av ne":[47.721054,-122.28819],
"12730 28th av ne":[47.7220877,-122.2974354],
"1310 n lucas pl":[47.6560099,-122.3419288],
"14315 aurora av n":[47.7329164,-122.3459806],
"1938 35th av w":[47.6370727,-122.4009558],
"201 ne 42nd st":[47.6575597,-122.3265262],
"2154 halleck av sw":[47.583956,-122.398599],
"23rd av ne \/ ne 105th st":[47.7048412,-122.3043186],
"2423 nw 58th st":[47.670688,-122.388703],
"2536 beacon av s":[47.5799906,-122.312831],
"2612 shoreland dr s":[47.5797979,-122.284752],
"2714 23rd av s":[47.5787208,-122.3030725],
"3807 s rose st":[47.529477,-122.284521],
"3830 sw orchard st":[47.538417,-122.381503],
"4127 48th av sw":[47.5658,-122.393858],
"4235 s graham st":[47.545743,-122.279336],
"4419 sw rose st":[47.528711,-122.3901629],
"4508 3rd av nw":[47.6618298,-122.3607726],
"4918 42nd av s":[47.5575565,-122.28038],
"500 5th av w":[47.6235255,-122.3628754],
"5648 35th av sw":[47.550505,-122.375906],
"6250 25th av ne":[47.6752046,-122.3003924],
"6744 mary av nw":[47.6791079,-122.3759233],
"757 n 95th st":[47.697582,-122.347746],
"8003 california av sw":[47.53123,-122.387936],
"8521 8th av ne":[47.691039,-122.32062],
"8714 15th av nw":[47.6932077,-122.3766785],
"943 n 80th st":[47.6867386,-122.345316],
"ne 105th st \/ roosevelt way ne":[47.7049404,-122.3177927],
"ne 106th st \/ 8th av ne":[47.7058239,-122.3205048],
"nw 67th st \/ 14th av nw":[47.6778171,-122.3740701],
"roosevelt way ne \/ ne 125th sr st":[47.7194496,-122.3181339]
}