{
"100 s holden st":[47.5341608,-122.332084],
"10354 riviera pl ne":[47.7050273,-122.2750544],
"141 ne 112th st":[47.7099439,-122.3283648],
"1540 nw 52nd st":[47.666664,-122.3779906],
"23rd av s \/ s bayview st":[47.5810095,-122.3032273],
"2425 sw barton st":[47.5207849,-122.364299],
"2735 1st av s":[47.5786885,-122.3347006],
"2921 e cherry st":[47.607885,-122.293829],
"3216 nw 70th st":[47.679637,-122.399158],
"3314 nw 67th st":[47.6772322,-122.4003632],
"4006 ne 38th st":[47.656776,-122.284587],
"4056 46th av sw":[47.566768,-122.390388],
"4205 mary gates memorial dr ne":[47.6597531,-122.2923903],
"4215 26th av sw":[47.565758,-122.365773],
"4431 m l king jr way s":[47.5631575,-122.29531],
"4521 renton av s":[47.5622799,-122.2917495],
"4553 s lucile st":[47.5524803,-122.2761284],
"499 aurora av n":[47.6229618,-122.344219],
"516 3rd av w":[47.6236948,-122.3605895],
"541 w emerson st":[47.6507673,-122.3646001],
"6504 park point ln ne":[47.6760396,-122.2661009],
"6656 corson av s":[47.5428102,-122.3226736],
"711 21st av e":[47.625532,-122.305173],
"7204 27th av ne":[47.6809069,-122.2983098],
"7956 17th av sw":[47.530266,-122.356125],
"8th av \/ yesler way":[47.601704,-122.322454],
"906 20th av e":[47.6270918,-122.3057963],
"n 95th st \/ palatine av n":[47.6978443,-122.3566906]
}