{
"10520 greenwood av n":[47.7057158,-122.355086],
"10625 59th av s":[47.505374,-122.259791],
"10814 beacon av s":[47.503182,-122.2695509],
"1100 nw 70th st":[47.6795622,-122.3704392],
"13214 frazier pl nw":[47.725551,-122.367126],
"1390-1394 green lake turn rd":[47.6697183,-122.3403309],
"14028 19th av ne":[47.7310062,-122.3080187],
"1415 lake washington blvd s":[47.5895131,-122.2895744],
"1434 m l king jr way":[47.61399,-122.2959337],
"1703 nw 62nd st":[47.6735918,-122.3791181],
"2100 - 2399 arboretum dr e":[47.6403194,-122.2945218],
"2568 7th av w":[47.6425984,-122.3659334],
"2733 4th av s":[47.5787689,-122.3295643],
"3264 57th av sw":[47.573926,-122.404903],
"3526 cheasty blvd s":[47.571713,-122.298797],
"4002 west marginal way sw":[47.568526,-122.3532808],
"4155 42nd av ne":[47.660033,-122.283114],
"4216 50th av s":[47.564714,-122.270348],
"423 n 47th st":[47.6627155,-122.3529351],
"5003 21st av sw":[47.557032,-122.360469],
"601 n 138th st":[47.729299,-122.351619],
"6542 3rd av nw":[47.677228,-122.360175],
"6th av \/ jefferson st":[47.6034359,-122.3274314],
"7122 45th av s":[47.538195,-122.276324],
"7518 brooklyn av ne":[47.683647,-122.313942],
"7528 19th av ne":[47.6839016,-122.3074968],
"8412 linden av n":[47.690237,-122.346839],
"8903 25th av ne":[47.693123,-122.301891],
"912 1st av s":[47.594169,-122.3341505],
"951 n 103rd st":[47.703306,-122.3454187],
"ne 54th st \/ 24th av ne":[47.6679911,-122.3018719]
}