{
"10320 11th av nw":[47.7040409,-122.369687],
"1156 n 80th st":[47.6871604,-122.3422641],
"120 nw bowdoin pl":[47.6550481,-122.3582162],
"1206 minor av":[47.6114999,-122.3255467],
"12583 corliss av n":[47.721296,-122.331131],
"1425 sw sullivan st":[47.52717,-122.354267],
"1520 e mercer st":[47.6246107,-122.3117701],
"1901 california av sw":[47.586345,-122.386708],
"2041 24th av e":[47.638205,-122.301961],
"205 nickerson st":[47.6474564,-122.3531263],
"2209 2nd av":[47.61332,-122.3450577],
"2336 31st av s":[47.581387,-122.292656],
"3100 s frontenac st":[47.540152,-122.291285],
"3209 w elmore st":[47.6576672,-122.3988585],
"3505 s morgan st":[47.544041,-122.288529],
"4237 24th av w":[47.6586946,-122.3878635],
"5029 18th av ne":[47.6657719,-122.308635],
"5297 mithun pl ne":[47.6672117,-122.2824643],
"547 n 73rd st":[47.6815859,-122.3505654],
"6312 latona av ne":[47.674777,-122.325131],
"6466 marshall av sw":[47.543922,-122.393025],
"7542 14th av nw":[47.6844401,-122.3737467],
"7560 east marginal way s":[47.5350662,-122.3144914],
"800 yakima av s":[47.5956103,-122.29412],
"8014 39th av ne":[47.68717,-122.2860554],
"8723 7th av s":[47.524984,-122.326039],
"9028 corliss av n":[47.694632,-122.3302404],
"9051 20th av sw":[47.5213732,-122.3594135],
"912 ne 53rd st":[47.6672368,-122.3177986],
"917 sw holden st":[47.5338552,-122.3480919],
"9555 44th av ne":[47.6990324,-122.2816579],
"n 65th st \/ francis av n":[47.6760436,-122.3533957]
}