{
"10502 11th av ne":[47.7050573,-122.3157742],
"12518 lake city way ne":[47.7197469,-122.2947012],
"12741 37th av ne":[47.722527,-122.289876],
"13321 22nd av ne":[47.7254466,-122.3062516],
"1600 8th av":[47.6130685,-122.3331386],
"17037 aurora av n":[47.7535062,-122.3463135],
"1750 26th av":[47.6177208,-122.2985421],
"1967 sunset av sw":[47.585486,-122.39525],
"2021 s stevens st":[47.5768657,-122.3058061],
"2052 14th av w":[47.638269,-122.374654],
"2225 ne 127th st":[47.720882,-122.304801],
"2560 dexter av n":[47.6439263,-122.3458192],
"3038 39th av sw":[47.576349,-122.381034],
"3506 s adams st":[47.5657243,-122.2893564],
"3706 w tilden st":[47.6536891,-122.4050493],
"3712 sw thistle st":[47.5285776,-122.379948],
"3830 delridge way sw":[47.5691913,-122.3624163],
"4203 sw walker st":[47.5838193,-122.3853244],
"4250 east marginal way s":[47.5644732,-122.3380477],
"4312 29th av s":[47.5636669,-122.2964817],
"4602 sw juneau st":[47.550576,-122.391389],
"4618 21st av ne":[47.6624826,-122.3054423],
"4651 s austin st":[47.5345409,-122.2731661],
"5241 s mayflower st":[47.553877,-122.266358],
"5500 s roxbury st":[47.5171129,-122.2636721],
"5506 5th av nw":[47.6690186,-122.3626364],
"5710 latona av ne":[47.670477,-122.325282],
"6734 17th av nw":[47.678686,-122.378585],
"7319 34th av ne":[47.681806,-122.291856],
"7504 california av sw":[47.5355599,-122.386909],
"7803 46th av s":[47.532401,-122.275709],
"8608 29th av nw":[47.691687,-122.393585],
"8804 10th av sw":[47.524403,-122.347648],
"9331 forest ct sw":[47.5189148,-122.3858798],
"9431 12th av sw":[47.518182,-122.3509443],
"9701 57th av s":[47.5149929,-122.262367],
"9930 beacon av s":[47.511651,-122.272167],
"ne 80th st \/ 25th av ne":[47.68668,-122.3008612],
"nw 125th st \/ 8th av nw":[47.7196533,-122.3663645],
"rainier av s \/ ithaca pl s":[47.5203168,-122.2607176]
}