{
"10037 47th av sw":[47.5129035,-122.3933126],
"10718 51st av s":[47.5044829,-122.2700682],
"11319 pinehurst way ne":[47.711168,-122.317278],
"1211 4th av w":[47.6299757,-122.3621089],
"12745 19th av ne":[47.72263,-122.309227],
"14036 courtland pl n":[47.731606,-122.337718],
"1415 22nd av":[47.6132694,-122.3041288],
"1712 14th av":[47.6169269,-122.31376],
"1900 ne pacific st":[47.6510606,-122.3086787],
"1913 2nd av":[47.6112025,-122.3413984],
"1936 n northgate way":[47.7082394,-122.3350416],
"2340 west viewmont way w":[47.639505,-122.408187],
"2613 nw 97th st":[47.6991491,-122.3912715],
"2628 39th av w":[47.644004,-122.406651],
"2707 10th av e":[47.644794,-122.319969],
"3442 44th av sw":[47.572513,-122.387696],
"3464 3rd av w":[47.6515375,-122.3608372],
"3512 s webster st":[47.535436,-122.2879],
"3728 wallingford av n":[47.6528984,-122.3362896],
"4142 24th pl s":[47.564851,-122.301141],
"4218 s graham st":[47.5461817,-122.2800852],
"4614 s juneau st":[47.5498881,-122.2747749],
"4752 beach dr sw":[47.560172,-122.402837],
"6528 1st av ne":[47.676786,-122.328092],
"6545 5th av s":[47.5442744,-122.3285952],
"7737 perimeter rd s":[47.5325207,-122.2984798],
"7933 20th av sw":[47.530899,-122.359481],
"8216 8th av ne":[47.688772,-122.320038],
"8600 1st av nw":[47.6917025,-122.35799],
"8739 21st av nw":[47.6936599,-122.3831661],
"900 - 1299 sturgus av s":[47.594375,-122.315134],
"9553 46th av ne":[47.6987092,-122.2789585],
"arch av sw \/ sw massachusetts st":[47.5880356,-122.3820671],
"burke av n \/ n 82nd st":[47.6886966,-122.3355327],
"delridge way sw \/ sw andover st":[47.5683289,-122.363273],
"s main st \/ boren av s":[47.6000168,-122.3159245],
"s massachusetts st \/ 21st av s":[47.5884189,-122.3051805]
}