{
"10507 stone av n":[47.7053561,-122.3422701],
"12044 22nd av ne":[47.7170429,-122.30547],
"1211 nw 117th st":[47.7134718,-122.3724496],
"1212 5th av n":[47.630177,-122.347206],
"1227 22nd av e":[47.6314467,-122.3038645],
"12705 evanston av n":[47.721572,-122.352005],
"13536 3rd av nw":[47.727885,-122.360615],
"15th av e \/ boyer av e":[47.6403834,-122.3124848],
"1631 33rd av":[47.616136,-122.290594],
"210 s lucile st":[47.5536008,-122.331758],
"2201 rainier av s":[47.583292,-122.30249],
"2214 2nd av w":[47.638926,-122.359206],
"2220 e roanoke st":[47.6433589,-122.302133],
"27th av w \/ w fulton st":[47.6458094,-122.3915943],
"3002 nw 58th st":[47.6711394,-122.395927],
"3730 sw 99th st":[47.514946,-122.380513],
"3818 30th av w":[47.654693,-122.395343],
"385 nw 112th st":[47.709618,-122.36461],
"420 wall st":[47.6173287,-122.3458793],
"4211 greenwood av n":[47.6581087,-122.3557345],
"4720 47th av sw":[47.560448,-122.3918793],
"4748 4th av ne":[47.664612,-122.323626],
"5102 s findlay st":[47.552092,-122.269677],
"5222 s holly st":[47.542895,-122.266169],
"6030 seward park av s":[47.54777,-122.259834],
"6302 12th av ne":[47.674309,-122.3153445],
"720 pine st":[47.6127183,-122.3340338],
"727 s homer st":[47.551203,-122.323033],
"750 n 81st st":[47.687885,-122.347686],
"7755 crest dr ne":[47.686,-122.274484],
"7937 9th av sw":[47.5307944,-122.3470812],
"7946 35th av sw":[47.530543,-122.376214],
"8036 11th av nw":[47.688029,-122.370075],
"8127 11th av sw":[47.529318,-122.349673],
"902 nw leary way":[47.6639051,-122.3688204],
"m l king jr way s \/ s eddy st":[47.5453013,-122.2850432],
"nw 65th st \/ 15th av nw":[47.6760054,-122.3765168],
"nw 95th st \/ 8th av nw":[47.6978716,-122.366006],
"s dakota st \/ 7th av s":[47.5671806,-122.3240674],
"s judkins st \/ bradner pl s":[47.5921755,-122.2960392],
"s rose st \/ 8th av s":[47.5290157,-122.3228887]
}