{
"100 6th av n":[47.6188389,-122.3446427],
"1000 e james way":[47.6086426,-122.3183962],
"10722 densmore av n":[47.707603,-122.337165],
"1130 35th av":[47.612587,-122.287897],
"1154 10th av e":[47.6302918,-122.3201963],
"1310 n northgate way":[47.7050598,-122.3418418],
"14038 1st av nw":[47.731659,-122.357937],
"1441 ne 42nd st":[47.6582951,-122.3122626],
"1457 e mercer st":[47.6240992,-122.3132931],
"1531 n 130th st":[47.7230061,-122.3379433],
"1660 shenandoah dr e":[47.635163,-122.288909],
"1953 8th av w":[47.637484,-122.368051],
"2009 16th av s":[47.5852407,-122.3123897],
"208 boylston av e":[47.6201375,-122.3227855],
"2318 western av":[47.6128613,-122.3475165],
"2324 nw 89th pl":[47.6936334,-122.3855332],
"2970 sw raymond st":[47.5483249,-122.3714151],
"3015 w jameson st":[47.659794,-122.396873],
"3727 sw thistle st":[47.528153,-122.380515],
"4021 51st av sw":[47.56782,-122.397869],
"4215 42nd av s":[47.564766,-122.281044],
"4457 48th av sw":[47.563114,-122.393854],
"4706 9th av ne":[47.663376,-122.318092],
"4811 wallingford av n":[47.6639031,-122.3366459],
"5111 ne 42nd st":[47.658508,-122.271836],
"5224 37th av ne":[47.667487,-122.287638],
"5418 20th av nw":[47.6683626,-122.3819034],
"549 s dawson st":[47.5553092,-122.3271652],
"6004 30th av sw":[47.5479485,-122.3709678],
"6119 brooklyn av ne":[47.672766,-122.314634],
"6540 36th av ne":[47.6770349,-122.288772],
"700 6th av":[47.604882,-122.3287089],
"9717 dayton av n":[47.700217,-122.353096],
"marion st \/ 4th av":[47.6053803,-122.3322641],
"n 87th st \/ fremont av n":[47.6924239,-122.3499044],
"rainier av s \/ s plum st":[47.5854965,-122.3036098],
"thorndyke av w \/ thorndyke pl w":[47.6395084,-122.3872441]
}