{
"0 eb wsea frwy at highrise":[47.571221,-122.343788],
"1306 ne 68th st":[47.6782396,-122.3142041],
"1502 35th av s":[47.588645,-122.287667],
"1723 nob hill av n":[47.634638,-122.350967],
"17th av s \/ s roberto maestas fest st":[47.5794572,-122.3107486],
"2137 n northlake way":[47.64683,-122.3364453],
"2602 ne snohomish ln s":[47.6518686,-122.3012946],
"2910 18th av s":[47.577416,-122.308924],
"3042 37th av sw":[47.576161,-122.377809],
"324 31st av e":[47.6221335,-122.291694],
"3510 ne 91st st":[47.6947531,-122.2900605],
"3606 meridian av n":[47.650723,-122.333592],
"3822 ashworth av n":[47.6534092,-122.3399514],
"4048 37th av s":[47.566498,-122.285775],
"4054 19th av sw":[47.5668328,-122.3580264],
"4533 rainier av s":[47.561845,-122.2878995],
"5039 university way ne":[47.6658331,-122.3130884],
"514 ward st":[47.628277,-122.346804],
"5401 21st av s":[47.5537447,-122.3063539],
"5416 shilshole av nw":[47.6671185,-122.3851354],
"5638 7th av nw":[47.670591,-122.364757],
"5700 s ryan st":[47.5097065,-122.2620854],
"8428 seward park av s":[47.527673,-122.26566],
"9223 38th av s":[47.520547,-122.28517],
"9409 7th av sw":[47.5188,-122.344539],
"nb i5 fr 70 \/ ne 70th st":[47.6796602,-122.3201027],
"ne 51st st \/ ne blakeley st":[47.6657255,-122.3022015]
}