{
"10040 29th av ne":[47.7023302,-122.2962968],
"10212 5th av ne":[47.7029537,-122.3227917],
"10514 evanston av n":[47.7054339,-122.351053],
"10523 whitman av n":[47.7057499,-122.3463988],
"1103 20th av s":[47.59284,-122.306571],
"1115 24th av s":[47.592517,-122.301736],
"11546 20th av ne":[47.713429,-122.306727],
"11739 palatine av n":[47.715316,-122.357248],
"123 w boston st":[47.638146,-122.359378],
"1360 n 78th st":[47.6855097,-122.3394613],
"1400 - 1419 alaskan way":[47.606903,-122.341335],
"2000 m l king jr way s":[47.585334,-122.2976489],
"2108 ne 85th st":[47.690617,-122.305104],
"2200 e terrace st":[47.6052794,-122.3036322],
"2843 nw 63rd st":[47.674214,-122.394833],
"2nd av s \/ s webster st":[47.5356003,-122.3313032],
"3448 14th av w":[47.651735,-122.374523],
"3535 s kenyon st":[47.5313673,-122.2864109],
"3641 49th av sw":[47.5707667,-122.395101],
"3803 e mcgilvra st":[47.6411743,-122.2845175],
"4122 cascadia av s":[47.56551,-122.282467],
"501 26th av s":[47.5979346,-122.2989613],
"505 3rd av":[47.6021662,-122.3311207],
"5260 16th av ne":[47.668142,-122.310433],
"5417 s orcas st":[47.550837,-122.264865],
"5435 36th av sw":[47.552725,-122.378013],
"658 ne northlake way":[47.654801,-122.3214893],
"7107 27th av sw":[47.5391477,-122.3678486],
"7764 13th av sw":[47.5323436,-122.351369],
"8428 46th av s":[47.527067,-122.274325],
"850 nw carkeek park rd":[47.7110521,-122.3662056],
"8540 9th av nw":[47.6917101,-122.3680587],
"8851 interlake av n":[47.6939004,-122.340535],
"broadway \/ e marion st":[47.6101837,-122.3207583],
"magnolia blvd w \/ montavista pl w":[47.6376646,-122.4077984]
}