{
"10015 14th av nw":[47.7020089,-122.374465],
"1043 s cloverdale st":[47.526203,-122.318403],
"1315 ne campus pkwy":[47.6556598,-122.3138445],
"13239 1st av nw":[47.7261962,-122.3585632],
"13261 35th av ne":[47.726282,-122.291191],
"1416 nw 63rd st":[47.674754,-122.3744124],
"14405 3rd av nw":[47.733367,-122.361551],
"1534 nw 53 st":[47.667391,-122.37784],
"154 crockett st":[47.637563,-122.354097],
"155 n 35th st":[47.6513848,-122.3556902],
"217 30th av":[47.604039,-122.293989],
"217 nw 112th st":[47.7102,-122.3603],
"2410 e lynn st":[47.639624,-122.3015168],
"2550 32nd av w":[47.6424793,-122.3979691],
"2620 4th av n":[47.6439965,-122.3495328],
"2800 s mount baker blvd":[47.5758929,-122.2962237],
"29th av e \/ e aloha st":[47.6266406,-122.2951026],
"3027 nw 70th st":[47.679217,-122.396937],
"3046 21st av w":[47.6480193,-122.3831101],
"3151 alki av sw":[47.576332,-122.419449],
"3700 s oregon st":[47.5628417,-122.2860249],
"4221 s findlay st":[47.5517666,-122.279868],
"4222 interlake av n":[47.658699,-122.34045],
"430 8th av n":[47.6227401,-122.3407221],
"4926 26th av s":[47.5577088,-122.298927],
"500 pine st":[47.611876,-122.336257],
"5018 42nd av s":[47.5564198,-122.2804682],
"5104 s myrtle st":[47.539058,-122.269731],
"523 28th av":[47.6068767,-122.2960991],
"5521 28th av ne":[47.669194,-122.297636],
"5601 22nd av nw":[47.6699557,-122.3851783],
"6001 6th av s":[47.5490633,-122.3268316],
"6027 46th av sw":[47.5477216,-122.3915954],
"6716 37th av sw":[47.542462,-122.37882],
"6820 25th av ne":[47.6782887,-122.3003572],
"7057 16th av sw":[47.539378,-122.355347],
"7529 24th av nw":[47.6839421,-122.3879957],
"753 n 80th st":[47.686736,-122.347685],
"8830 10th av sw":[47.523748,-122.347644],
"9121 50th av s":[47.5218992,-122.2713673],
"914 26th av s":[47.594057,-122.298634],
"920 1st av s":[47.5937267,-122.334133],
"perkins ln w \/ w bertona st":[47.6504778,-122.4163984],
"renton av s \/ s camano pl":[47.5274111,-122.2774394]
}