{
"1327 n northlake way":[47.6480531,-122.3424202],
"13509 corliss av n":[47.72716,-122.331901],
"1st av nw \/ nw 55th st":[47.6686801,-122.3570563],
"2004 ne 52nd st":[47.6666114,-122.3062074],
"2105 ne 73rd st":[47.681104,-122.304674],
"2122 s brandon st":[47.5542951,-122.3051758],
"228 11th av e":[47.6207801,-122.3180203],
"2520 airport way s":[47.580312,-122.320485],
"2543 1st av w":[47.642715,-122.358634],
"2620 alki av sw":[47.5800947,-122.407323],
"2811 18th av s":[47.5783093,-122.309646],
"3000 e republican st":[47.6238103,-122.292852],
"31st av sw \/ sw findlay st":[47.5519623,-122.3722754],
"3200 ne 65th st":[47.6757962,-122.2929946],
"3201 38th av sw":[47.575474,-122.380629],
"411 cedar st":[47.6179386,-122.347456],
"4112 sw kenyon st":[47.532421,-122.385299],
"4231 6th av nw":[47.6588214,-122.3642463],
"4431 wallingford av n":[47.661139,-122.3363533],
"4910 15th av nw":[47.6648392,-122.3754897],
"501 23rd av s":[47.5973535,-122.3026808],
"5037 17th av ne":[47.6660203,-122.3099311],
"542 ne 103rd st":[47.703381,-122.32132],
"5554 23rd av s":[47.551686,-122.3037176],
"5708 s ryan st":[47.509884,-122.2615546],
"5th av & spring st":[47.6072617,-122.332447],
"6231 39th av ne":[47.6749479,-122.2861404],
"7534 16th av nw":[47.684254,-122.377547],
"7702 38th av ne":[47.685017,-122.287054],
"800 20th av s":[47.5983303,-122.3063507],
"8035 14th av nw":[47.687985,-122.374499],
"8154 delridge way sw":[47.528489,-122.3602692],
"827 25th av s":[47.594731,-122.300439],
"9026 4th av s":[47.5219939,-122.3293077],
"fruitland, wa":[48.0709969,-118.1988741],
"ne 54th st \/ 26th av ne":[47.6679884,-122.2995449],
"queen anne av n \/ w cremona st":[47.649536,-122.3577015]
}