{
"10349 44th av ne":[47.703527,-122.281753],
"109 11th av e":[47.6191363,-122.3184475],
"10th av ne \/ ne 126th st":[47.7202389,-122.3181242],
"12527 greenwood av n":[47.7206746,-122.355546],
"15257 dayton av n":[47.7405959,-122.354224],
"1748 13th av s":[47.587039,-122.315635],
"18235 73rd av ne":[47.7614843,-122.2445481],
"1903 20th av s":[47.586207,-122.307219],
"1906 franklin pl e":[47.6359065,-122.3240733],
"2000 31st av s":[47.585004,-122.292657],
"2213 n 43rd st":[47.6589526,-122.331912],
"22nd av \/ e columbia st":[47.6090248,-122.3037194],
"2345 n 140th st":[47.730122,-122.329718],
"2801 perkins ln w":[47.645155,-122.417829],
"2909 e madison st":[47.6240718,-122.2948544],
"3032 11th av w":[47.647823,-122.3712976],
"318 14th av":[47.6049321,-122.3141813],
"320 nw 112th st":[47.710792,-122.361858],
"35th av sw \/ sw barton st":[47.5210675,-122.3767457],
"3800 e mcgilvra st":[47.6411953,-122.2845503],
"463 ne thornton pl":[47.7031506,-122.324878],
"4975 3rd av s":[47.5575227,-122.3309221],
"5229 fauntleroy way sw":[47.5547748,-122.3819897],
"5521 20th av s":[47.552711,-122.307736],
"6046 41st av sw":[47.54707,-122.384049],
"624 malden av e":[47.6250069,-122.3132834],
"6302 21st av sw":[47.546334,-122.359026],
"639 nw 48th st":[47.663434,-122.365771],
"6700 delridge way sw":[47.5424577,-122.361191],
"7548 28th av nw":[47.6845701,-122.3926815],
"7931 densmore av n":[47.6865293,-122.3381208],
"8018 wallingford av n":[47.687545,-122.336109],
"842 nw 52nd st":[47.6665779,-122.3681319],
"8420 renton av s":[47.527219,-122.27699],
"8610 island dr s":[47.5266019,-122.261022]
}