{
"102 w garfield st":[47.6336854,-122.3587334],
"1529 36th av":[47.615009,-122.287379],
"1707 bellevue av":[47.6173736,-122.3271257],
"2026 e madison st":[47.617979,-122.305099],
"2542 57th av sw":[47.579993,-122.404879],
"4023 31st av s":[47.567411,-122.292993],
"411 n 141st st":[47.7306694,-122.3540529],
"4137 sunnyside av n":[47.657723,-122.33058],
"4614 48th av s":[47.56126,-122.272836],
"4817 sw charlestown st":[47.570043,-122.394224],
"6033 30th av sw":[47.5501421,-122.3709709],
"6316 30th av nw":[47.675013,-122.395393],
"6507 52nd av ne":[47.676148,-122.27194],
"6548 27th av nw":[47.677324,-122.390462],
"6810 vista av s":[47.541927,-122.300435],
"6922 56th av s":[47.5400009,-122.262881],
"731 1st av w":[47.6261388,-122.3580291],
"7315 48th av s":[47.536475,-122.27297],
"757 s chicago st":[47.5326613,-122.3233236],
"7727 20th av sw":[47.532893,-122.359483],
"8525 14th av s":[47.5265814,-122.3151092],
"9201 8th av s":[47.52016,-122.323475],
"929 broadway e":[47.6278099,-122.321608],
"9623 46th av sw":[47.51686,-122.391994],
"cowlitz rd ne \/ ne lincoln way":[47.6553521,-122.3156217]
}