{
"115 maiden ln e":[47.618737,-122.284442],
"1415 nw 70th st":[47.679391,-122.3748039],
"1420 36th av":[47.613576,-122.286768],
"1504 nw market st":[47.6686793,-122.3766927],
"19th av \/ e columbia st":[47.6091931,-122.3076199],
"2222 78th av se":[47.591563,-122.233047],
"2307 24th av s":[47.582546,-122.302405],
"2813 ne 133rd st":[47.7245,-122.297138],
"2815 31st av w":[47.645141,-122.397322],
"2908 13th av s":[47.5773628,-122.3157357],
"3013 14th av s":[47.5763908,-122.3149735],
"3022 s washington st":[47.601078,-122.292741],
"3216 ne 45 pl":[47.6617845,-122.2925519],
"331 nw 75th st":[47.6830953,-122.3620707],
"33rd av s \/ s plum st":[47.5851317,-122.2908559],
"3811 55th av sw":[47.569985,-122.403156],
"3rd av s \/ s hanford st":[47.5755325,-122.3299894],
"410 30th av s":[47.59877,-122.293465],
"4807 40th av sw":[47.558987,-122.383176],
"5127 s ruggles st":[47.50843,-122.268608],
"5319 s moore st":[47.498997,-122.266667],
"6002 32nd av nw":[47.672395,-122.398016],
"6008 57th av ne":[47.6724266,-122.2658999],
"6716 east marginal way s":[47.5428229,-122.3276585],
"700 minor av":[47.6080231,-122.3219454],
"7303 44th av sw":[47.538074,-122.388512],
"7548 earl av nw":[47.6845906,-122.3915795],
"8211 roosevelt way ne":[47.6886513,-122.3179001],
"8222 20th av ne":[47.689139,-122.306484],
"8412 12th av s":[47.527693,-122.317199],
"broadway \/ e denny way":[47.618751,-122.3208466],
"delridge way sw \/ sw barton pl":[47.5210299,-122.3584561],
"n 100th st \/ ashworth av n":[47.7014159,-122.339749],
"roosevelt way ne \/ ne 96th st":[47.6985622,-122.3175939]
}