{
"10008 62nd av s":[47.511364,-122.25555],
"1028 nw 57th st":[47.6701749,-122.3705688],
"125 n 74th st":[47.682326,-122.356792],
"12700 30th av ne":[47.7211122,-122.2962951],
"13221 8th av nw":[47.725741,-122.366684],
"1633 27th av":[47.6163079,-122.297756],
"1671 w dravus st":[47.6484528,-122.378743],
"1746 nw 61st st":[47.6731055,-122.3808861],
"1818 31st av":[47.6181999,-122.2920917],
"18th av sw \/ sw graham st":[47.5465626,-122.3571268],
"2142 6th av w":[47.6390573,-122.3646188],
"24th av ne \/ ne 60th st":[47.6721423,-122.3015269],
"303 37th av e":[47.621464,-122.286222],
"3117 e yesler way":[47.601417,-122.291675],
"330 n 79th st":[47.686425,-122.3538976],
"336 25th av":[47.605427,-122.299631],
"410 20th av":[47.605544,-122.3060366],
"4427 s morgan st":[47.5440248,-122.2769051],
"4750 15th av ne":[47.6642151,-122.3119557],
"501 e republican st":[47.6231361,-122.325293],
"502 ne 82nd st":[47.6883724,-122.3226874],
"508 27th av":[47.606556,-122.297519],
"5134 48th av s":[47.5550391,-122.2723467],
"5533 wallingford av n":[47.669679,-122.337081],
"600 ne northlake way":[47.6540381,-122.3219229],
"6025 36th av ne":[47.672944,-122.289453],
"6233 1st av nw":[47.6750169,-122.357754],
"746 n 85th st":[47.690793,-122.347835],
"753 9th av n":[47.6268901,-122.3400249],
"8047 15th av ne":[47.688056,-122.312515],
"9555 59th av s":[47.5168847,-122.2593568],
"ne 112th st \/ 3rd av ne":[47.7095847,-122.325983],
"roosevelt way ne \/ ne 82nd st":[47.6881965,-122.3175765],
"sw findlay st \/ 25th av sw":[47.5519252,-122.3643257]
}