{
"10th av e \/ e boston st":[47.6384029,-122.3200698],
"11001 35th av ne":[47.7086467,-122.2912825],
"11532 1st av ne":[47.713292,-122.328436],
"1350 alki av sw":[47.591696,-122.391396],
"1400 e mercer st":[47.624483,-122.314313],
"14th av s \/ s main st":[47.6000151,-122.3141483],
"15 dravus st":[47.6484572,-122.357034],
"1509 1st av n":[47.6326449,-122.355927],
"1525 9th av":[47.6131803,-122.3321143],
"1543 e olin pl":[47.6350285,-122.3130972],
"1635 11th av w":[47.634548,-122.372015],
"19th av nw \/ nw 70th st":[47.6795239,-122.3810512],
"2415 24th av e":[47.6408366,-122.3023782],
"2437 nw blue ridge dr":[47.701786,-122.388571],
"2510 minor av e":[47.642308,-122.327803],
"2600 sw trenton st":[47.5246925,-122.3656497],
"3008 ne 55th st":[47.6686977,-122.2945722],
"3046 s orcas st":[47.55133,-122.292321],
"3117 ne 85th st":[47.690001,-122.294264],
"3233 44th av w":[47.649591,-122.413421],
"3310 s mead st":[47.5505862,-122.2898652],
"3621 s graham st":[47.54558,-122.286648],
"3702 sw 98th st":[47.515832,-122.379608],
"3820 49th av ne":[47.656113,-122.274305],
"506 2nd av":[47.6019888,-122.3317274],
"5236 18th av ne":[47.6674678,-122.3079655],
"557 1st av s":[47.5969927,-122.3342856],
"6733 23rd av nw":[47.678673,-122.385695],
"6843 50th av ne":[47.678859,-122.27472],
"700 lake washington blvd s":[47.596442,-122.28866],
"9421 8th av sw":[47.518484,-122.345821],
"9610 22nd ct nw":[47.699202,-122.384062],
"e harrison st \/ 10th av e":[47.6219884,-122.3199191],
"ne 56th st \/ latona av ne":[47.6693557,-122.325555],
"wb i90 at west highrise":[47.590386,-122.288566]
}