{
"103 university st":[47.6069666,-122.3378321],
"1108 nw 53rd st":[47.6673412,-122.3712299],
"1116 summit av":[47.6115993,-122.3238161],
"11521 25th av ne":[47.712726,-122.302149],
"1517 ne 77th st":[47.684608,-122.31132],
"16th av w \/ w barrett st":[47.6474691,-122.3775051],
"1908 21st av e":[47.6368066,-122.3063117],
"2033 6th av":[47.6146783,-122.339418],
"252 ne northgate way":[47.7086703,-122.3264075],
"2610 42nd av sw":[47.5807691,-122.3848801],
"3212 15th av s":[47.574693,-122.313086],
"4017 36th av sw":[47.567834,-122.377842],
"413 garfield st":[47.632955,-122.348898],
"5407 sw jacobsen rd":[47.5604019,-122.401328],
"6031 30th av ne":[47.673093,-122.295692],
"725 s kenyon st":[47.5319528,-122.324341],
"7812 48th av s":[47.5322168,-122.2724079],
"818 29th av":[47.6095936,-122.2946114],
"8200 5th av s":[47.5308558,-122.3294169],
"8350 seaview av nw":[47.6862702,-122.40272],
"9028 view av nw":[47.6949155,-122.400874],
"9726 waters av s":[47.514843,-122.2553546],
"n northgate way & meridian av n":[47.708657,-122.3339812],
"nw 85th st \/ 1st av nw":[47.6906103,-122.3579819],
"pike st \/ 9th av":[47.6125056,-122.3311618],
"s kenyon st \/ rainier av s":[47.5316754,-122.2699781]
}