{
"1076 25th av e":[47.6290025,-122.3000458],
"11000 lakeside av ne":[47.710077,-122.2769889],
"11219 dayton av n":[47.711113,-122.353219],
"122 lakeside av":[47.6022335,-122.2850678],
"12555 35th av ne":[47.7208702,-122.2908044],
"13020 30th av ne":[47.723556,-122.295891],
"13th av w \/ w raye st":[47.6429653,-122.3736487],
"14309 19th av ne":[47.7324849,-122.309012],
"1618 33rd av":[47.615813,-122.289954],
"1711 13th av sw":[47.586885,-122.352968],
"1904 4th av":[47.6125342,-122.3388772],
"19745 10th av ne":[47.771839,-122.31802],
"20th av sw \/ sw holden st":[47.5336907,-122.3592856],
"2110 n 45th st":[47.6615776,-122.3330931],
"217 yesler way":[47.6016058,-122.3307777],
"2205 s horton st":[47.573791,-122.30403],
"2340 18th av s":[47.581718,-122.309112],
"2401 8th av n":[47.639771,-122.342987],
"2458 6th av w":[47.64124,-122.364626],
"2460 canterbury ln e":[47.640821,-122.2809665],
"2603 lake washington blvd e":[47.6437328,-122.2988991],
"2603 s jackson st":[47.5990228,-122.2984893],
"3 av\/union st":[47.6087383,-122.3368963],
"3246 ne 96th st":[47.6984683,-122.2913555],
"34th av \/ e denny way":[47.618271,-122.288668],
"3839 49th av sw":[47.569083,-122.395174],
"4135 1st av nw":[47.657442,-122.357906],
"470 lynn st":[47.639288,-122.347436],
"4716 7th av ne":[47.663659,-122.320382],
"5535 30th av s":[47.55148,-122.294535],
"5861-5890 west green lake way n":[47.670886,-122.3432401],
"6300 s fountain st":[47.503433,-122.2527717],
"6518 32nd av sw":[47.5442379,-122.3735928],
"6744 shaffer av s":[47.5414363,-122.2946609],
"6825 42nd av ne":[47.678386,-122.284036],
"6th pl s \/ s forest st":[47.5777109,-122.3252146],
"7917 15th av sw":[47.5312967,-122.3542649],
"8024 jones av nw":[47.6875959,-122.3861632],
"8034 forest dr ne":[47.6871579,-122.276201],
"8112 47th av s":[47.529905,-122.2734011],
"8507 latona av ne":[47.6906264,-122.3257073],
"8900 linden av n":[47.6934863,-122.3471992],
"9012 4th av nw":[47.6947029,-122.361638],
"n 92nd st \/ meridian pl n":[47.695936,-122.3325153],
"s bennett st \/ 4th av s":[47.5548875,-122.3294846],
"sw stevens st \/ sw admiral way":[47.577696,-122.402606]
}