{
"112 n 105th st":[47.705346,-122.357603],
"1120 broadway":[47.6119678,-122.3203265],
"1141 n 91st st":[47.694686,-122.342679],
"1249 ne 90th st":[47.693726,-122.312789],
"137 n 59th st":[47.671666,-122.35619],
"13th av \/ e marion st":[47.6103885,-122.3154407],
"1600-1799 e calhoun st":[47.6410416,-122.3106934],
"1906 e spruce st":[47.6037172,-122.3072521],
"214 w lee st":[47.6315212,-122.3599139],
"3516 ne 98th st":[47.7004281,-122.2899154],
"3821 ne 98th st":[47.699902,-122.287212],
"4138 brooklyn av ne":[47.6580236,-122.3143746],
"419 e thomas st":[47.6206574,-122.3256799],
"430 ne maple leaf pl":[47.682,-122.324415],
"4515 47th av s":[47.5624364,-122.2746892],
"4800 48th av sw":[47.559211,-122.39319],
"49th av sw \/ sw hanford st":[47.5757019,-122.3944925],
"4th av n \/ broad st":[47.6196033,-122.3490632],
"5200 1st av s":[47.5556825,-122.3341945],
"5221 12th av ne":[47.6670954,-122.3155428],
"5616 s avon st":[47.501648,-122.26148],
"5626 s fountain st":[47.5031016,-122.2620287],
"6220 s norfolk st":[47.513561,-122.254901],
"6306 39th av sw":[47.546313,-122.381466],
"6323 shaffer av s":[47.545685,-122.295053],
"6402 36th av nw":[47.675004,-122.403222],
"6519 23rd av ne":[47.6763641,-122.3030506],
"7020 18th av sw":[47.539826,-122.356687],
"741 n 78th st":[47.6853165,-122.3481331],
"8608 12th av sw":[47.526148,-122.350191],
"910 19th av":[47.6107596,-122.3072661],
"9252 47th av sw":[47.519969,-122.39244],
"9376 forest ct sw":[47.517668,-122.385266],
"greenwood av n \/ n 100th st":[47.7014678,-122.3554098],
"harvard av e \/ e republican st":[47.6231414,-122.3219948]
}