{
"10721 4th av nw":[47.707656,-122.362186],
"10th av w \/ w halladay st":[47.6420143,-122.3700883],
"1221 harbor av sw":[47.5925513,-122.3832219],
"12835 meridian av n":[47.722999,-122.334449],
"14th av ne \/ ne 115th st":[47.7121747,-122.3137975],
"1533 ne 95th st":[47.697351,-122.310717],
"1605 s jackson st":[47.5990593,-122.3112846],
"1716 32nd av":[47.61694,-122.290981],
"2001 13th av s":[47.5855285,-122.3160056],
"2057 11th av sw":[47.5849788,-122.3511942],
"2300 22nd av s":[47.5829308,-122.3042593],
"2704 e roy st":[47.625374,-122.297302],
"32nd av e \/ e thomas st":[47.6213213,-122.2911964],
"3400 36th av sw":[47.5730996,-122.3770894],
"3615 ne 45th st":[47.6609184,-122.2886154],
"4207 36th av w":[47.6577058,-122.4036031],
"424 minor av n":[47.622695,-122.332634],
"4329 w semple st":[47.6707227,-122.4125896],
"4549 35th av s":[47.561426,-122.289155],
"4900 west marginal way sw":[47.5585973,-122.3517003],
"5107 1st av nw":[47.666089,-122.357395],
"600-699 8th av s":[47.5973609,-122.3224381],
"6316 29th av sw":[47.5465215,-122.3698167],
"6816 52nd av s":[47.541023,-122.266871],
"7530 44th av s":[47.5342108,-122.2773986],
"7706 44th av sw":[47.5334,-122.388316],
"8039 36th av s":[47.529817,-122.286958],
"9407 32nd av ne":[47.696941,-122.2935583],
"9738 arrowsmith av s":[47.515161,-122.2542121],
"ne 125th st \/ 1st av ne":[47.719522,-122.3289591],
"westlake av \/ 7th av":[47.615282,-122.337839]
}