{
"0 sb sr99 at safeco field":[47.59774,-122.335535],
"11th av nw \/ nw 45th st":[47.6614624,-122.3707686],
"1509 7th av w":[47.6326759,-122.366802],
"1509 s spokane st":[47.5711872,-122.3127888],
"1517 31st av s":[47.588955,-122.292859],
"1559 lakeview blvd e":[47.6337467,-122.3227088],
"157 yesler way":[47.6017077,-122.3324486],
"1614 36th av":[47.615612,-122.2867],
"1618 30th av":[47.615853,-122.293197],
"1729 1st av s":[47.5873157,-122.3347082],
"1753 16th av s":[47.587592,-122.313042],
"1929 10th av e":[47.63684,-122.320467],
"220 s main st":[47.6000492,-122.3310171],
"24th av s \/ s dearborn st":[47.5955825,-122.3011502],
"2715 6th av s":[47.5794225,-122.3269046],
"2906 s dakota st":[47.566152,-122.2975466],
"3018 sw graham st":[47.5470576,-122.3716234],
"3020 29th av w":[47.647476,-122.393852],
"323 broadway  e":[47.62129,-122.3209179],
"329 26th av":[47.605185,-122.299226],
"337 27th av":[47.605348,-122.298171],
"400 nw market st":[47.6682616,-122.3618341],
"4024 40th av sw":[47.5675992,-122.3824351],
"4500 s brandon st":[47.5535554,-122.2763705],
"50th av ne \/ ne 70th st":[47.6793976,-122.2743015],
"531 malden av e":[47.6241134,-122.313922],
"5328 47th av s":[47.5536535,-122.2742163],
"5417 57th av s":[47.5528768,-122.2623159],
"5th av s \/ s main st":[47.6000493,-122.3276654],
"623 w olympic pl":[47.627194,-122.3648687],
"6518 22nd av nw":[47.676497,-122.383957],
"714 21st av":[47.6085205,-122.304662],
"7500 27th av nw":[47.6831383,-122.3908104],
"7534 bagley av n":[47.6844124,-122.3315868],
"8607 5th av ne":[47.691535,-122.323395],
"8744 15th av nw":[47.6932927,-122.3767723],
"914 lakeside av s":[47.594065,-122.287282],
"9228 10th av s":[47.519303,-122.319609],
"924 e allison st":[47.6489059,-122.319588],
"nb i5 at yesler wy":[47.601716,-122.3245084],
"nw 105th st \/ dibble av nw":[47.7051792,-122.3673928],
"sw edmunds st \/ delridge way sw":[47.5592781,-122.3628741],
"w barrett st \/ 22nd av w":[47.6465926,-122.3846718],
"wb sr520 to montlake bv":[47.645264,-122.304617],
"woodlawn av ne \/ ne 72nd st":[47.6805205,-122.3246878]
}