{
"11219 palatine av n":[47.7110133,-122.3571508],
"11516 corliss av n":[47.712808,-122.331078],
"138 madrona pl e":[47.619392,-122.284792],
"14326 bagley av n":[47.733038,-122.332582],
"1737 ne brockman pl":[47.722025,-122.310128],
"1816 federal av e":[47.635541,-122.318718],
"1922 lakeside av s":[47.5856191,-122.2873962],
"2100 - 2299 n 115th st":[47.71229,-122.333814],
"2144 s pearl st":[47.5559617,-122.3038997],
"2541 mayfair av n":[47.6428948,-122.3529351],
"3022 sw bradford st":[47.5694174,-122.3718233],
"304 alaskan way s":[47.5997637,-122.3354293],
"3200 ne 45th pl":[47.6612282,-122.292814],
"3760 w lawton st":[47.665236,-122.408284],
"3801 s juneau st":[47.549494,-122.284788],
"4456 49th av sw":[47.563127,-122.394401],
"4507 s trenton st":[47.523909,-122.275708],
"453 mcgilvra blvd e":[47.623961,-122.284756],
"5117 s lucile st":[47.552408,-122.269092],
"5252 california av sw":[47.5541817,-122.3866434],
"52nd ter s \/ s lucile st":[47.5526143,-122.2679831],
"5512 s bangor st":[47.5063066,-122.26409],
"5944 high point dr sw":[47.5494237,-122.3691727],
"6049 44th av ne":[47.67364,-122.281252],
"708 nw 73rd st":[47.6819936,-122.3649938],
"7717 11th av sw":[47.5334496,-122.349653],
"8333 55th av ne":[47.688677,-122.2693563],
"8728 phinney av n":[47.693225,-122.353587],
"9025 35th av sw":[47.5220229,-122.3769992],
"914 n 82nd st":[47.6885579,-122.3465307],
"9447 34th av sw":[47.5179441,-122.375889],
"columbia st \/ alaskan way":[47.6023475,-122.3371475],
"nw 53rd st \/ 9th av nw":[47.6671666,-122.3685926],
"s oregon st \/ m l king jr way s":[47.5629383,-122.2945756]
}