{
"0 nb sr99 fr cloverdale":[47.5270572,-122.3245713],
"1142 colorado st":[47.6610519,-122.4209976],
"1227 n 48th st":[47.663357,-122.342535],
"12745 evanston av n":[47.7227494,-122.351948],
"141 n 136th st":[47.72796,-122.356456],
"1512 21st av s":[47.589161,-122.304832],
"1701 5th av":[47.6126601,-122.3374956],
"171 prospect st":[47.6286569,-122.352958],
"1730 magnolia way w":[47.634859,-122.389627],
"2017 e spruce st":[47.603296,-122.305438],
"2104 n 75th st":[47.6836954,-122.332223],
"2203 e union st":[47.6126974,-122.3031977],
"2223 e howe st":[47.637257,-122.303721],
"2441 s judkins st":[47.591825,-122.2994663],
"2816 w elmore st":[47.657947,-122.393683],
"2820 21st av w":[47.6454104,-122.3833358],
"3106 queen anne av n":[47.6480953,-122.3574976],
"3209 s chicago st":[47.532173,-122.290296],
"3710 sw barton st":[47.5213128,-122.379997],
"4224 sw roxbury st":[47.5176761,-122.3867799],
"4515 2nd av nw":[47.662003,-122.359322],
"4527 46th av sw":[47.562116,-122.391236],
"4606 stone way n":[47.662439,-122.3416384],
"4625 union bay pl ne":[47.6628339,-122.295253],
"4831 s chicago st":[47.5323319,-122.271284],
"4915 sw spokane st":[47.571847,-122.395478],
"5210 25th av sw":[47.55463,-122.363927],
"5311 m l king jr way s":[47.55385,-122.289736],
"5608 37th av sw":[47.55166,-122.378625],
"5958 1st av s":[47.5487714,-122.3333677],
"610 4th av":[47.6035607,-122.3305849],
"7021 20th av ne":[47.68012,-122.306991],
"8829 37th av sw":[47.523796,-122.379746],
"9057 21st av sw":[47.5212203,-122.3607838],
"928 22nd av s":[47.593685,-122.30295],
"9445 10th av sw":[47.517852,-122.348354],
"belmont pl e \/ bellevue pl e":[47.627663,-122.3242439],
"denny way \/ vine st":[47.6185584,-122.3454374],
"n 83rd st \/ 1st av nw":[47.6891191,-122.3579467]
}