{
"10427 42nd av sw":[47.509243,-122.386117],
"107 n 77th st":[47.684518,-122.357582],
"111 nw 145th st":[47.7340639,-122.3598261],
"114 31st av e":[47.619378,-122.292005],
"1417 31st av s":[47.589804,-122.2927568],
"1517 ne 107th st":[47.706506,-122.311488],
"1531 19th av s":[47.589024,-122.308738],
"1814 29th av":[47.618086,-122.294452],
"2020 29th av w":[47.6372183,-122.3939863],
"208 n 54th st":[47.6681161,-122.3560272],
"2123 46th av sw":[47.584663,-122.390887],
"2233 viewmont way w":[47.637756,-122.404292],
"22nd av ne \/ ne 137th st":[47.7283984,-122.3060309],
"2420 54th pl sw":[47.5821613,-122.4017037],
"2423 e denny way":[47.6187792,-122.3001899],
"2522 ne 117th st":[47.7142312,-122.3007643],
"3001 s adams st":[47.5651915,-122.2937227],
"30th av ne \/ ravenna av ne":[47.7059336,-122.296272],
"36th av sw \/ sw dakota st":[47.566485,-122.3774599],
"3949 s angeline st":[47.559216,-122.281369],
"4009 burke av n":[47.655996,-122.335425],
"40th av ne \/ 41st av ne":[47.6575918,-122.2839475],
"44th av sw \/ sw rose st":[47.5289171,-122.3893775],
"5202 44th av sw":[47.5563077,-122.3881519],
"6549 sylvan way sw":[47.5437819,-122.3712498],
"800 sw trenton st":[47.5248287,-122.3457946],
"8212 35th av ne":[47.6889839,-122.2901587],
"s hinds st \/ hunter blvd s":[47.5724423,-122.2848398],
"s snoqualmie st \/ 11th av s":[47.5616835,-122.3186611],
"sb i5 fr northgate":[47.708255,-122.330279]
}