{
"12026 14th av ne":[47.7166179,-122.313548],
"125 8th av":[47.6020292,-122.3224882],
"13540 25th av ne":[47.727872,-122.301406],
"14044 bagley av n":[47.731841,-122.33242],
"1590 alki av sw":[47.588398,-122.394854],
"1600 6th av":[47.6121486,-122.3353737],
"2205 sw myrtle st":[47.53893,-122.361297],
"2221 gilman dr w":[47.6389542,-122.3735591],
"2659 cascadia av s":[47.578682,-122.285839],
"3120 ne 115th st":[47.712156,-122.294135],
"3207 21st av w":[47.648808,-122.383738],
"3232 13th av w":[47.649501,-122.373207],
"38th av e \/ e garfield st":[47.6333888,-122.2840528],
"3900 okanogan ln ne":[47.6534911,-122.3088203],
"3940 sw portland st":[47.533101,-122.383735],
"4250 ne 50th st":[47.6650655,-122.2814799],
"5136 26th av ne":[47.667547,-122.299235],
"539 n 68th st":[47.678441,-122.350815],
"5830 56th av ne":[47.671273,-122.267798],
"5th av ne \/ ne 124th st":[47.7187477,-122.3235689],
"6223 28th av ne":[47.674667,-122.297808],
"810 n 36th st":[47.651385,-122.348193],
"8603 39th av sw":[47.526081,-122.382308],
"9028 25th av sw":[47.5216142,-122.3643915],
"9219 35th av ne":[47.6963992,-122.290937],
"9409 9th av sw":[47.51882,-122.347086],
"9th av n \/ aloha st":[47.6271101,-122.3397119],
"lake washington blvd s \/ 43rd av s":[47.5700961,-122.2794756],
"ne 145th st \/ 28th av ne":[47.733803,-122.2978833],
"s eddy st \/ 24th av s":[47.5453628,-122.3022763]
}