{
"1107 virginia st":[47.6177955,-122.3337082],
"1222 ne 68th st":[47.6782406,-122.3145854],
"124 m l king jr way e":[47.6197025,-122.2958242],
"13600 4th av ne":[47.7277879,-122.3248874],
"1429 s cloverdale st":[47.5261997,-122.313594],
"1438 3rd av":[47.6091509,-122.3372178],
"1704 ne grant ln":[47.65534,-122.309429],
"1800 eastlake av e":[47.6351639,-122.3249837],
"2000 sw trenton st":[47.524711,-122.359111],
"20th av ne \/ ne 90th st":[47.6939411,-122.3068142],
"2100 e olive st":[47.617123,-122.3048421],
"2105 3rd av w":[47.6379845,-122.3612355],
"24th av w \/ w bertona st":[47.6503113,-122.3874214],
"309 35th av s":[47.5999,-122.287937],
"3323 9th av w":[47.649652,-122.368782],
"3431 62nd av sw":[47.5731759,-122.412506],
"4725 5th av ne":[47.663952,-122.323232],
"4927 47th av s":[47.55736,-122.27483],
"5071 sw waite st":[47.581001,-122.396796],
"5129 55th av s":[47.555749,-122.265007],
"5610 37th av s":[47.551576,-122.285981],
"746 broadway e":[47.6263813,-122.3209947],
"7548 24th av nw":[47.6845194,-122.3875679],
"8031 beacon av s":[47.530051,-122.28846],
"8311 18th av nw":[47.6890725,-122.380332],
"8910 25th pl ne":[47.6938189,-122.3008205],
"9211 17th av sw":[47.5205329,-122.3568038],
"beach dr sw \/ sw villa pl":[47.561549,-122.4045887],
"n 40th st \/ woodlawn av n":[47.6556598,-122.3386477],
"sw manning st \/ 38th av sw":[47.5712059,-122.3803546]
}