{
"10526 fremont av n":[47.705861,-122.349685],
"10747 renton av s":[47.503991,-122.25246],
"11045 8th ave ne, north haven apts":[47.7105425,-122.3209766],
"11243 arroyo beach pl sw":[47.501115,-122.383805],
"1246 16th av e":[47.6319749,-122.3108824],
"14th av nw \/ nw 53rd st":[47.6671715,-122.3735161],
"1819 nw market st":[47.6684566,-122.3812188],
"1986 gilman dr w":[47.6381203,-122.3722153],
"2004 1st av":[47.6114675,-122.342731],
"211 pine st":[47.6102781,-122.339359],
"2121 19th av s":[47.5838571,-122.3084723],
"223 n 36th st":[47.6523218,-122.3556784],
"2415 e marion st":[47.6098613,-122.3007028],
"2602 38th av w":[47.643298,-122.4058238],
"2807 nw 61st st":[47.6727459,-122.393383],
"4045 54th av sw":[47.567255,-122.402107],
"44th av s \/ s frontenac st":[47.5397791,-122.2780758],
"46th av sw \/ sw genesee st":[47.5647632,-122.3908231],
"5121 s garden st":[47.537483,-122.269364],
"539 occidental av s":[47.597137,-122.3333886],
"7116 shinkle pl sw":[47.5386368,-122.3667472],
"732 17th av":[47.6090085,-122.310212],
"7340 23rd av ne":[47.682494,-122.302569],
"7743 22nd av nw":[47.686286,-122.3846137],
"805 14th av e":[47.626256,-122.315066],
"8121 14th av sw":[47.5294478,-122.3530798],
"8358 17th av nw":[47.6903951,-122.37894],
"9129 48th av s":[47.521308,-122.27315],
"9351 fauntleroy way sw":[47.5178945,-122.3944874],
"9629 42nd av ne":[47.699467,-122.282892],
"holly park dr s \/ 35th pl s":[47.5408831,-122.2886059],
"linden av n \/ n 79th st":[47.6862228,-122.3472267],
"n 43rd st \/ stone way n":[47.6591921,-122.3422506],
"nb i5 exp at 103rd":[47.7031007,-122.3297426],
"ne 89th st \/ latona av ne":[47.693155,-122.3257169]
}