{
"104 14th av s":[47.6015769,-122.3141491],
"1517 ne 70th st":[47.6792533,-122.3111568],
"1817 queen anne av n":[47.63535,-122.3573508],
"2415 28th av w":[47.6400849,-122.3933128],
"2519 altavista pl w":[47.642009,-122.4062828],
"2621 elliott av":[47.6140202,-122.351615],
"2807 ne 105th st":[47.704023,-122.296972],
"2809 ne 110th st":[47.707973,-122.297501],
"4201 sw juneau st":[47.5500555,-122.3859142],
"4247 s kenny st":[47.548727,-122.278807],
"4530 union bay pl ne":[47.662393,-122.2934481],
"4649 s myrtle st":[47.538709,-122.273202],
"5203 32nd av s":[47.5550688,-122.2917776],
"611 28th av e":[47.6247266,-122.2969045],
"7133 32nd av s":[47.537838,-122.29182],
"7422 east green lake dr n":[47.6823122,-122.3280072],
"8034 18th av nw":[47.687905,-122.379712],
"808 s director st":[47.522459,-122.322356],
"8223 20th av ne":[47.689238,-122.307147],
"8300 7th av s":[47.5287907,-122.3252064],
"8807 15th av ne":[47.692496,-122.3125605],
"9251 matthews av ne":[47.6962796,-122.2770642],
"pike st \/ western av":[47.6083568,-122.3411236],
"s raymond st \/ beacon av s":[47.5486151,-122.3012763],
"s royal brougham way \/ 4th av s":[47.5924017,-122.3290476]
}