{
"0 - 0 wb sr520 at mid span":[47.640459,-122.259104],
"10045 38th av ne":[47.7022959,-122.288419],
"1017 e jefferson st":[47.6061924,-122.3185832],
"1513 18th av":[47.614657,-122.309353],
"1710 s jackson st":[47.5994566,-122.309643],
"1915 sw myrtle st":[47.5389286,-122.3591332],
"2143 s pearl st":[47.5557241,-122.3043794],
"2205 15th av s":[47.5834731,-122.3134231],
"2415 7th av w":[47.6400604,-122.366672],
"2528 10th av w":[47.6415572,-122.3697419],
"2540 1st av n":[47.6426215,-122.3552715],
"2707 w dravus st":[47.6483908,-122.3919449],
"2910 w elmore st":[47.657911,-122.395497],
"3415 s hanford st":[47.57504,-122.289198],
"3555 ne 95th st":[47.6972049,-122.288082],
"4221 23rd av w":[47.658312,-122.386418],
"4531 46th av ne":[47.662259,-122.278657],
"4744 34th av ne":[47.663641,-122.290935],
"6412 49th av sw":[47.545454,-122.394774],
"6706 sycamore av nw":[47.678018,-122.358143],
"700 n 89th st":[47.6936583,-122.3495803],
"707 18th av e":[47.6255256,-122.30894],
"7502 bagley av n":[47.683571,-122.3313059],
"8327 37th av s":[47.528706,-122.286276],
"8417 22nd av sw":[47.527709,-122.362186],
"9728 3rd av nw":[47.700491,-122.360368],
"nb sr509 fr 1":[47.52688,-122.333482]
}