{
"10032 45th av ne":[47.702063,-122.279724],
"10527 15th av nw":[47.706032,-122.377077],
"12039 8th av ne":[47.717076,-122.32177],
"1404 lakeview blvd e":[47.6323815,-122.3233801],
"14th av \/ e howell st":[47.6176249,-122.3142785],
"19th av sw \/ sw brandon st":[47.5537127,-122.3582925],
"20 mercer st":[47.6248534,-122.3558022],
"23rd av s \/ s graham st":[47.5464575,-122.3045048],
"2512 5th av":[47.6177587,-122.3456616],
"2836 30th av w":[47.6456787,-122.3952238],
"2900 s jackson st":[47.5992176,-122.2950045],
"2968 eastlake av e":[47.6485574,-122.3232507],
"3115 ne 117th st":[47.712967,-122.2942467],
"3613 ne 75th st":[47.682777,-122.288722],
"3700 9th av s":[47.57033,-122.320763],
"3850 36th av w":[47.655543,-122.403207],
"4215 e lynn st":[47.638931,-122.277497],
"4400 46th av sw":[47.5646879,-122.390801],
"518 ne 78th st":[47.685529,-122.322024],
"5246 12th av ne":[47.6677891,-122.3148792],
"6411 29th av sw":[47.54541,-122.3696539],
"7030 55th av ne":[47.680389,-122.268607],
"7556 30th av sw":[47.5338845,-122.3708059],
"8016 beacon av s":[47.530458,-122.287493],
"916 10th av e":[47.6273709,-122.319874],
"9209 25th av ne":[47.6958846,-122.3017029]
}