{
"10745 bartlett av ne":[47.707935,-122.281453],
"1410 s king st":[47.5983416,-122.3128152],
"1709 e john st":[47.619485,-122.309655],
"2010 ne 80th st":[47.6868416,-122.3062244],
"221 24th av e":[47.620894,-122.301593],
"2216 e fir st":[47.602812,-122.302973],
"3131 cascadia av s":[47.575449,-122.284051],
"320 nw 78th st":[47.6856573,-122.3615673],
"331 bellevue av e":[47.621733,-122.3269628],
"3333 s walden st":[47.5737693,-122.2909681],
"3638 34th av s":[47.570426,-122.289412],
"4030 ne 85th st":[47.690402,-122.284004],
"4315 sw spokane st":[47.571833,-122.387561],
"467 mcgraw st":[47.639823,-122.347492],
"5050 42nd av s":[47.555571,-122.280365],
"5600 15th av nw":[47.6694529,-122.3761907],
"6520 21st av sw":[47.544269,-122.35901],
"7814 greenwood av n":[47.6859425,-122.3548903],
"8400 26th av sw":[47.5280589,-122.3656677],
"9320 26th av nw":[47.697342,-122.389343],
"shaffer av s \/ s holly st":[47.5426474,-122.2947515]
}