{
"0 - 0 wb i90 at west highrise":[47.590386,-122.288566],
"1100 1st av s":[47.5924087,-122.3341889],
"1120 e roy st":[47.6254582,-122.3170914],
"1421 e denny way":[47.6183543,-122.3132835],
"14323 23rd pl ne":[47.7332102,-122.3049894],
"1528 25th av s":[47.58851,-122.299833],
"1611 n 49th st":[47.664071,-122.338603],
"1801 e jefferson st":[47.605923,-122.308714],
"1821 29th av":[47.61831,-122.295125],
"2214 3rd av s":[47.5837064,-122.3299698],
"2511 s graham st":[47.546199,-122.2997291],
"25th av nw \/ nw 70th st":[47.6794968,-122.3886715],
"27th av \/ e spring st":[47.6115648,-122.2975018],
"3026 s austin st":[47.5346609,-122.2921831],
"3123 17th av s":[47.575268,-122.311068],
"35th av sw \/ sw snoqualmie st":[47.5620319,-122.3762006],
"3707 s burns st":[47.5164265,-122.2854924],
"3902 ne 103rd st":[47.703171,-122.286459],
"404 12th av s":[47.598789,-122.317092],
"4109 sw college st":[47.582762,-122.384363],
"4418 s kenyon st":[47.531836,-122.277516],
"4714 53rd av s":[47.560098,-122.26655],
"4th av n \/ galer st":[47.6323166,-122.3495486],
"5245 18th av ne":[47.667689,-122.3086154],
"5300 46th av s":[47.5543246,-122.2750892],
"539 mcgilvra blvd e":[47.625546,-122.284302],
"5434 california av sw":[47.552801,-122.386555],
"621 w galer st":[47.6321811,-122.3653752],
"7027 39th av ne":[47.6802769,-122.286425],
"7929 9th av sw":[47.5310264,-122.3467802],
"8027 10th av nw":[47.687764,-122.369669],
"834 ne 97th st":[47.6996948,-122.3188854],
"9th av \/ pike st":[47.6125056,-122.3311618],
"queen anne dr \/ warren av n":[47.64187,-122.3544556],
"s dearborn st \/ maynard av s":[47.595824,-122.3250624],
"turner way e \/ e helen st":[47.628182,-122.3017124]
}