{
"1136 35th av":[47.612723,-122.287894],
"14004 wallingford av n":[47.7307007,-122.3366411],
"1415 e john st":[47.6194838,-122.3135443],
"2011 n 75th st":[47.6837218,-122.333307],
"2018 s ferdinand st":[47.558381,-122.306022],
"25":[47.6155588,-122.3151463],
"2715 s washington st":[47.600656,-122.297274],
"3541 ne 89th st":[47.692867,-122.288759],
"3923 s brandon st":[47.553213,-122.282411],
"452 27th av e":[47.6242178,-122.2974016],
"5329 s prentice st":[47.5076449,-122.266218],
"5626 11th av ne":[47.670256,-122.315963],
"607 w raye st":[47.642922,-122.365352],
"617 broadway e":[47.6248131,-122.3212684],
"6175 swift av s":[47.5476437,-122.3091307],
"618 1st av":[47.6024357,-122.3341036],
"6300 60th av ne":[47.6742434,-122.2634969],
"6540 holly ter s":[47.5432306,-122.2625339],
"8155 1st av s":[47.5289504,-122.3352073],
"8317 earl av nw":[47.6895284,-122.3922178],
"838 ne 57th st":[47.6702397,-122.3183485],
"912 n 143rd st":[47.732704,-122.347271],
"9243 m l king jr way s":[47.5191841,-122.2803642],
"9362 rainier av s":[47.5198536,-122.2658922],
"n 45th st \/ burke av n":[47.6613837,-122.3349828],
"n northlake way \/ densmore av n":[47.646865,-122.3375608],
"s austin st \/ 46th av s":[47.5347018,-122.2753377]
}