{
"103 s washington st":[47.6008702,-122.3339913],
"10th av nw \/ nw 77th st":[47.6850859,-122.3693494],
"1104 19th av":[47.61173,-122.307157],
"121 13th av e":[47.6194171,-122.3159262],
"12715 3rd av nw":[47.721901,-122.361357],
"1343 n 79th st":[47.6860069,-122.339822],
"1633 sunset av sw":[47.588424,-122.392007],
"173 s washington st":[47.600711,-122.331834],
"1906 pike":[47.6099463,-122.342321],
"2650 w newton st":[47.637196,-122.392541],
"3109 nw 92nd st":[47.695796,-122.397363],
"3548 s hudson st":[47.5572779,-122.28674],
"3871 50th av ne":[47.656799,-122.273841],
"4030 31st av s":[47.5670505,-122.2922457],
"4206 s chicago st":[47.5326614,-122.2802184],
"4500 17th av ne":[47.6612761,-122.3097164],
"4506 51st av s":[47.562671,-122.268991],
"4515 stanford av ne":[47.671672,-122.278854],
"527 maynard av s":[47.597741,-122.3250803],
"530 26th av":[47.607056,-122.298571],
"5906 8th av ne":[47.671787,-122.319831],
"623 western av":[47.6024747,-122.335902],
"6328 24th av sw":[47.545671,-122.3633063],
"6721 13th av sw":[47.5421819,-122.351816],
"714 s homer st":[47.551595,-122.3232448],
"7310 24th av nw":[47.6817894,-122.3872945],
"hiram pl ne \/ 26th av ne":[47.7178691,-122.3002993],
"wall st \/ denny way":[47.618558,-122.3438444]
}