{
"1007 12th av s":[47.5954775,-122.3172754],
"10601 55th av s":[47.505817,-122.265071],
"12020 31st av ne":[47.7161406,-122.2950181],
"1321 alki av sw":[47.5946712,-122.388233],
"13244 40th av ne":[47.725929,-122.283993],
"13573 linden av n":[47.7276581,-122.3477278],
"1523 ne 145th st":[47.7339489,-122.3122329],
"1540 ne 177th st":[47.758406,-122.311851],
"1724 ne 120th st":[47.716232,-122.308708],
"2216 1st av":[47.6129946,-122.3458477],
"2507 yale av e":[47.6422174,-122.3274032],
"2522 15th av s":[47.5803862,-122.313418],
"2621 e union st":[47.6128199,-122.2977819],
"2830 30th av w":[47.64555,-122.395223],
"3052 24th av w":[47.6481039,-122.38702],
"3426 59th av sw":[47.572837,-122.407795],
"3606 ne 57th st":[47.6705029,-122.288619],
"3635 36th av w":[47.653258,-122.403926],
"402 prospect st":[47.629134,-122.348593],
"4844 25th av sw":[47.557937,-122.363886],
"5002 greenwood av n":[47.6651164,-122.3551055],
"51st av s \/ renton av s":[47.5171529,-122.2700267],
"540 17th av":[47.6063567,-122.31027],
"5411 23rd av s":[47.5534626,-122.3043252],
"5643 49th av sw":[47.550897,-122.395448],
"6238 flora av s":[47.546498,-122.318938],
"7107 35th av sw":[47.538936,-122.3771],
"719 29th av":[47.6086197,-122.2951791],
"721 n 128th st":[47.7220797,-122.3493775],
"7941 9th av sw":[47.5307041,-122.3467792],
"9116 2nd av ne":[47.695532,-122.326796],
"914 17th av":[47.61084,-122.30992],
"9731 greenwood av n":[47.7006205,-122.3557053],
"e newton st \/ 43rd av e":[47.6369533,-122.2771133],
"e olive way \/ e howell st":[47.6177295,-122.3262668],
"n 104th st \/ linden av n":[47.704339,-122.3473513],
"n 97th st \/ ashworth av n":[47.6996411,-122.3397186],
"woodlawn av n \/ n 55th st":[47.6687084,-122.3379753]
}