{
"0 nb i5 exp at mercer":[47.621252,-122.328413],
"1019 39th av e":[47.627997,-122.283167],
"10200 1st av ne":[47.7029785,-122.3284437],
"10434 56th av s":[47.507178,-122.262588],
"1239 s king st":[47.597914,-122.315496],
"14042 27th av ne":[47.731339,-122.298862],
"1540 nw 56th st":[47.6695971,-122.3780072],
"1549 13th ave s":[47.5886043,-122.3162798],
"1900 2nd av":[47.6112175,-122.3405497],
"2047 23rd av e":[47.639246,-122.303677],
"2248 nw 61st st":[47.6733083,-122.3869003],
"2312 14th av s":[47.5825363,-122.3143246],
"233 1st av w":[47.6207763,-122.358412],
"2410 s ferdinand st":[47.558693,-122.302239],
"2630 58th av sw":[47.5799059,-122.4059081],
"3810 24th av w":[47.6544283,-122.387209],
"3rd av w \/ w bertona st":[47.6504157,-122.3608638],
"4101 3rd av nw":[47.6572235,-122.3610956],
"4534 51st av ne":[47.662304,-122.272182],
"4619 sw genesee st":[47.5646055,-122.3918018],
"4625 s henderson st":[47.5232971,-122.2731026],
"4700 rainier av s":[47.5605492,-122.2864078],
"4840 25th av sw":[47.558046,-122.363885],
"5210 s farrar st":[47.555776,-122.26758],
"5257 36th av sw":[47.553947,-122.377991],
"5270 mithun pl ne":[47.6672923,-122.282453],
"5305 52nd av s":[47.5537893,-122.2684028],
"536 n 103rd st":[47.7037971,-122.3511929],
"5517 23rd av s":[47.552737,-122.304344],
"5949 32nd av s":[47.548354,-122.291879],
"6033 california av sw":[47.547523,-122.387639],
"8016 meridian av n":[47.68733,-122.332822],
"8542 10th av nw":[47.691916,-122.369022],
"8901 26th av ne":[47.693181,-122.300301],
"8th av & stewart st":[47.614972,-122.3353426],
"942 n 95th st":[47.6980406,-122.3453369],
"broad st eb off rp \/ mercer st":[47.6246127,-122.3422506],
"montlake blvd ne \/ ne 45th st":[47.6610295,-122.2982253],
"n 38th st \/ stone way n":[47.6527148,-122.3425886]
}