{
"10032 9th av sw":[47.5128103,-122.3463397],
"10209 31st av sw":[47.5116159,-122.372126],
"1324 4th av w":[47.6311444,-122.3617599],
"1505 11th av":[47.614381,-122.3182872],
"1732 nw 59th st":[47.671861,-122.380337],
"1807 e hamlin st":[47.6453069,-122.3085859],
"1918 e denny way":[47.6185181,-122.3064779],
"2035 nw 62nd st":[47.673599,-122.383696],
"2570 56th av sw":[47.579759,-122.403628],
"303 12th av s":[47.5998002,-122.317441],
"3140 w government way":[47.660731,-122.398628],
"3325 58th av sw":[47.5746538,-122.40718],
"3429 45th av sw":[47.5725308,-122.3907689],
"4409 sw college st":[47.5827808,-122.3881097],
"4500 lake washington blvd s":[47.563578,-122.267595],
"4701 5th av ne":[47.663292,-122.323239],
"4808 47th av s":[47.559062,-122.274074],
"503 ne 124th st":[47.718541,-122.323319],
"5110 ravenna pl ne":[47.6667197,-122.3013136],
"5436 49th av sw":[47.552864,-122.3947019],
"55th av s \/ s othello st":[47.5369682,-122.2646322],
"5736 sw winthrop st":[47.576258,-122.406895],
"6546 33rd av s":[47.542986,-122.28967],
"706 n 97th st":[47.6998655,-122.3496415],
"741 w florentia pl":[47.6470699,-122.3679282],
"92 lenora st":[47.6116803,-122.3444854],
"923 n 103rd st":[47.7033831,-122.3463969],
"9330 7th av s":[47.5195887,-122.3243007],
"9th av sw \/ sw cambridge st":[47.5191442,-122.3467098],
"durland av ne \/ ne 106th st":[47.705342,-122.2771292],
"e columbia st \/ 22nd av":[47.6090248,-122.3037194],
"fremont av n \/ n 88th st":[47.6927563,-122.3499031],
"greenwood av n \/ n 61st st":[47.6731871,-122.3553288],
"keystone pl n \/ n 50th st":[47.6649888,-122.33105],
"n 90th st \/ densmore av n":[47.6941544,-122.3378194]
}