{
"10054 65th av s":[47.5103215,-122.2520303],
"1014 31st av e":[47.6279789,-122.2916776],
"1014 sw portland st":[47.5335128,-122.3487687],
"105 w mercer st":[47.624495,-122.35832],
"135 23rd av e":[47.6199642,-122.3027942],
"1406 e pike st":[47.6143944,-122.313907],
"1500 e olive st":[47.6164651,-122.3127846],
"1551 n 36th st":[47.650332,-122.339233],
"1801 nw market st":[47.6681905,-122.380197],
"1840 ne grant ln":[47.6557692,-122.3082896],
"1909 n 43rd st":[47.6589791,-122.3344851],
"2062 13th av w":[47.6366786,-122.3738323],
"2105 s washington st":[47.600547,-122.304781],
"2206 14th av w":[47.638889,-122.374657],
"27th av ne \/ ne 134th st":[47.7254503,-122.2991215],
"3029 s brighton st":[47.5412204,-122.2919126],
"311 union st":[47.6084178,-122.3356635],
"3206 fuhrman av e":[47.650428,-122.319801],
"3536 nw 67th st":[47.677461,-122.403447],
"3907 48th av ne":[47.657054,-122.277036],
"400 blanchard st":[47.6146073,-122.3426501],
"4105 corliss av n":[47.6569595,-122.3315534],
"4115 phinney av n":[47.657144,-122.354785],
"412 n 61st st":[47.6733753,-122.3537358],
"4219 latona av ne":[47.658252,-122.325483],
"5316 s budd ct":[47.5299441,-122.2654553],
"5903 32nd av s":[47.549643,-122.29188],
"5th av \/ columbia st":[47.6051431,-122.3305106],
"602 19th av e":[47.6245685,-122.3070021],
"610 10th av e":[47.624591,-122.319563],
"7012 34th av ne":[47.679828,-122.291147],
"7419 rockery dr s":[47.5356174,-122.2825887],
"7700 chicago ct s":[47.5333498,-122.2828154],
"8021 31st av ne":[47.687341,-122.295282],
"919 25th av s":[47.5939641,-122.3004222],
"broadway & e denny way":[47.618751,-122.3208466],
"s cloverdale st \/ seward park av s":[47.5284467,-122.2663403]
}