{
"10508 interlake av n":[47.705429,-122.340271],
"10652 bartlett av ne":[47.706341,-122.28005],
"12203 9th av ne":[47.716735,-122.319815],
"1225 18th av e":[47.631413,-122.308968],
"1318 s lucile st":[47.553667,-122.315236],
"14346 phinney av n":[47.733703,-122.35391],
"155 ne 100th st":[47.7009163,-122.3264957],
"1800 23rd av":[47.6177973,-122.3025519],
"2nd av nw \/ nw 95th st":[47.6978572,-122.3593661],
"32nd av \/ e denny way":[47.6184653,-122.2912341],
"3459 nw 54th st":[47.6681,-122.403015],
"4118 ne 96th st":[47.698944,-122.283529],
"4211 ne 68th st":[47.677427,-122.283069],
"4566 34th av s":[47.560884,-122.289621],
"4710 47th av s":[47.560149,-122.274084],
"528 n 105th st":[47.7050804,-122.351619],
"6400 60th pl s":[47.5447995,-122.2578793],
"6737 27th av nw":[47.678768,-122.391144],
"6837 29th av ne":[47.678708,-122.296681],
"8103 30th av sw":[47.5298608,-122.3714514],
"8300 29th av nw":[47.688796,-122.394005],
"8427 44th av s":[47.527071,-122.278848],
"936 35th av":[47.6112227,-122.2882214],
"green lake dr n \/ stone av n":[47.6876794,-122.3418161],
"s norfolk st \/ 61st av s":[47.5133649,-122.2570317],
"s state st \/ 17th av s":[47.5877533,-122.310582],
"w thomas st \/ 1st av w":[47.6209438,-122.3580556],
"woodlawn av n \/ n 46th st":[47.6621347,-122.3391479]
}