{
"10015 beacon av s":[47.510696,-122.272379],
"1122 broadway  e":[47.629378,-122.320943],
"1124 hiawatha pl s":[47.5921083,-122.3070409],
"11449 marine view dr sw":[47.4995089,-122.3781482],
"1201 e john st":[47.6197,-122.316607],
"1209 nw norcross way":[47.708082,-122.3719337],
"1300 queen anne av n":[47.6304449,-122.3566045],
"1317 s dawson st":[47.555408,-122.315255],
"1400 ne 65th st":[47.6758071,-122.3131181],
"1440 nw 64th st":[47.6754913,-122.3754969],
"1514 s bayview st":[47.581224,-122.312643],
"1529 6th av":[47.6118487,-122.3355492],
"1532 29th av":[47.615131,-122.294571],
"209 n 90th st":[47.6939913,-122.3561146],
"2471 aurora av n":[47.6413879,-122.3467568],
"2521 s dawson st":[47.5559553,-122.2994397],
"2632 w lynn st":[47.639332,-122.391901],
"2800 s hanford st":[47.574603,-122.2967005],
"2820 34th av w":[47.6456481,-122.4005753],
"300 university st":[47.6077671,-122.3360002],
"303 nw 52nd st":[47.666437,-122.3611064],
"33rd av s \/ s mcclellan st":[47.5783472,-122.2908624],
"3721 s pilgrim st":[47.515477,-122.285019],
"4321 s dawson st":[47.554865,-122.278661],
"4544 41st av sw":[47.5615665,-122.3836315],
"4621 greenwood av n":[47.663115,-122.355731],
"5535 s leo st":[47.502316,-122.263208],
"6101 rainier av s":[47.5472865,-122.2771733],
"6315 19th av ne":[47.675243,-122.307952],
"6349 6th av s":[47.544795,-122.3265533],
"6809 49th av ne":[47.6779579,-122.275973],
"7408 28th av nw":[47.682761,-122.3926704],
"8123 49th av s":[47.529614,-122.272059],
"842 s sullivan st":[47.527555,-122.32111],
"8518 30th av nw":[47.691191,-122.3954],
"8th av \/ cherry st":[47.6058058,-122.3265193],
"925 e alder st":[47.6039899,-122.3197917],
"9501 4th av nw":[47.6980239,-122.362345],
"9722 dibble av nw":[47.700849,-122.366999],
"aurora av n \/ n 140th st":[47.7304912,-122.3450764],
"mcgraw st \/ dexter av n":[47.6395772,-122.344153]
}