{
"10123 holman rd nw":[47.703021,-122.360033],
"11021 20th av ne":[47.709089,-122.306774],
"12552 ashworth av n":[47.721147,-122.339022],
"1541 ne 94th st":[47.696369,-122.310207],
"1609 e fir st":[47.6025506,-122.3111343],
"208 13th av e":[47.6202275,-122.31559],
"2100 sw holden st":[47.5338355,-122.3608852],
"2265 1st av s":[47.5821965,-122.3344753],
"2311 eastlake av e":[47.6400883,-122.3260299],
"2616 eastlake av e":[47.6437436,-122.3258767],
"2664 9th av w":[47.6440849,-122.368565],
"2818 thorndyke av w":[47.644809,-122.3832046],
"33rd av s \/ s hinds st":[47.5723907,-122.29097],
"3727 36th av sw":[47.57035,-122.377435],
"3802 s dakota st":[47.566318,-122.2846857],
"415 w howe st":[47.6357813,-122.3631106],
"420 nw 45th st":[47.6616748,-122.3631163],
"4520 48th av s":[47.562258,-122.272842],
"5401 25th av ne":[47.6682104,-122.3009612],
"5949 24th av s":[47.5485641,-122.3024182],
"7327 30th av sw":[47.5365654,-122.3714344],
"8028 burke av n":[47.687809,-122.335206],
"8129 13th av sw":[47.52922,-122.352034],
"825 - 30th ave":[47.6097601,-122.2940555],
"829 s sullivan st":[47.527063,-122.32159],
"8454 24th av sw":[47.526651,-122.362736],
"908 28th av s":[47.59407,-122.296218],
"9423 california av sw":[47.517681,-122.387838],
"just to bug mark":[47.6012184,-122.3283401]
}