{
"0 sb i5 at holgate":[47.588028,-122.320555],
"10302 13th av nw":[47.703512,-122.372372],
"10358 riviera pl ne":[47.7043548,-122.2746059],
"10700 5th av ne":[47.7068866,-122.3226359],
"12004 10th av nw":[47.7162514,-122.3691775],
"1523 17th av s":[47.589241,-122.31089],
"15th av ne \/ ne 85th st":[47.6903332,-122.3122419],
"1924 4th av w":[47.636719,-122.361917],
"207 25th av":[47.603744,-122.300242],
"2701 w manor pl":[47.6528336,-122.3916141],
"3302 claremont av s":[47.5734421,-122.2958609],
"3538 s hudson st":[47.5572332,-122.2870594],
"3615 beacon av s":[47.571671,-122.3081642],
"4010 14th av s":[47.5676442,-122.3146867],
"4415 51st av sw":[47.5643262,-122.3978586],
"4721 s ferdinand st":[47.5582106,-122.2739716],
"5002 46th av s":[47.55686,-122.275029],
"505 s jackson st":[47.5991374,-122.3271826],
"5905 beach dr sw":[47.549996,-122.399313],
"600 malden av e":[47.624478,-122.313319],
"6006 31st av sw":[47.5479899,-122.3719226],
"6244 vassar av ne":[47.675092,-122.278052],
"6728 mary av nw":[47.6786348,-122.3758647],
"7017 mary av nw":[47.680106,-122.376042],
"7045 11th av nw":[47.680872,-122.370768],
"710 2nd av":[47.6034693,-122.3328106],
"8254 interlake av n":[47.6902929,-122.340135],
"8547 29th av nw":[47.692004,-122.394306],
"8610 45th av s":[47.5257352,-122.2755072],
"9559 palatine av n":[47.6995115,-122.3570233]
}