{
"100 n 74th st":[47.682777,-122.357766],
"1019 ne 108th st":[47.7069649,-122.316897],
"1052 e fir st":[47.6027015,-122.318274],
"14053 greenwood av n":[47.7321669,-122.3555699],
"1620 14th av":[47.615949,-122.313968],
"1651 s king st":[47.598103,-122.309341],
"1922 nw blue ridge dr":[47.7053312,-122.3818095],
"24th av w \/ w jameson st":[47.6594526,-122.3874833],
"27th av e \/ e madison st":[47.6227447,-122.2972507],
"2nd av w \/ w harrison st":[47.622118,-122.3593605],
"3208 nw esplanade":[47.6989995,-122.398378],
"345 n 72nd st":[47.6808554,-122.3534213],
"3452 39th av sw":[47.5716279,-122.381074],
"3627 nw 65th ct":[47.6757969,-122.4048577],
"38th av ne \/ ne 85th st":[47.6901919,-122.288024],
"4369 s bennett st":[47.554091,-122.276712],
"4937 purdue av ne":[47.670627,-122.273309],
"5120 s director st":[47.5221258,-122.2690593],
"5401 32nd av s":[47.5534589,-122.2915631],
"5715 27th av ne":[47.6704551,-122.2988265],
"5926 s eastwood dr":[47.503894,-122.258277],
"6007 fauntleroy way sw":[47.548166,-122.383377],
"6317 44th av sw":[47.546144,-122.38907],
"6803 46th av s":[47.541502,-122.275699],
"7714 renton av s":[47.53281,-122.2786495],
"7715 39th av ne":[47.685345,-122.286658],
"7812 32nd av s":[47.5319689,-122.2905],
"820 29th av s":[47.594964,-122.295093],
"8819 5th av s":[47.524143,-122.328638],
"9558 greenwood av n":[47.6993738,-122.3550853],
"ne 70th st \/ 15th av ne":[47.6794318,-122.312013],
"ne 77th st \/ 16th av ne":[47.6848706,-122.3110462],
"nw market st \/ 3rd av nw":[47.6670233,-122.3608476],
"s garden st \/ rainier av s":[47.5376452,-122.2704203]
}