{
"1109 n 36th st":[47.65024,-122.3436421],
"119 n 36th st":[47.6524998,-122.3568565],
"13026 1st av ne":[47.7239829,-122.328513],
"1559 nw 65th st":[47.6759828,-122.3780025],
"1609 windermere dr e":[47.633623,-122.28997],
"1915 sw dakota st":[47.5663849,-122.358592],
"2040 nw 59th st":[47.6718534,-122.3838686],
"2123 11th av w":[47.6385041,-122.3718565],
"2213 nw market st":[47.6685967,-122.385445],
"2312 magnolia blvd w":[47.638225,-122.408045],
"2523 22nd av s":[47.580303,-122.304636],
"2812 mount st helens pl s":[47.577997,-122.286336],
"28th av nw \/ nw 71st st":[47.680259,-122.3929855],
"334 nw 80th st":[47.68715,-122.362306],
"3412 38th av w":[47.6508759,-122.405422],
"3840 18th av sw":[47.5689025,-122.3566312],
"3907 s brandon st":[47.553218,-122.283002],
"4080 letitia av s":[47.5660125,-122.289524],
"4424 31st av w":[47.660842,-122.396833],
"500 aloha st":[47.6274343,-122.3471721],
"5441 ne windermere rd":[47.668633,-122.269474],
"5542 36th av ne":[47.6697831,-122.2888118],
"5717 1st av ne":[47.670705,-122.328495],
"6736 10th av nw":[47.678887,-122.369499],
"7128 s 115th st":[47.499911,-122.244189],
"740 s kenyon st":[47.532177,-122.323672],
"743 broadway e":[47.626252,-122.321636],
"7601 39th av s":[47.534635,-122.2838611],
"8745 forest hill pl nw":[47.693661,-122.397959],
"9006 13th av sw":[47.522585,-122.351357],
"9006 3rd av s":[47.522523,-122.330345],
"9015 evanston av n":[47.694712,-122.351657],
"919 m l king jr way":[47.5939555,-122.2978713],
"9235 36th av sw":[47.52001,-122.378624],
"9407 36th av sw":[47.5190089,-122.378544],
"melrose av e \/ e thomas st":[47.6208236,-122.3279048],
"ne 75th st \/ latona av ne":[47.6831894,-122.3255941],
"ne 82nd st \/ 35th av ne":[47.688437,-122.2906368],
"winona av n \/ west green lake dr n":[47.6850777,-122.3392228]
}