{
"10701 meridian av n":[47.7070967,-122.3344938],
"1114 sunset av sw":[47.592798,-122.386839],
"12250 1st av nw":[47.7192859,-122.357898],
"1311 n 50th st":[47.6649867,-122.3414952],
"1423 30th av":[47.613662,-122.294076],
"1512 5th av":[47.6110876,-122.3355653],
"1545 nw 57th st":[47.6698656,-122.3783252],
"1910 sw holly st":[47.5430177,-122.3591869],
"19th av s \/ s massachusetts st":[47.5884236,-122.3084085],
"2024 ne 133rd st":[47.725029,-122.306175],
"2027 westlake ave":[47.6157552,-122.3382358],
"2204 federal av e":[47.63865,-122.318693],
"2245 3rd av s":[47.5831049,-122.3300046],
"23 prospect st":[47.628512,-122.355604],
"2310 16th av s":[47.582549,-122.3117],
"2325 10th av e":[47.6402841,-122.3204468],
"2351 31st av s":[47.5813879,-122.293377],
"2428 e miller st":[47.6419271,-122.300727],
"300 s royal brougham way":[47.5923483,-122.3307729],
"3015 queen anne av n":[47.6474591,-122.3580304],
"3311 ne 60th st":[47.6711946,-122.2921117],
"3801 ne 77th st":[47.684385,-122.2870533],
"39th av sw \/ sw holly st":[47.5429533,-122.3818813],
"400 5th av n":[47.6220914,-122.3475048],
"4055 sw henderson st":[47.5217789,-122.3844109],
"406 ne 82nd st":[47.6884609,-122.3239],
"4063 24th pl s":[47.5665059,-122.301703],
"4519 densmore av n":[47.661969,-122.338011],
"4522 15th av s":[47.56279,-122.313108],
"511 33rd av":[47.606513,-122.290828],
"512 7th av s":[47.5979614,-122.3236362],
"5712 22nd av nw":[47.6705024,-122.3847252],
"7318 20th av ne":[47.681842,-122.306295],
"758 n 72nd st":[47.6812177,-122.3472656],
"8339 20th av nw":[47.6899014,-122.3824874],
"9313 52nd av s":[47.518568,-122.267803],
"madison st \/ 1st av":[47.6046697,-122.3362233]
}