{
"11522 5th av ne":[47.712888,-122.322961],
"11th av sw \/ sw thistle st":[47.5283187,-122.3493054],
"12014 22nd av ne":[47.716219,-122.305451],
"1231 parkside dr e":[47.630963,-122.290948],
"138 ne 60th st":[47.6723425,-122.3276893],
"1427 24th av":[47.6138475,-122.3014093],
"144 nw 78th st":[47.685693,-122.359953],
"1921 10th av e":[47.636619,-122.320463],
"2027 32nd av s":[47.584342,-122.29225],
"2342 34th av s":[47.581246,-122.289495],
"2606 nw 64th st":[47.6754283,-122.3905723],
"3152 w galer st":[47.6323623,-122.3946744],
"3501 ne 105th st":[47.704534,-122.290642],
"411 108th av ne":[47.6141684,-122.1968383],
"4121 49th av sw":[47.565954,-122.395236],
"419 occidental av s":[47.5985531,-122.3331868],
"4405 sw 102nd st":[47.511885,-122.389055],
"4408 49th av s":[47.563848,-122.2717174],
"5886 ne park point dr":[47.6774759,-122.2648279],
"6236 27th av ne":[47.675043,-122.298215],
"6300 6th av s":[47.5458218,-122.326112],
"6417 flora av s":[47.5450919,-122.320054],
"7047 50th av ne":[47.680595,-122.274656],
"7503 57th pl ne":[47.6830799,-122.26719],
"811 ne 58th st":[47.6705665,-122.3195174],
"815 ne 63rd st":[47.6740053,-122.3192854],
"8408 stone av n":[47.690181,-122.341451],
"847 ne 88th st":[47.691937,-122.318269],
"8601 18th av sw":[47.5263263,-122.358006],
"9263 46th av s":[47.519521,-122.274549],
"940 s harney st":[47.5485397,-122.3193546],
"9423 58th av s":[47.5177854,-122.2608414],
"harvard av e \/ e harrison st":[47.622,-122.3220184],
"s morgan st \/ seward park av s":[47.5442641,-122.2641351]
}