{
"10820 55th av s":[47.503033,-122.264358],
"11016 phinney av n":[47.7092839,-122.353759],
"13038 9th av nw":[47.724431,-122.367449],
"2023 e alder st":[47.6042016,-122.305446],
"2109 n 133rd st":[47.724776,-122.333699],
"2148 ne 100th st":[47.701442,-122.304796],
"25th av sw \/ sw cloverdale st":[47.5264671,-122.3644897],
"3011 s jackson st":[47.5991791,-122.2936599],
"3015 ne 91st st":[47.694493,-122.295086],
"3617 ne 125th st":[47.719038,-122.28859],
"3837 42nd av ne":[47.6572296,-122.2830704],
"4111 stone way n":[47.6570505,-122.3427514],
"4112 sw holden st":[47.53386,-122.385285],
"4200 s court st":[47.5709159,-122.280536],
"4505 17th av ne":[47.6615751,-122.3099933],
"4607 s chicago st":[47.532334,-122.274911],
"523 n 122nd st":[47.717512,-122.351848],
"5610 11th av ne":[47.6698564,-122.3159678],
"5950 4th av s":[47.5490761,-122.3292519],
"6556 42nd av sw":[47.543162,-122.385404],
"6601 holly pl sw":[47.544625,-122.390228],
"7019 43rd av ne":[47.680006,-122.283194],
"7316 31st av sw":[47.536798,-122.372173],
"7322 18th av ne":[47.681997,-122.308514],
"7448 latona av ne":[47.683003,-122.325009],
"8115 14th av sw":[47.5296117,-122.3530787],
"8340 mary av nw":[47.6898522,-122.3754398],
"8753 phinney av n":[47.6938559,-122.3539691],
"9247 26th av nw":[47.697467,-122.390011],
"n 85 st\/aurora av n":[47.6905625,-122.3445219],
"s massachusetts st \/ airport way s":[47.5882327,-122.3213988]
}