{
"11739 26th av ne":[47.7153228,-122.3006784],
"12614 6th av nw":[47.7208095,-122.3633221],
"12728 37th av ne":[47.721953,-122.287788],
"13706 39th av ne":[47.728511,-122.286246],
"14th av nw \/ nw 95th st":[47.6979014,-122.3741017],
"2020 ne 89th st":[47.693215,-122.305989],
"2128 n 122nd st":[47.717327,-122.332922],
"21st av e \/ e republican st":[47.6232025,-122.304696],
"2342 47th av sw":[47.581714,-122.391537],
"2561 e madison st":[47.621501,-122.2990514],
"28th av s \/ s college st":[47.5829098,-122.2964245],
"3032 ne 87th st":[47.691871,-122.294565],
"30th av ne \/ ne 65th st":[47.6757819,-122.2950893],
"3607 43rd av w":[47.6530256,-122.4137997],
"3935 s ferdinand st":[47.5578272,-122.2818199],
"4014 35th av sw":[47.5675103,-122.3758879],
"4041 35th av sw":[47.567183,-122.376522],
"4417 francis av n":[47.6607957,-122.3533169],
"4445 51st av sw":[47.5634296,-122.3979407],
"4526 s mead st":[47.5506099,-122.2760334],
"48th av s \/ s austin st":[47.534712,-122.2726403],
"4934 erskine way sw":[47.5578093,-122.3885911],
"5001 8th av ne":[47.665104,-122.319873],
"5013 delridge way sw":[47.5569484,-122.3629269],
"5018 sand point pl ne":[47.6654529,-122.2813332],
"5433 36th av sw":[47.552834,-122.378011],
"5631 34th av sw":[47.5509391,-122.375345],
"5943 s eastwood dr":[47.5036989,-122.2576801],
"603 elliott av w":[47.6250286,-122.3662312],
"6319 29th av sw":[47.5464616,-122.3699903],
"6702 cleopatra pl nw":[47.677907,-122.36523],
"7262 28th av ne":[47.682391,-122.297115],
"801 ne 120th st":[47.7156125,-122.3205016],
"9022 25th av nw":[47.694929,-122.388301],
"907 ne 72nd st":[47.68066,-122.318295],
"aurora av n \/ galer st":[47.6322995,-122.3435089],
"s jackson st \/ 10th av s":[47.5991852,-122.3196409],
"sb i5 at wsea frwy":[47.5715924,-122.3201617]
}