{
"11300 lakeside av ne":[47.7116118,-122.277571],
"1400 e boston st":[47.63839,-122.314248],
"1711 ne 89th st":[47.6928572,-122.3088528],
"2004 sw thistle st":[47.528529,-122.359368],
"2301 31st av s":[47.5827564,-122.2933472],
"2400 s jackson st":[47.5995784,-122.3008335],
"2651 nw 60th st":[47.6723321,-122.3927769],
"2722 alki av sw":[47.5790201,-122.4103265],
"30 w etruria st":[47.6479612,-122.3589924],
"3025 nw market st":[47.6683466,-122.3962463],
"307 broad st":[47.618323,-122.3503019],
"3419 1st av s":[47.5728854,-122.3350296],
"3602 48th av sw":[47.571917,-122.393058],
"3806 s edmunds st":[47.5586667,-122.2850924],
"3843 50th av sw":[47.568951,-122.396535],
"3948 s brandon st":[47.5536109,-122.281402],
"4807 s kenyon st":[47.531346,-122.272435],
"4808 s cloverdale st":[47.5263121,-122.272092],
"4919 ne laurelcrest ln":[47.653367,-122.275493],
"5501 18th av s":[47.5533664,-122.3098926],
"5506 16th av s":[47.5531858,-122.3119528],
"6222 flora av s":[47.546873,-122.318818],
"6700 m l king jr way s":[47.5424763,-122.2836327],
"6757 34th av sw":[47.541174,-122.375569],
"7511 6th av nw":[47.683775,-122.363608],
"7565 renton av s":[47.533524,-122.279581],
"815 18th av":[47.6097153,-122.3092069],
"8322 24th av nw":[47.6894129,-122.3872373],
"9016 25th av sw":[47.522064,-122.3642285],
"908 nw 49th st":[47.6645473,-122.3691578],
"9756 rainier av s":[47.515375,-122.252628],
"n 101st st \/ dayton av n":[47.7021812,-122.3527313],
"pine st \/ 2nd av":[47.6102763,-122.3398094],
"roosevelt way ne \/ ne 115th st":[47.712207,-122.3179136]
}