{
"10438 63rd av s":[47.507051,-122.254378],
"11346 sunnyside av n":[47.7118198,-122.3297843],
"11501 15th av ne":[47.7126045,-122.3129398],
"12524 26th av ne":[47.720127,-122.299943],
"14041 30th av ne":[47.731321,-122.297018],
"14315 stone av n":[47.732911,-122.342684],
"1508 45th av sw":[47.590272,-122.388497],
"1540 nw ballard way":[47.663163,-122.377948],
"16th av \/ e spruce st":[47.6035196,-122.3112632],
"1815 boyer av e":[47.635522,-122.3021822],
"1937 4th av":[47.6127024,-122.3394452],
"2208 fairview av e":[47.6385713,-122.3292226],
"2344 28th av s":[47.581596,-122.296139],
"241 nw 50th st":[47.664792,-122.360606],
"2600 sw andover st":[47.5683496,-122.364901],
"2832 harvard av e":[47.6466306,-122.3217055],
"2851 nw 72nd st":[47.6807299,-122.395267],
"3015 27th av w":[47.6472564,-122.3918561],
"3203 sw 100th st":[47.513498,-122.373326],
"3213 21st av s":[47.5746175,-122.3055313],
"3424 38th av w":[47.6512787,-122.4054681],
"4016 woodlawn av n":[47.6562188,-122.3386113],
"4216 s raymond st":[47.5481891,-122.2800422],
"4345 32nd av w":[47.6598047,-122.3985974],
"4547 university way ne":[47.662666,-122.313344],
"4616 sw myrtle st":[47.539891,-122.392164],
"4726 8th av ne":[47.663924,-122.31922],
"5737 61st av ne":[47.671039,-122.262496],
"5900 17th av nw":[47.6716411,-122.378876],
"6215 15 ave nw -- jiffy lube":[47.6743754,-122.3765655],
"630 nw 80th st":[47.6871554,-122.364716],
"6404 30th av sw":[47.5455207,-122.3700928],
"7231 38th av s":[47.5376583,-122.2846827],
"8238 41st av ne":[47.68954,-122.28404],
"n 38th st \/ aurora av n nb off rp":[47.6528329,-122.347244],
"nb i5 exp at ne 82 st":[47.688615,-122.3282835],
"nw 46th st \/ 8th av nw":[47.6621977,-122.3661651]
}