{
"1228 ne ravenna blvd":[47.671752,-122.314396],
"12355 38th av ne":[47.718983,-122.287574],
"12501 17th av ne":[47.7196509,-122.3112818],
"1321 minor av":[47.6126082,-122.327072],
"14490 30th av ne":[47.7337268,-122.2964914],
"1605 n 45th st":[47.6612546,-122.3382481],
"1820 13th av s":[47.5865142,-122.3159841],
"1910 e galer st":[47.6324836,-122.3065958],
"2223 nw 60th st":[47.6721803,-122.3857851],
"2245 12th av w":[47.6399339,-122.372908],
"22nd av nw \/ shilshole av nw":[47.6664913,-122.3847677],
"2304 e lynn st":[47.639761,-122.303034],
"2622 23rd av w":[47.6436901,-122.3856867],
"311 n 138th st":[47.7293106,-122.3549982],
"3125 37th av s":[47.5754281,-122.2860653],
"329 9th av":[47.604325,-122.3236443],
"3757 w commodore way":[47.665913,-122.408131],
"401 nw 70th st":[47.6793989,-122.3616556],
"4062 letitia av s":[47.566498,-122.2895422],
"4400 sw dawson st":[47.556739,-122.3886481],
"4511 35th av w":[47.661677,-122.402843],
"4525 55th av ne":[47.6620019,-122.2690382],
"4528 east laurel dr ne":[47.661878,-122.270575],
"4556 52nd av ne":[47.6628649,-122.27112],
"5262 18th av ne":[47.6682592,-122.3079707],
"5319 5th av ne":[47.667711,-122.323191],
"5919 m l king jr way s":[47.5492226,-122.2874939],
"613 queen anne av n":[47.6249854,-122.3569737],
"6525 39th av sw":[47.5440765,-122.3822499],
"6704 23rd av sw":[47.542676,-122.362274],
"718 m l king jr way s":[47.5961212,-122.297166],
"719 2nd av w":[47.6263296,-122.3596799],
"77 yesler way":[47.6015284,-122.3352573],
"7919 seward park av s":[47.531034,-122.266775],
"8046 dibble av nw":[47.6882734,-122.3669576],
"8527 latona av ne":[47.6912336,-122.3257057],
"9611 42nd av ne":[47.699042,-122.282837],
"9721 41st pl ne":[47.699858,-122.284165],
"baker av nw \/ nw 41st st":[47.6563429,-122.3590431],
"e roanoke st \/ boylston av e":[47.6431939,-122.3233799],
"ne 100th st \/ 8th av ne":[47.7013189,-122.3204172]
}