{
"0 - 0 nb sr99 fr 1":[47.594855,-122.334193],
"10 blaine st":[47.634934,-122.356576],
"1122 yakima av s":[47.592297,-122.294019],
"11606 35th av sw":[47.498954,-122.375891],
"122 19th av":[47.6022867,-122.3076393],
"12523 phinney av n":[47.720254,-122.354567],
"13511 37th av ne":[47.726793,-122.288619],
"1509 45th av sw":[47.590179,-122.389331],
"2032 41st av e":[47.638006,-122.2793288],
"2140 california av sw":[47.5841328,-122.3861341],
"217 w galer st":[47.6321717,-122.360022],
"2347 broadway e":[47.640924,-122.321739],
"2407 5th av w":[47.6398923,-122.3639208],
"26th av nw \/ nw market st":[47.6686653,-122.3902025],
"2947 s willow st":[47.5406289,-122.2939324],
"2958 6th av s":[47.5759407,-122.32529],
"31st av s \/ s plum st":[47.5851557,-122.2930073],
"3258 15th av s":[47.5733862,-122.3131314],
"3rd av s \/ s holgate st":[47.586198,-122.3299889],
"403 n 92nd st":[47.6958686,-122.353634],
"4458 delridge way sw":[47.5630649,-122.3633333],
"4503 sw webster st":[47.5356943,-122.3907491],
"4925 29th av s":[47.557592,-122.295945],
"5602 36th av sw":[47.551806,-122.377293],
"5637 36th av sw":[47.5508669,-122.378048],
"601 bellevue av e":[47.6244539,-122.3267996],
"712 n motor pl":[47.658842,-122.3494835],
"8317 dibble av nw":[47.6896688,-122.3675815],
"9229 16th av sw":[47.5200715,-122.3551553],
"927 n 93rd st":[47.6961937,-122.3460479],
"9316 37th av s":[47.5192162,-122.285641],
"937 broadway e":[47.627947,-122.321606],
"linden av n \/ n motor pl":[47.6586604,-122.348514],
"ne 65th st \/ 45th av ne":[47.6757855,-122.2795254],
"renton av s \/ s lucile st":[47.5526941,-122.2856696]
}