{
"10429 alderbrook pl nw":[47.7043167,-122.3648851],
"11310 riviera pl ne":[47.712059,-122.276436],
"11742 roosevelt way ne":[47.715144,-122.317575],
"12th av e \/ e harrison st":[47.6219693,-122.3167821],
"13th av \/ e columbia st":[47.6092267,-122.3154538],
"1756 alki av sw":[47.586887,-122.396701],
"217 s findlay st":[47.5524746,-122.331468],
"2316 warren av n":[47.6396457,-122.3540716],
"2366 eastlake av e":[47.6416631,-122.325399],
"26th av sw \/ sw dakota st":[47.5665432,-122.365402],
"2821 nw 61st st":[47.672745,-122.394012],
"3045 60th av sw":[47.576355,-122.409681],
"3110 30th av s":[47.5754902,-122.2941659],
"3115 14th av s":[47.5754403,-122.3147193],
"42nd av ne \/ ne 85th st":[47.6901762,-122.2833657],
"4416 55th av sw":[47.564314,-122.402574],
"45th av sw \/ erskine way sw":[47.5576808,-122.3895911],
"4724 sw dawson st":[47.55591,-122.393421],
"4746 49th av sw":[47.5597663,-122.3945985],
"5202 s juneau st":[47.5499129,-122.26697],
"536 n 82nd st":[47.6885848,-122.3509004],
"5421 beach dr sw":[47.553606,-122.400278],
"633 yesler way":[47.601113,-122.325442],
"6511 24th av nw":[47.6763015,-122.3878775],
"6618 39th av sw":[47.543285,-122.381509],
"6713 26th av nw":[47.6780882,-122.3899652],
"7739 26th av nw":[47.6861104,-122.3901127],
"8019 ashworth av n":[47.687505,-122.339504],
"8200 airport way s":[47.532118,-122.2971428],
"8996 34th av sw":[47.5228775,-122.3753458],
"9019 3rd av s":[47.522255,-122.330991],
"999 nw leary way - 7-11":[47.6632923,-122.370274],
"fremont av n \/ n 44th st":[47.6602139,-122.3500406],
"n 53rd st \/ phinney av n":[47.6670845,-122.3544029],
"waters av s \/ s carver st":[47.5179154,-122.2597837]
}