{
"11050 36th av sw":[47.503583,-122.377711],
"1141 19th av e":[47.6298741,-122.3072827],
"11717 luther av s":[47.498206,-122.262334],
"1207 15th av s":[47.5922031,-122.3144544],
"14020 greenwood av n":[47.7311387,-122.3555158],
"1545 nw market st":[47.6684211,-122.378038],
"155 n 130th st":[47.7232243,-122.3571867],
"1620 n 143rd st":[47.732543,-122.338785],
"19250 se 118th st":[47.49775,-122.0838479],
"1st av s \/ s dakota st":[47.5672955,-122.3342001],
"2414 s lander st":[47.579336,-122.300788],
"2921 s adams st":[47.5650053,-122.2964056],
"3028 w blaine st":[47.6352086,-122.3971984],
"3050 11th av w":[47.6483636,-122.3711938],
"314 25th av s":[47.5998779,-122.299389],
"3417 15th av s":[47.572532,-122.313754],
"3826 renton av s":[47.5691502,-122.2947455],
"3901 stone way n":[47.6542781,-122.3428019],
"4217 sw donovan st":[47.5252969,-122.3856929],
"423 nw 101st st":[47.702255,-122.3621838],
"4314 thackeray pl ne":[47.6594641,-122.3258752],
"4404 50th av s":[47.56377,-122.270342],
"4504 s holly st":[47.542708,-122.276188],
"4845 delridge way sw":[47.557933,-122.363327],
"5923 35th av sw":[47.549447,-122.376763],
"6313 51st av s":[47.545681,-122.270238],
"6807 52nd av s":[47.5413472,-122.2674077],
"6846 oswego place ne":[47.6791242,-122.3231897],
"703 30th av":[47.6082208,-122.2936741],
"8225 19th av ne":[47.689261,-122.3081828],
"8720 26th av nw":[47.692786,-122.389958],
"9007 8th av ne":[47.694283,-122.320607],
"jefferson st \/ 4th av":[47.6025409,-122.329656],
"n 127th st \/ aurora av n":[47.7213848,-122.3449451],
"ne ravenna blvd \/ ne 71st st":[47.6797243,-122.3257094]
}