{
"10015 11th av nw":[47.701949,-122.370472],
"11320 20th av ne":[47.71094,-122.305742],
"11705 3rd av nw":[47.714349,-122.36129],
"12531 30th av ne":[47.7204258,-122.2971356],
"14014 riviera pl ne":[47.730595,-122.281554],
"153 n 78th st":[47.6853098,-122.3556669],
"1712 32nd av s":[47.5873069,-122.2912322],
"1730 30th av s":[47.5874919,-122.2935562],
"1731 alaskan way":[47.6084567,-122.3435846],
"1811 e yesler way":[47.6016697,-122.3086125],
"1910 franklin av e":[47.636194,-122.324336],
"2035 fairview av e":[47.637988,-122.3298347],
"2069 41st av e":[47.638971,-122.279931],
"2207 nob hill av n":[47.63858,-122.351196],
"2302 2nd av n":[47.639261,-122.352779],
"235 13th av e":[47.620936,-122.316033],
"23rd av sw \/ puget blvd sw":[47.5586902,-122.3616236],
"2412 n 77th st":[47.6852347,-122.3287447],
"2nd av w \/ w highland dr":[47.6295761,-122.3591991],
"3424 61st av sw":[47.573338,-122.410442],
"3440 60th av sw":[47.572772,-122.409154],
"3529 s portland st":[47.5328329,-122.28687],
"4012 s bozeman st":[47.5322965,-122.2813828],
"4415 powell pl s":[47.564219,-122.319361],
"4659 s chicago st":[47.532443,-122.272882],
"507 m l king jr way s":[47.597753,-122.297782],
"507 s king st":[47.598253,-122.327344],
"5277 45th av sw":[47.554495,-122.3900062],
"5407 russell av nw":[47.6680176,-122.382341],
"5817 sw lander st":[47.5779877,-122.4072433],
"6015 west green lake way n":[47.6709053,-122.3432604],
"6755 27th av nw":[47.679317,-122.391153],
"7714 58th av ne":[47.685113,-122.265865],
"7733 30th av nw":[47.6859102,-122.3961043],
"832 29th av s":[47.59484,-122.294995],
"8826 ashworth av n":[47.693164,-122.3388],
"900 4th av s":[47.5949261,-122.3290077],
"9025 15th av sw":[47.522029,-122.354323],
"9048 10th av sw":[47.5213374,-122.3476195],
"9479 25th av sw":[47.5174953,-122.3645786],
"nw 125th st \/ 2nd av nw":[47.7196295,-122.3595809],
"sb i5 fr mercer":[47.624655,-122.333319],
"yesler way \/ alaskan way":[47.601735,-122.3365912]
}