{
"106 terry av":[47.6031758,-122.3210255],
"1525 6th av w":[47.6330845,-122.3653456],
"1631 n 51st st":[47.665556,-122.337069],
"1727 nw 97th st":[47.6995,-122.379741],
"1945 10th av w":[47.6373049,-122.3703728],
"2244 72nd av se":[47.590424,-122.242131],
"2606 e john st":[47.6202143,-122.2984737],
"334 w kinnear pl":[47.6279841,-122.3621832],
"3606 32nd av w":[47.652567,-122.397848],
"4142 53rd av sw":[47.5654031,-122.399895],
"4146 40th av sw":[47.565105,-122.382418],
"4507 47th av sw":[47.5626729,-122.392513],
"4548 delridge way sw":[47.5614883,-122.362665],
"5218 latona av ne":[47.667006,-122.325241],
"5952 44th av s":[47.5488285,-122.2778794],
"6030 41st av sw":[47.54748,-122.384037],
"6215 roosevelt way ne":[47.6737925,-122.3176759],
"6331 18th av sw":[47.54569,-122.357496],
"6356 39th av sw":[47.5449552,-122.3817749],
"7319 38th av s":[47.5366778,-122.2846692],
"7352 29th av sw":[47.535841,-122.369433],
"8607 17th av ne":[47.691484,-122.309837],
"9722 45th av ne":[47.700086,-122.279732],
"belmont av e \/ melrose connector trl":[47.6283245,-122.3270999],
"broadway e \/ e edgar st":[47.6445411,-122.3208932],
"n 144th st \/ greenwood av n":[47.7332027,-122.3555582],
"s washington st \/ 16th av s":[47.6008457,-122.311574]
}