{
"10712 5th av ne":[47.7073081,-122.3225038],
"10718 renton av s":[47.50492,-122.252571],
"10740 35th av ne":[47.7077446,-122.290761],
"11014 14th av ne":[47.709034,-122.313389],
"12021 5th av ne":[47.716496,-122.323859],
"164 prospect st":[47.629207,-122.353323],
"198 26th av":[47.604127,-122.298583],
"208 florentia st":[47.647137,-122.352666],
"2902 ne 53rd st":[47.667333,-122.296561],
"302 erie av":[47.603965,-122.284895],
"3600 26th pl w":[47.6521742,-122.3887599],
"3824 s ferdinand st":[47.5580384,-122.2839155],
"4102 sw 106th st":[47.508501,-122.384566],
"5046 49th av sw":[47.556166,-122.394594],
"520 ne 83rd st":[47.689169,-122.322052],
"5254 19th av sw":[47.5541595,-122.3580333],
"5403 6th av nw":[47.66807,-122.363561],
"550 17th av":[47.6076339,-122.310118],
"5732 30th av ne":[47.67134,-122.294712],
"6036 seward park av s":[47.547611,-122.260024],
"6616 24th av s":[47.5430287,-122.3026301],
"7115 east marginal way s":[47.5393013,-122.3217289],
"7138 wright av sw":[47.5381862,-122.3937612],
"7948 delridge way sw":[47.530433,-122.360068],
"8039 lakemont dr ne":[47.687309,-122.273287],
"8244 densmore av n":[47.6899685,-122.3374721],
"9552 dayton av n":[47.6993533,-122.3524117],
"shilshole av nw \/ nw 45th st":[47.6614866,-122.375661]
}