{
"1017 ne 89th st":[47.6930893,-122.3170109],
"1029 california ln sw":[47.5930019,-122.3884603],
"1050 ne 89th st":[47.693342,-122.315514],
"10617 59th av s":[47.50556,-122.259875],
"11401 69th pl s":[47.502248,-122.247011],
"11836 54th av s":[47.496326,-122.266119],
"12559 lake city way ne":[47.7208162,-122.2946887],
"1283 sw orchard st":[47.537939,-122.353983],
"1319 western av":[47.6068045,-122.3401785],
"1402 1st av":[47.6080059,-122.3392628],
"1532 10th av w":[47.6333043,-122.3703879],
"1619 3rd av":[47.6108302,-122.3388065],
"1703 n 137th st":[47.728446,-122.337972],
"1836 e hamlin st":[47.645809,-122.307457],
"2007 ne ravenna blvd":[47.6690969,-122.3060404],
"2155 e interlaken blvd":[47.634259,-122.30225],
"3008 39th av w":[47.647626,-122.406547],
"3016 west viewmont way w":[47.647359,-122.409193],
"3232 64th av sw":[47.574957,-122.414283],
"4007 sunnyside av n":[47.6557964,-122.3304762],
"4143 sw rose st":[47.529036,-122.386572],
"4359 jill pl s":[47.562954,-122.297044],
"4417 s myrtle st":[47.5387252,-122.2771293],
"4711 50th av sw":[47.560747,-122.396623],
"5010 18th av ne":[47.66522,-122.308003],
"5254 45th av sw":[47.555031,-122.3894042],
"5905 16th av sw":[47.5499825,-122.3551556],
"5913 46th av sw":[47.5499525,-122.3915295],
"6042 37th av sw":[47.547113,-122.378708],
"640 s massachusetts st":[47.5882493,-122.3254703],
"6532 23rd av sw":[47.543493,-122.36225],
"7509 15th av sw":[47.5351571,-122.3542293],
"7542 dibble av nw":[47.6845492,-122.3672438],
"9619 15th av nw":[47.69962,-122.377162],
"9963 rainier av s":[47.511693,-122.249042],
"ne 110th st \/ alton av ne":[47.7083383,-122.2826693]
}