{
"10245 valmay av nw":[47.703793,-122.3778436],
"12528 lake city way ne":[47.7202252,-122.2945753],
"13531 17th av ne":[47.72755,-122.310293],
"14046 20th av ne":[47.731584,-122.3069918],
"20-49 s dawson st":[47.5557177,-122.3367965],
"2204 ne 135th st":[47.726807,-122.304609],
"3021 sw henderson st":[47.522691,-122.372269],
"3814 s angel pl":[47.5448017,-122.2841826],
"4015 40th av sw":[47.5679438,-122.3832186],
"4202 51st av ne":[47.6590289,-122.272469],
"4306 w bertona st":[47.650671,-122.412611],
"4502 greenwood av n":[47.661583,-122.3551639],
"4924 47th av s":[47.557398,-122.27406],
"5156 48th av ne":[47.6676807,-122.2757388],
"5244 45th av sw":[47.555309,-122.389367],
"5327 s henderson st":[47.5230729,-122.264907],
"5400 beach dr sw":[47.5540312,-122.3990492],
"5426 39th av w":[47.668579,-122.408343],
"6007 28th av ne":[47.672378,-122.29779],
"640 nw 52nd st":[47.6666418,-122.3650879],
"6510 shaffer av s":[47.5439481,-122.2946302],
"7224 west marginal way sw":[47.5382327,-122.338488],
"737 olive way":[47.6136831,-122.3341734],
"7507 29th av s":[47.5351491,-122.2948778],
"816 nw 83rd st":[47.6892568,-122.3669907],
"828 ne 58th st":[47.6709606,-122.3188058],
"8722 hamlet av s":[47.5255116,-122.265713],
"9239 29th av sw":[47.519888,-122.370375],
"9319 31st av sw":[47.5185355,-122.3724298],
"e pike st \/ 36th av":[47.6140463,-122.2870657],
"nw 87th st \/ dibble av nw":[47.6920748,-122.367237]
}