{
"103 yesler way":[47.6015287,-122.3337127],
"10518 victory ln ne":[47.7053617,-122.3030403],
"10th av e \/ e roanoke st":[47.6431916,-122.320069],
"11700 meridian av n":[47.7141113,-122.334039],
"12345 roosevelt way ne":[47.7189007,-122.3185576],
"1700 e galer st":[47.6323436,-122.3098926],
"2045 nw 61st st":[47.67287,-122.384102],
"2111 queen anne av n":[47.6376009,-122.3572955],
"2227 elliott av":[47.611841,-122.3475802],
"2639 41st av sw":[47.580025,-122.384302],
"2721 w blaine st":[47.634836,-122.39237],
"2914 24th av w":[47.646277,-122.387246],
"3221 nw 70th st":[47.6791989,-122.39936],
"360 lee st":[47.631678,-122.349586],
"3815 s thistle st":[47.5276663,-122.2840885],
"3906 14th av s":[47.5686375,-122.3143722],
"4023 5th av ne":[47.6562259,-122.323824],
"4827 53rd av s":[47.558598,-122.267307],
"5209 russell av nw":[47.6662504,-122.3805869],
"5331 8th av ne":[47.668008,-122.319853],
"5606 34th av sw":[47.551705,-122.374598],
"5608 11th av ne":[47.6697685,-122.3160252],
"6506 2nd av s":[47.5444812,-122.3319174],
"6899 holly park dr s":[47.5408766,-122.2886221],
"721 8th av s":[47.5965031,-122.3224311],
"7401 east green lake dr n":[47.6816427,-122.3275389],
"745 alder st":[47.6029233,-122.323954],
"7707 jones av nw":[47.6852303,-122.3866966],
"812 3rd av n":[47.6267991,-122.3512086],
"836 ne northgate way":[47.7095544,-122.3191375],
"8829 20th av sw":[47.5238159,-122.359515],
"92 columbia st":[47.6031567,-122.3354867],
"earl av nw \/ nw 80th st":[47.6867693,-122.3919233]
}