{
"1015 ne 66th st":[47.6764016,-122.3166931],
"103 n 79th st":[47.685979,-122.357763],
"10320 14th av nw":[47.703968,-122.373707],
"10556 13th av nw":[47.7068586,-122.3725357],
"14056 25th av ne":[47.7318678,-122.3016325],
"1906 ne 100th st":[47.7013804,-122.3074992],
"23rd av w \/ w emerson pl":[47.6561102,-122.3855196],
"2421 29th av w":[47.6401929,-122.394608],
"2645 22nd av w":[47.6442513,-122.384672],
"2808 s alaska st":[47.5616626,-122.2971958],
"3015 28th av w":[47.64734,-122.3933],
"308 bell st":[47.6149957,-122.3444454],
"3243 64th av sw":[47.5747201,-122.4149663],
"341 n 143rd st":[47.732086,-122.353641],
"3941 sw ida st":[47.534108,-122.383826],
"4053 49th av sw":[47.566963,-122.395235],
"4550 union bay pl ne":[47.6618061,-122.2933589],
"5117 sw 98th st":[47.514936,-122.396763],
"5201 delridge way sw":[47.5548614,-122.3633014],
"5632 49th av sw":[47.551189,-122.394681],
"6521 2nd av ne":[47.6766392,-122.3275967],
"6542 43rd av ne":[47.6770939,-122.281862],
"6742 3rd av nw":[47.67901,-122.360168],
"6829 36th av nw":[47.6789674,-122.4036693],
"6905 37th av s":[47.5401863,-122.2862461],
"7902 california av sw":[47.532108,-122.386946],
"801-898 1st av":[47.6034579,-122.3354443],
"8017 lakemont dr ne":[47.6869678,-122.273007],
"9307 30th av sw":[47.518864,-122.371688],
"9375 beacon av s":[47.517033,-122.27565],
"alki av sw \/ 61st av sw":[47.5791017,-122.4106436],
"e jefferson st \/ 11th av":[47.606204,-122.318112],
"elliott av \/ broad st":[47.615593,-122.3542348],
"olive way \/ boren av":[47.6154556,-122.3307429],
"s walker st \/ 17th av s":[47.5836896,-122.3108054],
"terry av \/ spring st":[47.609593,-122.3268767]
}