{
"10762 riviera pl ne":[47.709597,-122.275722],
"11 comstock st":[47.6301002,-122.3558932],
"11040 15th av ne":[47.709757,-122.312108],
"111 n 92nd st":[47.695832,-122.357495],
"12516 dayton av n":[47.720084,-122.352519],
"1270 6th av":[47.6091649,-122.3326288],
"12701 19th av ne":[47.721308,-122.309431],
"14300 aurora av n":[47.7325046,-122.3446384],
"1801 e yesler way":[47.601234,-122.308257],
"1825 n 57th st":[47.6704999,-122.335111],
"1900 18th av s":[47.586214,-122.309074],
"2406 sw juneau st":[47.5502476,-122.3633634],
"2641 nw 63rd st":[47.6742031,-122.391953],
"3101 western av":[47.617781,-122.3566932],
"3249 nw 57th st":[47.6701595,-122.4004944],
"3411 36th av w":[47.6508945,-122.4038513],
"3814 ne 89th st":[47.6932698,-122.2871928],
"3848 45th av sw":[47.568752,-122.389046],
"39th av s \/ s angel pl":[47.5445936,-122.2833163],
"420 n 35th st":[47.6514072,-122.3535004],
"4406 sw dawson st":[47.556862,-122.388863],
"4417 evanston av n":[47.6607274,-122.3510903],
"4915 55th av s":[47.557803,-122.264791],
"5948 high point dr sw":[47.5494838,-122.3690415],
"6335 6th av ne":[47.6753864,-122.3225987],
"6838 19th av ne":[47.6787943,-122.3073664],
"727 pine st":[47.612765,-122.333236],
"7301 27th av nw":[47.68144,-122.391165],
"7517 16th av nw":[47.6838221,-122.3781338],
"801 pine st":[47.6129823,-122.332623],
"8254 meridian av n":[47.69029,-122.332858],
"8815 densmore av n":[47.6928107,-122.3381075],
"905 alaskan way s":[47.6076763,-122.3422437],
"922 32nd av s":[47.593872,-122.2911994],
"9249 fremont av n":[47.6973361,-122.3502603],
"9351 beacon av s":[47.5175849,-122.276096],
"columbia st \/ 8th av":[47.6065177,-122.3271688],
"lake washington blvd s \/ s dawson st":[47.5548082,-122.2611938],
"n 90th st \/ linden av n":[47.6941973,-122.3472351],
"ne 103rd st \/ 2nd av ne":[47.7031554,-122.3272758],
"ne 120th st \/ roosevelt way ne":[47.7158369,-122.3180184]
}