{
"0 - 0 eb i90 to rainier":[47.592505,-122.311963],
"1200 5th av s":[47.5245323,-122.3282151],
"12th av nw \/ nw 92nd st":[47.6960795,-122.3713798],
"14th av nw \/ nw 105th st":[47.7052087,-122.3740725],
"210 s washington st":[47.6008864,-122.3309773],
"2561 28th av w":[47.642697,-122.393348],
"2743 56th av sw":[47.5781725,-122.4041207],
"317 n 84th st":[47.689613,-122.354492],
"31st av s \/ s oregon st":[47.5629886,-122.2931338],
"3225 benton pl sw":[47.575257,-122.418384],
"32nd av sw \/ sw 100th st":[47.5137182,-122.3730781],
"3416 nw 72nd st":[47.681185,-122.401835],
"404 n 85th st":[47.6907857,-122.3535979],
"4508 18th av ne":[47.6616265,-122.308074],
"4714 s bond st":[47.5146534,-122.2730045],
"5112 sw charlestown st":[47.570577,-122.3981],
"522 nw bright st":[47.6600418,-122.3636226],
"5231 16th av sw":[47.555189,-122.355145],
"6 w crockett st":[47.6374665,-122.3573135],
"6411 28th av s":[47.54499,-122.297201],
"6529 50th av ne":[47.67665,-122.274589],
"6747 57th av s":[47.5414079,-122.260382],
"705 s main st":[47.6000169,-122.3238495],
"716 w etruria st":[47.6479659,-122.366903],
"800 n 36th st":[47.6513179,-122.3483505],
"811 ne 67th st":[47.677079,-122.319493],
"8th av \/ spring st":[47.6086584,-122.3291224],
"9444 9th av sw":[47.517836,-122.346323],
"boyer av e \/ e edgar st":[47.6444929,-122.3170528],
"n 76th st \/ aurora av n":[47.6840494,-122.3443959]
}