{
"100-199 james st":[47.601736,-122.3336974],
"1019 ne 62nd st":[47.673117,-122.3165],
"1032 ne 96th st":[47.698809,-122.316205],
"10814 66th av s":[47.503329,-122.249902],
"11 w armour st":[47.6448087,-122.3574299],
"11555 16th av ne":[47.713802,-122.311546],
"1285 s king st":[47.5983195,-122.3142204],
"13038 corliss av n":[47.724337,-122.330826],
"14115 aurora av n":[47.7313964,-122.3457827],
"1533 ne 92nd st":[47.6956044,-122.3106956],
"17th av ne \/ ne 136th st":[47.7275416,-122.3099676],
"1920 s waite st":[47.580489,-122.307721],
"1st av s \/ s lander st":[47.5798152,-122.3342013],
"2317 california av sw":[47.5824083,-122.3867695],
"2538 dexter av n":[47.6433129,-122.3452032],
"2812 12th av s":[47.578193,-122.316954],
"311 e pine st":[47.6150565,-122.327336],
"3301 lakewood av s":[47.573113,-122.282239],
"3933 1st av ne":[47.6544809,-122.328217],
"3951 sw holden st":[47.533397,-122.384207],
"4212 greenwood av n":[47.658144,-122.355125],
"4305 55th av ne":[47.6593644,-122.2691362],
"4545 rainier av s":[47.5615939,-122.2875126],
"4611 sw frontenac st":[47.540369,-122.391957],
"4625 s kenyon st":[47.531277,-122.273332],
"4706 s orcas st":[47.5513454,-122.2737807],
"524 18th av e":[47.624016,-122.308298],
"5576 canfield pl n":[47.6705137,-122.3366222],
"6052 17th av sw":[47.546734,-122.355703],
"6526 18th av sw":[47.5439558,-122.3571388],
"6765 37th av s":[47.541032,-122.286868],
"678 w prospect st":[47.629036,-122.366107],
"7010 49th av ne":[47.679773,-122.275045],
"7352 28th av sw":[47.535824,-122.368072],
"7712 20th av sw":[47.533282,-122.3589393],
"8601 rainier av s":[47.5256881,-122.270816],
"8625 44th av s":[47.525226,-122.278372],
"915 ne 70th st":[47.6792973,-122.3180614],
"brooklyn av ne \/ ne 40th st":[47.6553542,-122.3144668]
}