{
"10455 42nd av sw":[47.508431,-122.386077],
"1331 sturgus av s":[47.590625,-122.311972],
"13th av sw \/ sw holden st":[47.5342672,-122.3516792],
"1914 ne 125th st":[47.7195965,-122.3084251],
"2113 s bennett st":[47.5545978,-122.3055827],
"21st av nw \/ nw 77th st":[47.685014,-122.3832207],
"2427 5th av w":[47.6405093,-122.3638827],
"244 40th av e":[47.621501,-122.280765],
"2628 35th av w":[47.643994,-122.40196],
"26th av e \/ e denny way":[47.6189235,-122.2985402],
"3316 ne 120th st":[47.7156823,-122.2920775],
"3500 sw holden st":[47.5333727,-122.3766399],
"3618 ashworth av n":[47.651146,-122.339928],
"37th pl nw \/ seaview av nw":[47.6720139,-122.4053205],
"3942 s juneau st":[47.5499054,-122.2815402],
"3953 s ferdinand st":[47.557603,-122.281221],
"420 - 499 pine st":[47.6114453,-122.3370526],
"4320 4th av nw":[47.660351,-122.3609805],
"4435 44th av sw":[47.5637742,-122.3886562],
"4614 bagley av n":[47.66314,-122.33217],
"46th av s \/ s henderson st":[47.5233121,-122.2742734],
"4th av & virginia st":[47.6130609,-122.340035],
"5135 s creston st":[47.5068456,-122.2685845],
"526 31st av e":[47.6244637,-122.2916916],
"5339 21st av sw":[47.553946,-122.36035],
"5500 lake washington blvd s":[47.5510563,-122.2593273],
"5th av s \/ s front st":[47.548055,-122.3283986],
"644 randolph pl":[47.6076194,-122.2855437],
"6510 high point dr sw":[47.5444654,-122.3680795],
"7400 3rd av s":[47.5365122,-122.3298236],
"7550 california av sw":[47.5349528,-122.3868899],
"7712 32nd av s":[47.533339,-122.290487],
"813 ne 95th st":[47.6975,-122.3197329],
"8430 wabash av s":[47.527191,-122.266438],
"8440 47th av s":[47.52663,-122.273077],
"847 ne 100th st":[47.701037,-122.318396],
"eastlake av e \/ lynn st":[47.639727,-122.3258913],
"s brandon st \/ 21st av s":[47.5541523,-122.3062205]
}