{
"11726 9th av ne":[47.714717,-122.318952],
"12700 densmore av n":[47.7213573,-122.3376556],
"13528 erickson pl ne":[47.7272273,-122.2911431],
"13758 lake city way ne":[47.7297342,-122.2920334],
"1506 nw 62nd st":[47.6740333,-122.376694],
"1753 nw 57th st":[47.6699669,-122.3812345],
"17th av s \/ s lucile st":[47.5534355,-122.3110958],
"1810 w nickerson st":[47.6551395,-122.3789631],
"1815 s bayview st":[47.580795,-122.309056],
"1907 1st av":[47.6104364,-122.3415842],
"1907 pike pl":[47.6096646,-122.342195],
"1909 46th av sw":[47.586517,-122.390819],
"2572 s graham st":[47.546583,-122.297133],
"29th av sw \/ sw othello st":[47.5373676,-122.3697975],
"32nd av ne \/ ne 120th st":[47.7155574,-122.2940442],
"3333 wallingford av n":[47.6478138,-122.3369497],
"3435 california av sw":[47.5726857,-122.3871494],
"3535 43rd av w":[47.6523309,-122.413613],
"35th av s \/ s irving st":[47.5911171,-122.2880019],
"401 11th av e":[47.6220913,-122.3180689],
"401 broadway":[47.6056587,-122.3209353],
"405 university st":[47.6081834,-122.3344284],
"4201 e lee st":[47.6309301,-122.2793405],
"5401 34th av nw":[47.6680707,-122.4014765],
"5403 22nd av nw":[47.6677509,-122.3847665],
"5415 18th av sw":[47.553246,-122.357399],
"5632 31st av sw":[47.550846,-122.371899],
"6010 21st av sw":[47.5479819,-122.359476],
"6013 4th av nw":[47.672788,-122.362199],
"6055 fauntleroy way sw":[47.5467846,-122.3834213],
"652 nw 78th st":[47.6857109,-122.3657637],
"6558 43rd av ne":[47.6774225,-122.2820128],
"6747 16th av sw":[47.5415242,-122.3552464],
"716 n 79th st":[47.6864214,-122.3491181],
"7535 44th av s":[47.533981,-122.277997],
"7842 lake city way ne":[47.6859309,-122.313973],
"8043 21st av nw":[47.6881483,-122.3835152],
"807 25th av s":[47.595306,-122.300459],
"8th av nw \/ nw market st":[47.6686604,-122.3661625],
"9122 20th av ne":[47.695506,-122.306501],
"9813 33rd av sw":[47.515195,-122.374713],
"e galer st \/ federal av e":[47.6322966,-122.3191438],
"nb i5 at corson":[47.549428,-122.313199],
"nw 80th st \/ 18th av nw":[47.6868566,-122.3800152]
}