{
"1025 s elmgrove st":[47.5302514,-122.3189322],
"1300 seneca st":[47.6119419,-122.3236622],
"1774 dexter av n":[47.6357985,-122.3422642],
"1814 nw blue ridge dr":[47.703829,-122.379067],
"1st av ne \/ ne 51st st":[47.6657429,-122.3282949],
"2162 6th av n":[47.6392138,-122.344811],
"2612 belvidere av sw":[47.580715,-122.378806],
"2722 5th av w":[47.6447665,-122.3632635],
"2nd av et s \/ s washington st":[47.6008789,-122.3312193],
"3221 franklin av e":[47.650551,-122.3210574],
"3551 s hudson st":[47.5569087,-122.2878527],
"3639 phinney av n":[47.653478,-122.354905],
"4408 greenwood av n":[47.660578,-122.355108],
"4430 s camano pl":[47.527679,-122.276699],
"4528 eastern av n":[47.6623577,-122.3286996],
"4559 5th av ne":[47.663015,-122.323217],
"4900 fremont av n":[47.6645198,-122.3497776],
"5407 32nd av sw":[47.553547,-122.374014],
"6133 6th av s":[47.5469504,-122.3264785],
"6222 30th av ne":[47.6746643,-122.2950674],
"6528 woodlawn av n":[47.6768056,-122.3308558],
"6706 20th av nw":[47.677961,-122.381796],
"6711 18th av sw":[47.542459,-122.357792],
"6715 13th av nw":[47.6782859,-122.3732308],
"6715 31st av sw":[47.5423095,-122.3722929],
"7028 33rd av ne":[47.680268,-122.2922029],
"7034 16th av ne":[47.6805107,-122.3106354],
"7321 32nd av sw":[47.5367108,-122.3741844],
"7700 delridge way sw":[47.5336085,-122.3604088],
"7718 16th av sw":[47.5330991,-122.3547482],
"7920 28th av sw":[47.531235,-122.368159],
"811 w halladay st":[47.641821,-122.368153],
"833 ne 78th st":[47.685078,-122.318754],
"8432 32nd av sw":[47.527293,-122.373564],
"8617 wallingford av n":[47.691879,-122.336748],
"8th av s \/ s chicago st":[47.5326723,-122.322793],
"8th av s \/ s holgate br":[47.5861656,-122.3235649],
"9221 holman rd nw":[47.6968774,-122.3723609],
"928 n 90th st":[47.69441,-122.346011],
"greenwood av n \/ n 112th st":[47.710537,-122.3555502],
"lake city way ne \/ ne 140th st":[47.7301211,-122.2923093],
"m l king jr way s \/ s othello st":[47.5370769,-122.2811494],
"sb i5 off ramp to  145":[47.736477,-122.326287]
}