{
"1017 s rose st":[47.528756,-122.31938],
"10522 north park av n":[47.7056914,-122.3485176],
"111 n 136th st":[47.728005,-122.357696],
"12030 burke av n":[47.7168888,-122.3355229],
"1220 5th av s":[47.5245308,-122.3282151],
"1420 terry av":[47.6126188,-122.3292996],
"1422 western av":[47.6079766,-122.3407462],
"1617 interlaken dr e":[47.6344566,-122.3079982],
"2411 w lynn st":[47.638979,-122.388021],
"2412 ne 80th st":[47.686879,-122.301304],
"26th av \/ e fir st":[47.6026575,-122.2989055],
"2701 sw barton st":[47.5210487,-122.3672169],
"3041 13th av w":[47.6478656,-122.3739026],
"3800 2nd av s":[47.569871,-122.3320083],
"4219 s holly st":[47.542191,-122.27999],
"4729 54th av s":[47.559726,-122.26606],
"4813 greenwood av n":[47.6640289,-122.3556392],
"6037 37th av sw":[47.547274,-122.379471],
"7218 54th av s":[47.5372429,-122.265894],
"7514 40th av ne":[47.683534,-122.284894],
"7716 dibble av nw":[47.685663,-122.366927],
"7729 48th av s":[47.532775,-122.273008],
"8031 jones av nw":[47.6877195,-122.3867738],
"852 ne 97th st":[47.6996205,-122.3181063],
"eb i at island crest way":[47.586825,-122.229723],
"perimeter rd s \/ main kc airport acc rd":[47.5376597,-122.303293],
"s dearborn st \/ 25th av s":[47.5955628,-122.3001014]
}