{
"10027 richwood av nw":[47.702373,-122.387109],
"10449 61st av s":[47.5063445,-122.2576616],
"11510 30th av ne":[47.712339,-122.295847],
"11714 corliss av n":[47.714582,-122.330994],
"1212 3rd av n":[47.63027,-122.350998],
"12406 2nd av nw":[47.7195521,-122.3595615],
"12720 2nd av nw":[47.722097,-122.359205],
"1505 s bennett st":[47.5545771,-122.3131315],
"2208 1st av":[47.6128354,-122.3455789],
"2322 mcgilvra blvd e":[47.639826,-122.280409],
"2800 alki av sw":[47.5784351,-122.4122011],
"3445 33rd av w":[47.6518013,-122.399906],
"3727 cascadia av s":[47.5700195,-122.2828573],
"3920 sw portland st":[47.533076,-122.383027],
"4269 ne 124th st":[47.718245,-122.280242],
"4511 sw atlantic st":[47.590395,-122.389485],
"4575 34th av w":[47.6632062,-122.4018452],
"484 ne thornton pl":[47.7031138,-122.3249154],
"512 n 81st st":[47.6878839,-122.351905],
"5500 16th av s":[47.553298,-122.311953],
"5718 palatine av n":[47.6709395,-122.3561901],
"6708 11th av nw":[47.678062,-122.370561],
"6722 51st av s":[47.541843,-122.269692],
"6th av w \/ w nickerson st":[47.6516338,-122.3644589],
"7400 fauntleroy way sw":[47.5369949,-122.3919301],
"7752 29th av nw":[47.6865201,-122.3940447],
"8602 10th av sw":[47.52633,-122.347674],
"9237 24th av nw":[47.6971,-122.38789],
"fremont av n \/ n 127th st":[47.7214005,-122.3503248]
}