{
"10433 63rd av s":[47.507241,-122.2550286],
"11281 35th av sw":[47.5005246,-122.3764412],
"12729 greenwood av n":[47.7223244,-122.3559604],
"12756 19th av ne":[47.722671,-122.308343],
"1309 4th av":[47.6083725,-122.3355411],
"1420 n 48th st":[47.663796,-122.339602],
"16th av s \/ s columbian way":[47.5631942,-122.3126921],
"1907 n 137th st":[47.728445,-122.335173],
"2522 queen anne av n":[47.642149,-122.356505],
"3007 nw 65th st":[47.675668,-122.396122],
"3212 sw graham st":[47.5466379,-122.3740123],
"3512 hahn pl s":[47.572097,-122.316431],
"3641 evanston av n":[47.652821,-122.351626],
"3802 ashworth av n":[47.6528905,-122.3398987],
"3829 rainier av s":[47.568927,-122.290335],
"3895 walla walla rd ne":[47.652093,-122.2988203],
"400-499 s lucile st":[47.5533681,-122.328375],
"403 galer st":[47.632101,-122.348796],
"4134 palatine av n":[47.657431,-122.356244],
"418 23rd av e":[47.623275,-122.3020865],
"422 n 60th st":[47.6726586,-122.3532959],
"4435 california av sw":[47.5636881,-122.3871112],
"44th av sw \/ sw findlay st":[47.5521247,-122.3885276],
"5408 s fletcher st":[47.519257,-122.264675],
"5410 22nd av s":[47.553707,-122.304787],
"5616 17th av nw":[47.6696622,-122.3788669],
"5835 ne park point dr":[47.6770675,-122.2647643],
"610 w highland dr":[47.629854,-122.365056],
"6220 corliss av n":[47.6742591,-122.3306246],
"6314 36th av sw":[47.546024,-122.377382],
"6851 51st av ne":[47.679038,-122.273332],
"7202 california av sw":[47.538699,-122.386996],
"747 minor av":[47.6079978,-122.3223881],
"7515 25th av ne":[47.683573,-122.301114],
"8444 6th av sw":[47.526931,-122.342552],
"9220 38th av s":[47.5207329,-122.2845271],
"9th av \/ denny way":[47.6185392,-122.3393311],
"e boston st \/ minor av e":[47.6382555,-122.3283518]
}