{
"10239 65th av s":[47.508591,-122.252704],
"1106 ne 50th st":[47.665077,-122.3159131],
"11700 stone av n":[47.7145101,-122.3421711],
"1413 e madison st":[47.6141272,-122.3136205],
"1420 25th av":[47.6135568,-122.3000767],
"1733 madrona dr":[47.617394,-122.284927],
"210 2nd av s":[47.5997,-122.32979],
"22nd av sw \/ 21st av sw":[47.5594804,-122.3601927],
"2445 w lynn st":[47.6389464,-122.3895517],
"2465 s edmunds st":[47.559327,-122.301633],
"330 nw 81st st":[47.6878706,-122.3620912],
"3319 sw 112th pl":[47.5029679,-122.37494],
"3406 magnolia blvd w":[47.650602,-122.4136],
"342 ne 59th st":[47.6717125,-122.3235351],
"3809 42nd av s":[47.569389,-122.281063],
"4145 42nd av ne":[47.659814,-122.283114],
"44th av sw \/ sw edmunds st":[47.5593337,-122.3881843],
"4614 ne 97th st":[47.6995859,-122.278249],
"4744 37th av sw":[47.559679,-122.37842],
"4849 s austin st":[47.5345741,-122.2703872],
"50th av sw \/ sw genesee st":[47.5647999,-122.396174],
"5244 17th av sw":[47.554457,-122.355616],
"5505 wilson av s":[47.552373,-122.26762],
"6434 29th av sw":[47.5452692,-122.3690851],
"6509 30th av s":[47.5439591,-122.2937924],
"7316 10th av nw":[47.682034,-122.369066],
"7428 latona av ne":[47.682712,-122.325591],
"7705 15th av sw":[47.5334029,-122.3539218],
"8112 delridge way sw":[47.529639,-122.360072],
"822 24th av s":[47.594892,-122.300781],
"921 nw 96th st":[47.6989779,-122.369679],
"927 madison st":[47.6085617,-122.3269553],
"9610 35th av sw":[47.5174069,-122.3768597],
"east marginal way s & s spokane st":[47.5715271,-122.3397541],
"s orcas st \/ 1st av s":[47.5519062,-122.3342255],
"w dravus st \/ 15th av w sb off rp":[47.6484728,-122.3767594]
}