{
"10447 67th av s":[47.5067978,-122.2503742],
"10523 14th av nw":[47.705896,-122.374593],
"11033 2nd av ne":[47.7090814,-122.3273408],
"116 galer st":[47.6324915,-122.3548634],
"1326 n 45th st":[47.661598,-122.341048],
"14 av s \/ s thistle st":[47.5283184,-122.3528121],
"1428 nw 59th st":[47.6719146,-122.3748875],
"1611 s king st":[47.5980854,-122.3109951],
"1811 n northgate way":[47.7075773,-122.335552],
"2509 19th av s":[47.5806391,-122.3090504],
"3036 s brighton st":[47.541477,-122.2914389],
"3214 ne 118th st":[47.7144139,-122.2933501],
"34th av sw \/ sw thistle st":[47.5282755,-122.3753069],
"3832 41st av ne":[47.6575713,-122.2836328],
"4072 east stevens way ne":[47.6568308,-122.3047168],
"513 s main st":[47.5998703,-122.3269223],
"5701 8th av ne":[47.6700669,-122.3208945],
"5757 29th av ne":[47.6720087,-122.2964726],
"6212 37th av ne":[47.674452,-122.287716],
"660 w lee st":[47.6314919,-122.3661039],
"7322 38th av ne":[47.68192,-122.287387],
"7710 32nd av ne":[47.6852843,-122.2934522],
"7737 18th av sw":[47.532561,-122.358125],
"7th av \/ stewart st":[47.614286,-122.336156],
"8031 11th av nw":[47.6879034,-122.3706367],
"810 ne 72nd st":[47.6810618,-122.3193561],
"815 nw 122nd st":[47.7176199,-122.367173],
"9739 11th av nw":[47.701098,-122.370472],
"leary way nw \/ 3rd av nw":[47.6548512,-122.3607193],
"mercer st \/ 8th av n":[47.6245063,-122.3410561],
"nb i5 exp to 103":[47.698391,-122.329585],
"sand pt way\/ne 74":[47.682124,-122.2636681]
}