{
"10720 35th av sw":[47.506549,-122.37568],
"10th av sw \/ sw kenyon st":[47.5319257,-122.3480439],
"1200-1299 2nd av w":[47.6295849,-122.3591803],
"14710 meridian av n":[47.7358642,-122.3340108],
"1511 2nd av w":[47.6327593,-122.3599825],
"15531 greenwood av n":[47.742624,-122.356862],
"2039 nw 59th st":[47.67141,-122.3839],
"2625 58th av sw":[47.5800062,-122.4064254],
"2639 nw 86th st":[47.691089,-122.391995],
"2704 e union st":[47.613216,-122.297187],
"2800 thorndyke av w":[47.6449443,-122.3827018],
"30th av sw \/ sw morgan st":[47.5444372,-122.3699896],
"3310 nw 73rd st":[47.681854,-122.400369],
"3433 24th av s":[47.5721593,-122.3019449],
"4817 ne 70th st":[47.679239,-122.27621],
"4821 s morgan st":[47.543861,-122.271871],
"5440 41st av sw":[47.552629,-122.383889],
"6535 29th av s":[47.5433446,-122.2960705],
"664 w emerson st":[47.651589,-122.36734],
"6701 east marginal way s":[47.5423654,-122.328608],
"6712 fauntleroy way sw":[47.5426524,-122.3896571],
"7950 46th av s":[47.530048,-122.274018],
"8060 16th av nw":[47.688609,-122.377593],
"812 nw 83rd st":[47.6893058,-122.3667679],
"833 lake washington blvd s":[47.594726,-122.289487],
"8615 23rd av nw":[47.691513,-122.385558],
"9043 11th av nw":[47.695546,-122.370458],
"n 100th st \/ college way n":[47.7014082,-122.335187],
"nw 42nd st \/ 5th av nw":[47.6577795,-122.3629008]
}