{
"1020 ne 127th st":[47.7215,-122.317066],
"1033 ne 65th st":[47.675698,-122.3160718],
"1123 26th av s":[47.5922304,-122.2994531],
"1314 n 82nd st":[47.6889759,-122.341042],
"13720 41st av ne":[47.728832,-122.28417],
"1516 ne 65th st":[47.6758899,-122.3110542],
"1544 ne 140th st":[47.7302913,-122.3129696],
"1611 45th av sw":[47.5889809,-122.389374],
"1906 15th av s":[47.5861118,-122.3129832],
"2004 nw 63rd st":[47.674784,-122.3824937],
"2037 34th av s":[47.584024,-122.290087],
"2081 rainier av s":[47.5847718,-122.3030527],
"2217 sw trenton st":[47.5245288,-122.362759],
"2309 nw 86th st":[47.690827,-122.385944],
"2522 e cherry st":[47.608197,-122.2991391],
"3007 s nevada st":[47.5644848,-122.2951213],
"3317 w armour st":[47.6448221,-122.4003489],
"33rd av \/ e union st":[47.6129017,-122.2903416],
"38th av w \/ w bertona st":[47.650465,-122.4057465],
"3956 s cloverdale st":[47.526322,-122.281235],
"4516 7th av ne":[47.6618655,-122.3204186],
"512 n 101st st":[47.7021941,-122.3521997],
"556 ne 125th st":[47.719715,-122.321114],
"610 nw market st":[47.6688208,-122.3646296],
"6316 s hazel st":[47.5052472,-122.253871],
"6621 44th av s":[47.5426839,-122.2783412],
"7424 4th av ne":[47.68217,-122.324819],
"918 22nd av s":[47.593905,-122.30295],
"9211 32nd av ne":[47.6960274,-122.2935583],
"9740 49th av ne":[47.700586,-122.274541],
"w boston st \/ 1st av w":[47.6383916,-122.3582809]
}