{
"0 - 0 sb i5 to mercer":[47.630153,-122.326822],
"1013 stewart st":[47.616515,-122.332754],
"10259 marine view dr sw":[47.510222,-122.389347],
"13226 39th av ne":[47.725386,-122.285003],
"1519 queen anne av n":[47.6329047,-122.3572757],
"1528 24th av":[47.615012,-122.301019],
"1705 ne 77th st":[47.6846224,-122.3096649],
"20031 6th av ne":[47.77442,-122.324156],
"2101  4th av":[47.6140829,-122.3423987],
"212 32nd av":[47.603617,-122.290993],
"2217 nw 63rd st":[47.6743839,-122.3855799],
"2636 47th av sw":[47.5801302,-122.3916802],
"2814 nw 65th st":[47.676119,-122.39378],
"2941 s brighton st":[47.5412242,-122.2939686],
"3010 cascadia av s":[47.577214,-122.283976],
"3041 60th av sw":[47.576495,-122.409797],
"310 nw 85th st":[47.6906367,-122.3613405],
"408 nw 45th st":[47.661677,-122.362627],
"4107 east stevens way ne":[47.657028,-122.3048016],
"5034 25th av sw":[47.5564686,-122.3639807],
"5311 wallingford av n":[47.6676769,-122.3366482],
"566 highland dr":[47.6297673,-122.3452837],
"5706 s upland rd":[47.5483649,-122.2616675],
"5730 s gazelle st":[47.512648,-122.260701],
"6311 29th av sw":[47.5467186,-122.3700795],
"6720 42nd av s":[47.541854,-122.280508],
"7349 43rd av s":[47.535545,-122.27968],
"9057 9th av sw":[47.521115,-122.347083],
"911 nw 60th st":[47.6721628,-122.3691104],
"9615 fauntleroy way sw":[47.517161,-122.394775],
"n 65th st \/ 1st av ne":[47.6759368,-122.3281568],
"ne 125th st \/ 15th av ne":[47.7194391,-122.3126829],
"queen anne av n \/ w howe st":[47.6359625,-122.356984],
"sw 104th st \/ 37th av sw":[47.5099932,-122.378114]
}