{
"10046 61st av s":[47.510254,-122.2567367],
"1018 e seneca st":[47.6124279,-122.3184576],
"1031 s donovan st":[47.525355,-122.318856],
"10433 62nd av s":[47.507245,-122.256279],
"10450 67th av s":[47.506654,-122.24971],
"1660 e olive st":[47.6164554,-122.3103572],
"1852 e hamlin st":[47.645807,-122.306849],
"2202 s jackson st":[47.5992881,-122.3029735],
"2214 n 36th st":[47.6506129,-122.331796],
"2323 elliott av":[47.612384,-122.348814],
"2500 ne 82nd st":[47.6884796,-122.3016063],
"2616 w lynn st":[47.639333,-122.391211],
"3232 46th av sw":[47.574663,-122.390529],
"32nd av sw \/ sw 105th st":[47.5091005,-122.3733536],
"3437 e florence ct":[47.618895,-122.28739],
"3437 nw 56th st":[47.669436,-122.403683],
"3941 sw portland st":[47.53266,-122.38384],
"3rd av nw \/ nw 101st st":[47.7022176,-122.3607155],
"4107 sw juneau st":[47.5502513,-122.3844213],
"4314 ne 42nd st":[47.659372,-122.28056],
"4322 sw juneau st":[47.550535,-122.388284],
"4725 36th av ne":[47.663391,-122.289509],
"4728 41st av ne":[47.6645598,-122.2835036],
"500 nw 62nd st":[47.674391,-122.363176],
"5711 37th av s":[47.5508068,-122.2864791],
"6655 flora av s":[47.542627,-122.320848],
"803 5th av n":[47.6264864,-122.3479573],
"816 nw market st":[47.6689251,-122.3670673],
"8501 8th av ne":[47.690504,-122.320618],
"8703 13th av nw":[47.692482,-122.373147],
"9039 3rd av s":[47.521553,-122.330964],
"9241 sand point way ne":[47.695142,-122.276371],
"9306 mayes ct s":[47.5197119,-122.2589056],
"9600 m l king jr way s":[47.5164558,-122.278312],
"evanston av n \/ n 44th st":[47.6602138,-122.3509981],
"n 141st st \/ linden av n":[47.7310266,-122.3477665],
"ne 45th pl \/ 35th av ne":[47.6626127,-122.2902767],
"ne 77th st \/ 36th av ne":[47.6848611,-122.2894665],
"ne blakeley st \/ ne 45th pl":[47.6619549,-122.2915054]
}