{
"105 33rd av e":[47.6185459,-122.2903473],
"1312 3rd av w":[47.630908,-122.360123],
"14017 35th av ne":[47.7306389,-122.291386],
"1621 ne ravenna blvd":[47.6698189,-122.309965],
"1720 n 40th st":[47.6557958,-122.3366041],
"2053 s ferdinand st":[47.557574,-122.305295],
"216 ne 185th st":[47.763745,-122.327633],
"2311 18th av s":[47.5825419,-122.309861],
"2437 montavista pl w":[47.6405665,-122.4049884],
"24th av nw \/ nw 64th st":[47.6752962,-122.3875988],
"318 ne longwood pl":[47.684475,-122.3246145],
"324 w nickerson st":[47.651291,-122.361843],
"38th av s \/ s thistle st":[47.5278619,-122.2848132],
"401 ne northlake way":[47.6535994,-122.3240084],
"4118 sw kenyon st":[47.532425,-122.385501],
"4509 renton av s":[47.5625813,-122.2918447],
"4818 sw genesee st":[47.5649272,-122.3943797],
"5002 46th av sw":[47.557398,-122.390812],
"5041 36th av ne":[47.6661126,-122.2893024],
"5550 28th av ne":[47.669883,-122.296944],
"5709 s orcas st":[47.550893,-122.261308],
"5711 s ryan st":[47.50943,-122.260645],
"5945 atlas pl sw":[47.549056,-122.396546],
"6055 sycamore av nw":[47.673939,-122.358772],
"609 20th av":[47.607542,-122.306716],
"6409 29th av s":[47.544974,-122.296128],
"6602 beacon av s":[47.543538,-122.299157],
"821 s rose st":[47.5290012,-122.3219133],
"8261 5th av ne":[47.6890258,-122.3233034],
"8727 43rd pl sw":[47.525181,-122.388395],
"8917 25th av ne":[47.6936018,-122.3018173],
"9020 latona av ne":[47.694652,-122.325374],
"912 e thomas st":[47.6212399,-122.3201565],
"9209 16th av sw":[47.520662,-122.355522],
"9271 46th av sw":[47.520544,-122.391755],
"936 20th av":[47.6111889,-122.3059595],
"9721 34th av sw":[47.5159996,-122.3759001]
}