{
"108 19th av":[47.6020591,-122.307336],
"10th av \/ e terrace st":[47.6052004,-122.319428],
"1116 19th av":[47.612059,-122.307211],
"13th av sw \/ sw roxbury st":[47.5173347,-122.3517376],
"1412 25th av e":[47.6317035,-122.3000525],
"1509 29th av":[47.61448,-122.295237],
"1533 m l king jr way":[47.615034,-122.296545],
"1716 n 45th st":[47.6615197,-122.3368015],
"200 lakeside av":[47.602796,-122.2847519],
"201 20th av e":[47.6197837,-122.3063299],
"203 nw 56th st":[47.669419,-122.359277],
"210 broadway e":[47.6202846,-122.3205326],
"3014 15th av s":[47.576372,-122.312995],
"30th av nw \/ nw market st":[47.6686378,-122.3956379],
"3618 beach dr sw":[47.57193,-122.411884],
"4101 m l king jr way s":[47.5660511,-122.2971199],
"4112 ne 103rd pl":[47.703519,-122.283409],
"4218 s chicago st":[47.5326646,-122.2797833],
"4218 sw massachusetts st":[47.5880379,-122.3852693],
"4422 49th av sw":[47.564087,-122.394386],
"4521 s lucile st":[47.552446,-122.277469],
"4525 university way ne":[47.6620553,-122.3135892],
"4717 24th av ne":[47.6636382,-122.3021401],
"501 5th av n":[47.6232755,-122.3476285],
"509 e thomas st":[47.6207023,-122.3247977],
"5402 20th av nw":[47.6679254,-122.3819685],
"6742 alonzo av nw":[47.6790527,-122.3749313],
"7945 34th av sw":[47.530564,-122.375661],
"8416 duncan av s":[47.52811,-122.265069],
"8517 dibble av nw":[47.691209,-122.367597],
"8834 11th av sw":[47.523597,-122.348917],
"sw cloverdale st \/ delridge way sw":[47.526484,-122.3604505]
}