{
"100 5th av s":[47.6014959,-122.3276323],
"1000 seneca st":[47.6106271,-122.327475],
"10435 56th av s":[47.5071932,-122.2634978],
"116 19th av e":[47.6190968,-122.3070828],
"12500 15th av ne":[47.7194392,-122.3126641],
"13539 15th pl ne":[47.727748,-122.312346],
"1610 nagle pl":[47.6155108,-122.3200524],
"1809 36th av":[47.617919,-122.287836],
"1815 ne 50th st":[47.6648529,-122.3075363],
"2200 5th av":[47.6156119,-122.3418374],
"2200 elliott av":[47.6116773,-122.346752],
"2712 nw esplanade":[47.700875,-122.392846],
"311 erie av":[47.604236,-122.285315],
"3316 s juneau st":[47.5499373,-122.2896452],
"501 n 142nd st":[47.731362,-122.352895],
"516 3rd av":[47.6026769,-122.3303615],
"5237 21st av ne":[47.667589,-122.305832],
"527 s cloverdale st":[47.526229,-122.327032],
"5612 university way ne":[47.6699287,-122.3126878],
"5773 sw orleans st":[47.570897,-122.407136],
"604 w cremona st":[47.6500269,-122.3652475],
"6220 sycamore av nw":[47.6748746,-122.3581481],
"6843 28th av ne":[47.678859,-122.29774],
"8061 lakemont dr ne":[47.687828,-122.273473],
"830 s jackson st":[47.5992409,-122.3228352],
"843 ne 85th st":[47.69015,-122.318414],
"8843 10th av sw":[47.523373,-122.348369],
"sw kenyon st \/ detroit av sw":[47.5320623,-122.3375327],
"w armour st \/ 23rd av w":[47.6447612,-122.3859037]
}