{
"0 - 0 sb sr99 at holgate":[47.586048,-122.339445],
"10003 31st av ne":[47.701306,-122.295637],
"10010 13th av nw":[47.701861,-122.372373],
"103 13th av e":[47.618959,-122.3160007],
"109 dexter av n":[47.6188146,-122.3428766],
"10th av s \/ s southern st":[47.5297932,-122.3201861],
"1103 16th av":[47.611798,-122.311857],
"128 33rd av e":[47.619281,-122.289908],
"1507 belmont av":[47.6143843,-122.3247847],
"1522 10th av w":[47.6330464,-122.3699942],
"1536 n 121st st":[47.7165501,-122.3379231],
"1740 nw 60th st":[47.6725742,-122.3807047],
"2357 n 60th st":[47.6720619,-122.328473],
"2605 california av sw":[47.5809234,-122.386833],
"3243 lakewood av s":[47.573967,-122.282417],
"3252 10th av w":[47.650037,-122.37025],
"3801 43rd av s":[47.570095,-122.2794997],
"417 maynard av s":[47.598703,-122.3250768],
"4221 5th av ne":[47.658388,-122.323285],
"4501 brooklyn av ne":[47.661286,-122.314319],
"4502 glenn way sw":[47.562798,-122.389045],
"507 20th av e":[47.6234868,-122.3062291],
"5338 16th av s":[47.5536717,-122.3118418],
"5475 beach dr sw":[47.55233,-122.398324],
"5910 1st av s":[47.5502401,-122.3341847],
"647 n 138th st":[47.729193,-122.34975],
"7301 47th av sw":[47.537925,-122.393345],
"816 n 43rd st":[47.659551,-122.34784],
"902 n 101st st":[47.702374,-122.34715],
"905 5th av":[47.6062224,-122.3316644],
"919 e fir st":[47.6026795,-122.319543],
"9236 31st av sw":[47.520008,-122.372078],
"934 n 101st st":[47.70237,-122.345892],
"n 42nd st \/ bagley av n":[47.6579628,-122.3325948],
"occidental av s \/ s main st":[47.6000475,-122.3328885],
"s doris st \/ airport way s":[47.5501146,-122.3177808],
"sylvan pl nw \/ golden gardens dr nw":[47.6937353,-122.3993184]
}