{
"1140 broadway":[47.6116703,-122.3208018],
"115 taylor av n":[47.6187404,-122.3463334],
"1321 queen anne av n":[47.6310535,-122.357077],
"1420 boylston av":[47.6134855,-122.323357],
"1522 21st av s":[47.5888385,-122.3048564],
"1830 boren av":[47.6168496,-122.3325249],
"2331 42nd av sw":[47.5823835,-122.3853712],
"2609 e thomas st":[47.621153,-122.298071],
"2704 2nd av n":[47.64493,-122.353166],
"2969 nw market st":[47.6686192,-122.3945183],
"3711 sw cambridge st":[47.5190709,-122.380167],
"4014 woodlawn av n":[47.6561778,-122.3383089],
"408 12th av e":[47.6222189,-122.3165112],
"4138 14th av s":[47.5661119,-122.314405],
"4714 20th av ne":[47.663592,-122.3064866],
"4800 meridian av n":[47.6635877,-122.333677],
"4807 50th av sw":[47.559088,-122.396677],
"4853 s lucile st":[47.5524119,-122.270368],
"502 e pine st":[47.6152361,-122.3251319],
"5234 16th av ne":[47.6674681,-122.3107254],
"6200 lake shore dr s":[47.5470309,-122.258065],
"6508 34th av sw":[47.5443089,-122.3750803],
"6522 sycamore av nw":[47.6766739,-122.3581738],
"6546 24th av ne":[47.677203,-122.301365],
"8055 19th av nw":[47.6884637,-122.3813692],
"815 ne 80th st":[47.6865703,-122.3195691],
"8433 13th av sw":[47.527333,-122.35223],
"8803 28th av nw":[47.692979,-122.39328],
"greenwood av n \/ n 145th st":[47.7341192,-122.3554834],
"interlake av n \/ n 36th st":[47.6505284,-122.3413647],
"sb i405":[47.596032,-122.181512],
"sb i5 to forest":[47.579547,-122.319262]
}