{
"10015 20th av ne":[47.701587,-122.307336],
"104 e roanoke st":[47.643376,-122.326896],
"10444 8th av s":[47.5089789,-122.322515],
"1223 e cherry st":[47.607729,-122.3160401],
"1526 44th av sw":[47.589699,-122.38716],
"1937 harbor av sw":[47.5868223,-122.3778837],
"2318 fairview av e":[47.640384,-122.329158],
"312 nw 74th st":[47.6827205,-122.3613094],
"3208 44th av w":[47.648901,-122.412764],
"323 nw 76th st":[47.68378,-122.361689],
"3327 beacon av s":[47.573369,-122.309092],
"3538 sw southern st":[47.530007,-122.378386],
"4005 burton pl w":[47.656054,-122.388696],
"4512 49th av sw":[47.562551,-122.394411],
"5414 sand point way ne":[47.6681882,-122.2768334],
"6218 34th av ne":[47.6745818,-122.2908491],
"6333 hillman pl ne":[47.6756097,-122.3229277],
"6530 19th av ne":[47.6767808,-122.3073644],
"6818 34th av nw":[47.6788418,-122.4007712],
"7204 32nd av nw":[47.681078,-122.398058],
"7557 30th av nw":[47.68476,-122.396077],
"8008 37th av sw":[47.53096,-122.379025],
"8615 linden av n":[47.691832,-122.347235],
"9032 7th av nw":[47.6952734,-122.3643637],
"alaskan way s \/ s jackson st":[47.5992111,-122.3355611],
"holly park dr s \/ 32nd av s":[47.5413238,-122.2910074],
"virginia st \/ 4th av":[47.6130609,-122.340035]
}