{
"0 - 0 sb i5 at i90":[47.601669,-122.324897],
"10022 43rd pl ne":[47.7024288,-122.2832154],
"10505 24th av ne":[47.7050344,-122.3021991],
"1100 39th av e":[47.628739,-122.282308],
"1105 westlake av n":[47.62916,-122.341405],
"1116 32nd av e":[47.629132,-122.290467],
"1311 30th av s":[47.591804,-122.293718],
"1404 25th av":[47.6132003,-122.2998615],
"1440 2nd av":[47.6090391,-122.3386607],
"1609 n 46th st":[47.661878,-122.338646],
"1611 edgewood av sw":[47.588966,-122.383141],
"2340 nw blue ridge dr":[47.703265,-122.38675],
"2400 - 2599 ne wahkiakum ln":[47.654993,-122.30233],
"2633 11th av e":[47.6441919,-122.318712],
"2692 ne 49th st":[47.6642936,-122.2980322],
"26th av \/ e cherry st":[47.6080054,-122.2988738],
"3428 14th av w":[47.651195,-122.3749307],
"3622 woodland park av n":[47.651238,-122.343617],
"3932 ne 135th st":[47.726421,-122.2857741],
"4026 stone way n":[47.6562228,-122.3420727],
"4034 densmore av n":[47.656674,-122.337152],
"4126 sw 100th st":[47.514022,-122.385718],
"45th av sw \/ sw spokane st":[47.5720477,-122.389447],
"4622 57th av sw":[47.561984,-122.403975],
"5316 14th av s":[47.55419,-122.314239],
"5522 33rd av s":[47.5517998,-122.2901475],
"5654 40th av w":[47.6710872,-122.4093569],
"6027 31st av ne":[47.673001,-122.294636],
"621 w olympic pl":[47.6271918,-122.3648628],
"6225 25th av ne":[47.6745364,-122.3009262],
"714 n 101st st":[47.7023954,-122.3493322],
"7558 9th av ne":[47.6848389,-122.318327],
"7744 dibble av nw":[47.686412,-122.366925],
"8432 5th av sw":[47.527275,-122.341087],
"852 nw 60th st":[47.6725566,-122.3683678],
"9014 latona av ne":[47.694415,-122.325599],
"910 n 46th st":[47.6623402,-122.3467206],
"9718 45th av ne":[47.6999489,-122.279733],
"s henderson st \/ 8th av s":[47.5230758,-122.3229662],
"vassar av ne \/ ne 65th st":[47.6757886,-122.2784425]
}