{
"10007 richwood av nw":[47.7019078,-122.3874988],
"1007 nw 80th st":[47.6867373,-122.3698022],
"10819 27th av ne":[47.7079957,-122.2996115],
"12558 22nd av ne":[47.721072,-122.305599],
"1660 s lane st":[47.5966584,-122.309397],
"1925 broadway e":[47.636716,-122.3213952],
"2019 s main st":[47.5997443,-122.3054288],
"2109 e galer st":[47.6321087,-122.3042276],
"2124 4th av w":[47.638548,-122.361893],
"225 mercer st":[47.6245559,-122.3518496],
"2918 sw webster st":[47.535756,-122.370671],
"3058 37th av sw":[47.5757198,-122.377836],
"32nd av s \/ s washington st":[47.600856,-122.291322],
"3422 walnut av sw":[47.5724468,-122.3832779],
"3517-1\/2 fremont av n":[47.6511533,-122.3502394],
"3614 california av sw":[47.5716252,-122.3865276],
"3806 w bertona st":[47.650674,-122.406178],
"3945 15th av ne":[47.6545584,-122.3124497],
"3945 s elmgrove st":[47.529787,-122.281814],
"4057 57th av sw":[47.5670231,-122.4049757],
"4528 california av sw":[47.5619358,-122.3864694],
"4737 38th av sw":[47.559949,-122.380502],
"5238 44th av sw":[47.55529,-122.388046],
"5400 57th av s":[47.5533139,-122.2619704],
"6000 14th av nw":[47.6725864,-122.3737046],
"6019 38th av ne":[47.672796,-122.287226],
"6202 54th av ne":[47.673525,-122.269062],
"6901 m l king jr way s":[47.540362,-122.283234],
"801 newton st":[47.636463,-122.341305],
"914 n 81st st":[47.687885,-122.346382],
"9745 1st av nw":[47.7008755,-122.358385],
"densmore av n \/ n 34th st":[47.6480488,-122.3375273],
"s alaska st \/ airport way s":[47.5611934,-122.3231087],
"summit av \/ e pine st":[47.6152226,-122.3255288]
}