{
"10701 lakeside av ne":[47.707911,-122.276366],
"1126 nw 58th st":[47.671124,-122.372004],
"1222 westlake av n":[47.6304089,-122.3409736],
"13532 ashworth av n":[47.727825,-122.339223],
"1414 n northgate way":[47.705252,-122.339805],
"1524 4th av":[47.6107747,-122.3371729],
"1st av & denny way":[47.618586,-122.3552998],
"2004 ne 103rd st":[47.7032033,-122.3066821],
"2142 e shelby st":[47.646631,-122.302585],
"2208 n 45th st":[47.6615779,-122.3320725],
"2233 ne 46th st":[47.6615155,-122.3030467],
"2642 21st av w":[47.6436442,-122.3830487],
"3031 s holden st":[47.533553,-122.292155],
"3039 s court st":[47.570655,-122.293466],
"3128 33rd av s":[47.575345,-122.290603],
"3614 bagley av n":[47.650963,-122.332327],
"410 terry av n":[47.6222881,-122.3364939],
"4748 26th av sw":[47.5596825,-122.3652082],
"4831 s garden st":[47.5374973,-122.2713223],
"5121 s othello st":[47.5368033,-122.2691496],
"5235 11th av ne":[47.667443,-122.3165408],
"6317 1st av ne":[47.6749474,-122.3284113],
"6423 latona av ne":[47.6757937,-122.3257491],
"7707 24th av nw":[47.6852745,-122.3878913],
"8300 18th av nw":[47.688874,-122.379716],
"8510 17th av nw":[47.6910282,-122.3789383],
"8824 roosevelt way ne":[47.6928857,-122.3172757],
"9002 13th av sw":[47.522697,-122.351356],
"corson av s \/ s michigan st":[47.5475001,-122.3214556],
"e lynn st \/ 12th av e":[47.6395506,-122.3169917],
"ne 133rd st \/ 25th av ne":[47.7247664,-122.3018956],
"rainier av s \/ s orchard st":[47.5383192,-122.2705914]
}