{
"10000 rainier av s":[47.512174,-122.247753],
"12716 lake city way ne":[47.7216789,-122.2930041],
"13502 3rd av ne":[47.727006,-122.325736],
"1417 nw 60th st":[47.672129,-122.374497],
"1803 14th av":[47.617816,-122.314662],
"221 virginia st":[47.6118725,-122.3415333],
"2210 45th av sw":[47.583681,-122.388734],
"2330 lake washington blvd s":[47.5821751,-122.286128],
"2711 mount st helens pl s":[47.5791654,-122.2871727],
"3022 32nd av w":[47.647596,-122.3978992],
"311 e republican st":[47.6229678,-122.327521],
"31st av sw \/ 31st pl sw":[47.5200702,-122.3723995],
"4044 26th av sw":[47.567641,-122.3653637],
"4315 s holly st":[47.542195,-122.279069],
"5000 renton av s":[47.5566293,-122.2887909],
"510 n 92nd st":[47.696264,-122.35209],
"5114 51st av s":[47.5557749,-122.2696248],
"514 minor av":[47.6064699,-122.3209038],
"5224 21st av sw":[47.55639,-122.359834],
"5th av ne \/ ne 103rd st":[47.703151,-122.3231466],
"5th av ne \/ ne 54th st":[47.667866,-122.3228698],
"6049 31st av sw":[47.5473974,-122.3720152],
"6200 m l king jr way s":[47.5461421,-122.2854658],
"6210 8th av nw":[47.6744998,-122.3660306],
"6839 holly park dr s":[47.5412038,-122.2895117],
"7223 28th av ne":[47.681484,-122.297819],
"739 westlake av n":[47.6264268,-122.3391451],
"7528 37th av ne":[47.6839425,-122.2883668],
"7723 58th av ne":[47.685302,-122.26644],
"9317 forest ct sw":[47.5193093,-122.3858548],
"m l king jr way s \/ s lane st":[47.5967282,-122.2974878],
"ne 105th st \/ 19th av ne":[47.7048584,-122.3071641],
"nw 43rd st \/ 4th av nw":[47.6589559,-122.3618967],
"seneca st \/ 6th av":[47.6084583,-122.3319893],
"wb wsea frwy fr sb i5":[47.574458,-122.320215]
}