{
"1006 sw portland st":[47.5335139,-122.34844],
"1009 w ruffner st":[47.6521066,-122.3706642],
"10432 40th av sw":[47.5090451,-122.382636],
"10510 sand point way ne":[47.705007,-122.277856],
"1219 n 48th st":[47.6633705,-122.3427391],
"1227 nw 117th st":[47.7135142,-122.3732023],
"125 nw 77th st":[47.684516,-122.359116],
"1310 mercer st":[47.624545,-122.330078],
"146 n 84th st":[47.6900365,-122.3559804],
"1516 nw 62nd st":[47.674045,-122.377113],
"1573 nw 90th st":[47.694419,-122.379986],
"1701 nw market st":[47.6683853,-122.3791003],
"1901 nw market st":[47.6686619,-122.3816956],
"1932 15th av e":[47.636895,-122.313236],
"2119 ne 100th st":[47.7009339,-122.304856],
"2127 38th av e":[47.637733,-122.2851341],
"2165 sunset av sw":[47.584652,-122.396338],
"2332 n 62nd st":[47.6738543,-122.3294138],
"2657 36th av sw":[47.579979,-122.377332],
"2684 ne 49th st":[47.6642632,-122.2975776],
"2815 e aloha st":[47.626415,-122.295717],
"2901 harris pl s":[47.577391,-122.302593],
"3003 61st av sw":[47.5776007,-122.4109728],
"3320 york rd s":[47.573163,-122.286963],
"3711 hillcrest av sw":[47.570716,-122.406413],
"435 11th av e":[47.6229962,-122.3180225],
"5034 18th av ne":[47.665877,-122.307992],
"5034 37th av s":[47.5559282,-122.2857372],
"5454 30th av sw":[47.5521699,-122.37055],
"5506 22nd av s":[47.553078,-122.304799],
"5511 16th av ne":[47.6689286,-122.3110742],
"5602 15th av nw":[47.6696104,-122.3757651],
"7010 4th av nw":[47.6800039,-122.361173],
"7314 38th av ne":[47.6817,-122.28738],
"7544 31st av sw":[47.5342046,-122.3720807],
"7550 21st av ne":[47.684448,-122.304992],
"800 s jackson st":[47.5992532,-122.3228724],
"8023 18th av nw":[47.6875582,-122.3803255],
"806 23rd av e":[47.6262319,-122.3021179],
"850 s sullivan st":[47.527506,-122.320654],
"8527 burke av n":[47.691345,-122.335502],
"8545 caroline av n":[47.6918741,-122.3373728],
"9444 - 9625 fauntleroy way sw":[47.516867,-122.394188],
"9600 52nd av s":[47.5166929,-122.267116],
"east green lake dr n \/ densmore av n":[47.6856497,-122.3377949],
"green lake dr n \/ aurora av n":[47.6890914,-122.3444162],
"n 34th st \/ n pacific st":[47.6481666,-122.3331795],
"noaa acrd \/ ne 74th st":[47.6835831,-122.2581147],
"russell av nw \/ nw market st":[47.6686747,-122.3829487],
"s jackson st \/ 18th av s":[47.5992412,-122.3089811]
}