{
"12001 sand point way ne":[47.715974,-122.283569],
"13552 aurora av n":[47.7273931,-122.3449953],
"1716 harvard av":[47.6169891,-122.3218986],
"1812 11th av":[47.618147,-122.317645],
"1902 nw 90th st":[47.6949128,-122.3809556],
"214 nw 70th st":[47.6796868,-122.3601684],
"21st av s \/ s horton st":[47.5740435,-122.3050907],
"2349 45th av sw":[47.581604,-122.389642],
"3638 50th av ne":[47.655562,-122.2732922],
"4007 41st av sw":[47.5680821,-122.3845307],
"4213 2nd av ne":[47.6581662,-122.327559],
"4424 55th av sw":[47.564108,-122.402577],
"4702 s findlay st":[47.552116,-122.273984],
"4827 california av sw":[47.5581529,-122.3869004],
"5504 s avon st":[47.501691,-122.264724],
"5808 39th av s":[47.5501869,-122.2831946],
"5909 sw stevens st":[47.5775481,-122.4086412],
"6323 45th av sw":[47.546024,-122.390364],
"6716 corson av s":[47.542035,-122.322819],
"6925 24th av sw":[47.540263,-122.363333],
"7926 9th av sw":[47.5310797,-122.3465094],
"8109 delridge way sw":[47.529791,-122.3608367],
"8411 50th av s":[47.5275438,-122.2716527],
"8523 19th av nw":[47.6912933,-122.381393],
"ne penrith rd \/ ne ambleside rd":[47.6662281,-122.2659283],
"sw brace point dr \/ 45th av sw":[47.5202518,-122.3903724]
}