{
"100 pontius av n":[47.6185204,-122.3322253],
"10738 dayton av n":[47.708023,-122.352425],
"1207 sw cambridge st":[47.518922,-122.351078],
"13322 19th av ne":[47.725543,-122.308573],
"17th av s \/ s horton st":[47.574045,-122.311341],
"1878 mcgilvra blvd e":[47.636824,-122.280451],
"1900 dexter av n":[47.6359503,-122.3423309],
"1900 n 50th st":[47.6652714,-122.3351723],
"200 ne 92nd st":[47.6959115,-122.3270767],
"2101 35th av w":[47.637811,-122.402448],
"2667 11th av w":[47.6441659,-122.3718303],
"2808 s columbian way":[47.5623024,-122.2968172],
"2837 nw 68th st":[47.677811,-122.394748],
"3417 nw 59th st":[47.671039,-122.401945],
"3947 s mead st":[47.5502952,-122.2814743],
"4500 5th av ne":[47.661337,-122.3228564],
"5000 s director st":[47.5223338,-122.2706756],
"5206 13th av s":[47.55534,-122.315802],
"5212 49th av sw":[47.5552632,-122.3947293],
"6324 high point dr sw":[47.5458971,-122.3685419],
"6365 delridge way sw":[47.5447739,-122.361915],
"6534 30th av sw":[47.5435196,-122.3694374],
"6543 shaffer av s":[47.5431131,-122.2949837],
"6721 33rd av nw":[47.6776812,-122.4000128],
"7908 5th av sw":[47.531567,-122.341255],
"8228 interlake av n":[47.6895669,-122.340069],
"8418 38th av s":[47.527436,-122.284769],
"900 elliott av w":[47.6270422,-122.3684397],
"9813 8th av ne":[47.700753,-122.320707],
"eb i90 fr 4 sb":[47.591467,-122.3290509],
"harvard av e \/ e aloha st":[47.6268401,-122.3223667],
"nb i5 at roanoke st":[47.644694,-122.322443],
"nw 54th st \/ 26th av nw":[47.6682127,-122.3901851],
"rainier av s \/ s norfolk st":[47.5147298,-122.2524719],
"s college st \/ beacon av s":[47.5829918,-122.3167452]
}