{
"1000-1050 sturgus av s":[47.593353,-122.3136839],
"102 30th av":[47.601827,-122.2935362],
"1104 e fir st":[47.602842,-122.3177322],
"12500 - 12699 lake city way ne":[47.719279,-122.295233],
"1506 alaskan way":[47.6078882,-122.3425642],
"1949 perkins ln w":[47.636895,-122.408857],
"2013 ne 63rd st":[47.674588,-122.305858],
"2207 w raye st":[47.642709,-122.385179],
"2219 nw 59th st":[47.6714258,-122.3855546],
"222 s holgate st":[47.5862293,-122.3317944],
"30th av sw \/ sw genesee st":[47.5647116,-122.3708219],
"345 ne 58th st":[47.6706516,-122.3235024],
"3926 12th av s":[47.5681029,-122.3169789],
"3951 s orcas st":[47.5510179,-122.2812346],
"3rd av nw \/ nw 105th st":[47.7051293,-122.3607807],
"4107 sw thistle st":[47.528269,-122.385202],
"4123 m l king jr way s":[47.5655175,-122.2968043],
"4302 burke av n":[47.659315,-122.334632],
"4709 46th av s":[47.56022,-122.276028],
"48th av sw \/ sw hinds st":[47.5738868,-122.3934268],
"5726 16th av ne":[47.671207,-122.310716],
"6321 32nd av s":[47.545522,-122.291864],
"6335 45th av sw":[47.545694,-122.390375],
"65 w dravus st":[47.6484658,-122.3603771],
"6732 41st av sw":[47.54197,-122.384103],
"7014 47th av ne":[47.679882,-122.278193],
"732 36th av":[47.6089119,-122.286875],
"7323 28th av sw":[47.536641,-122.368839],
"8400 aurora av n":[47.6900891,-122.3440476],
"8623 8th av s":[47.5255503,-122.3229626],
"9524 30th av ne":[47.6982094,-122.2957676],
"954 19th av e":[47.628418,-122.30689],
"sw seattle st \/ 46th av sw":[47.5893851,-122.3903306]
}