{
"10226 47th av sw":[47.5114469,-122.391985],
"1411 1st av":[47.608127,-122.3398642],
"14th av s \/ s lander st":[47.5794803,-122.3147009],
"1501 1st av":[47.6089766,-122.3404283],
"1501 sturgus av s":[47.5899818,-122.3116311],
"1507 sw henderson st":[47.5226874,-122.3544277],
"2829 nw 57th st":[47.6700166,-122.394199],
"2939 s mount baker blvd":[47.57587,-122.2954309],
"3605 61st av sw":[47.572075,-122.411162],
"4309 ne 75th st":[47.682797,-122.281484],
"4415 cascadia av s":[47.56371,-122.283163],
"4809 4th av s":[47.5598613,-122.3294347],
"54th av s \/ s grattan st":[47.528552,-122.2649537],
"5606 ne 59th st":[47.671778,-122.268036],
"609 fairview av n":[47.6251082,-122.3344148],
"6758 21st av sw":[47.5410132,-122.3595629],
"725 bellevue av e":[47.625728,-122.327358],
"7450 east green lake dr n":[47.6827638,-122.3290808],
"801 lakeside av s":[47.5955579,-122.288143],
"8420 delridge way sw":[47.5276213,-122.3601756],
"8426 22nd av sw":[47.527465,-122.361434],
"900 n 35th st":[47.6500842,-122.3468264],
"9036 13th av nw":[47.695378,-122.372358],
"904 6th av n":[47.6274071,-122.3447188],
"bagley av n \/ n 107th st":[47.7068495,-122.3325903],
"ne 95th st \/ 35th av ne":[47.6974656,-122.2905564],
"nw ballard way \/ 11th av nw":[47.6629336,-122.3707673]
}