{
"10402 waters av s":[47.5081004,-122.2493777],
"11029 marine view dr sw":[47.503614,-122.381751],
"1230 ne 135th st":[47.7266665,-122.3150927],
"14314 32nd av ne":[47.7324378,-122.2935389],
"14356 37th av ne":[47.733576,-122.288013],
"1507 ne ravenna blvd":[47.6704583,-122.3116702],
"1730 22 ave":[47.6179877,-122.3033254],
"1916 30th av s":[47.585768,-122.29371],
"2507 nw 85th st":[47.6905607,-122.3890591],
"3018 fuhrman av e":[47.648424,-122.318041],
"3737 sw 108th st":[47.5062224,-122.3802655],
"3823 40th av sw":[47.56948,-122.383203],
"3840 ne 88th st":[47.692579,-122.286085],
"421 m l king jr way s":[47.5985473,-122.2977948],
"4226 34th av w":[47.658503,-122.400446],
"4815 s holly st":[47.54225,-122.27187],
"4989 19th av s":[47.556708,-122.308286],
"5213 8th av nw":[47.6669078,-122.3664239],
"600 broadway":[47.6077531,-122.3200772],
"827 nw 62nd st":[47.67358,-122.367362],
"8828 12th av sw":[47.523763,-122.350243],
"9545 interlake av n":[47.699182,-122.341151],
"n 80th st \/ densmore av n":[47.6869208,-122.3379018],
"nb i5 fr olive eb":[47.616379,-122.328509]
}