{
"1036 s rose st":[47.5291957,-122.3185527],
"10615 seola beach dr sw":[47.507814,-122.371156],
"12051 25th av ne":[47.717176,-122.302196],
"1521 e olive st":[47.6164428,-122.3119743],
"1933 nw 97th st":[47.699494,-122.382206],
"2306 w emerson st":[47.6541456,-122.3863895],
"2535 s eddy st":[47.545088,-122.298525],
"2827 s adams st":[47.5646079,-122.2972774],
"3807 20th av sw":[47.569862,-122.359365],
"401 s main st":[47.6000431,-122.3289693],
"4017 meridian av n":[47.656191,-122.3342],
"4526 eastern av n":[47.6623003,-122.3286614],
"4937 ne 85th st":[47.6903346,-122.2731127],
"5037 harold pl ne":[47.665636,-122.272328],
"5607 44th av sw":[47.5518439,-122.3888498],
"5723 s bangor st":[47.5059101,-122.2603493],
"600 nw 80th st":[47.6871438,-122.3635374],
"6227 5th av nw":[47.675011,-122.363279],
"6330 high point dr sw":[47.545856,-122.3685271],
"6518 18th av ne":[47.67639,-122.308399],
"662-699 cherry st":[47.6050381,-122.3283476],
"6720 37th av sw":[47.542291,-122.378823],
"700 queen anne av n":[47.6256883,-122.3564248],
"7303 38th av ne":[47.6813924,-122.2880794],
"7350 m l king jr way s":[47.535717,-122.280156],
"7418 winona av n":[47.6829604,-122.3436035],
"832 37th av e":[47.627044,-122.285198],
"8617 17th av sw":[47.525932,-122.356781],
"e columbia st \/ 10th av":[47.609237,-122.3193655],
"fac test only":[47.6012184,-122.3283401],
"n 97th st \/ fremont av n":[47.6996374,-122.3500064],
"nw 65th st \/ 12th av nw":[47.6759916,-122.3719644]
}