{
"10th av s \/ s washington st":[47.6009089,-122.31942],
"1509 broadway":[47.61438,-122.321048],
"1605 broadway e":[47.6341687,-122.3214377],
"1708 34th av":[47.616821,-122.288856],
"231 26th av e":[47.6208999,-122.2989631],
"2400 nw market st":[47.6686913,-122.3875803],
"2444 nw 57th st":[47.670207,-122.3896202],
"2619 47th av sw":[47.5806135,-122.392245],
"28th av ne \/ ne 65th st":[47.6757797,-122.2973302],
"3267 conkling pl w":[47.649517,-122.369767],
"3300 35th av s":[47.573626,-122.288512],
"3310 sw 102nd st":[47.512075,-122.374511],
"3521 ne 100th st":[47.70084,-122.289692],
"3853 45th av ne":[47.6568619,-122.279755],
"4524 ne tulane pl":[47.6700335,-122.2785345],
"4620 sw findlay st":[47.552406,-122.392094],
"4844 19th av s":[47.5592528,-122.3076148],
"48th av s \/ s cloverdale st":[47.5261309,-122.2725264],
"5103 5th av ne":[47.665877,-122.3231456],
"5203 21st av s":[47.555947,-122.306188],
"5613 west marginal way sw":[47.5409794,-122.3429739],
"620 19th av e":[47.6249933,-122.3069894],
"6812 36th av nw":[47.6786094,-122.4038045],
"6816 52nd av ne":[47.678138,-122.271232],
"8322 wabash av s":[47.529,-122.268848],
"8613 roosevelt way ne":[47.6916989,-122.3178877],
"8921 41st av sw":[47.5227748,-122.3862215],
"908 n 71st st":[47.680478,-122.346796],
"9156 matthews av ne":[47.694928,-122.276907],
"9719 32nd av sw":[47.516006,-122.373726],
"9721 12th av nw":[47.700679,-122.371846],
"ne 55th st \/ 9th av ne":[47.6685847,-122.3183976],
"rainier av s \/ 75th av s":[47.5109937,-122.2410804]
}