{
"1015 ne lincoln way":[47.6553377,-122.3155829],
"10339 lake shore blvd ne":[47.704048,-122.275511],
"10550 39th av ne":[47.706182,-122.286099],
"109 nw 39th st":[47.6539989,-122.3581742],
"1219 e jefferson st":[47.6060051,-122.3159208],
"13540 30th av ne":[47.727728,-122.295991],
"156 18th av":[47.6029824,-122.3089408],
"1700 7th av":[47.6141039,-122.3353509],
"17th av e \/ e prospect st":[47.6286904,-122.3099564],
"21st av ne \/ ne 83rd st":[47.6898313,-122.3057029],
"227 w mercer st":[47.6245789,-122.3596779],
"2333 eyres pl w":[47.6394059,-122.4052075],
"2343 20th av s":[47.5817192,-122.3071919],
"2415 e mercer st":[47.624199,-122.300423],
"24th av e \/ e north st":[47.6437363,-122.302126],
"2500 s lane st":[47.5969008,-122.2996508],
"2519 sw barton st":[47.5207904,-122.3653506],
"2830 23rd av w":[47.6457323,-122.385583],
"3025 ne 140th st":[47.7299079,-122.2953097],
"342 16th av e":[47.621727,-122.310997],
"3852 courtland pl s":[47.568238,-122.28692],
"3855 ne 90th st":[47.693581,-122.285511],
"4603 s adams st":[47.5650929,-122.2754826],
"4770 s. bond st":[47.5144597,-122.2710655],
"5114 s medley ct":[47.5348056,-122.2691222],
"5334 beacon av s":[47.553999,-122.302359],
"5430 sw angeline st":[47.560487,-122.402383],
"606 28th av e":[47.624578,-122.296271],
"6740 4th av nw":[47.6789836,-122.3614385],
"7023 perimeter rd s":[47.5389319,-122.3057966],
"7417 4th av ne":[47.682243,-122.325605],
"7506 1st av ne":[47.6833988,-122.3279905],
"800 ne 63rd st":[47.6741838,-122.3200341],
"8000 lake city way ne":[47.6867989,-122.3127786],
"8070 seaview av nw":[47.6862702,-122.40272],
"9288 waters av s":[47.519169,-122.261015],
"nb sr99 fr 1 \/ 1st av s":[47.5963141,-122.3343026],
"s alaska st \/ 34th av s":[47.5607262,-122.2899079]
}