{
"102 ne 92nd st":[47.6961608,-122.328208],
"10234 belgrove ct nw":[47.70297,-122.382462],
"1109 pike st":[47.6135956,-122.3285917],
"1142 20th av e":[47.629907,-122.305646],
"1156 10th av e":[47.630337,-122.319887],
"1208 s donovan st":[47.5257867,-122.3171715],
"135 broadway  e":[47.6197183,-122.3212286],
"1427 20th av":[47.613773,-122.306613],
"1527 22nd av s":[47.5886817,-122.3041443],
"1535 1st av s":[47.5899077,-122.3342618],
"15th av \/ e alder st":[47.6043442,-122.312877],
"1822 27th av":[47.6183201,-122.2969887],
"1st av s nb off rp":[47.5964359,-122.3341843],
"2323 airport way s":[47.582556,-122.3219353],
"2500 lake washington blvd e":[47.6417503,-122.298581],
"2608 w boston st":[47.638625,-122.390924],
"3012 e yesler way":[47.601874,-122.293005],
"3731 sw 97th st":[47.516277,-122.380747],
"4327 sw mills st":[47.5413099,-122.3885804],
"5143 s othello st":[47.5367807,-122.2683403],
"5218 35th av s":[47.554508,-122.289036],
"5709 30th av ne":[47.670682,-122.29542],
"600 s spokane st":[47.572082,-122.325447],
"610 nw 47th st":[47.663134,-122.3646],
"746 n 92nd st":[47.6958167,-122.3478252],
"7537 11th av ne":[47.6842411,-122.316504],
"7542 17th av nw":[47.6844813,-122.3786196],
"8302 25th av nw":[47.68914,-122.388418],
"834 nw 96th st":[47.6992475,-122.3677582],
"9226 11th av sw":[47.520143,-122.348883],
"9255 31st pl sw":[47.520076,-122.373615],
"ne 123rd st \/ 8th av ne":[47.7176884,-122.3207939],
"ne 60th st \/ 26th av ne":[47.6721513,-122.2995637],
"s findlay st \/ rainier av s":[47.5519272,-122.2780651]
}