{
"1413 3rd av":[47.6091042,-122.3373481],
"1601 western av":[47.6098858,-122.3430423],
"1718 ne 62nd st":[47.6737264,-122.3089576],
"1919 n 47th st":[47.662645,-122.334314],
"2156 6th av w":[47.6393732,-122.3647865],
"216 aloha st":[47.6271872,-122.3520153],
"221 nw 105th st":[47.704916,-122.360509],
"2615 s delappe pl":[47.573318,-122.298495],
"3218 22nd av s":[47.5745099,-122.304052],
"3220 e republican st":[47.623609,-122.290252],
"465 s holgate st":[47.5858269,-122.326275],
"5129 s creston st":[47.506808,-122.268821],
"5407 baker av nw":[47.6681776,-122.3603691],
"5560 18th av s":[47.551636,-122.309538],
"6319 high point dr sw":[47.5458589,-122.3685666],
"6333 29th av sw":[47.5460979,-122.3698981],
"6509 24th av ne":[47.6761407,-122.3020024],
"7036 24th av nw":[47.680615,-122.387189],
"7100 highland park way sw":[47.5392284,-122.3461029],
"7153 woodside pl sw":[47.5381566,-122.3896764],
"7th av w \/ w raye st":[47.6431211,-122.3662123],
"n 115th st \/ phinney av n":[47.7123418,-122.3541668],
"nw 50th st \/ 9th av nw":[47.6650525,-122.3685959],
"nw 84th st \/ 6th av nw":[47.6898398,-122.3632856],
"renton av s \/ s 116th pl":[47.5008376,-122.2500524]
}