{
"0 - 0 volunteer park rd":[47.629341,-122.31456],
"1000 4th av s - salvation army warehouse":[47.594304,-122.328454],
"10642 60th av s":[47.504846,-122.257948],
"114 nw 48th st":[47.6637741,-122.3578728],
"11720 20th av ne":[47.7146038,-122.3068386],
"1407 taylor av n":[47.631656,-122.34658],
"1649 federal av e":[47.6344624,-122.3193484],
"1702 n 47th st":[47.663085,-122.337457],
"2452 6th av w":[47.6411159,-122.364627],
"2708 39th av sw":[47.578931,-122.381007],
"3016 s bradford st":[47.569167,-122.293277],
"3217 nw market st":[47.668611,-122.3992925],
"3822 23rd av w":[47.654688,-122.38567],
"39th av s \/ s edmunds st":[47.5586496,-122.2834583],
"402 w howe st":[47.6361124,-122.3625644],
"4229 corliss av n":[47.6588722,-122.3314995],
"4266 33rd av w":[47.6594849,-122.399207],
"5051 37th av s":[47.5555948,-122.2864225],
"520 s mead st":[47.5510836,-122.3277852],
"5220 21st av ne":[47.66715,-122.305189],
"541 ne northgate way":[47.7085737,-122.3214277],
"5761 s eddy st":[47.544749,-122.2591928],
"612 nw 47th st":[47.663134,-122.364773],
"6406 14th av nw":[47.675569,-122.373164],
"6500 rainier av s":[47.5442369,-122.2740324],
"7270 27th av ne":[47.68269,-122.298267],
"7408 rainier av s":[47.5356048,-122.2696173],
"815 e pine st":[47.6150944,-122.3213667],
"849 nw 54th st":[47.6676966,-122.3683401],
"8507 28th av nw":[47.6907897,-122.393232],
"9003 24th av sw":[47.522687,-122.363608],
"9329 31st pl sw":[47.518961,-122.373719],
"bridge way n \/ aurora av n":[47.6513085,-122.3472565],
"chicago ct s \/ s chicago st":[47.5325884,-122.2826588],
"s othello st \/ 33rd av s":[47.53703,-122.2899433]
}