{
"1000 sturgus av s":[47.5939336,-122.314354],
"10022 62nd av s":[47.5109591,-122.2555773],
"10616 53rd av s":[47.505596,-122.267082],
"10616 bagley av n":[47.706474,-122.33228],
"11246 renton av s":[47.501456,-122.249382],
"11600 aurora av n":[47.7133146,-122.3448042],
"13503 northshire rd nw":[47.72701,-122.362198],
"14019 32nd av ne":[47.730702,-122.294639],
"1821 n 57th st":[47.6705834,-122.335436],
"2138 california av sw":[47.5841765,-122.386144],
"2211 warren av n":[47.6387081,-122.3546626],
"2312 fairview av e":[47.6401239,-122.3293912],
"2542 boyer av e":[47.642771,-122.315498],
"2583 magnolia blvd w":[47.643125,-122.414646],
"2925 s willow st":[47.5406204,-122.2948033],
"4212 winslow pl n":[47.65817,-122.346383],
"5014 48th av s":[47.5565234,-122.2723324],
"524 highland dr":[47.6299171,-122.346679],
"6534 27th av nw":[47.676964,-122.390455],
"7545 15th av sw":[47.5341482,-122.354238],
"7763 12th av sw":[47.5322829,-122.350894],
"7944 31st av sw":[47.530584,-122.372211],
"8127 12th av sw":[47.52935,-122.350914],
"818 29th av s":[47.595129,-122.295088],
"8246 bagley av n":[47.689993,-122.331799],
"8556 interlake av n":[47.6921729,-122.339914],
"9027 16th av sw":[47.5220613,-122.3554913],
"907 pine st":[47.6134408,-122.3316362]
}