{
"101 16th av":[47.6016977,-122.311584],
"1114 nw 59th st":[47.671852,-122.371394],
"120 stewart st":[47.6104243,-122.3411743],
"1318 n 78th st":[47.685713,-122.340969],
"1468 21st av":[47.614965,-122.304499],
"1500 airport way s":[47.5893258,-122.3217872],
"1600 ne 137th st":[47.728706,-122.310969],
"16th av s \/ beacon av s":[47.579111,-122.312045],
"1705 ne columbia rd":[47.6486933,-122.3076267],
"21st av sw \/ sw roxbury st":[47.5173633,-122.3605316],
"2400 30th av w":[47.6396415,-122.3956148],
"2409 n 45th st":[47.6611425,-122.3294121],
"2541 29th av s":[47.5801919,-122.2951884],
"25th av s \/ cheasty blvd s":[47.5660932,-122.2997667],
"2619 ne village ln":[47.663254,-122.2993366],
"2700 nw 88th st":[47.6928932,-122.3910953],
"3122 sw raymond st":[47.5483221,-122.3731003],
"3801 47th av sw":[47.570078,-122.392506],
"4008 55th av ne":[47.657707,-122.269243],
"4232 ne 74th st":[47.6824883,-122.2822246],
"5241 12th av ne":[47.6676092,-122.3155335],
"5545 s holly st":[47.541756,-122.262647],
"6202 51st av ne":[47.673907,-122.272448],
"711 n 100th st":[47.7012622,-122.3494529],
"7507 1st av nw":[47.6835882,-122.358183],
"e yesler way \/ 14th av":[47.6016889,-122.3141511],
"sw charlestown st \/ beach dr sw":[47.5701334,-122.4100977]
}