{
"10203 40th av sw":[47.511905,-122.383386],
"10800 roosevelt way ne":[47.707934,-122.317249],
"110 ne 62nd st":[47.6738051,-122.3276252],
"1400 minor av":[47.6130129,-122.3269051],
"1916 nw 80th st":[47.6869962,-122.3818575],
"2515 boylston av e":[47.6426149,-122.3245212],
"2615 nw 58th st":[47.670625,-122.390682],
"3039 sw avalon way":[47.565795,-122.371493],
"313 n 143rd st":[47.732099,-122.354749],
"321 nw 75th st":[47.683052,-122.361688],
"4024 s willow st":[47.5408494,-122.2814867],
"4113 39th av s":[47.5657425,-122.2842203],
"4230 2nd av ne":[47.6586835,-122.3270363],
"4412 ne 74th st":[47.682494,-122.280247],
"4902 s rose st":[47.529293,-122.271488],
"5015 s barton pl":[47.5204141,-122.270887],
"5142 48th av ne":[47.6672318,-122.275794],
"5215 19th av ne":[47.6669154,-122.3074798],
"5234 university way ne":[47.6674825,-122.3127704],
"5320 sw manning st":[47.572032,-122.401086],
"5409 s fletcher st":[47.5187529,-122.264633],
"5622 keystone pl n":[47.669408,-122.333044],
"6051 39th av sw":[47.5469035,-122.382219],
"6833 26th av ne":[47.678569,-122.299902],
"7157 30th av sw":[47.537508,-122.371574],
"821 34th av e":[47.626851,-122.288592],
"831 seattle blvd s":[47.595419,-122.3271269],
"8706 hamlet av s":[47.5257739,-122.2660302],
"901 32nd av e":[47.6272637,-122.2910757],
"m l king jr way s \/ s irving st":[47.5912801,-122.2974983],
"s genesee st \/ rainier av s":[47.5640881,-122.2881712]
}