{
"1000 - 1098 s snoqualmie st":[47.561687,-122.320299],
"101 ne 145th st":[47.7340767,-122.3287566],
"11229 59th av s":[47.499317,-122.259975],
"1416 nw 46th st":[47.66243,-122.37558],
"1530 15th av":[47.6148341,-122.3125266],
"1927 1st av":[47.6107273,-122.3424513],
"2026 nw 58th st":[47.671135,-122.383291],
"2635 46th av sw":[47.5801327,-122.3910557],
"29th av s \/ s brighton st":[47.5415103,-122.2958306],
"3256 conkling pl w":[47.649485,-122.369147],
"32nd av sw \/ sw 104th st":[47.5100094,-122.3733272],
"333 19th av e":[47.6217843,-122.3077014],
"3409 woodland park av n":[47.6491892,-122.3444328],
"4842 fauntleroy way sw":[47.557991,-122.381054],
"5056 sand point way ne":[47.6663681,-122.2811936],
"5077 mithun pl ne":[47.6676132,-122.280868],
"530 summit av e":[47.6241281,-122.3250827],
"5713 latona av ne":[47.670591,-122.325869],
"6519 49th av sw":[47.544447,-122.395785],
"718 24th av s":[47.596196,-122.300818],
"8917 roosevelt way ne":[47.6936207,-122.3178863],
"922 e denny way":[47.618954,-122.319761],
"dexter av n \/ newton st":[47.6366276,-122.3427764],
"s findlay st \/ utah av s":[47.5526976,-122.3351598]
}