{
"10532 1st av nw":[47.706048,-122.357743],
"10723 14th av ne":[47.7074972,-122.3141269],
"1121 33 av":[47.6122753,-122.2909068],
"1124 eastlake av e":[47.6294031,-122.3285152],
"1405 s forest st":[47.577556,-122.31429],
"14354 lenora pl n":[47.7338437,-122.3432342],
"1510 pike pl":[47.6088672,-122.3407985],
"1526 1st av":[47.6096411,-122.3404798],
"1902 31st av s":[47.586093,-122.292665],
"2315 boyer av e":[47.6397999,-122.3116779],
"2316 n 62nd st":[47.6738803,-122.3301075],
"2323 eyres pl w":[47.6392495,-122.4053949],
"2600 e madison st":[47.6220248,-122.2983257],
"3030 s genesee st":[47.5639484,-122.2949157],
"3310 w government way":[47.65987,-122.4000762],
"3608 1st av nw":[47.653311,-122.357328],
"3621 44th av sw":[47.571352,-122.388504],
"400 ne northgate way":[47.7085419,-122.3237298],
"4111 baker av nw":[47.6566768,-122.3594376],
"4125 sw monroe st":[47.531251,-122.38582],
"4140 3rd av nw":[47.6574918,-122.3604989],
"4417 sw dawson st":[47.556453,-122.3891575],
"4604 s austin st":[47.534917,-122.275041],
"4909 12th av s":[47.5583334,-122.3174144],
"5600 ne 55th st":[47.668705,-122.266066],
"6th av nw \/ nw 122nd st":[47.7178398,-122.3636106],
"708 1st av":[47.6029348,-122.334592],
"7205 s 115th st":[47.499435,-122.243544],
"800 nw 60th st":[47.6725555,-122.3664388],
"8244 39th av ne":[47.6897049,-122.2861],
"8403 31st av ne":[47.689644,-122.295349],
"8742 3rd av nw":[47.693696,-122.360305],
"9018 17th av sw":[47.522155,-122.356079],
"956 10th av e":[47.6284678,-122.3199215],
"9th av sw \/ sw trenton st":[47.5246375,-122.3467288],
"aurora av sb on rp n":[47.6620751,-122.3475176],
"nw 85th st \/ 17th av nw":[47.6905997,-122.378961],
"valley st \/ yale av n":[47.6259803,-122.3308446]
}