{
"1014 ne 103rd st":[47.703352,-122.317034],
"108 s washington st":[47.6010325,-122.333757],
"1100 pike st":[47.6136868,-122.328896],
"132 n 80th st":[47.687153,-122.356442],
"1610 6th av":[47.6123904,-122.3355826],
"16th av sw \/ sw dawson st":[47.5561054,-122.3551247],
"1825 18th av":[47.6183512,-122.3088458],
"2124 sw trenton st":[47.5247054,-122.3615849],
"2565 22nd av e":[47.642962,-122.3040186],
"2720 nw esplanade":[47.700789,-122.393058],
"2800 s orcas st":[47.5509077,-122.2969032],
"325 broadway e":[47.6218298,-122.3213324],
"3403 nw market st":[47.668428,-122.401324],
"3607 33rd av sw":[47.571696,-122.375371],
"3827 s mead st":[47.550288,-122.2836673],
"4120 ne 115th st":[47.7124826,-122.2822224],
"4241 s thistle st":[47.5276758,-122.2791371],
"4348 9th av ne":[47.6609604,-122.3185603],
"4849 21st av sw":[47.5575216,-122.3603787],
"5004 9th av nw":[47.6652653,-122.3683948],
"5214 38th av ne":[47.6671671,-122.2865652],
"5225 11th av ne":[47.6672056,-122.3165321],
"6030 18th av sw":[47.547302,-122.356521],
"6111 24th av nw":[47.6735687,-122.3879499],
"714 n 74th st":[47.682775,-122.349229],
"7731 38th av sw":[47.5325429,-122.381026],
"9051 3rd av s":[47.5213139,-122.330955],
"9128 48th av s":[47.5215239,-122.2725864],
"919 17th av e":[47.6274444,-122.3102856],
"933 nw 125th st":[47.719397,-122.369188],
"boylston av e \/ e prospect st":[47.628667,-122.323518],
"east marginal way s \/ alaskan way s":[47.587366,-122.3394774],
"wb i90 at island crest":[47.5868198,-122.2296104]
}