{
"1123 post av":[47.6056943,-122.338096],
"115 stewart st":[47.6104126,-122.3411397],
"11533 12th av ne":[47.713158,-122.315529],
"12050 15th av ne":[47.7172699,-122.3122123],
"17th av nw \/ nw ione pl":[47.6667176,-122.3788832],
"210 3rd av s":[47.6005054,-122.3299473],
"2152 n 112th st":[47.709915,-122.331706],
"2218 n 60th st":[47.6725179,-122.331437],
"2323 n 122nd st":[47.716753,-122.329867],
"2632 29th av w":[47.644196,-122.393867],
"35th av ne \/ ne 100th st":[47.7011266,-122.2906744],
"4002 ne 75th st":[47.6832138,-122.284863],
"4027 woodlawn av n":[47.656464,-122.339],
"404 w halladay st":[47.6421705,-122.3625847],
"4315 sw holly st":[47.542871,-122.38796],
"4830 s austin st":[47.534912,-122.27132],
"503 e thomas st":[47.6206689,-122.3249308],
"536 32nd av s":[47.596793,-122.291092],
"5500 17th av nw":[47.6686713,-122.3788861],
"5563 s holly st":[47.541723,-122.261817],
"5717 46th av s":[47.550626,-122.275706],
"5908 32nd av s":[47.549453,-122.291261],
"5915 wilson av s":[47.549301,-122.2642535],
"6700 beacon av s":[47.5426682,-122.2991744],
"724 n 72nd st":[47.681268,-122.3487641],
"7510 14th av sw":[47.5350743,-122.3527463],
"826 hiawatha pl s":[47.5951064,-122.3096182],
"8341 14th av nw":[47.6899807,-122.3746376],
"8909 8th av ne":[47.693422,-122.320628],
"925 s king st":[47.5981359,-122.3198913],
"n 84th st \/ aurora av n":[47.6898323,-122.3444241],
"ne 75th st \/ 37th av ne":[47.6830483,-122.2883658],
"nw 100th st \/ 14th av nw":[47.7015416,-122.374093],
"nw 60th st \/ 22nd av nw":[47.672375,-122.3847445],
"nw 85th st \/ dibble av nw":[47.6906421,-122.3672429],
"sw cloverdale st \/ 16th av sw":[47.526505,-122.3550667]
}