{
"10262 36th av sw":[47.510122,-122.376675],
"1100 eastlake av e":[47.6289654,-122.3290676],
"11338 corliss av n":[47.7115914,-122.3313547],
"11708 stendall dr n":[47.714298,-122.341542],
"119 30th av e":[47.619456,-122.293872],
"13203 2nd av nw":[47.7252661,-122.3599259],
"14045 3rd av nw":[47.731786,-122.361319],
"14th av ne \/ ne 107th st":[47.7067209,-122.3137949],
"1537 11th av w":[47.6334212,-122.3720361],
"200 2nd av n":[47.6194345,-122.3513676],
"2218 nob hill av n":[47.6388303,-122.3504069],
"2323 franklin av e":[47.6404702,-122.3249039],
"233 s holden st":[47.5338327,-122.3300235],
"2350 n 62nd st":[47.6738632,-122.3286654],
"2414 beacon av s":[47.5816275,-122.3141319],
"2422 federal av e":[47.642095,-122.318673],
"2446 s warsaw st":[47.5437502,-122.3004393],
"2449 34th av w":[47.641017,-122.401434],
"2522 beacon av s":[47.5804466,-122.312891],
"2607 4th av w":[47.643496,-122.362619],
"2801 42nd av w":[47.6451939,-122.41122],
"2809 26th av s":[47.5781306,-122.2992969],
"2849 36th av w":[47.6465165,-122.403927],
"3025 ne 137th st":[47.727426,-122.29536],
"3225 ne 92nd st":[47.695386,-122.2921],
"3226 60th av sw":[47.575016,-122.409095],
"3428 25th av s":[47.572182,-122.300263],
"358 crockett st":[47.6375662,-122.3501312],
"3823 41st av sw":[47.56942,-122.384524],
"417 n bowdoin pl":[47.6544902,-122.3536086],
"4714 s victor st":[47.5103992,-122.2735068],
"4903 48th av s":[47.5580383,-122.2735167],
"504 ne 86th st":[47.6914439,-122.3226809],
"5139 s augusta st":[47.499708,-122.2691158],
"527 ne 91st st":[47.69479,-122.321879],
"5623 airport way s":[47.5515244,-122.3195304],
"6404 57th av ne":[47.6751344,-122.2677084],
"6432 31st av sw":[47.5449795,-122.3709462],
"6500 11th av nw":[47.676008,-122.3708449],
"6525 46th av ne":[47.6766537,-122.2792189],
"6547 54th av s":[47.5429754,-122.2658228],
"6554 31st av ne":[47.6774289,-122.29376],
"705 ne 50th st":[47.6648075,-122.3203666],
"7251 46th av s":[47.537474,-122.27572],
"7411 se 71st st":[47.5413365,-122.2396877],
"80 battery st":[47.6137801,-122.3483788],
"9223 8th av s":[47.520016,-122.323831],
"925 nw 106th st":[47.7058125,-122.3692781],
"938 nw 61st st":[47.673309,-122.370546],
"9600 lake city way ne":[47.6985524,-122.3048013],
"9th av nw \/ nw 46th st":[47.6621954,-122.3686096]
}