{
"10403 cornell av s":[47.5096143,-122.245604],
"1100 - 2449 arboretum dr e":[47.640302,-122.2946],
"1142 n 77th st":[47.68498,-122.342571],
"1608 nw 65th st":[47.676228,-122.378257],
"20th av s \/ s bennett dr":[47.5538764,-122.3073246],
"2123 1st av":[47.6121544,-122.3451111],
"2221 1st av w":[47.63905,-122.358653],
"2234 2nd av":[47.6141225,-122.3452153],
"2328 s spokane st":[47.572175,-122.302108],
"2415 9th av w":[47.6400663,-122.3692879],
"2575 s graham st":[47.5461123,-122.2972558],
"2918 s frontenac st":[47.5401661,-122.2951764],
"3310 40th av w":[47.6497727,-122.4075634],
"3914 14th av s":[47.5684594,-122.3146971],
"4004 ne belvoir pl":[47.658171,-122.284794],
"4205 e mcgilvra st":[47.6406896,-122.2777202],
"4232 s frontenac st":[47.540026,-122.279301],
"4435 baker av nw":[47.661228,-122.359921],
"533 1st av w":[47.6243143,-122.3582457],
"6711 21st av sw":[47.5422686,-122.3595831],
"7329 27th av nw":[47.682208,-122.391168],
"777 thomas st":[47.6207182,-122.3414466],
"8528 dibble av nw":[47.69133,-122.366905],
"8815 34th av sw":[47.524175,-122.375678],
"9026 31st av nw":[47.694994,-122.396581],
"east green lake dr n \/ corliss av n":[47.6827174,-122.3303925],
"mary av nw \/ nw 70th st":[47.6795388,-122.375716],
"n 37th st \/ n pacific st":[47.6519506,-122.3297218]
}