{
"1520 36th av s":[47.5881483,-122.2864928],
"1808 ne ravenna blvd":[47.670731,-122.308033],
"1825 e yesler way":[47.6016694,-122.3085238],
"2026 14th av s":[47.584696,-122.314308],
"205 40th av e":[47.6206744,-122.2817691],
"212320 roosevelt turn rd ne":[47.7103258,-122.3177156],
"2411 w halladay st":[47.642105,-122.388243],
"2619 mount st helens pl s":[47.5798315,-122.2871883],
"2700 beacon av s":[47.5790228,-122.3119853],
"3109 s lane st":[47.596436,-122.292158],
"3210 26th av w":[47.648887,-122.389411],
"3505 w government way":[47.6581485,-122.4027579],
"40th av sw \/ fauntleroy way sw":[47.5462032,-122.3833803],
"4119 4th av s":[47.5666232,-122.3300773],
"4209 ne 135th st":[47.726175,-122.281498],
"4250 24th av w":[47.659214,-122.387067],
"4312 montlake blvd ne":[47.658631,-122.3011882],
"4673 eastern av n":[47.664739,-122.329402],
"4916 woodlawn av n":[47.664847,-122.3389065],
"5117 5th av ne":[47.666266,-122.323163],
"5211 11th av ne":[47.6667914,-122.3166315],
"5533 s orcas st":[47.550833,-122.263276],
"6045 ann arbor av ne":[47.6745329,-122.276436],
"7534 19th av nw":[47.6842476,-122.3808109],
"7555 east marginal way s":[47.535015,-122.3144615],
"8836 38th av sw":[47.523597,-122.380336],
"8th av nw \/ nw 90th st":[47.6942684,-122.3660038]
}