{
"1 av\/ wall st":[47.6146977,-122.348742],
"10754 marine view dr sw":[47.506783,-122.382988],
"11546 19th av ne":[47.713441,-122.308066],
"12033 12th av ne":[47.7167829,-122.3156568],
"1212 e shelby st":[47.6469191,-122.316721],
"12311 35th av ne":[47.7177357,-122.2913414],
"13548 corliss av n":[47.72831,-122.331178],
"1515 18th av":[47.6146018,-122.3091223],
"1617 grand av":[47.615802,-122.284963],
"1735 ne 106th st":[47.70564,-122.308345],
"1912 n 49th st":[47.66451,-122.334501],
"1918 pike pl":[47.6102544,-122.3427137],
"2216 prescott av sw":[47.5831176,-122.3782131],
"230 broadway   e":[47.6208033,-122.3206008],
"2516 ne 106th pl":[47.705901,-122.300722],
"2855 s portland st":[47.532876,-122.293664],
"301 16th av":[47.604523,-122.3118335],
"3018 s graham st":[47.5463636,-122.292828],
"3203 alamo pl s":[47.5740425,-122.3095679],
"3926 s warsaw st":[47.543356,-122.282062],
"4525 thackeray pl ne":[47.662103,-122.326498],
"4817 s othello st":[47.536718,-122.271794],
"5001 38th av sw":[47.5573971,-122.3806188],
"5132 48th av ne":[47.6669807,-122.2757067],
"5317 s budd ct":[47.5296703,-122.2654259],
"5637 11th av ne":[47.6705584,-122.3166072],
"6106 21st av ne":[47.6729543,-122.3051893],
"7149 m l king jr way s":[47.5376174,-122.2817773],
"7508 fairway dr ne":[47.683714,-122.275729],
"80 s jackson st":[47.5993681,-122.3346989],
"8557 ashworth av n":[47.69217,-122.339499],
"8847 10th av sw":[47.523264,-122.348368],
"9761 beacon av s":[47.513941,-122.274654],
"9837 renton av s":[47.5125699,-122.263947],
"9892 40th av s":[47.5102071,-122.2818484],
"garfield st \/ dexter av n":[47.6329914,-122.3422742]
}