{
"109 w bertona st":[47.6501863,-122.3595366],
"1200 ne 47th st":[47.6631261,-122.3152556],
"1215 s lucile st":[47.5533155,-122.3165624],
"12351 40th av ne":[47.718868,-122.285666],
"130 western av w":[47.6194533,-122.3584801],
"13700 20th av ne":[47.7284345,-122.3072786],
"1407 5th av":[47.6098505,-122.3352307],
"1516 thorndyke av w":[47.63291,-122.391477],
"1545 ne 65th st":[47.6756691,-122.3111367],
"1700 14th av s":[47.5883201,-122.3148447],
"1954 e blaine st":[47.637951,-122.30505],
"2307 e denny way":[47.618729,-122.302053],
"2348 48th av sw":[47.581918,-122.392522],
"2402 sw edmunds st":[47.5592919,-122.3630266],
"2800 22nd av s":[47.5782124,-122.3040313],
"2nd av n & thomas st":[47.620932,-122.3528534],
"3414 15th av s":[47.572582,-122.313116],
"4027 49th av s":[47.566806,-122.272387],
"4263 woodland park av n":[47.6591319,-122.3449081],
"511 12th av e":[47.623487,-122.3170294],
"521 35th av s":[47.597258,-122.2881082],
"5301 shilshole av nw":[47.6658354,-122.3843093],
"6502 21st av sw":[47.54467,-122.359278],
"7135 sportsfield dr ne":[47.6804112,-122.260919],
"810 23rd av":[47.609395,-122.302405],
"825 nw 62nd st":[47.6738005,-122.3672526],
"847 ne 78th st":[47.6850805,-122.3181631],
"877 nw 90th st":[47.694068,-122.368126],
"901 pine st":[47.613296,-122.33139],
"914 n 104th st":[47.7043575,-122.3466798],
"9234 9th av nw":[47.697047,-122.368324],
"9238 4th av nw":[47.697167,-122.361656],
"9448 15th av sw":[47.517814,-122.353542],
"fremont av n \/ n 72nd st":[47.6810543,-122.3498738],
"ne 86th st \/ lake city way ne":[47.6912175,-122.3068837],
"sw morgan st \/ california av sw":[47.544872,-122.3872148]
}