{
"1003 ne boat st":[47.6534161,-122.3178767],
"1101 e terrace st":[47.605023,-122.317736],
"121 1st av s":[47.6010178,-122.3344053],
"1238 s trenton st":[47.5249422,-122.3159125],
"12421 23rd av ne":[47.7189726,-122.3048194],
"12505 4th av nw":[47.7198695,-122.3625581],
"1513 31st av s":[47.5893457,-122.2925522],
"1636 n 53rd st":[47.667433,-122.336812],
"1761 20th av s":[47.587328,-122.306572],
"17th av nw \/ nw 100th st":[47.7015894,-122.3784838],
"260 dorffel dr e":[47.621044,-122.284509],
"2626 nw 56th st":[47.6696723,-122.3914267],
"2809 29th av w":[47.644906,-122.394647],
"2811 43rd av w":[47.6454711,-122.4123323],
"3032 31st av w":[47.6477738,-122.3965944],
"3608 56th av sw":[47.5718849,-122.4035261],
"415 e roy st":[47.6250199,-122.3258742],
"4327 university way ne":[47.6605376,-122.3132077],
"5003 2nd av nw":[47.665216,-122.359028],
"5040 26th av sw":[47.556244,-122.365187],
"5302 8th av nw":[47.6674238,-122.3659031],
"5310 17th av s":[47.554381,-122.310714],
"5488 8th av nw":[47.6685857,-122.3661336],
"7118 28th av sw":[47.538593,-122.3688466],
"7221 38th av s":[47.5377539,-122.2846834],
"724 33rd av":[47.6087307,-122.2901605],
"7503 aurora av n":[47.6834309,-122.3447996],
"815 ne 57th st":[47.6698711,-122.3193662],
"910 e john st":[47.6199248,-122.3202341],
"9209 11th av nw":[47.696392,-122.370461],
"boren av \/ columbia st":[47.6079154,-122.323848],
"carlyle hall rd n \/ greenwood av n":[47.7505005,-122.3563136],
"dexter av n \/ valley st":[47.6262545,-122.342349],
"e cherry st \/ 21st av":[47.6080187,-122.3050316],
"n 103rd st \/ midvale av n":[47.7032498,-122.3432745],
"woodlawn av n \/ kirkwood pl n":[47.6730422,-122.3350266]
}