{
"1010 s trenton st":[47.525,-122.319444],
"11715 23rd av ne":[47.714403,-122.304861],
"118 22nd av":[47.602282,-122.3037167],
"12732 phinney av n":[47.722398,-122.353804],
"1501 3rd av":[47.6099735,-122.3377139],
"1816 ne 68th st":[47.677835,-122.307946],
"2116 n 50th st":[47.665253,-122.332906],
"2131 nw 86th st":[47.6908686,-122.3845687],
"2210 franklin av e":[47.6385823,-122.324336],
"2504 ne 134th st":[47.725677,-122.301636],
"2916 s nevada st":[47.564336,-122.2961796],
"3000 nw 54th st":[47.6677544,-122.3963834],
"3006 nw market st":[47.6691155,-122.3956423],
"31st av \/ e cherry st":[47.6079783,-122.2925576],
"3215 27th av w":[47.6491604,-122.3918395],
"3234 s hudson st":[47.557287,-122.289941],
"336 ne 56th st":[47.669555,-122.323836],
"36 s hudson st":[47.5578266,-122.3371754],
"3847 26th av w":[47.655453,-122.390255],
"4117 sw 102nd st":[47.5119583,-122.3853506],
"4119 sunnyside av n":[47.6572803,-122.3305472],
"4132 burke av n":[47.657829,-122.334705],
"4132 renton av s":[47.565204,-122.292203],
"4202 11th av ne":[47.6586006,-122.3166605],
"4540 sand point way ne":[47.6617572,-122.2855911],
"4701 roosevelt way ne":[47.6633514,-122.3176407],
"4802 ne 39th st":[47.6570282,-122.2763469],
"5026 ne 41st st":[47.658231,-122.272736],
"517 n 97th st":[47.6994997,-122.3518406],
"6826 36th av nw":[47.678593,-122.4034925],
"7724 28th av nw":[47.6856619,-122.3926814],
"8252 perimeter rd s":[47.5294608,-122.296146],
"911 n 50th st":[47.6647869,-122.346686],
"boylston av e \/ e aloha st":[47.6268662,-122.3235437],
"brooklyn av ne \/ ne 65th st":[47.6758035,-122.314347],
"sw thistle st \/ 30th av sw":[47.5282762,-122.3712448],
"w nickerson st \/ 16th av w":[47.6551296,-122.3780881]
}