{
"1112 nw ballard way":[47.6630604,-122.3714125],
"11209 3rd av ne":[47.7101953,-122.3260386],
"1201 ne 124th st":[47.7182828,-122.3152356],
"12038 evanston av n":[47.71716,-122.3512],
"12th av ne \/ ne 56th st":[47.669435,-122.3151918],
"132 nw 84th st":[47.6900456,-122.3594767],
"13233 linden av n":[47.7248328,-122.347996],
"1325 6th av - washington athletic club":[47.6095606,-122.3335479],
"2011 11th av e":[47.6376,-122.318294],
"2043 26th av e":[47.639145,-122.29973],
"20th av sw \/ sw trenton st":[47.5246983,-122.3591108],
"2450 3rd av w":[47.641041,-122.3605988],
"345 nw 88th st":[47.6925809,-122.3623182],
"3619 ne 75th st":[47.6828803,-122.2884614],
"3836 letitia av s":[47.5687999,-122.2907278],
"4131 chilberg av sw":[47.5667003,-122.4081812],
"4544 2nd av ne":[47.662653,-122.326904],
"4712 delridge way sw":[47.560615,-122.362475],
"5100 ne latimer pl":[47.6577871,-122.2721654],
"57th av sw \/ alki av sw":[47.5812206,-122.4052521],
"5810 7th av nw":[47.67132,-122.364755],
"5914 51st pl s":[47.549295,-122.26723],
"5965 4th av s":[47.5486644,-122.3296029],
"7003 54th av ne":[47.679561,-122.269857],
"8004 36th av ne":[47.6868871,-122.2893109],
"848 ne 92nd st":[47.6960046,-122.3181871],
"928 29th av s":[47.593608,-122.295132],
"fremont av n \/ n 46th st":[47.662142,-122.350044],
"s dearborn st \/ 20th av s":[47.595907,-122.306187]
}