{
"1221 s king st":[47.5980748,-122.3163544],
"13558 northshire rd nw":[47.7284818,-122.3621911],
"1417 bellevue av":[47.6130213,-122.3268325],
"1802 mcgilvra blvd e":[47.6347211,-122.2806981],
"2159 ne pacific st":[47.6485537,-122.3052636],
"2303 33rd av s":[47.582354,-122.291198],
"2544 13th av w":[47.6420431,-122.3733564],
"2707 18th av s":[47.579313,-122.309711],
"2800 ne 125th st":[47.7195131,-122.2969764],
"2917 s snoqualmie st":[47.561223,-122.294853],
"321 n 75th st":[47.6830736,-122.3543],
"3900 39th av sw":[47.5691879,-122.381061],
"400 ne 45th st":[47.6616926,-122.3234523],
"4000 sw findlay st":[47.5522769,-122.383181],
"408 8th av n":[47.622385,-122.340688],
"4131 corliss av n":[47.657651,-122.331774],
"4217 sw alaska st":[47.5610566,-122.385895],
"4724 9th av ne":[47.663892,-122.318086],
"5055 49th av sw":[47.555933,-122.395338],
"5221 fauntleroy way sw":[47.5549769,-122.3819834],
"5744 ne 61st st":[47.673044,-122.264192],
"6016 43rd av ne":[47.672716,-122.281791],
"6850 35th av ne":[47.6792223,-122.2900903],
"7544 12th av ne":[47.684325,-122.314843],
"7753 20th av sw":[47.5321799,-122.359475],
"8851 28th av sw":[47.523191,-122.369057],
"9261 47th av sw":[47.5199404,-122.3930688],
"930 m l king jr way s":[47.5937119,-122.297446],
"9923 beacon av s":[47.511718,-122.272973],
"e highland dr \/ 15th av e":[47.6322348,-122.3125093],
"ne 45th st \/ 1st av ne":[47.6613592,-122.3282679],
"nw 58th st \/ nw 57th st":[47.67043,-122.3990589]
}