{
"10016 17th av ne":[47.701789,-122.3093959],
"11751 corliss av n":[47.71558,-122.331873],
"12227 dayton av n":[47.718618,-122.353306],
"129 n 81st st":[47.687449,-122.356604],
"1370 alki av sw":[47.591236,-122.391778],
"1405 dexter av n":[47.6317505,-122.342699],
"14317 25th av ne":[47.7326059,-122.302267],
"14363 30th av ne":[47.7331691,-122.2969465],
"14381 30th av ne":[47.73353,-122.2965257],
"18th av e \/ e roy st":[47.6252419,-122.3086585],
"21 w raye st":[47.643031,-122.357846],
"2124 4th av":[47.6146615,-122.3424565],
"21st av ne \/ ne 47th st":[47.6630623,-122.3054501],
"232 13th av e":[47.6209652,-122.3153179],
"2342 n 135th st":[47.727057,-122.329595],
"2416 sw holden st":[47.534251,-122.36409],
"2437 28th av w":[47.640688,-122.393371],
"2509 ne 125th st":[47.718993,-122.301131],
"2528 m l king jr way s":[47.5809972,-122.2967918],
"303 s holgate st":[47.5860669,-122.3300206],
"323 33rd av e":[47.622139,-122.290304],
"35th av ne \/ ne 110th st":[47.7083721,-122.2907693],
"3809 e olive st":[47.6163235,-122.2848384],
"4206 sw 104th st":[47.5102837,-122.3861551],
"4406 greenwood av n":[47.6604558,-122.3551709],
"4850 s spencer st":[47.547961,-122.270568],
"504 s concord st":[47.523925,-122.3279661],
"5520 s orcas st":[47.551358,-122.263783],
"5601 57th av ne":[47.669299,-122.267282],
"6034 7th av nw":[47.673435,-122.364739],
"6419 29th av sw":[47.5452601,-122.3696991],
"652 nw 77th st":[47.684927,-122.3656772],
"6522 37th av sw":[47.544025,-122.378775],
"7422 4th av ne":[47.6822344,-122.3251507],
"7727 34th av sw":[47.5328927,-122.3755435],
"8408 35th av sw":[47.527948,-122.376214],
"9411 35th av sw":[47.5188821,-122.3772353],
"9818 beacon av s":[47.5130619,-122.272894],
"n 61st st \/ aurora av n":[47.6731498,-122.3473209],
"ne 51st st \/ 1st av ne":[47.6657429,-122.3282949]
}