{
"0 - 0 nb sr99 at safeco":[47.597766,-122.335465],
"1000 e pine st":[47.617012,-122.319134],
"1211 n 41st st":[47.6566421,-122.3434244],
"1225 e marion st":[47.6102121,-122.3156629],
"1607 6th av w":[47.6338729,-122.3654457],
"1607 e jefferson st":[47.605934,-122.311148],
"1610 n 41st st":[47.6575472,-122.3380355],
"1626 2nd av w":[47.634355,-122.359264],
"2019 nw market st":[47.6685467,-122.3833539],
"203 ne 47th st":[47.662943,-122.326974],
"2159 e shelby st":[47.64619,-122.301861],
"2222 nob hill av n":[47.6389537,-122.3504291],
"2301 22nd av s":[47.5828,-122.304637],
"2418 n 40th st":[47.6556962,-122.329409],
"303 ne 103rd st":[47.7031428,-122.327083],
"33rd av s \/ renton av s":[47.5615356,-122.2909925],
"351 n 73rd st":[47.6815887,-122.3531437],
"3822 woodland park av n":[47.653457,-122.3439579],
"421 w galer st":[47.6321343,-122.3628583],
"4524 sw othello st":[47.538221,-122.390954],
"500 battery st":[47.616849,-122.3443514],
"5240 16th av sw":[47.555031,-122.354213],
"5426 33rd av s":[47.552651,-122.290117],
"5436 41st av sw":[47.552766,-122.383885],
"5510 east marginal way s":[47.5533202,-122.3368748],
"6057 4th av ne":[47.673908,-122.32474],
"612 nw 51st st":[47.665949,-122.36392],
"700 nw 85th st":[47.6906501,-122.3659691],
"7026 21st av ne":[47.6802499,-122.304912],
"7316 47th av sw":[47.537466,-122.3926266],
"8455 5th av sw":[47.5266136,-122.341931],
"8508 nesbit av n":[47.690842,-122.3432321],
"902 nw 56th st":[47.6696616,-122.3688673],
"907 n 135th st":[47.7266348,-122.3473607],
"987 21st av":[47.6124859,-122.305263],
"sw bataan st \/ 29th av sw":[47.5458531,-122.3696227],
"warren av n \/ newton st":[47.6365692,-122.3543786]
}