{
"10723 63rd av s":[47.504073,-122.254009],
"1118 18th av":[47.6122,-122.308479],
"1611 2nd av n":[47.633587,-122.353575],
"1621 e denny way":[47.6185131,-122.3106547],
"2022 s main st":[47.600249,-122.305295],
"2335 n 51st st":[47.665515,-122.329402],
"2468 s edmunds st":[47.559684,-122.301423],
"2904 e denny way":[47.6190751,-122.2944777],
"3017 e cherry st":[47.6077368,-122.2927884],
"4034 ne 110th st":[47.70854,-122.283896],
"421 18th av e":[47.6227038,-122.309097],
"4451 s camano pl":[47.527112,-122.275508],
"502 n 105th st":[47.70527,-122.352389],
"5208 55th av s":[47.554482,-122.264265],
"7012 woodlawn av ne":[47.6794401,-122.324618],
"7539 23rd av ne":[47.6842104,-122.3032371],
"7743 16th av ne":[47.6861559,-122.311385],
"8344 27th av nw":[47.6903356,-122.3905626],
"9033 35th av sw":[47.5218571,-122.3767403],
"denver av s \/ 3rd av s":[47.5586582,-122.3309144],
"dexter av n \/ hayes st":[47.6339684,-122.3422741],
"e james way \/ e cherry st":[47.608055,-122.3180728]
}