{
"1139 nw 59th st":[47.671398,-122.37241],
"1318 e remington ct":[47.6057058,-122.3145714],
"1410 n northgate way":[47.7050551,-122.340068],
"1711 taylor av n":[47.6342584,-122.3465914],
"1722 warren av n":[47.6347232,-122.3540956],
"3103 e union st":[47.6127368,-122.2923],
"3245 57th av sw":[47.574459,-122.405838],
"3rd av nw \/ nw 143rd st":[47.732344,-122.3609336],
"405 olive way":[47.6119135,-122.3377393],
"4249 90th av se":[47.56949,-122.219243],
"4407 powell pl s":[47.5643562,-122.3190931],
"5016 sw edmunds st":[47.5596065,-122.3971241],
"7th av w \/ w galer st":[47.6323431,-122.3663884],
"8007 35th av sw":[47.5308675,-122.376985],
"816 poplar pl s":[47.5952284,-122.3119338],
"9010 wallingford av n":[47.694495,-122.336085],
"9116 30th av ne":[47.6953206,-122.2956516],
"9246 36th av sw":[47.519706,-122.377782],
"e madison st \/ broadway":[47.6111433,-122.3208208],
"n 125th st \/ palatine av n":[47.7196153,-122.3568703],
"ne 114th st \/ pinehurst way ne":[47.7113986,-122.3163131]
}