{
"102 nw canal st":[47.6521509,-122.3576918],
"10219 31st av sw":[47.5114271,-122.3716985],
"10811 32nd av sw":[47.506037,-122.373802],
"126 nw 81st st":[47.687876,-122.359149],
"13735 greenwood av n":[47.7295327,-122.3555409],
"1701 4th av s":[47.5877631,-122.3295542],
"2142 47th av sw":[47.5842421,-122.3916766],
"2462 dexter av n":[47.641333,-122.344329],
"2845 21st av w":[47.6460579,-122.383725],
"3324 37th av s":[47.5730051,-122.2856739],
"3516 31st av w":[47.651936,-122.396512],
"3608 36th av s":[47.5712009,-122.2882553],
"3631 winslow pl n":[47.6516338,-122.3466009],
"3804 e crockett st":[47.6375833,-122.2837525],
"3804 e pike st":[47.6135881,-122.2846184],
"4051 george washington ln ne":[47.6565191,-122.3116961],
"5217 44th av sw":[47.555986,-122.388786],
"522 n 71st st":[47.6805345,-122.351565],
"539 n 73rd st":[47.6815847,-122.3509285],
"5405 california av sw":[47.5536689,-122.3873085],
"5714 8th av ne":[47.670549,-122.319784],
"5810 43rd av ne":[47.671567,-122.281804],
"6715 m l king jr way s":[47.5419452,-122.2840776],
"707 ne 60th st":[47.67199,-122.320759],
"7805 dayton av n":[47.6856974,-122.3526559],
"9400 12th av sw":[47.519011,-122.350213],
"9510 3rd av nw":[47.698178,-122.360346],
"dayton av n \/ n 50th st":[47.6650422,-122.3526999],
"leary way nw \/ nw 39th st":[47.6541453,-122.3600271]
}