{
"10533 35th av ne":[47.7055801,-122.290846],
"1315 e harrison st":[47.6218062,-122.314978],
"1323 n 79th st":[47.685995,-122.34077],
"1416 s jackson pl":[47.5988124,-122.3134511],
"15th av sw\/sw roxbury st":[47.5173863,-122.3540098],
"1842 40th av e":[47.6358942,-122.2816583],
"1910 franklin pl e":[47.6359566,-122.3242947],
"206 n 36th st":[47.6530149,-122.3561645],
"24th av \/ e yesler way":[47.6016629,-122.3010895],
"2500 20th av w":[47.6419237,-122.3819776],
"2616 nw 62nd st":[47.6740799,-122.390954],
"3105 14th av s":[47.5758043,-122.3150177],
"3245 45th av sw":[47.574439,-122.390223],
"3333 rainier av s":[47.5730926,-122.2945271],
"3406 e union st":[47.6131183,-122.2889042],
"3806 beach dr sw":[47.5697789,-122.409344],
"400 - 495 s holgate st":[47.586171,-122.32888],
"400 lake washington blvd":[47.604619,-122.2835216],
"409 8th av s":[47.59888,-122.322844],
"4123 41st av s":[47.565459,-122.282059],
"4308 sw andover st":[47.5685396,-122.3873452],
"534 ne 80th st":[47.686993,-122.321439],
"545 elliott av w":[47.6240232,-122.364942],
"6004 44th av s":[47.5479371,-122.2778372],
"6750 15th av nw":[47.6792693,-122.3764388],
"6826 31st av ne":[47.678326,-122.293787],
"745 bellevue av e":[47.626475,-122.3270058],
"8511 ashworth av n":[47.690933,-122.339505],
"8541 fremont av n":[47.6911934,-122.3499096],
"922 n 45th st":[47.6615642,-122.3462813],
"9730 ashworth av n":[47.700819,-122.339438],
"e spruce st \/ 11th av":[47.6035182,-122.3181008],
"ne 45th pl \/ union bay pl ne":[47.6612147,-122.292807],
"ne 47th st \/ 7th av ne":[47.6631516,-122.3207053],
"nw 57th st \/ 24th av nw":[47.6701822,-122.3875953],
"stone av n \/ n 77th st":[47.6847804,-122.3418014],
"sw florida st \/ 16th av sw":[47.5836,-122.3552735]
}