{
"0 sb i5 cd to dearborn":[47.595832,-122.321371],
"11309 23rd av ne":[47.710658,-122.305076],
"11336 goodwin way ne":[47.711315,-122.311808],
"11344 meridian av n":[47.711794,-122.333678],
"1205 queen anne av n":[47.629841,-122.357056],
"1207 amgen ct w":[47.6281148,-122.3752831],
"12503 9th av nw":[47.719805,-122.368146],
"1312 s hudson st":[47.557374,-122.31544],
"14036 midvale av n":[47.731565,-122.3437736],
"1410 nw 80th st":[47.6868948,-122.3746723],
"1428 n 46th st":[47.6623225,-122.3394062],
"16th av \/ e jefferson st":[47.6061893,-122.3115561],
"1713 ne 92nd st":[47.695517,-122.308856],
"1817 ne ravenna blvd":[47.670055,-122.308225],
"1936 1st av s":[47.5848967,-122.3339859],
"1940 sw dawson st":[47.556767,-122.35907],
"2020 yale av e":[47.637423,-122.326772],
"2122 ne 73rd st":[47.6813907,-122.3043409],
"2124 ne ravenna blvd":[47.669664,-122.304414],
"2420 sw holden st":[47.533874,-122.3640068],
"2608 s brandon st":[47.554076,-122.298833],
"2617 nw 57th st":[47.6699005,-122.3908851],
"4402 35th av sw":[47.5647887,-122.375946],
"4556 35th av s":[47.561186,-122.2885675],
"4761 41st av ne":[47.6647559,-122.283826],
"514 2nd av w":[47.6237954,-122.3590897],
"5517 roosevelt way ne":[47.6690513,-122.3175771],
"572 1st av s":[47.5966844,-122.3341332],
"6009 vassar av ne":[47.6730464,-122.2777668],
"7000 - 7099 rainier av s":[47.539804,-122.270942],
"734 n 94th st":[47.697323,-122.348469],
"7563 20th av sw":[47.533838,-122.359692],
"8017 22nd av nw":[47.6873928,-122.3845991],
"802 37th av":[47.609359,-122.285764],
"823 20th av s":[47.595194,-122.306536],
"8453 grattan pl s":[47.52617,-122.266672],
"8535 phinney av n":[47.6917491,-122.3542754],
"8916 3rd av nw":[47.6940938,-122.3603154],
"9221 5th av ne":[47.696638,-122.323465],
"9256 20th av nw":[47.697173,-122.381084],
"9425 7th av sw":[47.518311,-122.344536],
"nb sr99 at lander":[47.573365,-122.339114],
"nw 54th st \/ burke gilman trl":[47.6675399,-122.3983136],
"sb sr99 at yesler wy":[47.6017533,-122.3362979]
}