{
"0 sb i5 at 105":[47.703721,-122.330005],
"10726 8th av ne":[47.7067226,-122.3205098],
"11104 30th pl sw":[47.504025,-122.371109],
"11717 9th av nw":[47.7145,-122.369246],
"1537 palm av sw":[47.5894571,-122.3841036],
"1630 s lane st":[47.5968649,-122.3102185],
"1730 nw 58th st":[47.671199,-122.380387],
"1803 11th av w":[47.6348931,-122.3719429],
"1915 nw 97th st":[47.699494,-122.381398],
"2535 s brandon st":[47.55344,-122.299653],
"3220 s judkins st":[47.592466,-122.29067],
"3554 sw 100th st":[47.513999,-122.378718],
"3607 47th av ne":[47.654725,-122.277307],
"3828 35th av w":[47.654998,-122.401898],
"3904 24th av s":[47.5690784,-122.3015607],
"39th av sw \/ sw admiral way":[47.5811812,-122.3812634],
"4530 33rd av w":[47.6622213,-122.3991718],
"4704 delridge way sw":[47.560834,-122.362473],
"4951 ne laurelcrest ln":[47.653865,-122.274481],
"5150 s wildwood ln":[47.5340876,-122.2677268],
"5412 32nd av sw":[47.5533659,-122.3731269],
"5602 17th av sw":[47.551647,-122.355627],
"5637 30th av sw":[47.550844,-122.371352],
"5745 s gazelle st":[47.512112,-122.260059],
"5805 4th av nw":[47.671084,-122.3621089],
"583 battery st":[47.617034,-122.3438102],
"5929 beach dr sw":[47.549428,-122.399231],
"600 23rd av s":[47.5971683,-122.3022221],
"6515 30th av sw":[47.5439263,-122.3700616],
"716 n allen pl":[47.66098,-122.349261],
"7185 38th av s":[47.5380743,-122.2846905],
"7515 29th av nw":[47.6836095,-122.3946875],
"7519 34th av ne":[47.683657,-122.2918952],
"773 n 74th st":[47.6823579,-122.3466076],
"8007 dibble av nw":[47.687233,-122.3675428],
"809 ne 82nd st":[47.687985,-122.31976],
"8420 7th av sw":[47.5276103,-122.3439336],
"845 nw market st":[47.66839,-122.368181],
"8742 15th av nw":[47.6932858,-122.3767676],
"9003 4th av s":[47.522666,-122.329938],
"9403 8th av sw":[47.518973,-122.345823],
"john st \/ eastlake av e":[47.6196982,-122.3291154],
"n 78th st \/ dayton av n":[47.6855004,-122.3523947],
"ne pacific pl":[47.6506821,-122.3053775]
}