{
"0 sb i5 at roanoke":[47.643234,-122.323195],
"105 harvard av e":[47.6189455,-122.3223727],
"11714 palatine av n":[47.7146481,-122.3565335],
"11th av w \/ w wheeler st":[47.640742,-122.3712373],
"12252 north park av n":[47.7192916,-122.3492011],
"13th av w \/ gilman dr w":[47.6393037,-122.3736145],
"1502 5th av n":[47.632506,-122.346881],
"1859 40th av e":[47.6363281,-122.2823489],
"2210 n 60th st":[47.6724816,-122.3318101],
"2334 ne 102nd st":[47.7022481,-122.3026681],
"2905 ne 65th st":[47.6756249,-122.2961045],
"31st av \/ e spring st":[47.6116568,-122.2925937],
"3213 e howell st":[47.6175153,-122.2905671],
"367 nw 50th st":[47.6648817,-122.3635889],
"3847 38th av s":[47.568376,-122.285363],
"4200 east stevens way ne":[47.6597604,-122.3078689],
"42nd av s \/ s genesee st":[47.564117,-122.2807269],
"4718 california av sw":[47.5605044,-122.3864578],
"600 4th av w":[47.6246083,-122.3619379],
"6208 44th av s":[47.54642,-122.277829],
"6415 dayton av n":[47.6758527,-122.352629],
"806 22nd av":[47.6093234,-122.3034697],
"827 nw 97th st":[47.70014,-122.3673276],
"8th av ne \/ ne 48th st":[47.6640253,-122.3194506],
"949 n 35th st":[47.6495772,-122.3454667],
"airport way s \/ s spokane  st":[47.5713989,-122.3227464],
"brooklyn av ne \/ ne 64th st":[47.6749913,-122.31435],
"nw market st \/ 30th av nw":[47.6686378,-122.3956379],
"west seattle bridge trl \/ sw spokane st":[47.5715586,-122.3480069]
}