{
"1004 ne 126th st":[47.720405,-122.317534],
"10604 riviera pl ne":[47.705884,-122.274878],
"10712 ashworth av n":[47.707276,-122.338818],
"117 n 79th st":[47.68598,-122.357187],
"11735 12th av ne":[47.714975,-122.316251],
"12327 roosevelt way ne":[47.7185886,-122.3185682],
"12761 7th av nw":[47.7230996,-122.3653157],
"14016 20th av ne":[47.730749,-122.306874],
"1529 rainier av s":[47.5887774,-122.3064479],
"1800 m l king jr way s":[47.586762,-122.297755],
"2030 n 78th st":[47.685825,-122.334855],
"2821 29th av s":[47.5776213,-122.2953847],
"2912 w blaine st":[47.635411,-122.394877],
"3231 35th av s":[47.574234,-122.289115],
"324 ne 81st st":[47.6877166,-122.3245864],
"3rd ave ne \/ ne thornton pl":[47.7024064,-122.3258503],
"4063 george washington ln ne":[47.6563979,-122.311354],
"4100 lake washington blvd s":[47.567344,-122.2694014],
"4141 41st av sw":[47.5653317,-122.3841611],
"4216 s willow st":[47.540912,-122.280028],
"4303 meridian av n":[47.6592849,-122.334146],
"5307 28th av s":[47.554544,-122.297366],
"5904 dayton av n":[47.6719654,-122.3526661],
"5944 48th av sw":[47.548996,-122.393434],
"6053 38th av sw":[47.5468789,-122.380848],
"614 broadway  e":[47.6247222,-122.3206876],
"6261 13th av s":[47.5467167,-122.3164097],
"63rd av sw \/ beach dr sw":[47.5726444,-122.4133816],
"6526 20th av ne":[47.6766837,-122.3065705],
"6550 9th av nw":[47.6773979,-122.368391],
"8200 8th av s":[47.5298141,-122.322834],
"8219 wallingford av n":[47.689368,-122.336907],
"8818 midvale av n":[47.693028,-122.342071],
"8th av nw \/ nw 45th st":[47.661459,-122.366175],
"9451 olson pl sw":[47.5184035,-122.339644],
"9800 8th av sw":[47.5153444,-122.3446614],
"fremont av n \/ n 48th st":[47.6635882,-122.3500123],
"ne 50th st \/ 9th av ne":[47.6649458,-122.3183858],
"ne 60th st \/ 33rd av ne":[47.6721502,-122.2926191]
}