{
"1211 e boston st":[47.638038,-122.316766],
"12541 27th av ne":[47.720342,-122.299641],
"1313 3rd av":[47.6078834,-122.3361132],
"14520 phinney av n":[47.7345286,-122.3536313],
"1500 30th av":[47.6141073,-122.2937515],
"1811 3rd av n":[47.6352962,-122.3522613],
"1930 post al":[47.6107637,-122.3426832],
"1941 4th av s":[47.5848638,-122.3290809],
"2101 23rd av s":[47.5843444,-122.3033897],
"2306 2nd av n":[47.6394187,-122.3528546],
"2616 4th av":[47.6175058,-122.3475532],
"2716 broadway e":[47.6450764,-122.3204597],
"2723 sw elmgrove st":[47.5298992,-122.3682599],
"3218 10th av w":[47.649079,-122.370109],
"3325 59th av sw":[47.5745731,-122.4084594],
"3507 s morgan st":[47.543632,-122.288555],
"3508 s genesee st":[47.5643607,-122.2890091],
"3620 s holly st":[47.542975,-122.286327],
"412 n 39th st":[47.6543332,-122.3537792],
"5224 university way ne":[47.6672907,-122.3127847],
"555 s cloverdale st":[47.526281,-122.325917],
"601 roy st":[47.6253566,-122.3447549],
"6116 37th av nw":[47.673348,-122.4043341],
"627 n 64th st":[47.6751019,-122.3501698],
"8048 earl av nw":[47.6882712,-122.3916226],
"8135 1st av s":[47.529317,-122.335764],
"8444 7th av sw":[47.526941,-122.343825],
"914 6th av n":[47.6277088,-122.3449293],
"9209 35th av ne":[47.695951,-122.290901],
"9445 27th av sw":[47.5183546,-122.3673103],
"9509 42nd av ne":[47.6977044,-122.2830249],
"california av sw \/ sw southern st":[47.5302968,-122.3873742]
}