{
"10th av \/ e union st":[47.6129435,-122.3194193],
"1116 e denny way":[47.6189416,-122.3174811],
"1215 nw 85th st":[47.6904737,-122.3723728],
"12715 dayton av n":[47.721904,-122.353285],
"12th av ne \/ lake city way ne":[47.6853113,-122.3150128],
"13020 23rd av ne":[47.723612,-122.304185],
"1526 magnolia blvd w":[47.6344459,-122.400465],
"1601 13th av":[47.6155111,-122.315733],
"1815 s dearborn st":[47.5956949,-122.3081204],
"1853 16th av":[47.618237,-122.3116805],
"1935 e mcgraw st":[47.6400451,-122.3057466],
"2311 federal av e":[47.6399434,-122.3193009],
"2316 n 80th st":[47.687099,-122.330239],
"2344 n 51st st":[47.665944,-122.328509],
"23rd av \/ e howell st":[47.6176446,-122.3025775],
"2520 29th av w":[47.641792,-122.393828],
"2524 lake park dr s":[47.5807043,-122.2877698],
"2843 22nd av w":[47.6460384,-122.3849567],
"3006 e union st":[47.6129571,-122.2933473],
"3026 26th av w":[47.6476677,-122.3902902],
"3223 ne 103rd st":[47.702736,-122.293068],
"3223 nw 67th st":[47.676654,-122.399494],
"3269 mcclintock av s":[47.5741281,-122.2922896],
"3632 courtland pl s":[47.570593,-122.286894],
"4228 12th av ne":[47.659216,-122.3154945],
"5234 19th av sw":[47.5547641,-122.3579798],
"5701 24th av nw":[47.6701823,-122.3876141],
"608 w kinnear pl":[47.6284047,-122.3648192],
"7034 cleopatra pl nw":[47.6806042,-122.3652004],
"7355 50th av ne":[47.682845,-122.274719],
"7945 30th av sw":[47.530583,-122.371627],
"8154 34th av sw":[47.5284509,-122.374903],
"8801 9th av sw":[47.524399,-122.34711],
"9415 rainier av s":[47.519615,-122.264283],
"9516 6th av nw":[47.6982965,-122.3633241],
"east frontage rd s \/ s atlantic st":[47.5903126,-122.3360179],
"ne 88th st \/ roosevelt way ne":[47.6921893,-122.3176025],
"ne laurelcrest ln \/ 51st av ne":[47.6570812,-122.2725601],
"s othello st \/ 46th av s":[47.5370188,-122.2753302],
"sw 104th st \/ marine view dr sw":[47.5100664,-122.3881825]
}