{
"02":[47.5997869,-122.3319776],
"10008 35th av ne":[47.701482,-122.290336],
"11520 23rd av ne":[47.7127493,-122.3040972],
"11th av nw \/ nw 52nd st":[47.6664414,-122.3707719],
"158 nw 74th st":[47.682644,-122.360463],
"2000 occidental av s":[47.5856831,-122.3332482],
"210 nw 140th st":[47.730758,-122.360123],
"2619 s warsaw st":[47.543431,-122.298586],
"2801 28th av w":[47.644742,-122.39333],
"2816 s eddy st":[47.5454442,-122.296113],
"2830 nw 59th st":[47.6718383,-122.3942439],
"2855 sw nevada st":[47.565215,-122.370416],
"3206 e republican st":[47.623784,-122.290718],
"3638 43rd av w":[47.6539602,-122.4129708],
"3925 sw alaska st":[47.5606847,-122.3825494],
"3926 s cloverdale st":[47.526324,-122.28252],
"4429 airport way s":[47.563231,-122.3233223],
"4802 49th av sw":[47.559195,-122.394536],
"5743 29th av ne":[47.671626,-122.296603],
"62nd av s \/ s bangor st":[47.5061974,-122.2559261],
"6553 dibble av nw":[47.677572,-122.367932],
"7040 16th av sw":[47.5400149,-122.354523],
"7501 - 7501 63rd av ne":[47.683043,-122.26165],
"7717 mary av nw":[47.6856513,-122.3757529],
"7719 35th av ne":[47.6854733,-122.2908581],
"8011 16th av ne":[47.6870758,-122.3114087],
"8412 54th av s":[47.528076,-122.264635],
"911 33rd av":[47.610802,-122.290745],
"9218 15th av nw":[47.696729,-122.376396],
"9515 44th av ne":[47.6979638,-122.28168],
"lake city way ne \/ ne 89th st":[47.6930348,-122.3055102],
"summit av \/ madison st":[47.6102711,-122.3229052]
}