{
"10515 2nd av nw":[47.705579,-122.3598189],
"110 21st av e":[47.6188969,-122.304427],
"11712 roosevelt way ne":[47.714474,-122.317493],
"1307 ne 45th st":[47.6610877,-122.3138664],
"131 n 84th st":[47.689621,-122.356614],
"13341 31st av ne":[47.725998,-122.295201],
"13505 aurora av n":[47.7274641,-122.3450379],
"13706 19th av ne":[47.728858,-122.30818],
"2201 nw 64th st":[47.6751376,-122.3850785],
"2218 4th av":[47.615241,-122.343113],
"2551 10th av w":[47.642112,-122.37044],
"2752 37th av sw":[47.5777502,-122.3778224],
"2915 w mansell st":[47.65818,-122.395659],
"3115 cascadia av s":[47.5758651,-122.2842035],
"3533 nw 67th st":[47.6768078,-122.403618],
"4001 s willow st":[47.5404995,-122.2824384],
"4100 west marginal way sw":[47.5666861,-122.352287],
"4116 brooklyn av ne":[47.6574227,-122.3143889],
"4203 2nd av s":[47.5660833,-122.3320087],
"4219 43rd av s":[47.564615,-122.279892],
"4711 fauntleroy way sw":[47.5605262,-122.3814926],
"5035 28th av s":[47.5562183,-122.2971628],
"6002 24th av s":[47.548177,-122.301918],
"6531 beach dr sw":[47.5442279,-122.398889],
"6636 sw admiral way":[47.576385,-122.418309],
"7th av s \/ s myrtle st":[47.5394068,-122.3251722],
"8255 densmore av n":[47.690351,-122.338177],
"9611 51st av s":[47.516427,-122.270584],
"beach dr sw \/ sw carroll st":[47.5675203,-122.4095086],
"beacon av s \/ s hanford st":[47.5750817,-122.3092302]
}