{
"11040 8th av ne":[47.7099281,-122.3205645],
"112 n 51st st":[47.6659533,-122.3566428],
"14337 38th av ne":[47.733043,-122.287435],
"14374 30th av ne":[47.7329411,-122.2964996],
"1830 40th av e":[47.6355616,-122.281676],
"1908 8th av w":[47.6362412,-122.3671562],
"1953 10th av w":[47.637421,-122.370727],
"2229 nw 60th st":[47.6723755,-122.386101],
"2420 westlake av n":[47.640392,-122.341771],
"2611 49th av sw":[47.5808128,-122.3944964],
"2629 nw 59th st":[47.6716406,-122.3914612],
"2825 eastlake av e":[47.6463657,-122.3257463],
"3062 20th av s":[47.5752529,-122.306079],
"350 queen anne av n":[47.621874,-122.3567104],
"3614 ne 73rd pl":[47.6819522,-122.2886684],
"3rd av nw \/ nw 117th st":[47.7141787,-122.3609148],
"4126 sw portland st":[47.533139,-122.385899],
"420 n 39th st":[47.654403,-122.353423],
"4510 sw heinze way":[47.556489,-122.390829],
"4526 thackeray pl ne":[47.662154,-122.325825],
"530 12th av e":[47.62411,-122.316418],
"5507 33rd av s":[47.552212,-122.290765],
"6505 33rd av s":[47.544181,-122.290627],
"6512 31st av ne":[47.6761399,-122.2937756],
"743 boylston av e":[47.6263951,-122.3235668],
"7510 44th av ne":[47.6834252,-122.2807009],
"7742 jones av nw":[47.6862315,-122.3861647],
"7927 27th av sw":[47.5310312,-122.3675045],
"842 ne 59th st":[47.6716663,-122.3183279],
"9432 35th av sw":[47.518365,-122.3765676],
"9549 4th av nw":[47.699345,-122.36239],
"sb i5 fr eb wsea frwy":[47.571144,-122.321796]
}