{
"1000 ne 88th st":[47.6922019,-122.3175754],
"10033 61st av s - brownsville manor":[47.510771,-122.25773],
"10221 8th av ne":[47.7028181,-122.3206722],
"1044 s rose st":[47.5291828,-122.3182275],
"11025 corliss av n":[47.7095269,-122.3317444],
"1135 elliott av w":[47.6296908,-122.3724448],
"11502 greenwood av n":[47.712507,-122.355074],
"12740 33rd av ne":[47.7224719,-122.2918844],
"1816 e mcgraw st":[47.640472,-122.3081578],
"1930 9th av w":[47.6369018,-122.3686746],
"2208 16th av s":[47.583399,-122.311708],
"2531 57th av sw":[47.580221,-122.405525],
"2633 nw 58th st":[47.6706239,-122.391492],
"2701 s della st":[47.5717032,-122.2977473],
"3014 nw 68th st":[47.678235,-122.396528],
"3441 44th av sw":[47.572606,-122.388491],
"3840 west marginal way sw":[47.5689101,-122.3544434],
"4245 s bateman st":[47.546549,-122.278752],
"4748 22nd av ne":[47.664472,-122.3040378],
"4842 35th av sw":[47.557986,-122.375861],
"6042 lanham pl sw":[47.5472779,-122.3734104],
"7010 38 av ne":[47.6798054,-122.2868605],
"7464 4th av ne":[47.68294,-122.323622],
"7500 30th av sw":[47.5355176,-122.3711796],
"7619 15th av ne":[47.684505,-122.312445],
"766 30th av":[47.6089701,-122.2934475],
"8200 northrop pl sw":[47.5304773,-122.3884749],
"8621 8th av sw":[47.525813,-122.34585],
"9216 35th av ne":[47.6957669,-122.290331],
"elliott av w \/ western av w":[47.6208462,-122.3611589],
"n motor pl \/ aurora av n":[47.6586541,-122.3474272],
"nw 85th st \/ 9th av nw":[47.6906384,-122.3683018]
}