{
"10000 lake shore blvd ne":[47.701164,-122.272861],
"10036 48th av ne":[47.7022593,-122.2761811],
"1040 elliott av w":[47.6296899,-122.370696],
"1121 10th av e":[47.6293873,-122.3206086],
"11426 marine view dr sw":[47.500268,-122.378231],
"1231 nw 122nd st":[47.718161,-122.37383],
"1310 n 45th st":[47.6616878,-122.3413848],
"1317 yakima av s":[47.591566,-122.294749],
"13257 1st av nw":[47.7266962,-122.3586246],
"13545 39th av ne":[47.727777,-122.287295],
"13558 42nd pl ne":[47.7284576,-122.2830914],
"1600-1599 sw roxbury st":[47.5174373,-122.3551621],
"1746 palm av sw":[47.5868139,-122.385665],
"1814 24th av s":[47.5864302,-122.3013335],
"1st av nw \/ n 55th st":[47.6686801,-122.3570563],
"2126 n 130th st":[47.723452,-122.333052],
"213 n 57th st":[47.670165,-122.356044],
"2915 w garfield st":[47.633545,-122.39509],
"3046 60th av sw":[47.576315,-122.409049],
"3443 38th av sw":[47.5718894,-122.3806657],
"5718 55th av s":[47.550544,-122.264276],
"5719 s bangor st":[47.505759,-122.26045],
"5725 s hazel st":[47.5047121,-122.2602125],
"6440 31st av sw":[47.54478,-122.370884],
"7729 31st av nw":[47.6858294,-122.3972897],
"815 ne 96th st":[47.698321,-122.319432],
"9414 10th av sw":[47.518661,-122.347601],
"bay st \/ 1st av":[47.6184599,-122.3551168],
"elliott av w \/ w mercer pl":[47.626623,-122.3683493],
"n 80th st \/ fremont av n":[47.6869433,-122.3499213],
"nb i5 exit ramp to dearborn":[47.5958241,-122.3199424],
"ne 58th st \/ 16th av ne":[47.6715108,-122.3107673],
"sb i5 to 45":[47.662069,-122.322926]
}