{
"10550 midvale av n":[47.706486,-122.342985],
"12343 hiram pl ne":[47.71851,-122.301454],
"1426 n northgate way":[47.705252,-122.339551],
"17th av nw \/ nw ballard way":[47.6629278,-122.3789098],
"2318 n 38th st":[47.653341,-122.330641],
"2433 e lake washington blvd":[47.643851,-122.30046],
"2856 nw 96th st":[47.6991718,-122.3936636],
"316 randolph av":[47.604281,-122.285792],
"3512 sw alaska st":[47.5614123,-122.3770555],
"39th av ne \/ ne 50th st":[47.6649719,-122.2862195],
"4205 lake washington blvd s":[47.565069,-122.268611],
"4529 sand point way ne":[47.6616838,-122.2871317],
"507 n 143rd st":[47.732084,-122.352617],
"5408 keystone pl n":[47.6679396,-122.3324799],
"5640 23rd av sw":[47.550673,-122.36147],
"6010 46th av sw":[47.548167,-122.390852],
"621 12th av e":[47.6249057,-122.3170099],
"728 broadway e":[47.625859,-122.320986],
"7720 18th av sw":[47.533012,-122.35736],
"8814 14th av sw":[47.524171,-122.352471],
"9334 7th av s":[47.5194337,-122.3247047],
"9501 aurora av n":[47.6979591,-122.3448673],
"ne ravenna blvd \/ ravenna av ne":[47.6693524,-122.3039944],
"queen anne av n \/ w roy st":[47.6257106,-122.3567075],
"rainier av s \/ s weller st":[47.5974884,-122.3127636],
"s jackson st \/ 26th av s":[47.5992536,-122.2986607]
}