{
"11045 exeter av ne":[47.710554,-122.278698],
"12358 38th av ne":[47.719036,-122.286998],
"1241 20th av e":[47.631844,-122.306342],
"13761 30th av ne":[47.729674,-122.296865],
"1526 17th av s":[47.589173,-122.310524],
"1645 10th av e":[47.634368,-122.320431],
"2151 n 92nd st":[47.695633,-122.332358],
"2824 ne 117th st":[47.7140569,-122.296472],
"301 e roy st":[47.6248921,-122.3275297],
"3428 woodlawn av n":[47.648888,-122.338365],
"35th av sw \/ sw brandon st":[47.5537809,-122.3763007],
"4338 8th av ne":[47.6605652,-122.3194575],
"4903 12th av s":[47.5584879,-122.3173972],
"517 pine st":[47.6118747,-122.3356189],
"519 1st av n":[47.6238863,-122.3557863],
"6527 52nd av s":[47.5434532,-122.2674601],
"7300 keen way n":[47.6821955,-122.3443558],
"7553 27th av nw":[47.6846895,-122.3911497],
"8001 seaview av nw":[47.6866066,-122.4031816],
"8019 aurora av n":[47.6875431,-122.3447921],
"8028 ridge dr ne":[47.687008,-122.274991],
"822 ne 88th st":[47.692453,-122.319326],
"8533 midvale av n":[47.6914769,-122.3425924],
"8542 20th av nw":[47.691838,-122.381923],
"9014 27th av ne":[47.69441,-122.2984],
"9218 spear pl s":[47.520643,-122.27437],
"john st \/ yale av n":[47.6196807,-122.330419],
"n 140th st \/ midvale av n":[47.7303165,-122.3437025],
"n 34th st \/ densmore av n":[47.6480488,-122.3375273],
"n 45th st \/ 1st av ne":[47.6613592,-122.3282679],
"s holly park dr \/ s myrtle pl":[47.5372911,-122.286847],
"stone way n \/ n 50th st":[47.6649969,-122.3403672]
}