{
"1038 washington pl e":[47.6284599,-122.29311],
"10621 56th av s":[47.505428,-122.263568],
"1100 nw 51st st":[47.6659584,-122.371077],
"1215 s king st":[47.5983259,-122.3165068],
"122 17th av e":[47.6192149,-122.309758],
"12th av \/ e cherry st":[47.608058,-122.316787],
"1302 seneca st":[47.6118198,-122.3240446],
"1317 e boston st":[47.638041,-122.315417],
"1352 e madison st":[47.613591,-122.3149925],
"14339 linden av n":[47.7326844,-122.3477904],
"1610 30th av w":[47.634171,-122.395395],
"1927 31st av s":[47.5855123,-122.2933458],
"2008 ne 65th st":[47.6760177,-122.3061456],
"2011 e olive st":[47.6171064,-122.3059996],
"231 40th av e":[47.621195,-122.282007],
"25 w nickerson st":[47.6501671,-122.3588999],
"3023 14th av w":[47.64727,-122.375262],
"3243 ne 88th st":[47.6921609,-122.2915288],
"3424 meridian av n":[47.648645,-122.333551],
"4104 56th av sw":[47.566164,-122.403512],
"421 n 125th st":[47.7194399,-122.3531839],
"429 15th av e":[47.6228014,-122.3129548],
"4726 20th av ne":[47.663849,-122.3064867],
"557 ne 115th st":[47.7120419,-122.320958],
"7324 19th av nw":[47.6821104,-122.3807814],
"8152 14th av sw":[47.5285531,-122.3525062],
"827 w barrett st":[47.646599,-122.368749],
"9438 22nd av sw":[47.518061,-122.361449],
"n 107th st \/ bagley av n":[47.7068495,-122.3325903],
"ne 55th st \/ 38th av ne":[47.668511,-122.2868408],
"ne 65th st \/ oswego pl ne":[47.6758635,-122.3212792],
"phinney av n \/ n 35th st":[47.6514148,-122.3544801]
}