{
"0 - 0 sb i5 at pike":[47.611576,-122.331102],
"10302 14th av nw":[47.703516,-122.373708],
"12322 32nd av ne":[47.7180922,-122.2939305],
"14036 meridian av n":[47.731605,-122.333552],
"14204 38th av ne":[47.731332,-122.286836],
"1511 e marion st":[47.6102293,-122.312302],
"1511 n 55th st":[47.668451,-122.338733],
"15th emerson rp \/ w emerson st":[47.6539912,-122.3772591],
"1809 ne 75th st":[47.682843,-122.308325],
"214 summit av e":[47.6201774,-122.3249248],
"215 nw 60th st":[47.672126,-122.360216],
"2319 n 55th st":[47.66842,-122.329063],
"2425 e madison st":[47.6206168,-122.3003638],
"2548 s juneau st":[47.5502167,-122.2983545],
"3102 s walden st":[47.573585,-122.292755],
"350 terry av n":[47.6217807,-122.3364988],
"3650 51st av sw":[47.570635,-122.397038],
"3rd av nw \/ nw 44th st":[47.6604892,-122.3607954],
"40th av ne \/ ne 110th st":[47.7082928,-122.2854024],
"40th av ne \/ ne 51st st":[47.6661388,-122.2847915],
"4105 memorial way ne":[47.6573771,-122.3097482],
"4108 40th av sw":[47.5661652,-122.3824374],
"5807 sw horton st":[47.5751152,-122.4072491],
"6043 5th av nw":[47.673677,-122.363279],
"607 22nd av":[47.6074286,-122.3041017],
"6214 greenwood av n":[47.6743447,-122.355296],
"7311 jones av nw":[47.681704,-122.38678],
"7766 highland park way sw":[47.5327501,-122.346783],
"7955 46th av s":[47.529961,-122.274935],
"831 w nickerson st":[47.6528476,-122.3688803],
"8403 24th av sw":[47.528116,-122.363574],
"9208 fremont av n":[47.6959687,-122.3496938],
"fauntleroy way sw \/ sw monroe st":[47.5315606,-122.3926866],
"ne 56th st \/ 40th av ne":[47.669457,-122.2848171],
"nw 48th st \/ 9th av nw":[47.6636669,-122.3686126]
}