{
"100 bell st":[47.6133846,-122.3465247],
"12342 hiram pl ne":[47.7185647,-122.3008181],
"13245 3rd av nw":[47.7263964,-122.3612803],
"13539 burke av n":[47.727961,-122.335967],
"1500 e alder st":[47.6045229,-122.3126291],
"2200 e olive st":[47.6171219,-122.3035152],
"2806 12th av s":[47.57833,-122.316953],
"2913 s atlantic st":[47.589193,-122.294239],
"3223 3rd av s":[47.5746696,-122.3308211],
"3rd av s \/ 2nd av et s":[47.59986,-122.3302759],
"4122 sw walker st":[47.5841243,-122.3848054],
"4144 sw orchard st":[47.539141,-122.385129],
"4201 memorial way ne":[47.6573771,-122.3097482],
"4210 sw hinds st":[47.5733166,-122.3864359],
"4445 54th av sw":[47.563553,-122.402387],
"4630 eastern av n":[47.663563,-122.328794],
"4808 53rd av s":[47.559089,-122.266541],
"5103 8th av nw":[47.665874,-122.366471],
"524 6th av w":[47.6243765,-122.3643037],
"5636 3rd av nw":[47.670688,-122.3607694],
"5810 8th av nw":[47.671227,-122.365822],
"5942 32nd av sw":[47.5490376,-122.3736715],
"5th av \/ vine st":[47.6179019,-122.3463065],
"6041 7th av nw":[47.673581,-122.365389],
"6535 5th pl s":[47.5448778,-122.3276138],
"722 3rd av n":[47.6261345,-122.3511953],
"7914 stone av n":[47.6867172,-122.3415733],
"8423 grattan pl s":[47.5268457,-122.2673987],
"8600 greenwood av n":[47.6922899,-122.3552753],
"9002 corliss av n":[47.693961,-122.330788],
"n 52nd st \/ green lake way n":[47.6664279,-122.3400766]
}