{
"1019 3rd av":[47.6058753,-122.3346312],
"10430 35th av sw":[47.50905,-122.375528],
"1244 s concord st":[47.524139,-122.31568],
"12557 7th av nw":[47.7211239,-122.3653312],
"13720 36th av ne":[47.72881,-122.289224],
"1500 grandview pl e":[47.6323592,-122.3118995],
"1512 3rd av w":[47.632796,-122.360625],
"1555 ne 90th st":[47.693772,-122.309792],
"2348 yale av e":[47.6410101,-122.3267476],
"2515 4th av":[47.6168284,-122.3470066],
"2612 warren av n":[47.6436491,-122.3542742],
"2639 nw 58th st":[47.6707616,-122.3916792],
"3015 s willow st":[47.5406204,-122.2927009],
"3046 sw avalon way - west nine apts":[47.566466,-122.371931],
"3251 44th av w":[47.6501469,-122.413479],
"3608 lakewood av s":[47.571137,-122.281115],
"4101 whitman av n":[47.656794,-122.346273],
"4265 linden av n":[47.6590335,-122.348853],
"4443 s brandon st":[47.553182,-122.277461],
"4646 s othello st":[47.537151,-122.273316],
"4815 43rd av s":[47.558859,-122.279861],
"537 n 75th st":[47.683079,-122.3507989],
"5521 s wallace st":[47.497189,-122.263313],
"5849 15th av ne":[47.672283,-122.3121938],
"6041 37th av sw":[47.547137,-122.379474],
"6814 greenwood av n":[47.679245,-122.355016],
"6th av s & s royal brougham way":[47.5923812,-122.325975],
"714 n 98th st":[47.7007328,-122.3492641],
"811 nw 61st st":[47.6730694,-122.3665821],
"8676 beacon av s":[47.524117,-122.2861061],
"ne 56th st \/ 15th av ne":[47.6694511,-122.3118938],
"s dearborn st \/ m l king jr way s":[47.5955272,-122.2975638],
"triton dr nw \/ nw blue ridge dr":[47.7012828,-122.3904657]
}