{
"11417 cornell av s":[47.500858,-122.241761],
"117 15th av s":[47.601079,-122.313177],
"1200 10th av e":[47.6306908,-122.3197035],
"1202 s cloverdale st":[47.526693,-122.317357],
"2001 31st av s":[47.58499,-122.293315],
"2116 14th av s":[47.5839857,-122.3143574],
"2205 e roanoke st":[47.642954,-122.303381],
"2343 california av sw":[47.5817611,-122.3868933],
"2512 14th av s":[47.580523,-122.314294],
"2590 40th av w":[47.643166,-122.408032],
"2723 33rd av s":[47.578933,-122.291192],
"2813 ne 110th st":[47.7081929,-122.2972553],
"300 nw 86th st":[47.6913637,-122.3606849],
"3039 36th av sw":[47.576293,-122.377369],
"3744 sw cloverdale st":[47.526399,-122.381299],
"4001 ne surber dr":[47.655174,-122.284002],
"4100 memorial way ne":[47.6574588,-122.3096794],
"4131 evanston av n":[47.657586,-122.351431],
"4225 9th av ne":[47.658308,-122.319078],
"5036 delridge way sw":[47.5564206,-122.362654],
"518 ne 102nd st":[47.70264,-122.322156],
"5551 s avon st":[47.501038,-122.263036],
"6702 4th av nw":[47.6779103,-122.3611662],
"710 24th av s":[47.596399,-122.300819],
"719 w mcgraw st":[47.639407,-122.3671171],
"7319 31st av sw":[47.5368009,-122.372932],
"7551 bagley av n":[47.6849269,-122.3319104],
"7th av nw \/ nw 95th st":[47.697863,-122.3646673],
"8331 32nd av nw":[47.6893725,-122.3988033],
"8414 island dr s":[47.528511,-122.260922],
"941 29th av":[47.611206,-122.295265],
"9601 35th av sw":[47.5171163,-122.3779804],
"9618 8th av ne":[47.6991,-122.320054],
"delridge way sw \/ 22nd av sw":[47.5443279,-122.361291],
"lake washington blvd \/ fullerton av":[47.6067731,-122.2834531],
"lenora st \/ 3rd av":[47.6131864,-122.3422195],
"ne 85th st \/ 2nd av ne":[47.6904249,-122.3270273]
}