{
"1235 westlake av n":[47.630791,-122.341469],
"1318 n 42nd st":[47.6582546,-122.3412897],
"14400 - 14499 greenwood av n":[47.733206,-122.355569],
"24th av e \/ turner way e":[47.628182,-122.3017124],
"2509 37th av w":[47.641715,-122.404351],
"3716 41st av sw":[47.5706159,-122.3843364],
"3926 sunnyside av n":[47.655124,-122.329903],
"4420 46th av s":[47.563426,-122.275362],
"4430 42nd av s":[47.5630864,-122.2804752],
"5019 16th av ne":[47.6654621,-122.3111226],
"5701 east green lake way n":[47.6699878,-122.3401634],
"5802 15th av s":[47.551051,-122.313157],
"6008 53rd av ne":[47.672713,-122.2701503],
"61st av sw \/ sw orleans st":[47.571153,-122.4109721],
"6502 27th av ne":[47.6759259,-122.298075],
"6947 military rd s":[47.5394882,-122.2990075],
"7041 23rd av ne":[47.680562,-122.303181],
"7521 15th av sw":[47.5348029,-122.3542327],
"7967 renton av s":[47.5295995,-122.2784452],
"8326 earl av nw":[47.6897806,-122.3916553],
"8829 midvale av n":[47.6932509,-122.3426823],
"8846 1st av ne":[47.6936899,-122.328014],
"alaskan way \/ clay st":[47.6144421,-122.3540387],
"aloha st \/ 6th av n":[47.6271527,-122.3449538],
"s massachusetts st \/ 14th av s":[47.5884552,-122.3148641],
"sw findlay st \/ 31st av sw":[47.5519623,-122.3722754]
}