{
"10518 dayton av n":[47.705656,-122.352394],
"1102 11th av":[47.6123219,-122.3180084],
"1106 nw woodbine pl":[47.707611,-122.370368],
"1148 nw leary way":[47.6639237,-122.3731598],
"1404 n northlake way":[47.6479087,-122.34133],
"1420 ne brockman pl":[47.7246429,-122.3131407],
"1528 18th av":[47.614931,-122.308582],
"16th av ne \/ lake city way ne":[47.6882631,-122.311114],
"1741 26th av s":[47.5872038,-122.2991176],
"17th av ne \/ ne 140th st":[47.7302792,-122.3100106],
"2103 condon way w":[47.637848,-122.39611],
"2139 waverly pl n":[47.6389017,-122.3432776],
"38th av sw \/ sw 102nd st":[47.5120053,-122.3806125],
"424 7th av s":[47.598524,-122.323372],
"4604 eastern av n":[47.6627841,-122.3287048],
"5045 fauntleroy way sw":[47.556131,-122.381937],
"5253 16th av sw":[47.55459,-122.355116],
"602 15th av e":[47.624608,-122.312334],
"6119 phinney av n":[47.6737447,-122.3545666],
"6201 37th av ne":[47.67411,-122.288354],
"643 nw 85th st":[47.6904715,-122.3651883],
"6519 4th av ne":[47.676345,-122.325171],
"656 nw 74th st":[47.6827273,-122.3657535],
"6th av \/ denny way":[47.618559,-122.345008],
"712 n 78th st":[47.6856699,-122.3492445],
"759 harvard av e":[47.626695,-122.322714],
"824 13th av":[47.610008,-122.315052],
"9645 48th av sw":[47.5163321,-122.394637],
"9650 14th av sw":[47.515938,-122.352509],
"aloha st \/ 8th av n":[47.6271318,-122.3409967],
"e roanoke st \/ royal ct e":[47.6431429,-122.2994674],
"n 46th st \/ meridian av n":[47.6621382,-122.333708],
"ne 55th st \/ 35th av ne":[47.6685182,-122.2901906],
"ne 97th st \/ 45th av ne":[47.6993344,-122.2800384],
"nw 62nd st \/ 34th av nw":[47.6739134,-122.4010706],
"s dakota st \/ rainier av s":[47.5661422,-122.2887198],
"woodland park av n \/ n 43rd st":[47.6591935,-122.3446073]
}