{
"1015 ne 113th st":[47.7103601,-122.3168126],
"10236 39th av sw":[47.51096,-122.381281],
"10249 35th av sw":[47.510603,-122.3762773],
"11046 1st av ne":[47.709741,-122.3284342],
"1108 5th av":[47.6076403,-122.3327739],
"1118 e pike st":[47.6141116,-122.3172856],
"130 n 84th st":[47.6900705,-122.3565961],
"13002 10th av nw":[47.723497,-122.369136],
"13801 dayton av n":[47.729829,-122.353326],
"1617 n 54th st":[47.667727,-122.337659],
"2016 ne 123rd st":[47.7177728,-122.3064677],
"206 ne 45th st":[47.6613678,-122.3270235],
"2319 nw 87th st":[47.691924,-122.385721],
"2401 harbor av sw":[47.5822921,-122.3734518],
"2414 nw blue ridge dr":[47.702566,-122.388281],
"2802 32nd av s":[47.578179,-122.291601],
"2900 21st av s":[47.577392,-122.305047],
"3051 30th av w":[47.6483689,-122.3959841],
"3300 airport way s":[47.5738678,-122.3208104],
"3751 e columbia st":[47.608983,-122.285197],
"3836 renton av s":[47.5687587,-122.2944634],
"3865 46th av ne":[47.6573769,-122.279063],
"3909 eastern av n":[47.65458,-122.329415],
"3930 m l king jr way s":[47.5682354,-122.2967607],
"4418 sw graham st":[47.547001,-122.389606],
"4520 45th av ne":[47.661987,-122.27906],
"4603 42nd av s":[47.561442,-122.281027],
"4609 46th av s":[47.5612248,-122.275748],
"4703 s dawson st":[47.554989,-122.274232],
"4721 52nd av s":[47.559926,-122.268607],
"4801 fremont av n":[47.663737,-122.350348],
"4835 37th av ne":[47.6646055,-122.2882935],
"4915 ne 85th st":[47.6903838,-122.2740078],
"500 28th av s":[47.597857,-122.295919],
"5014 52nd av s":[47.5568093,-122.268149],
"5345 sw orleans st":[47.570898,-122.402088],
"5540 21st av s":[47.552118,-122.305922],
"5660 11th av ne":[47.671192,-122.315982],
"5733 coniston rd ne":[47.6700542,-122.2692283],
"605 13th av":[47.607593,-122.315921],
"6322 42nd av sw":[47.545944,-122.385367],
"7011 20th av ne":[47.679836,-122.306985],
"7400 1st av nw":[47.6825516,-122.357942],
"7706 14th av ne":[47.6851243,-122.3130481],
"8600 seaview av nw":[47.6862702,-122.40272],
"denny way \/ 9th av":[47.6185392,-122.3393311],
"e john st \/ 22nd av e":[47.6202145,-122.303621],
"rainier av s \/ 72nd av s":[47.511018,-122.2437665],
"sw trenton st \/ 36th av sw":[47.5246688,-122.3779772],
"university br":[47.653218,-122.320008],
"w lee st \/ queen anne av n":[47.6313083,-122.3566112]
}