{
"11117 luther av s":[47.500973,-122.267142],
"117 20th av e":[47.619101,-122.306458],
"11842 31st pl ne":[47.714971,-122.295306],
"11842 55th av s":[47.496296,-122.264025],
"1201 n 145th st":[47.7339165,-122.3436749],
"1207 thomas st":[47.6208172,-122.332688],
"12726 26th av ne":[47.721938,-122.30009],
"1521 24th av":[47.61481,-122.301779],
"1822 s lane st":[47.596886,-122.307793],
"2839 43rd av w":[47.646105,-122.412303],
"2910 9th av w":[47.6462661,-122.3690456],
"340 nw 137th st":[47.729058,-122.362851],
"3500 - 3599 albion pl n":[47.650321,-122.344749],
"3516 fremont pl n":[47.6510528,-122.3502567],
"35th av ne \/ ne 125th st":[47.7192613,-122.2907858],
"3601 greenwood av n":[47.6528835,-122.355871],
"3929 stone way n":[47.6548174,-122.3424996],
"3rd av s \/ s royal brougham way":[47.5916997,-122.330023],
"4012 45th av sw":[47.567993,-122.389051],
"4217 34th av w":[47.658364,-122.401298],
"4808 woodlawn av n":[47.663891,-122.338856],
"4811 s graham st":[47.544828,-122.272251],
"4931 s rose st":[47.5291073,-122.2707151],
"5244 18th av ne":[47.6676871,-122.307961],
"5900 49th av sw":[47.5500962,-122.3948692],
"6335 23rd av sw":[47.5455306,-122.3629141],
"7203 35th av s":[47.537706,-122.288843],
"7453 east green lake dr n":[47.6825838,-122.3295756],
"800 nw 95th st":[47.697999,-122.3664562],
"801 25th av s":[47.595432,-122.300342],
"8111 greenwood av n":[47.6880429,-122.3556218],
"8840 13th av sw":[47.5235095,-122.3513122],
"9144 45th av sw":[47.5214782,-122.3898963],
"lake city way ne & ne 130th st":[47.7229028,-122.293243],
"n 155th st \/ aurora av n":[47.7414407,-122.3454154],
"n 38th st \/ linden av n":[47.6528492,-122.3486526],
"ne blakeley st \/ 26th av ne":[47.6663794,-122.2995396],
"nw leary way \/ 17th av nw":[47.6639477,-122.3788896],
"shilshole av nw \/ 15th av nw":[47.6615959,-122.3763214]
}