{
"- 0 wb wsea frwy at avalon":[47.5714729,-122.3707107],
"1106 e howell st":[47.617818,-122.317814],
"1115 e fir st":[47.602526,-122.3173858],
"117 28th av":[47.602319,-122.2963366],
"127 bellevue av e":[47.619293,-122.326971],
"1304 e harrison st":[47.622149,-122.315409],
"14515 31st av ne":[47.734242,-122.295549],
"14th av nw \/ nw 73rd st":[47.6814394,-122.37361],
"1601 n 52nd st":[47.6663565,-122.3381828],
"1610 25th av":[47.6157316,-122.2998085],
"1711 ne 75th st":[47.68284,-122.309328],
"1807 e calhoun st":[47.6408214,-122.3085278],
"1816 n 40th st":[47.6558491,-122.3353269],
"1930 n northlake way":[47.6468479,-122.3346108],
"2016 30th av s":[47.584609,-122.293748],
"2408 n 43rd st":[47.659283,-122.3296951],
"3241 60th av sw":[47.574678,-122.409855],
"3706 s pilgrim st":[47.515946,-122.285529],
"4011 stone way n":[47.6557323,-122.3428389],
"4118 38th av s":[47.5655872,-122.2849551],
"4916 sw dawson st":[47.555916,-122.395863],
"50th av s \/ s genesee st":[47.5641098,-122.2707408],
"531 n 103rd st":[47.7036187,-122.3513662],
"7336 20th av ne":[47.682346,-122.306291],
"7515 39th av sw":[47.5352249,-122.382295],
"7534 23rd av nw":[47.6842187,-122.3851115],
"8008 26th av nw":[47.6871354,-122.3894762],
"8715 16th av sw":[47.5251693,-122.3553614],
"9009 30th av sw":[47.522526,-122.371683],
"w harrison st \/ 1st av w":[47.6221153,-122.3580489],
"woodlawn av n \/ n 35th st":[47.6492176,-122.3387111],
"yesler way \/ western av":[47.6017458,-122.3355142]
}