{
"110 lee st":[47.631067,-122.354921],
"1101 9th av":[47.6091213,-122.3280374],
"11260 37th av sw":[47.5016117,-122.3785039],
"136 ne 52nd st":[47.666669,-122.326996],
"1407 e boston st":[47.6377271,-122.3143376],
"1414 4th av s":[47.5899404,-122.3289719],
"1509 ne 135th st":[47.7264259,-122.312054],
"2360 fairview av e":[47.641379,-122.329115],
"2493 s edmunds st":[47.5593087,-122.3005437],
"2821 s walden":[47.5717335,-122.2956729],
"2901 western av":[47.6164319,-122.3541482],
"2916 ne 60th st":[47.672382,-122.295791],
"2921 23rd av s":[47.576842,-122.303631],
"307 ne 51st st":[47.6655384,-122.3251377],
"32nd av w \/ w emerson st":[47.65407,-122.398226],
"4306 sw oregon st":[47.5630958,-122.3871923],
"459 newton st":[47.6363742,-122.3478601],
"718 26th av e":[47.625761,-122.298455],
"720 w wheeler st":[47.640704,-122.3668569],
"7267 38th av s":[47.5373275,-122.2846807],
"7928 delridge way sw":[47.5309835,-122.3601454],
"8145 6th av sw":[47.5287706,-122.3432256],
"9208 4th av s":[47.520543,-122.327324],
"928 nw leary way":[47.6636697,-122.370271],
"seward park av s \/ s van dyke rd":[47.5466942,-122.2615948],
"walla walla rd ne \/ ne wahkiakum ln":[47.6563439,-122.2994372]
}