{
"10017 renton av s":[47.511194,-122.261577],
"10732 whitman av n":[47.7075358,-122.3460479],
"11205 3rd av ne":[47.7095777,-122.326282],
"11731 meridian av n":[47.715012,-122.334538],
"1554 e olive st":[47.6164667,-122.3124188],
"162 newton st":[47.636733,-122.353701],
"1703 madrona dr":[47.616611,-122.284934],
"1788 alki av sw":[47.586129,-122.3975842],
"1907 10th av w":[47.636223,-122.3706335],
"2049 mcgilvra blvd e":[47.6384249,-122.2811406],
"2105 s orcas st":[47.550864,-122.305806],
"2122 n 45th st":[47.6613965,-122.3333904],
"2204 nw 62nd st":[47.6740627,-122.3850642],
"2215 s orcas st":[47.550883,-122.304219],
"2412 nw 91st st":[47.695544,-122.388248],
"2504 w smith st":[47.641336,-122.3893798],
"2562 ne 83 st":[47.6897019,-122.298603],
"2702 broadway e":[47.6442065,-122.3212062],
"2817 34th av w":[47.6455664,-122.4013748],
"3018 ne 103rd st":[47.703774,-122.295088],
"3111 21st av s":[47.575562,-122.305776],
"3704 w armour pl":[47.645752,-122.40533],
"3723 sw cloverdale st":[47.525928,-122.380451],
"4008 sw 100th st":[47.514013,-122.383809],
"4030 eastern av n":[47.65655,-122.328649],
"4210 ne 105th st":[47.7048861,-122.2822286],
"4633 s holden st":[47.533368,-122.273871],
"4707 42nd av sw":[47.5609238,-122.3855015],
"4714 43rd av s":[47.560041,-122.279102],
"513 ne 88th st":[47.6920379,-122.3223766],
"520 w smith st":[47.6416008,-122.3645818],
"5607 35th av sw":[47.5516674,-122.3767415],
"5th av s \/ s sullivan st":[47.5273803,-122.3282362],
"6362 6th av s":[47.5444072,-122.3258527],
"6515 sylvan way sw":[47.544201,-122.371892],
"6752 40th av s":[47.5409057,-122.2825547],
"8056 stroud av n":[47.688542,-122.334043],
"8400 delridge way sw":[47.5282675,-122.3604173],
"9055 34th av sw":[47.521221,-122.375773],
"lenora st ped br":[47.610145,-122.3461],
"phinney av n \/ n 87th st":[47.6924213,-122.3539362]
}