{
"101 8th av":[47.6017147,-122.3224733],
"1121 27th av":[47.6121959,-122.2979097],
"125 29th av e":[47.6196677,-122.2951873],
"13724 23rd pl ne":[47.729155,-122.303013],
"1600 42nd av sw":[47.5891961,-122.384641],
"1608 e garfield st":[47.6343195,-122.3106992],
"1654 ne 50th st":[47.6648938,-122.3098421],
"1704 nw 63rd st":[47.674777,-122.379118],
"2306 california av sw":[47.5827157,-122.3863454],
"2406 ne 145th st":[47.7338523,-122.303006],
"2626 1st av n":[47.6440468,-122.3552888],
"2633 e valley st":[47.625681,-122.297296],
"2710 s norman st":[47.5934996,-122.2973737],
"2817 cascadia av s":[47.578,-122.285603],
"3051 s holden st":[47.5335363,-122.291234],
"3112 fuhrman av e":[47.6489649,-122.3184703],
"320 ne northgate way":[47.7085993,-122.3218029],
"320 wheeler st":[47.6409477,-122.3510033],
"3225 beacon av s":[47.5743447,-122.3090076],
"3400 e superior st":[47.6029539,-122.288434],
"3443 west marginal way sw":[47.5724998,-122.3629073],
"4112 beach dr sw":[47.5671663,-122.4089787],
"4828 s juneau st":[47.5499417,-122.2714029],
"4837 42nd av sw":[47.5582108,-122.3859436],
"4845 s holden st":[47.533404,-122.270683],
"5030 44th av ne":[47.6658439,-122.2800315],
"5226 19th av sw":[47.554927,-122.357931],
"533 31st av":[47.6071082,-122.2928625],
"5602 1st av s":[47.5525992,-122.3339169],
"5639 35th av sw":[47.5507791,-122.3767532],
"5723 palatine av n":[47.6710727,-122.3567199],
"5804 15th av ne":[47.6717995,-122.3116043],
"6515 shaffer av s":[47.5438287,-122.2949132],
"7047 25th av nw":[47.680884,-122.38902],
"7300 53rd av ne":[47.681234,-122.270304],
"8016 27th av ne":[47.68722,-122.297895],
"8344 32nd av nw":[47.689691,-122.397919],
"9600 21st av nw":[47.6992059,-122.382763],
"9741 woodlawn av n":[47.7008553,-122.3390915],
"ne 45th st \/ 18th av ne":[47.6612618,-122.3083802],
"s brandon st \/ denver av s":[47.5541349,-122.3247536]
}