{
"1035 116th av ne":[47.6201881,-122.1873435],
"1141 nw 56th st":[47.6692141,-122.3726156],
"12027 1st av nw":[47.716808,-122.358607],
"1500 n 100th st":[47.701633,-122.338902],
"1520 e olive way":[47.6182914,-122.3260236],
"1935 41st av sw":[47.585661,-122.384119],
"2044 ne 102nd st":[47.70235,-122.304943],
"2520 26th av w":[47.641818,-122.389889],
"30th av \/ e terrace st":[47.6051818,-122.2936754],
"3407 nw 56th st":[47.6692947,-122.4015563],
"3500 sw alaska st":[47.5612221,-122.3765249],
"35th av w \/ w ruffner st":[47.652247,-122.4022774],
"3628 1st av nw":[47.653859,-122.357324],
"3828 33rd av w":[47.655004,-122.399147],
"4427 s eddy st":[47.5449065,-122.2769536],
"4506 s trenton st":[47.5242596,-122.2755358],
"4548 11th av ne":[47.662699,-122.3163787],
"45th av ne \/ ne 45th st":[47.6615144,-122.3162524],
"4827 43rd av s":[47.558558,-122.279859],
"4900 39th av s":[47.5578409,-122.2834366],
"4910 green lake way n":[47.6644372,-122.3409418],
"7130 39th av sw":[47.53881,-122.381427],
"800 ne 57th st":[47.6700929,-122.3200719],
"boylston av e \/ e newton st":[47.6367836,-122.3235103],
"phinney av n \/ n 105th st":[47.7050856,-122.354086],
"rainier av s \/ s henderson st":[47.523306,-122.2699931]
}