{
"111 8th av":[47.6019143,-122.3224828],
"1225 s concord st":[47.523648,-122.316496],
"1829 e yesler way":[47.6016693,-122.3084984],
"1960 pike pl":[47.610361,-122.3433159],
"2500-blk sw juneau st":[47.5501158,-122.3643444],
"2537 warren av n":[47.6425124,-122.3548197],
"2550 thorndyke av w":[47.6423818,-122.3845259],
"2601 49th av sw":[47.5810735,-122.3943625],
"2651 48th av sw":[47.5797561,-122.3933206],
"3003 16th av s":[47.5766995,-122.3123324],
"3014 ne 137th st":[47.728352,-122.295652],
"312 mercer st":[47.6245795,-122.3511474],
"33rd av e \/ e madison st":[47.6280001,-122.2895123],
"3853 ne 93rd st":[47.6958181,-122.2855659],
"39th av s \/ s kenyon st":[47.5315321,-122.2832078],
"4306 3rd av nw":[47.659251,-122.360446],
"4313 s webster st":[47.5350489,-122.2786676],
"4540 15th av ne":[47.6625825,-122.3114221],
"4803 43rd av s":[47.5592058,-122.2798109],
"540 n 137th st":[47.728604,-122.351441],
"6026 4th av nw":[47.673198,-122.361526],
"6620 carleton av s":[47.5435638,-122.3210945],
"6th av nw \/ nw bright st":[47.6600297,-122.3639706],
"701 john st":[47.6195277,-122.3431842],
"702 w dravus st":[47.648722,-122.366476],
"7325 rainer av s":[47.5362878,-122.2707357],
"800 s weller st":[47.5977628,-122.3221081],
"8627 25th av sw":[47.5257449,-122.364905],
"910 e aloha st":[47.6270039,-122.3207449],
"9214 15th av nw":[47.696564,-122.376399],
"930 19th av e":[47.627756,-122.306899],
"9433 14th av sw":[47.5181609,-122.3531033]
}