{
"1000 14th av e":[47.627885,-122.314143],
"11045 30th av ne":[47.70975,-122.296553],
"25 s hinds st":[47.5736897,-122.338098],
"2646 47th av sw":[47.5798176,-122.3916377],
"2721 57th av sw":[47.578703,-122.405766],
"2943 ne 200th st":[47.773403,-122.298742],
"300 n 130th st":[47.723785,-122.353737],
"3510 troll av n":[47.650423,-122.3473218],
"3710 e jefferson st":[47.6061124,-122.2850235],
"4120 22nd av sw":[47.5658738,-122.360896],
"4233 sw alaska st":[47.5609005,-122.3865722],
"4245 s juneau st":[47.549494,-122.278858],
"4301 university way ne":[47.6599166,-122.3133762],
"4436 roosevelt way ne":[47.6608525,-122.317701],
"4529 california av sw":[47.5620555,-122.387137],
"4622 26th av ne":[47.662244,-122.2998935],
"4648 s holly st":[47.5424835,-122.273919],
"4725 51st av s":[47.559811,-122.269828],
"4802 43rd av s":[47.559254,-122.279094],
"4838 26th av sw":[47.558163,-122.365163],
"523 21st av":[47.6068762,-122.3052562],
"5321 28th av nw":[47.6675383,-122.3928453],
"5611 beach dr sw":[47.551749,-122.399626],
"6216 flora av s":[47.54698,-122.318783],
"6340 ne windermere rd":[47.669212,-122.259972],
"6516 12th av ne":[47.676419,-122.315345],
"6527 52nd av ne":[47.67663,-122.27195],
"6545 9th av nw":[47.677339,-122.3690128],
"7528 35th av ne":[47.6838819,-122.290183],
"809 ne 62nd st":[47.6732062,-122.3190201],
"8445 20th av sw":[47.5269551,-122.359414],
"airport way s \/ s edmunds st":[47.55974,-122.3232597],
"n 81st st \/ greenwood av n":[47.6876706,-122.3552838],
"s stevens st \/ airport way s":[47.5768905,-122.3214078]
}