{
"1418 western av":[47.6078698,-122.340432],
"1730 taylor av n":[47.6346864,-122.3469076],
"2037 nw 60th st":[47.67214,-122.383697],
"2370 minor av e":[47.6417897,-122.3280307],
"2912 e cherry st":[47.6082034,-122.2942914],
"3018 62nd av sw":[47.577118,-122.411635],
"3022 sw charlestown st":[47.5700669,-122.3717907],
"3030 34th av w":[47.647789,-122.400477],
"3100 ne 125th st":[47.7192855,-122.2951526],
"3646 35th av w":[47.653655,-122.4019],
"40th av sw \/ sw dakota st":[47.5664865,-122.382826],
"4105 e edgewater pl":[47.6428399,-122.2796917],
"420 ne 43rd st":[47.659153,-122.323129],
"4200 sw thistle st":[47.528737,-122.386252],
"5430 40th av sw":[47.552872,-122.382592],
"5536 16th av s":[47.552345,-122.311962],
"6557 30th av ne":[47.6774565,-122.2954193],
"6920 carleton av s":[47.5405757,-122.3223096],
"7750 15th av ne":[47.6863596,-122.3117784],
"8133 32nd av sw":[47.529105,-122.374316],
"8310 37th av s":[47.529289,-122.285112],
"8423 36th av sw":[47.527624,-122.3786521],
"9811 44th av sw":[47.515394,-122.389056],
"aurora av n \/ dexter way n":[47.6390466,-122.3454874],
"e union st \/ 12th av":[47.6129333,-122.3167947],
"sw admiral way \/ 51st av sw":[47.5792621,-122.3972807]
}