{
"10235 california av sw":[47.511011,-122.387635],
"11539 8th av ne":[47.713226,-122.321063],
"1499 nw ballard way":[47.6629236,-122.3767658],
"1510 e highland dr":[47.6308259,-122.3119907],
"210 28th av s":[47.6004529,-122.2956477],
"2214 13th av e":[47.638694,-122.315879],
"2314 n 53rd st":[47.6674035,-122.3284754],
"2612 e madison st":[47.6225359,-122.298087],
"2732 44th av sw":[47.5782839,-122.387576],
"2834 west viewmont way w":[47.64605,-122.409213],
"3051 26th av w":[47.64833,-122.390602],
"3199 w commodore way":[47.6643324,-122.3983919],
"3215 ne 98th st":[47.699955,-122.292726],
"3539 sw 98th st":[47.515345,-122.37838],
"3605 airport way s":[47.5709474,-122.3230268],
"3609 46th av sw":[47.57172,-122.391177],
"4003 36th av sw":[47.568211,-122.377841],
"4041 cascadia av s":[47.566683,-122.283219],
"405 cedar st":[47.6178386,-122.347606],
"40th av ne \/ ne 105th st":[47.704719,-122.2855637],
"4201 42nd av s":[47.565157,-122.281047],
"426 36th av":[47.606245,-122.286527],
"6018 30th av sw":[47.5476198,-122.3708564],
"6503 dayton av n":[47.676128,-122.35291],
"6705 s thayer st":[47.510713,-122.2496534],
"705 e pike st":[47.6139171,-122.3230424],
"7520 32nd av sw":[47.5348257,-122.3734933],
"800 w argand st":[47.6506374,-122.3677328],
"8045 jones av nw":[47.6881324,-122.3867501],
"8th av sw\/sw roxbury st":[47.5173026,-122.3454068],
"9238 9th av sw":[47.5198092,-122.3464386],
"9509 5th av ne":[47.6980934,-122.3233568],
"9816 california av sw":[47.515128,-122.387017],
"belmont av e \/ belmont pl e":[47.6254796,-122.3243512],
"dayton av n \/ n 48th st":[47.6635992,-122.3527062],
"ne 144th st \/ 27th av ne":[47.7330669,-122.2992181],
"ne 74th st \/ magnuson park acrd":[47.6821507,-122.2588894],
"west marginal way sw \/ sw myrtle st":[47.5399047,-122.3414795]
}