{
"10800 53rd av s":[47.5036686,-122.2675121],
"11224 fremont av n":[47.7113952,-122.3494685],
"1754 s columbian way":[47.5609561,-122.3080339],
"1800 e olive way":[47.6200755,-122.3218487],
"2006 ne 54th st":[47.6681685,-122.306095],
"2057 parkside dr e":[47.638223,-122.290675],
"2118 ne 85th st":[47.690565,-122.304806],
"3008 45th av sw":[47.576731,-122.389058],
"301 westlake av n":[47.6210506,-122.3388426],
"330 nw 41st st":[47.65721,-122.362261],
"335 23rd av e":[47.6224442,-122.3027773],
"3415 s mcclellan st":[47.578106,-122.289049],
"4400 green lake way n":[47.6608434,-122.347095],
"470 ne maple leaf pl":[47.682845,-122.323256],
"5003 40th av sw":[47.557311,-122.383192],
"5243 sw stevens st":[47.5771147,-122.3997065],
"5701 26th av nw":[47.6703623,-122.3902703],
"5912 high point dr sw":[47.5501981,-122.3703952],
"6200 wilson av s":[47.547178,-122.2634475],
"7326 39th av ne":[47.682055,-122.286049],
"835 ne 100th st":[47.701048,-122.31895],
"8702 13th av nw":[47.69251,-122.372323],
"8831 42nd av sw":[47.524248,-122.386082],
"8847 35th av sw":[47.5232928,-122.3771143],
"907 nw 63rd st":[47.674311,-122.36914],
"9215 8th av ne":[47.6963495,-122.3203469],
"943 nw 50th st":[47.664831,-122.370328],
"alaskan way w \/ w galer st":[47.6315735,-122.3766331],
"corliss av n \/ n northlake way":[47.6499052,-122.3313287],
"fairview av n \/ mercer st on rp":[47.6246937,-122.3342879]
}