{
"10028 41st av sw":[47.51286,-122.384143],
"10717 55th av s":[47.5043029,-122.2650979],
"10737 9th av nw":[47.707743,-122.368817],
"112 n 40th st":[47.6557594,-122.3565828],
"1149 33rd av e":[47.629428,-122.289882],
"12036 roosevelt way ne":[47.716973,-122.31758],
"1337 s ferdinand st":[47.558476,-122.314435],
"1537 17th av s":[47.588954,-122.310989],
"16th av s \/ s plum st":[47.5855301,-122.3120677],
"16th av s \/ s walker st":[47.5836898,-122.3120978],
"208 ne 112th st":[47.7099664,-122.3279467],
"3609 courtland pl s":[47.5712336,-122.2875149],
"4002 w prosper st":[47.6496713,-122.408134],
"40th av ne \/ ne 68th st":[47.6776159,-122.2849481],
"4817 university view pl ne":[47.663862,-122.293582],
"4903 rainier av s":[47.557693,-122.2853238],
"7337 16th av sw":[47.5362099,-122.355373],
"747 s monroe st":[47.5309921,-122.3235155],
"7746 12th av nw":[47.6864739,-122.371129],
"7910 16th av sw":[47.5314028,-122.3547336],
"905 w armour st":[47.6448585,-122.3695725],
"911 28th av s":[47.594213,-122.296946],
"9252 7th av nw":[47.697571,-122.364324],
"sw charlestown st \/ 51st av sw":[47.5703082,-122.3974279]
}