{
"10032 61st av s":[47.5106694,-122.2567318],
"10206 rainier av s":[47.5112177,-122.2433133],
"10831 marine view dr sw":[47.505403,-122.380789],
"11601 2nd av nw":[47.7130293,-122.3598293],
"13th av s \/ s judkins st":[47.5915373,-122.3159868],
"1404 e yesler way":[47.6018857,-122.3137749],
"1919 5th av w":[47.6365627,-122.3639862],
"1st av nw \/ nw bowdoin pl":[47.6548709,-122.3571712],
"212 23rd av":[47.6039101,-122.3021324],
"223 virginia st":[47.6118864,-122.3415156],
"2372 48th av sw":[47.581374,-122.3925474],
"3042 4th av w":[47.6478854,-122.361937],
"3402 20th av s":[47.5729694,-122.3056337],
"3500 stone way n":[47.6495993,-122.3423224],
"3701 ne 74th pl":[47.6823089,-122.288924],
"3723 sw sullivan st":[47.5274206,-122.3803495],
"3900 sw alaska st":[47.5610678,-122.3814804],
"410 terry av":[47.6048317,-122.3225323],
"412 broadway":[47.6058408,-122.3203541],
"42 w dravus st":[47.648913,-122.359467],
"42nd av e \/ e mcgilvra st":[47.6407055,-122.2784048],
"4403 4th av ne":[47.660335,-122.324381],
"4500 36th av w":[47.661504,-122.403248],
"4527 45th av sw":[47.561906,-122.389884],
"4552 48th av ne":[47.6628031,-122.2755009],
"4555 linden av n":[47.6620012,-122.3485966],
"4730 48th av s":[47.559578,-122.272904],
"4943 s rose st":[47.5291078,-122.270664],
"5901 wilson av s":[47.54957,-122.264671],
"610 harvard ave e":[47.6246095,-122.3217202],
"6225 woodland pl n":[47.6744259,-122.34797],
"6319 s cooper st":[47.5114969,-122.2538612],
"6771 perimeter rd s":[47.5424023,-122.3084891],
"7037 9th av nw":[47.68067,-122.368656],
"8022 34th av s":[47.530301,-122.289045],
"828 24th av":[47.6098631,-122.3012015],
"8612 23rd av ne":[47.6915832,-122.3038541],
"dearborn pl s \/ s lane st":[47.5966058,-122.312786],
"n 128th st \/ ashworth av n":[47.722057,-122.3395678],
"s portland st \/ beacon av s":[47.533055,-122.2891562]
}