{
"10550 valmay av nw":[47.706428,-122.377921],
"1143 sturgus av s":[47.5919152,-122.3129696],
"1207 westlake av n":[47.629947,-122.341636],
"12th av ne \/ ne 62nd st":[47.6733368,-122.3156761],
"1312 n 78th st":[47.685712,-122.341168],
"1514 nw leary way":[47.6638704,-122.377095],
"1616 34th ct w":[47.633319,-122.400269],
"1716 n 125th st":[47.719854,-122.337758],
"1810 n 50th st":[47.665224,-122.3358107],
"2320 ne 128th st":[47.7222662,-122.3036251],
"2351 12th av s":[47.581476,-122.317703],
"2525 43rd av w":[47.642292,-122.412408],
"309 e thomas st":[47.6208168,-122.3273183],
"318 w lee st":[47.631608,-122.361366],
"3249 42nd av sw":[47.574235,-122.385995],
"330 35th av e":[47.6220659,-122.2878481],
"3502 ne blakeley st":[47.6616968,-122.290023],
"3711 sw 99th st":[47.514414,-122.379874],
"3810 33rd av w":[47.654456,-122.399147],
"406 w howe st":[47.636111,-122.3627066],
"4143 36th av sw":[47.5652172,-122.3774693],
"520 w mcgraw st":[47.6395969,-122.3638615],
"5865 ne park point dr":[47.677004,-122.2638787],
"6652 east green lake way n":[47.6781311,-122.3303944],
"6733 15th av nw":[47.6787061,-122.3770648],
"7327 19th av ne":[47.682127,-122.3080539],
"834 ne 86th st":[47.691539,-122.318782],
"9208 wallingford av n":[47.6963669,-122.3361672],
"9218 12th av nw":[47.6967825,-122.3713781],
"9731 57th av s":[47.514217,-122.262454],
"9821 california av sw":[47.514958,-122.387757]
}