{
"1016 e harrison st":[47.6220439,-122.3190829],
"11043 goodwin way ne":[47.70926,-122.309729],
"12300 pinehurst way ne":[47.7175886,-122.3104942],
"12623-12747 35th av ne":[47.7210813,-122.290803],
"12731 27th av ne":[47.722099,-122.299522],
"15001 15th av ne":[47.7379096,-122.3128847],
"1526 e fir st":[47.6026955,-122.3118457],
"1532 nw blue ridge dr":[47.702477,-122.377732],
"1639 n 54th st":[47.6677855,-122.3368884],
"1st av s \/ myers way s":[47.5222436,-122.3349261],
"2311 5th av n":[47.639485,-122.347433],
"2583 west viewmont way w":[47.643099,-122.410017],
"2700 occidental av s":[47.5797908,-122.3332363],
"2811 e yesler way":[47.6014466,-122.2952188],
"3049 37th av sw":[47.575957,-122.378468],
"3245 34th av s":[47.573914,-122.290199],
"3415 16th av s":[47.572581,-122.312766],
"3415 lafayette av s":[47.5724849,-122.3106301],
"37th av w \/ w barrett st":[47.6468114,-122.4046734],
"3871 46th av ne":[47.6575149,-122.279066],
"4030 roosevelt way ne":[47.6570803,-122.3177853],
"4812 ne 85th st":[47.690812,-122.276304],
"4854 rainier av s":[47.5585148,-122.2850722],
"5057 lake washington blvd s":[47.5554896,-122.2620962],
"5518 46th av s":[47.5520603,-122.275153],
"5618 seaview av nw":[47.67012,-122.404208],
"5802 24th av nw":[47.6710517,-122.3873163],
"600 1st av n":[47.6249994,-122.3546951],
"600 ne 77th st":[47.684827,-122.321363],
"6044 33rd av s":[47.546606,-122.289948],
"6207 12th av ne":[47.6735909,-122.315928],
"6415 sand point way ne":[47.6752737,-122.2637878],
"6837 36th av ne":[47.678629,-122.289613],
"6900 31st av sw":[47.5410032,-122.3720195],
"729 n 97th st":[47.6994394,-122.3486332],
"7309 38th av ne":[47.681553,-122.288085],
"7422 winona av n":[47.6829934,-122.3434159],
"753 n 101st st":[47.7019547,-122.3477073],
"7727 39th av s":[47.5326736,-122.283529],
"8027 mary av nw":[47.6877319,-122.375836],
"8445 13th av sw":[47.5269893,-122.3522509],
"8th av sw \/ sw elmgrove st":[47.5301287,-122.3455077],
"9017 2nd av nw":[47.694795,-122.359747],
"909 ne 62nd st":[47.67313,-122.318142],
"9100 aurora av n":[47.6951413,-122.3440126],
"9228 spear pl s":[47.52038,-122.274076],
"discovery park blvd \/ 36th av w":[47.6582983,-122.4035607],
"taylor av n \/ 5th av n":[47.6348854,-122.3476387],
"thackeray pl ne \/ ne 50th st":[47.6649835,-122.3261274],
"wilson av s \/ 50th av s":[47.5570731,-122.2706901]
}