{
"10446 67th av s":[47.506791,-122.249709],
"1117 1st av":[47.6057895,-122.3376018],
"1142 n 92nd st":[47.6957674,-122.3426973],
"12512 2nd av ne":[47.7199502,-122.3272167],
"132 30th av e":[47.619822,-122.29313],
"133 ne 61st st":[47.672661,-122.326752],
"1364 sturgus av s":[47.5902099,-122.3114154],
"1501 ne 68th st":[47.6775855,-122.3119457],
"1515 madrona dr":[47.613802,-122.283241],
"165 5th av n":[47.619715,-122.3476059],
"1720 e john st":[47.6197979,-122.3091391],
"1912 n 46th st":[47.662372,-122.334513],
"1946 9th av w":[47.6372616,-122.3686785],
"2123 n 140th st":[47.7302915,-122.3332501],
"2269 ne 53rd st":[47.6669691,-122.3023516],
"2519 s ferdinand st":[47.558343,-122.299506],
"2642 w plymouth st":[47.636484,-122.392213],
"3014 5th av w":[47.647122,-122.363169],
"3033 26th av w":[47.647825,-122.390603],
"3651 33rd av s":[47.5709308,-122.2910466],
"3809 31st av w":[47.654419,-122.397316],
"3840 letitia av s":[47.568578,-122.290557],
"4110 44th av sw":[47.566163,-122.387718],
"4126 12th av ne":[47.6576537,-122.3152426],
"4201 baker av nw":[47.657914,-122.359945],
"4520 15th av ne":[47.6619095,-122.3119884],
"4705 53rd av s":[47.5603698,-122.2672069],
"4809 s findlay st":[47.55169,-122.272194],
"4827 42nd av sw":[47.5584864,-122.3858896],
"5108 s alaska st":[47.5607368,-122.2689508],
"5620 8th av nw":[47.67018,-122.365824],
"5915 34th ct s":[47.549431,-122.290095],
"600 17th av e":[47.6244406,-122.3099767],
"7708 california av sw":[47.533256,-122.386934],
"8226 20th av ne":[47.689301,-122.306487],
"845 ne 94th st":[47.6965681,-122.3184151],
"9233 densmore av n":[47.6969532,-122.3379309],
"arrowsmith av s \/ s thayer st":[47.5111411,-122.2494183],
"midvale av n \/ n 47th st":[47.6628612,-122.3437817],
"nb i5 exp to convention ctr":[47.615282,-122.329406],
"s michigan st \/ 4th av s":[47.5453365,-122.3295645],
"sw stevens st \/ 60th av sw":[47.5777178,-122.4093777]
}