{
"10206 36th av sw":[47.5117071,-122.3769204],
"1154 n 92nd st":[47.6958361,-122.3421679],
"12327 28th av ne":[47.718214,-122.298387],
"12339 lake city way ne":[47.718579,-122.2959857],
"1325 31st av s":[47.5913915,-122.2926895],
"13545 corliss av n":[47.728166,-122.331918],
"1415 nw 52nd st":[47.6662139,-122.3744665],
"1425 2nd av":[47.6086386,-122.3384156],
"1827 s weller st":[47.597236,-122.307751],
"212 ne 120th st":[47.7160647,-122.3269524],
"21st av nw \/ nw 93rd st":[47.696633,-122.38259],
"2200 15th av w":[47.6386503,-122.3761896],
"2518 6th av w":[47.641955,-122.36451],
"2610 magnolia ln w":[47.6444096,-122.4146966],
"3834 e mcgraw st":[47.6401019,-122.2835408],
"431 16th av e":[47.622979,-122.311654],
"4314 w montfort pl":[47.6424014,-122.4129548],
"43rd av s \/ s othello st":[47.5370772,-122.2793914],
"4647 s cooper st":[47.510834,-122.273475],
"5433 42nd av w":[47.669357,-122.410509],
"6213 carleton av s":[47.546935,-122.320664],
"6215 52nd av ne":[47.6742668,-122.271983],
"6561 24th av ne":[47.677522,-122.302043],
"823 ne 98th st":[47.700121,-122.319346],
"8329 8th av nw":[47.6899112,-122.366516],
"8627 ravenna av ne":[47.692041,-122.302938],
"916 ne 65th st":[47.6760131,-122.3177205],
"9230 36th av s":[47.520496,-122.286823],
"s leo st \/ s fountain st":[47.5025531,-122.2612807],
"sw holden st \/ 16th av sw":[47.5336794,-122.3550054]
}