{
"10008 63rd av s":[47.511359,-122.254373],
"1020 ne 50th st":[47.6649449,-122.3168725],
"10219 valmay av nw":[47.7032298,-122.3782189],
"109 30th av e":[47.619197,-122.2937647],
"11209 12th av ne":[47.710089,-122.315625],
"1122 grand av":[47.6121253,-122.2829041],
"11331 bartlett av ne":[47.7112579,-122.2829824],
"123 n 107th st":[47.706658,-122.357046],
"1500 e pine st":[47.615294,-122.3121177],
"17th av sw \/ sw cloverdale st":[47.526493,-122.3564115],
"1900 - 2699 5th av s":[47.5244796,-122.3282153],
"1948 25th av e":[47.6372172,-122.3002735],
"208 n 62nd st":[47.674146,-122.35596],
"2102 12th av e":[47.6378453,-122.316981],
"2300 e jefferson st":[47.6061839,-122.3027787],
"2324 n 117th st":[47.714412,-122.330222],
"2324 w bertona st":[47.6504929,-122.3870155],
"25th av w \/ w ruffner st":[47.6521593,-122.3887816],
"2643 22nd av w":[47.644181,-122.385025],
"2815 10th pl w":[47.6455085,-122.3706574],
"3525 s morgan st":[47.544087,-122.28748],
"3541 sw elmgrove st":[47.530284,-122.378464],
"3612 s orcas st":[47.5514577,-122.2873319],
"3707 sw 106th st":[47.507945,-122.378475],
"3805 sw 106th st":[47.50796,-122.38027],
"3909 sunnyside av n":[47.654595,-122.330625],
"3912 s brandon st":[47.5536148,-122.2828478],
"4501 ne 55th st":[47.668823,-122.279213],
"4527 sw trenton st":[47.524638,-122.391388],
"537 27th av":[47.6072805,-122.2978417],
"601 w emerson st":[47.650645,-122.365189],
"6506 28th av s":[47.5440491,-122.296576],
"6906 27th av s":[47.540494,-122.297223],
"7020 6th av nw":[47.68021,-122.363014],
"7233 38th av s":[47.5376391,-122.2846826],
"7277 perimeter rd s":[47.5367947,-122.3038698],
"7329 15th av nw":[47.682172,-122.37714],
"7732 33rd av ne":[47.685829,-122.292387],
"8747 15th av nw":[47.6938245,-122.3768405],
"918 n 100th st":[47.7016326,-122.3464704],
"9204 interlake av n":[47.6963623,-122.3408964],
"9332 37th av s":[47.5187511,-122.285643],
"ne 128th st \/ 23rd av ne":[47.7220581,-122.3045976],
"sw campbell pl \/ sw lander st":[47.5790695,-122.4020041]
}