{
"1116 24th av e":[47.629834,-122.301262],
"1119 4th av":[47.6072286,-122.3342842],
"11332 34th av ne":[47.711171,-122.291641],
"12525 lake city way ne":[47.7199447,-122.2949231],
"1318 5th av":[47.6092904,-122.334285],
"13559 linden av n":[47.7276226,-122.3477274],
"1364 e boston st":[47.638459,-122.314525],
"1410 14th av":[47.6132799,-122.3137878],
"1414 orange pl n":[47.6315063,-122.353688],
"1929 victoria av sw":[47.585809,-122.380774],
"2103 western av":[47.6111388,-122.3450755],
"2115 5th av w":[47.638218,-122.364023],
"2300 ne 127th st":[47.7211696,-122.3043676],
"3612 41st av w":[47.652776,-122.409688],
"39th av s \/ s cambridge st":[47.5182577,-122.2836696],
"4807 sw barton st":[47.5230036,-122.3938776],
"5164 42nd av s":[47.555361,-122.280366],
"5320 s kenyon st":[47.531976,-122.265549],
"5350 s kenyon st":[47.532323,-122.263607],
"545 n 66th st":[47.67667,-122.350702],
"6128 s pilgrim st":[47.5162301,-122.2560011],
"6420 california av sw":[47.54555,-122.386744],
"6th av ne \/ ne northlake way":[47.6544772,-122.322495],
"7115 woodlawn av ne":[47.6802975,-122.3248957],
"7705 fairway dr ne":[47.6843576,-122.277682],
"7772 10th av sw":[47.5326143,-122.3477509],
"7952 renton av s":[47.5300185,-122.2778185],
"830 4th av s":[47.5949882,-122.3285253],
"8349 29th av nw":[47.6901,-122.394787],
"8614 30th av sw":[47.525994,-122.3708707],
"8732 hamlet av s":[47.5252326,-122.2653536],
"914 22nd av":[47.6105527,-122.3034099],
"9233 39th av s":[47.5203441,-122.2840636],
"931 21st av":[47.611009,-122.305398],
"n 143rd st \/ 1st av ne":[47.7322472,-122.3288794],
"ne 58th st \/ latona av ne":[47.6708439,-122.3255333]
}