{
"1103 5th av w":[47.6289078,-122.3633504],
"12344 35th av ne":[47.7186593,-122.2902547],
"131 2nd av n":[47.6190781,-122.3528782],
"13201 aurora av n":[47.7254851,-122.3470282],
"13222 3rd av nw":[47.725777,-122.360549],
"14316 30th av ne":[47.7323913,-122.2965152],
"1513 sw myrtle st":[47.5389005,-122.3544643],
"1550 n 34th st":[47.6481704,-122.3388873],
"1849 23rd av e":[47.6370549,-122.302779],
"19th av ne \/ ne 45th st":[47.6612605,-122.3072522],
"2005 ne 135th st":[47.7264141,-122.3069201],
"2007 eastlake av e":[47.637094,-122.32626],
"2424 e denny way":[47.619118,-122.300253],
"2587 magnolia blvd w":[47.6430999,-122.414913],
"2707 ne 98th st":[47.699984,-122.298121],
"2813 nw 75th st":[47.6828944,-122.3936455],
"2907 s adams st":[47.564752,-122.296785],
"29th av e \/ e valley st":[47.6258899,-122.2950642],
"3401 sw myrtle st":[47.5388598,-122.3755897],
"3513 wallingford av n":[47.6496186,-122.3363651],
"3518 sw southern st":[47.529985,-122.377608],
"4129 46th av sw":[47.565756,-122.391199],
"5034 15th av ne":[47.6659036,-122.3116081],
"5911 49th av sw":[47.5498698,-122.3954094],
"6509 47th av ne":[47.6761259,-122.278217],
"8020 corliss av n":[47.6875589,-122.3306571],
"8327 8th av nw":[47.6898429,-122.366516],
"8819 fauntleroy way sw":[47.524457,-122.394415],
"935 nw 61st st":[47.672854,-122.370364],
"aurora av n \/ keen way n":[47.6821987,-122.3443855],
"columbia st \/ minor av":[47.6083763,-122.3227213],
"pend oreille pl ne \/ pend oreille rd ne":[47.6604211,-122.3013163],
"sb i5 at mercer st":[47.622727,-122.328659]
}