{
"1014 nw 120th st":[47.7162571,-122.3688175],
"10515 exeter av ne":[47.705015,-122.276106],
"1321 24th av s":[47.591247,-122.301654],
"1506 e spring st":[47.6118012,-122.3125892],
"1907 nw 96th st":[47.698755,-122.381171],
"201 nw 40th st":[47.6554182,-122.3592502],
"2506 s juneau st":[47.550285,-122.299931],
"2629 s morgan st":[47.5443372,-122.2985024],
"2812 w elmore pl":[47.6572681,-122.393348],
"3920 east stevens way ne":[47.654282,-122.304556],
"4200 49th av s":[47.565109,-122.271605],
"4208 e lynn st":[47.639243,-122.277989],
"45th av s \/ s webster st":[47.5351892,-122.2765159],
"506 s cloverdale st":[47.526725,-122.327831],
"5947 california av sw":[47.5489661,-122.3871622],
"6057 6th av ne":[47.6738978,-122.322602],
"6806 east green lake way n":[47.6783298,-122.3276779],
"6815 48th av ne":[47.677991,-122.277261],
"6852-7103 perimeter rd s":[47.5420033,-122.3079875],
"7313 7th pl sw":[47.536254,-122.345687],
"7401 15th av ne":[47.682339,-122.3117648],
"7500 s ryan st":[47.5096003,-122.2411293],
"8035 earl av nw":[47.6877791,-122.3922573],
"8035 interlake av n":[47.688024,-122.340857],
"8646 13th av sw":[47.5251019,-122.351474],
"908 nw culbertson dr":[47.732574,-122.368836],
"9304 31st pl sw":[47.5197425,-122.3730786],
"9311 marcus av s":[47.518611,-122.275576],
"9636 55th av s":[47.515641,-122.263802],
"airport way s \/ s lucile st br":[47.5520818,-122.3197539],
"dayton av n \/ n 47th st":[47.6628876,-122.3527097],
"east green lake way n \/ n 66th st":[47.6774081,-122.3321692],
"nob hill av n \/ mcgraw st":[47.6403258,-122.3507165]
}