{
"11240 crestwood dr s":[47.501923,-122.243388],
"125 stewart st":[47.6106046,-122.3405648],
"1815 31st av s":[47.586438,-122.293436],
"19th av e \/ e roy st":[47.6252356,-122.3073306],
"2022 16th av s":[47.5848485,-122.3117019],
"22 w lee st":[47.631533,-122.357504],
"2211 n 80th st":[47.686638,-122.331108],
"2244 1st av s":[47.5827276,-122.3336929],
"2307 32nd av s":[47.582209,-122.29225],
"2537 13th av w":[47.6418274,-122.3739554],
"2912 s massachusetts st":[47.588166,-122.29424],
"3044 62nd av sw":[47.576419,-122.411655],
"3201 s morgan st":[47.544178,-122.291259],
"343 n 76th st":[47.683796,-122.353426],
"3801 renton av s":[47.569793,-122.296204],
"4331 sw brace point dr":[47.5206732,-122.3885961],
"4440 california av sw":[47.5635205,-122.3864311],
"4602 14th av nw":[47.6623762,-122.3731882],
"4604 sw austin st":[47.5352377,-122.3918677],
"46th av s \/ s othello st":[47.5370188,-122.2753302],
"4753 22nd av sw":[47.559484,-122.360672],
"5010 19th av ne":[47.665226,-122.3068814],
"5115 s mead st":[47.5502085,-122.2691871],
"5238 leary av nw":[47.6664469,-122.3818531],
"528 22nd av":[47.60704,-122.303507],
"5404 sw charlestown st":[47.5705817,-122.40171],
"5700 east marginal way s":[47.5518966,-122.3361312],
"5812 8th av nw":[47.671362,-122.365822],
"5935 26th av sw":[47.5459405,-122.3656198],
"6556 ravenna av ne":[47.677497,-122.303645],
"700 - 1099 lake washington blvd":[47.596442,-122.28866],
"700 nw 65th st":[47.6760955,-122.3646655],
"7200 15th av nw":[47.6813095,-122.376767],
"8414 seward park av s":[47.528034,-122.266054],
"9029 henderson pl sw":[47.5218616,-122.3459543],
"9629 57th av s":[47.515909,-122.262359],
"ne 92nd st \/ 32nd av ne":[47.6956625,-122.2933146]
}