{
"112 broadway e":[47.618998,-122.3208357],
"12044 10th av nw":[47.7175199,-122.3692066],
"14th av s \/ s massachusetts st":[47.5884552,-122.3148641],
"15th av ne \/ ne 106th st":[47.7064407,-122.312436],
"1634 19th av":[47.616342,-122.3068063],
"1736 palm av sw":[47.586899,-122.385345],
"1802 12th av s":[47.586852,-122.317049],
"1926 2nd av":[47.6116082,-122.34118],
"19th av ne \/ ne 52nd st":[47.6663968,-122.3071589],
"210 29th av s":[47.600445,-122.294627],
"2114 22nd av s":[47.5839063,-122.303986],
"2301 w lynn st":[47.6388729,-122.386523],
"2621 nw 64th st":[47.6750859,-122.3911219],
"3 av and bell st":[47.6147045,-122.3447934],
"3252 57th av sw":[47.574309,-122.405132],
"3319 gale pl s":[47.573397,-122.2921415],
"3909 sw alaska st":[47.5608316,-122.3819922],
"430 broadway e":[47.6229672,-122.3206009],
"4557 8th av ne":[47.6628529,-122.3195726],
"5430 25th av s":[47.552807,-122.300764],
"5629 3rd av nw":[47.670302,-122.361124],
"5801 roosevelt way ne":[47.670949,-122.317647],
"6039 7th av nw":[47.673469,-122.365388],
"6110 ne 60th st":[47.672308,-122.261635],
"618 28th av e":[47.625019,-122.296263],
"6236 39th av ne":[47.6751083,-122.2855622],
"7168 beacon av s":[47.537697,-122.292873],
"7916 roosevelt way ne":[47.686573,-122.317211],
"7960 m l king jr way s":[47.529609,-122.280203],
"8122 47th av s":[47.5296161,-122.273421],
"8616 45th av s":[47.5255629,-122.2755289],
"9355 55th av s":[47.517385,-122.264296],
"9432 13th av sw":[47.5181759,-122.351395],
"ne 44th st \/ 55th av ne":[47.6600206,-122.2690026]
}