{
"0 - 0 sb sr99 at spokane":[47.573037,-122.339393],
"1219 e aloha st":[47.626299,-122.315935],
"13016 42nd av ne":[47.723488,-122.28259],
"2008 western av":[47.6105161,-122.3438074],
"201 e louisa st":[47.6420298,-122.3251443],
"2102 ne 45th st":[47.6612975,-122.3053377],
"2300 sw spokane st":[47.5716623,-122.3623386],
"2343 n 61st st":[47.6726839,-122.329072],
"2900 fairview av e":[47.6476561,-122.3249219],
"3500 sw admiral way":[47.5785843,-122.3762608],
"411 erie av":[47.605458,-122.284884],
"427 lake washington blvd":[47.60562,-122.283849],
"46th av s \/ s ferdinand st":[47.5582151,-122.2757034],
"5736 65th av ne":[47.6712537,-122.2577501],
"6002 31st av s":[47.5478189,-122.292299],
"6612 fauntleroy way sw":[47.5439542,-122.3896032],
"6755 9th av nw":[47.679352,-122.368967],
"6772 48th av sw":[47.5412744,-122.395514],
"7142 fauntleroy way sw":[47.538421,-122.390891],
"750 s michigan st":[47.5473355,-122.3242706],
"7556 roosevelt way ne":[47.6848231,-122.3171764],
"8812 42nd av ne":[47.6927808,-122.2822751],
"8th av sw \/ sw cambridge st":[47.5191399,-122.3454197],
"924 nw 62nd st":[47.674038,-122.36988],
"9461 olson pl sw":[47.5184638,-122.3398474],
"9th av ne \/ ne 40th st":[47.6557223,-122.3188255],
"ne 97th st \/ 5th av ne":[47.6995173,-122.323093]
}