{
"1004 3rd av":[47.605669,-122.3340296],
"1011 w armour st":[47.644808,-122.370889],
"11002 24th av ne":[47.7093857,-122.3029507],
"1111 31st av":[47.612021,-122.292959],
"1111 n 76th st":[47.6838508,-122.3437306],
"120 nw 135th pl":[47.7276,-122.359223],
"1257 s cloverdale st":[47.5264294,-122.3153287],
"129 nw 85th st":[47.6904204,-122.3592883],
"1416 s jackson st":[47.5994249,-122.3134181],
"1516 s atlantic st":[47.5899992,-122.3129788],
"1627 peach ct e":[47.6338654,-122.3053935],
"1750 alki av sw":[47.586974,-122.396507],
"1809 e mcgraw st":[47.6400549,-122.30848],
"210 ne 50th st":[47.665209,-122.326653],
"2117 nw 86th st":[47.6908685,-122.3840612],
"2214 e john st":[47.620408,-122.302936],
"2225 e calhoun st":[47.6407959,-122.3026453],
"2576 25th av w":[47.643135,-122.388559],
"2702 20th av s":[47.5794409,-122.3063599],
"300 n 87th st":[47.6924377,-122.355284],
"321 w prospect st":[47.628451,-122.361558],
"3215 e madison st":[47.6271665,-122.2903295],
"3714 e columbia st":[47.609436,-122.285334],
"3913 ashworth av n":[47.654686,-122.340438],
"4052 sw henderson st":[47.5221019,-122.38523],
"4217 fremont av n":[47.6582261,-122.350326],
"4832 columbia dr s":[47.5591235,-122.3055556],
"5814 airport way s":[47.5504598,-122.3181049],
"5th av n \/ roy st":[47.6254293,-122.3475475],
"6726 55th av s":[47.5416839,-122.264233],
"6775 beach dr sw":[47.541054,-122.397863],
"6943 east green lake way n":[47.6787051,-122.3265516],
"7215 west green lake dr n":[47.6818426,-122.3437748],
"8131 29th av sw":[47.5290677,-122.3701584],
"8434 55th av s":[47.527512,-122.263598],
"8609 delridge way sw":[47.5261997,-122.3607004],
"9032 meridian pl n":[47.694763,-122.332143],
"9211 37th av s":[47.521023,-122.286323],
"929 n 90th st":[47.693974,-122.346005],
"930 n 77th st":[47.6849555,-122.3458291],
"9412 kilbourne ct sw":[47.5181106,-122.3903336],
"97 denny way":[47.6184198,-122.3555391],
"nw dock pl \/ shilshole av nw":[47.6639826,-122.3817911],
"s alaska st \/ rainier av s":[47.5607259,-122.286994]
}