{
"1519 ne 50th st":[47.6647246,-122.3110634],
"1951 3rd av w":[47.637461,-122.361353],
"1956 1st av":[47.6110212,-122.3425236],
"2000 - 2099 3rd av":[47.612731,-122.341456],
"2021 ne 135th st":[47.7264199,-122.3063931],
"20th av s \/ s hinds st":[47.5731072,-122.305693],
"2383 nw 89th pl":[47.6938866,-122.3867967],
"2802 nw 66th st":[47.676836,-122.393248],
"2817 ne 82nd st":[47.6882469,-122.296554],
"3524 cheasty blvd s":[47.571795,-122.298794],
"3731 sw austin st":[47.534723,-122.38063],
"3rd av nw \/ nw 42nd st":[47.6577965,-122.3608196],
"4111 ne 115th st":[47.712005,-122.282537],
"42nd av s \/ s othello st":[47.537049,-122.2807351],
"4430 renton av s":[47.563969,-122.29226],
"5115 s roxbury st":[47.516619,-122.268666],
"524 6th av s":[47.5976806,-122.3261093],
"601 broadway e":[47.6245184,-122.3212574],
"6836 31st av sw":[47.5415502,-122.372275],
"6909 s 115th st":[47.499494,-122.247793],
"7040 25th av nw":[47.6807783,-122.3883329],
"7401 greenwood av n":[47.6826806,-122.3556163],
"7501 45th av s":[47.5350566,-122.2768458],
"7517 31st av ne":[47.683622,-122.295116],
"8144 18th av sw":[47.52875,-122.357378],
"914 w crockett st":[47.6379539,-122.3698003],
"ne 80th st \/ 15th av ne":[47.6866898,-122.3121445]
}