{
"1001 nw elford dr":[47.72839,-122.369537],
"104 w highland dr":[47.6295877,-122.3581906],
"10440 california av sw":[47.5089378,-122.3868049],
"10719 14th av ne":[47.70741,-122.314307],
"1133 18th av":[47.612613,-122.309241],
"12011 14th av ne":[47.716435,-122.314628],
"1225 4th av":[47.6079448,-122.335011],
"12341 40th av ne":[47.718596,-122.285686],
"12524 9th av nw":[47.720372,-122.367318],
"13315 31st av ne":[47.725127,-122.294966],
"1410 e john st":[47.6204916,-122.3133063],
"1412 n 45th st":[47.6615958,-122.3400419],
"14300 15th av ne":[47.732496,-122.312387],
"1528 5th av":[47.6114003,-122.3362288],
"1708 arch av sw":[47.5875993,-122.3817097],
"1721 nw ione pl":[47.6662264,-122.3796034],
"1950 31st av w":[47.637425,-122.396436],
"2314 thorndyke av w":[47.639604,-122.386574],
"2624 s avon crest pl":[47.5395204,-122.2977347],
"2731 47th av sw":[47.5783806,-122.3923224],
"2945 sw graham st":[47.5470515,-122.3705225],
"31st av sw \/ sw morgan st":[47.5446213,-122.3726134],
"3432 17th av s":[47.5720744,-122.3111106],
"3701 east stevens way ne":[47.6547129,-122.3048829],
"3926 42nd av s":[47.567959,-122.280406],
"4604 sw wildwood pl":[47.5215232,-122.3910023],
"4710 thackeray pl ne":[47.663527,-122.32582],
"507 12th av e":[47.6233703,-122.3169973],
"5506 33rd av s":[47.552212,-122.290117],
"5526 26th av ne":[47.669355,-122.299245],
"5730 ne 56th st":[47.669488,-122.265636],
"6302 28th av nw":[47.6747021,-122.3927539],
"6302 ravenna av ne":[47.674842,-122.303485],
"8350 14th av nw":[47.6901889,-122.373736],
"8824 densmore av n":[47.693132,-122.337432],
"8924 15th av ne":[47.693836,-122.311832],
"908 stewart st":[47.616026,-122.3344789],
"n 39th st \/ aurora av n":[47.6541408,-122.3472339],
"n 92nd st \/ greenwood av n":[47.6960339,-122.3553676],
"ne 47th st \/ 8th av ne":[47.6631431,-122.3195513],
"s edmunds st \/ airport way s":[47.5597904,-122.3232684],
"sw spokane st \/ 47th av sw":[47.5720723,-122.3920916]
}