{
"100 broadway":[47.601698,-122.32075],
"10420 57th av s":[47.5075863,-122.2609082],
"11 w nickerson st":[47.6497061,-122.3575434],
"13038 riviera pl ne":[47.724013,-122.280413],
"1320 e pike st":[47.6143169,-122.3145552],
"14104 phinney av n":[47.7310508,-122.3541938],
"1732 s ferdinand st":[47.559433,-122.309008],
"2105 38th av e":[47.637157,-122.284311],
"2224 n 54th st":[47.667688,-122.331115],
"2300 2nd av":[47.614062,-122.3456506],
"2616 ne 117th st":[47.7145113,-122.299441],
"3116 ne 84th st":[47.6897379,-122.2943096],
"3720 airport way s":[47.5701225,-122.3222309],
"3831 47th av ne":[47.656305,-122.277756],
"40th av sw \/ gatewood rd sw":[47.5360752,-122.3837219],
"4248 s orcas st":[47.551402,-122.278652],
"4306 sw 104th st":[47.510284,-122.387584],
"4709 s hudson st":[47.556756,-122.273908],
"4887 columbia dr s":[47.55793,-122.305128],
"5046 7th av ne":[47.6663484,-122.3203908],
"5212 46th av s":[47.554719,-122.275049],
"5301 1st av nw":[47.6676419,-122.3576006],
"5816 vassar av ne":[47.6723986,-122.2762204],
"5901 delridge way sw":[47.5500937,-122.363015],
"5926 34th ct s":[47.548997,-122.289408],
"7324 52nd av ne":[47.681893,-122.271345],
"822 ne 91st st":[47.695187,-122.319329],
"8514 fauntlee crest sw":[47.527462,-122.386333],
"903 n 95th st":[47.6978052,-122.3470061],
"9750 4th av nw":[47.701171,-122.361815],
"9th av s \/ s hinds st":[47.5736067,-122.32154],
"e harrison st \/ 31st av e":[47.6224929,-122.2919221],
"nw 60th st \/ 6th av nw":[47.6723529,-122.3639785],
"union st \/ 4th av":[47.6092253,-122.3357939],
"yale av n \/ republican st":[47.6231228,-122.330436]
}