{
"11502 15th av ne":[47.7124701,-122.3124284],
"12012 evanston av n":[47.716385,-122.35119],
"1211 6th av n":[47.6301404,-122.3453104],
"12566 meridian av n":[47.7213084,-122.3339126],
"1262 parkside dr e":[47.631709,-122.290156],
"14313 aurora av n":[47.7327817,-122.3456591],
"1521 ne northgate way":[47.70822,-122.311507],
"1600 9th av":[47.6144113,-122.3315094],
"2120 ne 88th st":[47.69236,-122.304794],
"2225 e north st":[47.6436205,-122.3024921],
"2555 21st av w":[47.6424461,-122.3833463],
"25th av sw \/ sw juneau st":[47.550103,-122.3643324],
"2603 ne 46th st":[47.6615912,-122.2996448],
"2617 1st av n":[47.6438323,-122.3558656],
"2715 34th av s":[47.5792027,-122.2900649],
"3014 10th av w":[47.647355,-122.370023],
"3042 nw 62nd st":[47.6739249,-122.397526],
"3609 sw othello st":[47.536675,-122.3787133],
"3715 sw alaska st":[47.560966,-122.379917],
"401 nw 95th st":[47.697662,-122.362288],
"4028 23rd av sw":[47.567512,-122.361922],
"4045 ne 95th st":[47.696646,-122.283447],
"5007 38th av sw":[47.557161,-122.3806],
"5233 sw jacobsen rd":[47.559001,-122.400171],
"550 s michigan st":[47.5462526,-122.3270092],
"665 s jackson st":[47.5991486,-122.3242932],
"6732 26th av nw":[47.6786622,-122.3894371],
"730 belmont pl e":[47.626342,-122.3242451],
"9028 dayton av n":[47.695194,-122.352271],
"9058 burke av n":[47.695745,-122.334753],
"9612 22nd ct nw":[47.699227,-122.383717],
"ne 70th st \/ 5th av ne":[47.6794732,-122.3228207]
}