{
"11550 6th pl ne":[47.713707,-122.322318],
"117 25th av":[47.602164,-122.300294],
"13th av s \/ s snoqualmie st":[47.5616967,-122.3160679],
"1805 e spruce st":[47.6033822,-122.3085591],
"1902 pike pl":[47.6098809,-122.342194],
"2038 yale av e":[47.637916,-122.32677],
"206 27th av s":[47.600577,-122.297575],
"222 15th av":[47.6041946,-122.3126274],
"2802 30th av w":[47.644739,-122.395233],
"320 8th av":[47.6029752,-122.3242304],
"3210 38th av w":[47.649018,-122.405418],
"3823 s sullivan st":[47.5267743,-122.2842415],
"435 mcgilvra blvd e":[47.62338,-122.284832],
"4999 2nd av s":[47.55767,-122.332672],
"5254 brooklyn av ne":[47.6680497,-122.3138315],
"5608 latona av ne":[47.6696603,-122.3252258],
"5821 vassar av ne":[47.672056,-122.276509],
"7146 44th av s":[47.537545,-122.277702],
"7509 42nd av ne":[47.683368,-122.283426],
"8038 28th av nw":[47.6878984,-122.3927026],
"8401 rainier pl s":[47.5276519,-122.2707211],
"e calhoun st \/ montlake bike path trl":[47.6410241,-122.3079684],
"station 11":[47.5337571,-122.3547282]
}