{
"1208 23rd av e":[47.630576,-122.302009],
"14335 ashworth av n":[47.733297,-122.340015],
"1762 airport way s":[47.5866343,-122.3212377],
"2305 ne northgate way":[47.7087968,-122.3041327],
"24th av nw \/ nw 63rd st":[47.6745602,-122.3875964],
"2800 26th av w":[47.644778,-122.389929],
"2864 nw 68th st":[47.678244,-122.395455],
"3003 65th av sw":[47.576697,-122.416294],
"3010 ne 117th st":[47.713821,-122.295621],
"3202 s dearborn st":[47.595959,-122.291281],
"360 27th av":[47.606035,-122.29752],
"3600 phinney av n":[47.6522465,-122.3544626],
"3731 s dawson st":[47.555252,-122.284741],
"417 32nd av e":[47.6230719,-122.2913618],
"4617 sw frontenac st":[47.5403019,-122.39216],
"4623 1st av ne":[47.6633134,-122.3284712],
"6309 beach dr sw":[47.5464082,-122.399221],
"746 s monroe st":[47.5314576,-122.323464],
"7522 26th av nw":[47.6838161,-122.3894584],
"7723 meridian av n":[47.6857735,-122.3332469],
"8738 hamlet av s":[47.525146,-122.265198],
"950 n 43rd st":[47.6597298,-122.346464],
"9627 18th av ne":[47.6897348,-122.3089951],
"renton av s \/ s rose st":[47.5295658,-122.2781047],
"stewart st \/ westlake av":[47.6132678,-122.3374964]
}