{
"1031 ne 114th st":[47.710813,-122.316557],
"10510 15th av nw":[47.705518,-122.37616],
"1064 ne 97th st":[47.6996367,-122.3151134],
"1114 19th av e":[47.629159,-122.30688],
"129 27th av e":[47.6197911,-122.29727],
"1321 n 45th st":[47.661158,-122.341093],
"1734 alki av sw":[47.587245,-122.396334],
"18th av ne \/ ne 70th st":[47.6794338,-122.3087873],
"2311 2nd av n":[47.639536,-122.353506],
"2855 nw 65th st":[47.6757531,-122.395349],
"2915 utah av s":[47.5785672,-122.335139],
"3402 14th av w":[47.6504964,-122.3745218],
"370 lynn st":[47.639257,-122.3498509],
"3816 s mead st":[47.55068,-122.284061],
"4322 woodlawn av n":[47.6598688,-122.3382388],
"4331 sw cambridge st":[47.518062,-122.38895],
"4600 leary way nw":[47.662444,-122.36755],
"5020 48th av s":[47.556364,-122.272309],
"5045 37th av s":[47.555688,-122.286493],
"509 17th av e":[47.6235478,-122.310319],
"5224 s dawson st":[47.555062,-122.266969],
"5534 30th av ne":[47.66953,-122.294714],
"5951 high point dr sw":[47.5494332,-122.3692297],
"6531 37th av sw":[47.54378,-122.379548],
"6758 35th av sw":[47.541177,-122.376117],
"6824 fremont av n":[47.679471,-122.349608],
"6th av \/ aurora av n fr battery\/6th":[47.6175252,-122.3436096],
"7410 5th av s":[47.536202,-122.327775],
"7514 35th av sw":[47.5350325,-122.3763213],
"926 n 71st st":[47.680523,-122.346026],
"929 nw 51st st":[47.6655019,-122.370145],
"9616 16th av sw":[47.5168653,-122.3551364],
"n 138th st \/ linden av n":[47.7296702,-122.3477464]
}