{
"113 25th av s":[47.601203,-122.300254],
"1144 eastlake av e":[47.6297249,-122.3283591],
"1206 ne 61st st":[47.6725493,-122.3151746],
"12300 sand point way ne":[47.7173857,-122.2838888],
"12517 lake city way ne":[47.7197614,-122.2950365],
"1437 23rd av":[47.61404,-122.302986],
"1530 aurora av n":[47.6332812,-122.343131],
"19th av w \/ w emerson pl":[47.6543126,-122.3813216],
"2216 3rd av":[47.6142697,-122.3440429],
"2233 2nd av":[47.6139035,-122.3454353],
"2557 35th av w":[47.6428999,-122.4026552],
"3011 s brighton st":[47.5412326,-122.2927159],
"3423 evanston av n":[47.650174,-122.3513268],
"3722 sw monroe st":[47.531531,-122.380437],
"401 e pike st":[47.6140764,-122.3268082],
"4255 23rd av w":[47.659216,-122.386292],
"5202 18th av sw":[47.555583,-122.356694],
"5314 s wallace st":[47.49794,-122.267436],
"5722 sw admiral way":[47.577133,-122.406382],
"7300 m l king jr way s":[47.5370356,-122.2809142],
"7400 15th av nw":[47.6831575,-122.376778],
"7726 15th av sw":[47.5328719,-122.3535943],
"8002 43rd av ne":[47.686819,-122.281832],
"8023 17th av ne":[47.687402,-122.310334],
"8118 12th av sw":[47.529516,-122.350211],
"8550 mary av nw":[47.6921139,-122.374946],
"8814 12th av s":[47.524226,-122.317348],
"9025 cecil av s":[47.522895,-122.288452],
"ne 65th st \/ hillman pl ne":[47.6758715,-122.3228345],
"poplar pl s \/ s charles st":[47.5939244,-122.3116016]
}