{
"10310 15th av ne":[47.703401,-122.312005],
"10621 bagley av n":[47.7066185,-122.3328214],
"1118 ne 75th st":[47.683312,-122.315833],
"1194 n 94th st":[47.697101,-122.3420344],
"13020 riviera pl ne":[47.723543,-122.280523],
"14303 36th av ne":[47.73209,-122.290108],
"1501 nw 51st st":[47.6657034,-122.3762322],
"1617 sw webster st":[47.5352838,-122.3558197],
"1671 e boston ter":[47.636815,-122.312361],
"1907 e aloha st":[47.6267084,-122.3067785],
"2231 w halladay st":[47.641922,-122.386724],
"2257 14th av w":[47.640249,-122.375357],
"2332 28th av s":[47.581943,-122.296061],
"2555 magnolia blvd w":[47.642489,-122.415338],
"2724 6th av s":[47.579081,-122.325533],
"2922 s nevada st":[47.5644839,-122.296049],
"3620 ne 103rd st":[47.7031378,-122.2884569],
"3652 interlake av n":[47.6520827,-122.3410158],
"3826 s findlay st":[47.5521465,-122.2840453],
"4109 franklin pl ne":[47.6588183,-122.2937069],
"4157 california av sw":[47.5649379,-122.3871763],
"4610 42nd av s":[47.561336,-122.280372],
"506 28th av s":[47.5977046,-122.2960279],
"5211 41st av sw":[47.5552501,-122.3844719],
"703 nw 116th st":[47.712562,-122.365309],
"7216 33rd av nw":[47.681494,-122.399457],
"7533 29th av nw":[47.6841372,-122.3946653],
"8245 30th av ne":[47.6897477,-122.2963439],
"825 s rose st":[47.528763,-122.321745],
"8705 26th av ne":[47.692322,-122.300139],
"8826 24th av sw":[47.523842,-122.362773],
"9253 fremont av n":[47.697451,-122.3502637],
"9536 ashworth av n":[47.6985401,-122.3385591],
"james st \/ 5th av":[47.6036845,-122.3291906],
"ne 65th st \/ 26th av ne":[47.67578,-122.2995801],
"occidental av s \/ edgar martinez dr s":[47.5902443,-122.3332458]
}