{
"10235 37th av sw":[47.5109217,-122.3785777],
"12421 greenwood av n":[47.7192695,-122.3559178],
"13200 aurora av n":[47.725033,-122.343607],
"13401 corliss av n":[47.7261732,-122.3318507],
"1634 21st av":[47.616344,-122.304467],
"1952 1st av":[47.6110165,-122.3425156],
"2046 26th av e":[47.6392499,-122.299091],
"2100 3rd av":[47.6135579,-122.3422119],
"2118 nw 94th st":[47.697709,-122.384122],
"2511 s brandon st":[47.5535169,-122.3008141],
"2544 ne 107th st":[47.706887,-122.299593],
"27th av nw \/ nw esplanade":[47.7008415,-122.3923104],
"3219 25th av w":[47.649127,-122.388983],
"3815 12th av w":[47.654565,-122.372871],
"4002 dayton av n":[47.655562,-122.3523267],
"4226 ne 123rd st":[47.717593,-122.281543],
"5014 27th av s":[47.556798,-122.297694],
"5223 18th av sw":[47.554929,-122.357417],
"5816 princeton av ne":[47.672311,-122.274526],
"616 n 60th st":[47.672666,-122.350584],
"630 randolph pl":[47.6077766,-122.2853486],
"6341 40th av sw":[47.5454061,-122.3835235],
"640 nw 85th st":[47.690937,-122.365116],
"7133 38th av sw":[47.538695,-122.38068],
"7143 31st av sw":[47.5379621,-122.3728383],
"734 34th av":[47.608962,-122.289081],
"7947 13th av sw":[47.530465,-122.352027],
"8016 31st av nw":[47.6873276,-122.396629],
"8735 19th av nw":[47.6934327,-122.3813655],
"convention pl":[47.612758,-122.3309807],
"corliss av n & n northgate way":[47.7086115,-122.3313298],
"n 53rd st \/ green lake way n":[47.6670798,-122.3400888]
}