{
"0 wb wsea frwy to fauntleroy":[47.570681,-122.372391],
"104 nw 103rd st":[47.7038749,-122.358531],
"1100 westlake av n":[47.6293491,-122.340978],
"1134 federal av e":[47.629719,-122.318833],
"11725 evanston av n":[47.714973,-122.351954],
"12259 2nd av nw":[47.7194641,-122.3600414],
"13013 sunnyside av n":[47.723632,-122.330648],
"1400 e spruce st":[47.6036838,-122.3138614],
"1427 woodrow pl e":[47.6318165,-122.2849138],
"15712 5th av ne":[47.7431259,-122.323386],
"15th av nw \/ nw 60th st":[47.6723706,-122.3762146],
"1900 4th av":[47.6125702,-122.3387332],
"2201 sw holden st":[47.5333577,-122.3637596],
"23rd av nw \/ nw 85th st":[47.6905782,-122.3854228],
"2408 w raye st":[47.643712,-122.38814],
"3046 43rd av w":[47.648175,-122.41156],
"3049 ne 94th st":[47.696306,-122.293882],
"3244 walnut av sw":[47.574289,-122.383255],
"350 nw 87th st":[47.692282,-122.362909],
"3717 ne 44th st":[47.6603039,-122.287417],
"3803 s edmonds st":[47.558606,-122.2851075],
"3810 ne 94th st":[47.696925,-122.287134],
"4059 8th av ne":[47.657365,-122.320118],
"4137 university way ne":[47.657965,-122.3134931],
"4620 ne 107th st":[47.707707,-122.277316],
"47th av sw \/ sw hill st":[47.5854377,-122.3917768],
"5623 25th av sw":[47.55124,-122.364699],
"5th av s \/ s director st":[47.5223057,-122.328219],
"6200 33rd av ne":[47.6742567,-122.2919101],
"6229 29th av ne":[47.674833,-122.296754],
"625 5th av s":[47.5971181,-122.3280212],
"6750 4th av nw":[47.6792638,-122.361182],
"700 w mcgraw st":[47.6395949,-122.3662754],
"7322 28th av nw":[47.6819863,-122.3926704],
"7712 35th av ne":[47.6852984,-122.2902309],
"821 nw 97th st":[47.699951,-122.367032],
"9553 31st av nw":[47.698872,-122.396428],
"aloha st \/ westlake av n":[47.6270009,-122.3397443],
"n 86th st \/ aurora av n":[47.691285,-122.3445957],
"s carver st \/ waters av s":[47.5179154,-122.2597837],
"sw atlantic st \/ california av sw":[47.5905969,-122.3861929],
"w mercer pl \/ 6th av w":[47.6252142,-122.3645156]
}