{
"12334 33rd av ne":[47.7184839,-122.2924207],
"1316 lakeside av s":[47.5915812,-122.2871744],
"1400 sw 107th st":[47.5071584,-122.3526915],
"14003 35th av ne":[47.730209,-122.2910114],
"14056 19th av ne":[47.731906,-122.308382],
"14th av ne \/ ne 70th st":[47.6794451,-122.3131961],
"1611 n 90th st":[47.693897,-122.338686],
"1952 9th av w":[47.637472,-122.368691],
"3706 20th av sw":[47.5706909,-122.358899],
"4400 gilman av w":[47.6594644,-122.390926],
"4700 26th av sw":[47.560959,-122.3652326],
"4706 s findlay st":[47.552073,-122.2737576],
"5141 47th av ne":[47.6671937,-122.2773788],
"539 n 72nd st":[47.6808369,-122.350813],
"5900 4th av s":[47.5502144,-122.3286593],
"5th av \/ pike st":[47.6106748,-122.3355833],
"6262 27th av ne":[47.6756187,-122.2983365],
"66 bell st":[47.6126304,-122.3478398],
"7557 9th av nw":[47.68494,-122.368648],
"8227 16th av ne":[47.6893198,-122.3114338],
"8247 5th av s":[47.5305431,-122.3291668],
"8432 9th av sw":[47.5273718,-122.3464262],
"9205 38th av s":[47.521109,-122.285168],
"9431 50th av s":[47.517356,-122.271414],
"9829 44th av sw":[47.514806,-122.389028],
"sw holly st \/ fauntleroy way sw":[47.5431175,-122.3900402]
}