{
"0 - 0 wb wsea frwy to admiral":[47.571579,-122.367558],
"1218 s sullivan st":[47.527488,-122.316636],
"12623 10th av ne":[47.72094,-122.3184366],
"13526 30th av ne":[47.727342,-122.296004],
"1418 e spruce st":[47.6036438,-122.3133322],
"14320 23rd pl ne":[47.733086,-122.304391],
"144 ne 62nd st":[47.6738396,-122.3261794],
"1537 nw 56th st":[47.6694382,-122.3773665],
"1744 28th av s":[47.587015,-122.296692],
"17th av nw \/ nw 75th st":[47.683216,-122.3789258],
"2113 n 107th st":[47.706625,-122.333309],
"2163 boyer av e":[47.638809,-122.309768],
"2414 43rd av e":[47.6411019,-122.27605],
"2419 1st av":[47.6143845,-122.3488436],
"2916 s willow st":[47.5408141,-122.2951403],
"3020 s dakota st":[47.5663243,-122.2932402],
"3222 nw 54th st":[47.6678336,-122.3993217],
"3256 nw 54th st":[47.667888,-122.400267],
"4130 47th av sw":[47.5656272,-122.3917912],
"4723 sw hudson st":[47.5573796,-122.3932261],
"4816 crest pl s":[47.5591583,-122.2971391],
"4th av nw \/ nw 67th st":[47.6777926,-122.3614647],
"5041 50th av sw":[47.5562732,-122.3966953],
"534 n 68th st":[47.678967,-122.350987],
"5424 25th av sw":[47.5529349,-122.3640194],
"5822 ann arbor av ne":[47.672739,-122.275398],
"6525 sycamore av nw":[47.676764,-122.358757],
"6559 5th av nw":[47.677653,-122.362812],
"80 s washington st":[47.6010099,-122.3349185],
"8403 greenwood av n":[47.6899788,-122.355524],
"8615 corliss av n":[47.691646,-122.3313514],
"8725 19th av nw":[47.6931937,-122.3814029],
"915 21st av":[47.610512,-122.305411],
"cascadia av s \/ s court st":[47.5706802,-122.2828569],
"denny way \/ boren av n":[47.6185294,-122.3358843],
"riviera pl ne \/ ne 112th st":[47.7108553,-122.2768358],
"roy st \/ 3rd av n":[47.6254439,-122.351473]
}