{
"1418 24th av e":[47.63191,-122.301225],
"1510 21st av s":[47.589244,-122.304831],
"1526 n 39th st":[47.654484,-122.3390132],
"1617 boylston av":[47.6158351,-122.323747],
"1704 ne pacific st":[47.6519548,-122.310494],
"1805 16th av s":[47.586816,-122.312488],
"1st av n \/ crockett st":[47.637168,-122.3556027],
"2014 9th av":[47.616906,-122.336048],
"2274 lotus av access rd":[47.5827792,-122.3750809],
"2710 60th av sw":[47.579151,-122.408966],
"3235 42nd av sw":[47.5745024,-122.3859194],
"3308 18th av s":[47.573716,-122.307805],
"4612 beach dr sw":[47.5620847,-122.4048342],
"5300 beacon av s":[47.5549284,-122.3028955],
"6052 fauntleroy way sw":[47.5468718,-122.3828852],
"6526 4th av ne":[47.6766275,-122.3247747],
"6543 40th av sw":[47.5435469,-122.383531],
"723 20th av e":[47.625925,-122.3063433],
"7619 m l king jr way s":[47.5354304,-122.2809275],
"7718 16th av nw":[47.6855968,-122.3775292],
"7938 30th av sw":[47.530746,-122.370851],
"822 ne 55th st":[47.668813,-122.319032],
"8451 8th av sw":[47.5268,-122.3457539],
"8738 phinney av n":[47.693584,-122.35354],
"e cherry st \/ 32nd av":[47.6079666,-122.2915226],
"e olin pl \/ 15th av e":[47.6345837,-122.3130649],
"lenora st \/ 6th av":[47.615158,-122.339616],
"nw 67th st \/ 20th av nw":[47.6777222,-122.3821155],
"spruce st \/ 9th av":[47.6027056,-122.3221354]
}