{
"0 nb i5 fr michigan":[47.548793,-122.315055],
"116 ne 53rd st":[47.6673929,-122.327583],
"1222 s hanford st":[47.5753445,-122.3162641],
"12567 corliss av n":[47.7207145,-122.3310008],
"1321 44th av sw":[47.5915493,-122.3876106],
"13739 35th av ne":[47.729616,-122.291326],
"1712 nw 62nd st":[47.6739562,-122.3795718],
"1816 ne ravenna blvd":[47.670475,-122.307553],
"2130 n 90th st":[47.69405,-122.332551],
"2750 nw 85th st":[47.690787,-122.39218],
"3751 sw grayson st":[47.5816446,-122.3793231],
"4114 w bertona st":[47.6506649,-122.410278],
"46th av ne \/ ne 38th st":[47.655584,-122.2781008],
"4800 40th av sw":[47.5590074,-122.3824517],
"4825 49th av s":[47.558552,-122.272351],
"5350 sw admiral way":[47.578202,-122.402295],
"5508 22nd av nw":[47.6690605,-122.3847392],
"620 w garfield st":[47.6337094,-122.3660855],
"8705 corliss av n":[47.692054,-122.331353],
"9108 35th av ne":[47.6948679,-122.2903436],
"931 27th av":[47.6108763,-122.2979069],
"9379 marcus av s":[47.5170488,-122.2744747],
"9704 holman rd nw":[47.699748,-122.36538],
"n 35th st \/ troll av n":[47.6501506,-122.3473496],
"n 72nd st \/ aurora av n":[47.681042,-122.3447234],
"nw 62nd st \/ 14th av nw":[47.6738195,-122.3735063],
"s rose st \/ 10th av s":[47.5290106,-122.3201966],
"s willow st \/ seward park av s":[47.5406824,-122.2660399]
}