{
"10313 ravenna av ne":[47.703486,-122.299052],
"10441 40th av sw":[47.508836,-122.38328],
"1128 nw 59th st":[47.6716393,-122.3720651],
"12801 8th av ne":[47.72244,-122.321221],
"1410 nw market st":[47.6686696,-122.3737432],
"150 8th av":[47.6022713,-122.322463],
"1721 17th av":[47.6171381,-122.3101644],
"2343 19th av s":[47.581716,-122.308561],
"240 dorffel dr e":[47.6207053,-122.284129],
"2406 sw thistle st":[47.528471,-122.363572],
"301 s cloverdale st":[47.5266739,-122.3308104],
"3208 24th av s":[47.5747292,-122.3014252],
"3409 e ward st":[47.627099,-122.28778],
"35th av s \/ s king st":[47.5979361,-122.2877373],
"3719 20th av sw":[47.5703567,-122.3594825],
"3754 sw ida st":[47.534481,-122.381769],
"4028 34th av s":[47.567029,-122.290694],
"427 12th av e":[47.622759,-122.317084],
"4321 ne 60th st":[47.671866,-122.281203],
"4500 thackeray pl ne":[47.6613488,-122.3261653],
"4601 s raymond pl":[47.548536,-122.275217],
"515 s main st":[47.5998559,-122.3267847],
"541 26th av":[47.607423,-122.299218],
"5518 16th av ne":[47.669067,-122.31043],
"5615 s fountain st":[47.503205,-122.26249],
"615 14th av e":[47.624806,-122.314951],
"6531 shaffer av s":[47.5433876,-122.294976],
"7529 34th av ne":[47.6839391,-122.2918757],
"7925 densmore av n":[47.6863876,-122.3382664],
"7933 34th av sw":[47.530893,-122.375659],
"80 vine st":[47.6149568,-122.3506434],
"831 ne 58th st":[47.670542,-122.318673],
"911 ne ravenna blvd":[47.67198,-122.318352],
"912 e pike st":[47.6142832,-122.3199201],
"915 1st av n":[47.6277089,-122.3556776],
"ne 137th st \/ 20th av ne":[47.7284162,-122.3072783],
"nw 57th st \/ 11th av nw":[47.6701617,-122.3707824],
"west viewmont way w \/ w bertona st":[47.6504489,-122.4095573]
}