{
"11005 arroyo beach pl sw":[47.504249,-122.388109],
"11045 8 ave ne":[47.709916,-122.321596],
"11334 35th av ne":[47.711226,-122.290278],
"1145 33rd av e":[47.629264,-122.289885],
"12010 32nd av ne":[47.7159893,-122.2940093],
"132 ne 60th st":[47.6724585,-122.3268006],
"1439 nw 65th st":[47.675778,-122.375307],
"1529 ne 113th st":[47.7101685,-122.311275],
"1923 5th av":[47.613299,-122.339064],
"2318 n 133rd st":[47.725246,-122.330657],
"2347 california av sw":[47.5815327,-122.387015],
"23rd av w \/ w elmore st":[47.6576362,-122.3859429],
"2412 40th av e":[47.640498,-122.281667],
"26th av s \/ s dawson st":[47.5560995,-122.2992013],
"3130 franklin av e":[47.649486,-122.320911],
"3525 s webster st":[47.5350171,-122.2870566],
"371 valley st":[47.6261795,-122.3492614],
"3856 26th av w":[47.6557414,-122.3895973],
"3904 ne 105th st":[47.704986,-122.286568],
"4719 16th av ne":[47.6636503,-122.3111288],
"4745 delridge way sw":[47.559743,-122.363305],
"4837 s holden st":[47.533366,-122.271065],
"5211 fauntleroy way sw":[47.55522,-122.381838],
"5632 delridge way sw":[47.550872,-122.362598],
"5710 s augusta st":[47.5003576,-122.2606443],
"5th av \/ jefferson st":[47.6029928,-122.3285528],
"604 n 46th st":[47.662381,-122.351129],
"6307 sw marguerite ct":[47.5736786,-122.4139101],
"8043 10th av nw":[47.688168,-122.36967],
"806 ne 106th st":[47.7059773,-122.3204634],
"820 w garfield st":[47.633766,-122.368726],
"8311 37th av s":[47.5291179,-122.286275],
"9008 17th av sw":[47.522484,-122.356075],
"e alder st \/ 25th av":[47.6043207,-122.2999479],
"n 90th st \/ greenwood av n":[47.6942285,-122.3553334],
"stone av n \/ n 96th st":[47.6985459,-122.3419116],
"virginia st \/ 8th av":[47.6157271,-122.3365868]
}