{
"0 - 0 seward park rd":[47.5510385,-122.2568509],
"0 nb i5 to lakeview":[47.632258,-122.324055],
"10207 8th av ne":[47.702449,-122.32074],
"10752 4th av nw":[47.7083749,-122.361542],
"11332 39th av ne":[47.711086,-122.2862953],
"11340 23rd av ne":[47.711486,-122.30368],
"1406 s lander st":[47.579695,-122.314251],
"1522 18th av":[47.614766,-122.308453],
"1645 interlaken pl e":[47.634369,-122.303315],
"1800 e hamlin st":[47.6455846,-122.3085859],
"199 nw canal st":[47.6528728,-122.3595092],
"20 roy st":[47.6256295,-122.3557783],
"2044 nw 64th st":[47.67551,-122.384101],
"2068 42nd av e":[47.638931,-122.278165],
"220 nw 105th st":[47.7053076,-122.3603863],
"2718 2nd av n":[47.64523,-122.353109],
"2840 sw nevada st":[47.5656526,-122.369915],
"3318 16th av s":[47.5734483,-122.3121379],
"3816 courtland pl s":[47.569196,-122.286908],
"3853 33rd av w":[47.6556994,-122.399766],
"4536 38th av sw":[47.5617895,-122.3800318],
"45th av ne \/ ne 92nd st":[47.6952935,-122.2799804],
"4611 35th av sw":[47.5616067,-122.3763927],
"4724 s lucile st":[47.5528281,-122.2730769],
"5020 12th av ne":[47.6655473,-122.3149099],
"5520 31st av ne":[47.6691995,-122.2935034],
"5617 45th av sw":[47.5515911,-122.3902062],
"5762 sw orleans st":[47.571374,-122.407188],
"6520 31st av ne":[47.6764162,-122.2937743],
"7325 27th av nw":[47.682098,-122.391167],
"7406 4th av ne":[47.6818045,-122.3254341],
"7415 46th av s":[47.53539,-122.275821],
"8427 renton av s":[47.527035,-122.27771],
"8505 stone av n":[47.690812,-122.341582],
"admiral avalon rp \/ sw avalon way":[47.5707118,-122.3706537],
"s spokane st \/ 5th av s":[47.5715929,-122.32754]
}