{
"10829 24th av ne":[47.708456,-122.303388],
"11543 sand point way ne":[47.713567,-122.282833],
"11th av nw \/ nw 90th st":[47.6943006,-122.3700483],
"1520 7th av":[47.6121801,-122.3337185],
"1720 ne brockman pl":[47.7225934,-122.3099151],
"1946 boyer av e":[47.6369649,-122.304397],
"212 3rd av s":[47.6004274,-122.3298679],
"23rd av nw \/ nw 70th st":[47.6795102,-122.3853634],
"321 15th av e":[47.6213212,-122.3130427],
"3416 fremont av n":[47.6501129,-122.3495295],
"3500 e spruce st":[47.603922,-122.288037],
"3516 albion pl n":[47.6499207,-122.3447138],
"3611 w commodore way":[47.66576,-122.4042017],
"3800 s genesee st":[47.5641364,-122.2844064],
"3921 47th av ne":[47.656972,-122.278012],
"3rd av \/ battery st":[47.6154719,-122.346096],
"525 pontius av n":[47.623405,-122.3317361],
"59th av s \/ s prentice st":[47.5082236,-122.2594314],
"6547 23rd av ne":[47.677189,-122.303106],
"656 howe st":[47.6361888,-122.3432275],
"6818 21st av ne":[47.678212,-122.304843],
"806 ne 84th st":[47.689877,-122.319911],
"8501 12th av nw":[47.690958,-122.371832],
"8610 10th av sw":[47.526101,-122.347673],
"936 36th av":[47.611472,-122.286852],
"9630 55th av s":[47.5159155,-122.2638482],
"boren av s \/ 14th av s":[47.5992138,-122.3141341],
"nw 56th st \/ 11th av nw":[47.6694362,-122.3707843],
"sb i5 exp fr 42":[47.656039,-122.322482],
"w comstock st \/ 4th av w":[47.6304684,-122.3617856]
}