{
"0 - 0 eb i90 fr nb i5":[47.589961,-122.320533],
"1013 ne 80th st":[47.686542,-122.316853],
"10610 bagley av n":[47.70629,-122.332277],
"11358 14th av ne":[47.712018,-122.313401],
"13605 4th av ne":[47.72784,-122.32562],
"1734 ne 92nd st":[47.6959937,-122.3079453],
"218 w crockett st":[47.637396,-122.360561],
"2201 nw 62nd st":[47.6736,-122.38508],
"24 broad st":[47.615598,-122.354253],
"2816 ne 117th st":[47.714152,-122.296813],
"3223 34th av w":[47.649444,-122.401364],
"3310 59th av sw":[47.574908,-122.407747],
"3333 e terrace st":[47.6050536,-122.2890609],
"348 nw 74th st":[47.682742,-122.362786],
"3902 14th av s":[47.5687714,-122.3147025],
"39th av ne \/ ne 68th st":[47.6776159,-122.2860082],
"4301 stone way n":[47.6594876,-122.3425487],
"4303 4th av ne":[47.6591257,-122.3243481],
"4611 ne 75th st":[47.682808,-122.278158],
"4724 thackeray pl ne":[47.663855,-122.325815],
"4th av & spring st":[47.6067961,-122.333548],
"514 w galer st":[47.632547,-122.364527],
"539 27th av":[47.607329,-122.298165],
"5th av ne \/ ne 120th st":[47.7158605,-122.3234931],
"6017 47th av sw":[47.547991,-122.392885],
"6810 francis av n":[47.6791494,-122.3531056],
"800 4th av":[47.6046737,-122.3315966],
"8005 23rd av nw":[47.6871135,-122.3856563],
"805 e pine st":[47.6149038,-122.3217302],
"8305 duncan av s":[47.529294,-122.2672],
"937 northgate mall":[47.7062086,-122.3258737],
"9436 18th av sw":[47.518059,-122.35745],
"densmore av n \/ n 85th st":[47.6905101,-122.3380715],
"greenwood av n \/ n 120th st":[47.7159693,-122.3555365],
"jefferson st \/ broadway":[47.6062128,-122.3208091],
"n motor pl \/ woodland park av n":[47.658668,-122.3446214],
"w howe st \/ w blaine st":[47.635885,-122.3999354]
}