{
"1110 e pike st":[47.6142763,-122.3175865],
"14028 37th av ne":[47.730946,-122.287937],
"2059 e crescent dr":[47.632933,-122.304538],
"2447 5th av w":[47.6409452,-122.3638869],
"2606 e thomas st":[47.621574,-122.298098],
"26th av w \/ w mcgraw st":[47.6400122,-122.3903225],
"2816 s bateman st":[47.547451,-122.296059],
"3447 w blaine st":[47.6345567,-122.4019125],
"3546 ne 125th st":[47.719459,-122.288789],
"355 mercer st":[47.623884,-122.3503572],
"400 northgate mall":[47.7062086,-122.3258737],
"401 e denny way":[47.6184782,-122.3267271],
"4401 s alaska st":[47.56032,-122.278028],
"459 n 36th st":[47.6517006,-122.3530886],
"6012 phinney av n":[47.6729301,-122.3540749],
"6427 30th av sw":[47.545265,-122.37073],
"6509 4th av nw":[47.6763074,-122.3614882],
"6537 35th av sw":[47.5435927,-122.3767804],
"710 n 83rd st":[47.6893216,-122.349304],
"715 18th av e":[47.625653,-122.309045],
"7545 43rd av ne":[47.6843536,-122.2823691],
"7920 13th av sw":[47.5312151,-122.3514322],
"7957 5th av sw":[47.530257,-122.342053],
"8025 earl av nw":[47.6875309,-122.3922589],
"8332 13th av nw":[47.689777,-122.372382],
"8747 phinney av n":[47.6937349,-122.354338],
"8814 30th av sw":[47.52417,-122.370887],
"9401 26th av sw":[47.51903,-122.366294],
"s grand st \/ 20th av s":[47.5869217,-122.3062954],
"w blaine st \/ 6th av w":[47.6347411,-122.3649968]
}