{
"0 - 0 sb i5 to 85":[47.694435,-122.329495],
"10606 roosevelt way ne":[47.706066,-122.317462],
"120 1st av w":[47.619281,-122.3576893],
"12529 35th av ne":[47.720086,-122.291108],
"13253 15th av ne":[47.7251217,-122.3126685],
"15th av ne \/ ne 40th st":[47.6553287,-122.3121139],
"17 w dravus st":[47.6485016,-122.3585177],
"182 27th av":[47.60361,-122.29753],
"2111 nob hill av n":[47.637833,-122.351092],
"2210 nw 64th st":[47.675512,-122.385382],
"2306 lake park dr s":[47.581771,-122.287603],
"26th av s \/ s ferdinand st":[47.5585225,-122.299178],
"2823 s bateman st":[47.547262,-122.295364],
"3211 61st av sw":[47.5754554,-122.411132],
"3328 s holly pl":[47.542327,-122.289034],
"37th av s \/ s cambridge st":[47.5182712,-122.28598],
"4015 ne 73rd st":[47.681408,-122.284301],
"4222 stone way n":[47.6586998,-122.342033],
"4307 55th av ne":[47.659623,-122.269361],
"4538 california av sw":[47.5617629,-122.3863931],
"5315 30th av ne":[47.6675783,-122.2958875],
"622 22nd av e":[47.6250659,-122.303206],
"6514 12th av nw":[47.676446,-122.371629],
"7015 36th av ne":[47.679931,-122.289645],
"7504 55th av ne":[47.683087,-122.268699],
"7740 bagley av n":[47.6862856,-122.331327],
"8023 13th av nw":[47.6875965,-122.3730088],
"8204 15th av ne":[47.6887435,-122.3118791],
"850 s trenton":[47.525041,-122.320742],
"8531 midvale av n":[47.6913665,-122.3426174],
"8912 8th av nw":[47.6940449,-122.3657745],
"9349 7th av s":[47.51917,-122.325639],
"9402 6th av sw":[47.518947,-122.342508],
"dexter av n \/ denny way":[47.6185492,-122.3424076],
"marion st \/ 6th av":[47.60625,-122.330156],
"nb i5 at 85":[47.685562,-122.324337],
"nb i5 at madison":[47.605672,-122.328492],
"queen anne av n \/ w comstock st":[47.6304452,-122.3566233]
}