{
"10836 34th av sw":[47.505318,-122.374267],
"1140 n 93rd st":[47.6965255,-122.3427275],
"1240 bigelow av n":[47.630633,-122.349487],
"1509 lake washington blvd s":[47.588507,-122.289688],
"15540 ashworth av n":[47.7425799,-122.339538],
"1751 18th av s":[47.587611,-122.309803],
"1752 nw market st":[47.668902,-122.3811264],
"1929 m l king jr way s":[47.5856991,-122.2981317],
"2117 23rd av s":[47.5839467,-122.30297],
"2131 n 113th st":[47.7104556,-122.332674],
"2412 sw myrtle st":[47.539401,-122.363463],
"2910 warren av n":[47.6459864,-122.3542298],
"301 lakeside av s":[47.600021,-122.286298],
"309 federal av e":[47.621401,-122.3191255],
"312 2nd av w":[47.6216604,-122.3590096],
"3246 23rd av w":[47.6498904,-122.3855865],
"3420 23rd av w":[47.6510337,-122.385549],
"3530 ne 91st st":[47.6947462,-122.2891422],
"360 aloha st":[47.6273483,-122.3495926],
"3611 w barrett st":[47.6466335,-122.4042837],
"3932 burke av n":[47.655274,-122.334692],
"4456 46th av sw":[47.563099,-122.390437],
"4505 renton av s":[47.5626818,-122.2918765],
"4521 15th av s":[47.562811,-122.313928],
"4527 18th av ne":[47.662053,-122.3086904],
"4608 sw seattle st":[47.589597,-122.390819],
"4620 sw graham st":[47.5469957,-122.3921362],
"5046 bowen pl s":[47.5556466,-122.2772708],
"5652 26th av sw":[47.5503659,-122.365238],
"5830 east green lake way n":[47.672664,-122.336422],
"6 etruria st":[47.648029,-122.35737],
"6070 seward park av s":[47.546846,-122.260986],
"6522 43rd av s":[47.5435174,-122.2795399],
"6555 16th av ne":[47.6773625,-122.311177],
"6561 31st av sw":[47.5434468,-122.3723466],
"6th av w \/ w mercer st":[47.6245861,-122.3646156],
"7014 cleopatra pl nw":[47.680053,-122.3651973],
"7305 35th av ne":[47.6814684,-122.2904454],
"7502 51st av ne":[47.6832319,-122.273094],
"7926 29th av sw":[47.531073,-122.36951],
"7970 39th av s":[47.5295,-122.283138],
"934 elliott av w":[47.627435,-122.3694926],
"9408 6th av sw":[47.5187839,-122.342507],
"9420 whitney pl nw":[47.6976438,-122.3979291],
"9803 57th av s":[47.513213,-122.262377]
}