{
"11 w crockett st":[47.6370179,-122.3575232],
"110 s washington st":[47.6010377,-122.3337003],
"1124 minor av":[47.6108833,-122.324983],
"1200 pine st":[47.6149371,-122.3287087],
"131 n 145th st":[47.733849,-122.357705],
"13545 1st av ne":[47.7281397,-122.3291792],
"13581 41st av ne":[47.7281,-122.285119],
"1601 s juneau st":[47.5499375,-122.3123149],
"1755 boyer av e":[47.6350932,-122.3009861],
"206 27th av":[47.6041001,-122.2978304],
"2099 n northlake way":[47.6468303,-122.336542],
"212 vine st":[47.6161703,-122.3485233],
"219 s washington st":[47.6006964,-122.3305995],
"3002 sw 97th st":[47.5162562,-122.3715603],
"3321 56th av sw":[47.573116,-122.4039],
"3645 50th av ne":[47.655626,-122.273874],
"400 6th av s":[47.5991408,-122.3263465],
"401 terry av n - merck-rosetta":[47.6226406,-122.3374992],
"4117 39th av s":[47.5656334,-122.2842179],
"4530 s findlay st":[47.552127,-122.276651],
"4531 ne 93rd st":[47.6959219,-122.27875],
"5038 sand point way ne":[47.6659418,-122.2816379],
"5118 ravenna av ne":[47.6662826,-122.3034211],
"5336 beach dr sw":[47.5542378,-122.3993566],
"5508 rainier av s":[47.5524173,-122.2779267],
"5514 20th av s":[47.5529127,-122.3070154],
"6002 17th av nw":[47.67252,-122.378592],
"6002 42nd av sw":[47.548315,-122.385314],
"6708 5th av nw":[47.678075,-122.3622765],
"7009 linden av n":[47.679875,-122.347614],
"7015 30th av sw":[47.5390882,-122.3712097],
"7022 24th av nw":[47.680204,-122.387187],
"7735 2nd av ne":[47.68604,-122.327365],
"7908 16th av sw":[47.5315129,-122.3547344],
"818 1st av":[47.6035512,-122.3358537],
"8233 20th av ne":[47.6895165,-122.3071305],
"9000 wallingford av n":[47.6941484,-122.3364535],
"922 nob hill av n":[47.627754,-122.3499729],
"ne 52nd st \/ sand point way ne":[47.6668132,-122.2808481],
"sb i5 fr 6":[47.601969,-122.325589]
}