{
"10621 renton av s":[47.505679,-122.254429],
"1128 s albro pl":[47.5459458,-122.3173343],
"1430 s donovan st":[47.525832,-122.313486],
"1547 s shelton st":[47.557566,-122.311364],
"156 nw 78th st":[47.6856526,-122.3603988],
"17th av s \/ s stevens st":[47.5768569,-122.3107588],
"1800 harvard av":[47.6175641,-122.322143],
"1807 42nd av e":[47.6348658,-122.2787956],
"19th av ne \/ ne 75th st":[47.6830436,-122.3077875],
"2106 n 128th st":[47.7220114,-122.3337108],
"2120 ne 80th st":[47.68669,-122.304522],
"2315 s lander st":[47.5791656,-122.3030179],
"2827 31st av s":[47.5774948,-122.2933414],
"2923 s adams st":[47.5651915,-122.2937227],
"3044 64th av sw":[47.576698,-122.414268],
"3101 30th av s":[47.5757335,-122.2941952],
"3415 sound view dr w":[47.6509086,-122.4176003],
"3706 38th av sw":[47.570926,-122.380003],
"4076 24th pl s":[47.566097,-122.301005],
"4539 15th av s":[47.562345,-122.313935],
"50th av sw \/ sw lander st":[47.5794575,-122.3953149],
"516 5th av s":[47.5245837,-122.3282149],
"5847 mckinley pl n":[47.672193,-122.33511],
"6049 45th av sw":[47.547141,-122.39025],
"6329 49th av sw":[47.5458885,-122.3954564],
"671 s jackson st":[47.5989923,-122.3241287],
"733 n 84th st":[47.6896119,-122.348448],
"7530 43rd av ne":[47.684004,-122.281731],
"820 ne 81st st":[47.6877039,-122.319376],
"8517 aurora av n":[47.6910534,-122.3450777],
"8827 32nd av sw":[47.5238451,-122.3743536],
"wb wsea frwy at 1":[47.57158,-122.332459]
}