{
"0 - 0 sb i5 to northgate":[47.713612,-122.327503],
"10001 42nd av sw":[47.5137556,-122.3859869],
"10230 47th av sw":[47.511215,-122.39179],
"10246 40th av sw":[47.510765,-122.382636],
"1105 e fir st":[47.6022459,-122.3178506],
"141 n 144th st":[47.7330244,-122.3564091],
"1535 23rd av s":[47.5885267,-122.3028298],
"1st av \/ bell st":[47.6133672,-122.3465073],
"2406 nw 63rd st":[47.6747869,-122.3880892],
"2430 alki av sw":[47.5818036,-122.4038952],
"2816 e madison st":[47.6240599,-122.2955652],
"306 s washington st":[47.600969,-122.3298331],
"3610 phinney av n":[47.652633,-122.354138],
"3808 48th av ne":[47.655825,-122.274901],
"3810 24th av s":[47.569864,-122.301449],
"4746 48th av ne":[47.6644706,-122.2754725],
"5214 fauntleroy way sw":[47.555148,-122.381002],
"6360 24th av sw":[47.544879,-122.363779],
"6542 16th av nw":[47.6772909,-122.377507],
"6715 36th av sw":[47.5423774,-122.3782323],
"712 34th av":[47.608347,-122.289093],
"717 23rd av e":[47.6257457,-122.3027268],
"726 n 90th st":[47.6943902,-122.3486781],
"7315 greenwood av n":[47.682363,-122.3555387],
"7338 18th av ne":[47.682394,-122.308523],
"7345 sylvan way sw":[47.5371941,-122.3622875],
"743 n 138th st":[47.729413,-122.348881],
"811 31st av e":[47.6263246,-122.2925241],
"902 n 128th st":[47.7225476,-122.3479838],
"lake washington blvd s \/ 35th av s":[47.600814,-122.2876159],
"n 109th st \/ aurora av n":[47.708049,-122.3447289],
"ne 75th st \/ brooklyn av ne":[47.6830904,-122.3142069],
"palatine av n \/ n 36th st":[47.6527191,-122.3565872],
"sw cloverdale st \/ fauntleroy pl sw":[47.5263284,-122.3909886]
}