{
"0 - 0 eb sr520 at lake washington":[47.6447,-122.299088],
"11202 fremont av n":[47.710672,-122.349418],
"1233 21st av e":[47.6316419,-122.3050471],
"1234 nw norcross way":[47.708566,-122.37285],
"12732 35th av ne":[47.72216,-122.290255],
"13057 15th av ne":[47.724541,-122.3126873],
"13546 burke av n":[47.728234,-122.335168],
"1514 ne 137th st":[47.7288499,-122.3118954],
"1710 nob hill av n":[47.634301,-122.350485],
"19th av nw \/ nw 67th st":[47.6777163,-122.3810544],
"225 32nd av e":[47.6209639,-122.2915693],
"2429 nw 61st st":[47.6728853,-122.3889057],
"3008 22nd av s":[47.576349,-122.304037],
"3036 ne 91st st":[47.695031,-122.2945],
"3510 beach dr sw":[47.5729845,-122.4141564],
"3601 24th pl w":[47.652473,-122.387889],
"4400 s cloverdale st":[47.526314,-122.277883],
"4422 35th av sw":[47.5640545,-122.3761394],
"4750 ohio av s":[47.5593144,-122.3375857],
"502 ne 72nd st":[47.6810585,-122.3226373],
"609 3rd av":[47.6030266,-122.3316625],
"610 7th av s":[47.5971418,-122.3235174],
"616 nw 51st st":[47.66595,-122.364123],
"6229 43rd av ne":[47.674903,-122.282555],
"6240 m l king jr way s":[47.5461271,-122.285459],
"6332 6th av s":[47.545349,-122.3258426],
"6654 flora av s":[47.542534,-122.320215],
"6801 44th pl ne":[47.678273,-122.280956],
"700 madison st":[47.6074954,-122.3295739],
"722 e union st":[47.6131684,-122.3224639],
"7708 aurora av n":[47.685141,-122.3441904],
"801 s fidalgo st":[47.5487155,-122.3235424],
"8210 21st av ne":[47.688833,-122.30534],
"8811 12th av ne":[47.692697,-122.315206],
"8th av ne \/ ne 94th st":[47.696767,-122.3203296],
"beacon av s \/ s kenyon st":[47.5316874,-122.2884314],
"nw market st \/ baker av nw":[47.6652013,-122.3597534],
"west montlake pl e \/ e roanoke st":[47.6431666,-122.3052073],
"whitman av n \/ n 39th st":[47.6541352,-122.3459697]
}