{
"10219 waters av s":[47.5091259,-122.2505642],
"1103 yakima av s":[47.59315,-122.29474],
"1209 ne 88th st":[47.6921689,-122.3144444],
"1315 ne 47th st":[47.6629769,-122.3136459],
"1317 6th av n":[47.6310365,-122.3450738],
"13551 42nd av ne":[47.7276985,-122.2834229],
"1443 nw market st":[47.6686486,-122.3745653],
"1509 nw 62nd st":[47.673619,-122.3766626],
"1608 edgewood av sw":[47.5892224,-122.3830752],
"1625 39th av e":[47.634186,-122.283072],
"1630 44th av sw":[47.588389,-122.387207],
"201 27th av e":[47.620312,-122.297526],
"2326 31st av s":[47.5816609,-122.292656],
"2423 5th av w":[47.640273,-122.363997],
"2711 ne 123rd st":[47.717217,-122.298706],
"3002 30th av w":[47.647013,-122.395193],
"3002 cascadia av s":[47.577405,-122.284119],
"307 ne 43rd st":[47.6587972,-122.3246807],
"30th av e \/ e republican st":[47.6236737,-122.293099],
"3104 e john st":[47.620299,-122.2919942],
"31st av sw \/ sw barton st":[47.5210519,-122.3727134],
"3921 w bertona st":[47.65019,-122.407857],
"4108 42nd av sw":[47.5661234,-122.3850584],
"4132 corliss av n":[47.6576881,-122.3311161],
"4556 45th av sw":[47.5613392,-122.3894566],
"4830 ne 42nd st":[47.6593639,-122.275325],
"5056 beach dr sw":[47.556228,-122.399536],
"5215 52nd av s":[47.554318,-122.268436],
"5552 ne windermere rd":[47.667775,-122.266631],
"606 5th av":[47.6040994,-122.3295419],
"6320 26th av sw":[47.545807,-122.3653366],
"6515 california av sw":[47.5443638,-122.3874975],
"6810 27th av s":[47.542004,-122.297233],
"8306 49th av s":[47.5288574,-122.2715529],
"aurora av n \/ n 88th st":[47.6927377,-122.3445355],
"e madison st \/ e john st":[47.6202011,-122.3010194],
"harvard av \/ spring st":[47.6119107,-122.3213494],
"ne 72nd st \/ woodlawn av ne":[47.6805205,-122.3246878],
"s king st \/ 1st av s":[47.5983085,-122.3342536],
"s spokane st \/ 24th av s":[47.5719123,-122.3017613],
"terry av \/ denny way":[47.6185347,-122.3371732]
}