{
"1162 11th av":[47.612748,-122.3180477],
"13351 3rd av ne":[47.7264605,-122.3265008],
"1426 nw 59th st":[47.6717905,-122.3748563],
"155 21st av":[47.6028724,-122.3051955],
"1701 e olive way":[47.6196483,-122.3232982],
"1818 broadmoor dr e":[47.6356759,-122.287879],
"2331 7th av":[47.6178132,-122.3427269],
"23rd av w \/ w jameson st":[47.6594535,-122.3859457],
"307 ne thornton pl":[47.7021977,-122.3252906],
"416 2nd av et  s":[47.6228586,-122.359321],
"4321 5th av ne":[47.659611,-122.323267],
"4500 11th av ne":[47.6613236,-122.3165489],
"5111 25th av ne":[47.6665808,-122.3006082],
"5427 31st av sw":[47.5528929,-122.3726894],
"55th av s \/ s creston st":[47.5070153,-122.2647583],
"5706 17th av nw":[47.6703964,-122.3784208],
"5937 19th av sw":[47.549104,-122.358663],
"6709 34th pl s":[47.541877,-122.289135],
"7538 13th av nw":[47.6845596,-122.3720837],
"7732 19th av ne":[47.6858957,-122.3075117],
"7809 lake city way ne":[47.6858069,-122.3148073],
"8 pike st":[47.6087122,-122.340546],
"8530 mary av nw":[47.691565,-122.375068],
"8611 9th av sw":[47.5260279,-122.347135]
}