{
"117 w mercer st":[47.6245802,-122.3587956],
"12516 20th av ne":[47.719928,-122.306875],
"1309 n northlake way":[47.6481546,-122.3427318],
"13715 wallingford av n":[47.729123,-122.33733],
"14020 sunnyside av n":[47.731112,-122.32984],
"1421 harvard av":[47.6133783,-122.3221223],
"1615 4th av w":[47.63406,-122.3627579],
"17th av nw \/ nw 54th st":[47.6679045,-122.378895],
"1914 nw 83rd st":[47.6888577,-122.3818562],
"2035 ne 97th st":[47.699041,-122.30559],
"2338 mcgilvra blvd e":[47.640284,-122.280406],
"2356 eastlake av e":[47.6412707,-122.3255286],
"2435 rainier av s":[47.5814527,-122.3005158],
"2717 4th av w":[47.6446392,-122.3624949],
"2816 nw 58th st":[47.6709283,-122.393724],
"317 w highland dr":[47.629326,-122.361394],
"3518 s leschi pl":[47.5996605,-122.2870576],
"357 29th av":[47.6058993,-122.2952179],
"3718 38th av s":[47.570037,-122.284693],
"3824 52nd av sw":[47.569572,-122.398379],
"38th av sw \/ fauntleroy way sw":[47.5622765,-122.3800958],
"419 n 64th st":[47.675089,-122.353438],
"500 - 599 n 61st st":[47.673168,-122.352165],
"510 10th av e":[47.623489,-122.31958],
"5130 40th av ne":[47.6670519,-122.2839116],
"5216 sw charlestown st":[47.5705535,-122.3993433],
"6058 34th av ne":[47.673831,-122.290833],
"6225 ne princeton way":[47.67514,-122.275872],
"6264 stanley av s":[47.5467361,-122.31423],
"6556 cleopatra pl nw":[47.677633,-122.365231],
"7943 44th pl s":[47.5303045,-122.2773277],
"800 e pike st":[47.6140934,-122.3220926],
"8529 stone av n":[47.69144,-122.341733],
"s dearborn st \/ 8th av s":[47.595827,-122.3224452],
"w highland dr \/ 1st av w":[47.6295749,-122.357904]
}