{
"102 n 50th st":[47.665262,-122.356953],
"10500 51st av s":[47.50667,-122.26974],
"1205 s jackson st":[47.5991886,-122.3168364],
"1746 ne 89th st":[47.693288,-122.30744],
"2937 1st av s":[47.577413,-122.3342682],
"2939 sw graham st":[47.5470562,-122.3704914],
"3048 34th av w":[47.648258,-122.400475],
"30th av sw \/ sw barton st":[47.5210481,-122.3713493],
"319 prospect st":[47.628659,-122.350611],
"3215 51st av sw":[47.5753133,-122.3975993],
"3400 lafayette av s":[47.5730795,-122.3102524],
"3402 48th av sw":[47.5736944,-122.3931237],
"3610 francis av n":[47.6521004,-122.3533943],
"3807 ne 60th st":[47.671951,-122.286442],
"4019 e madison st":[47.6338365,-122.280342],
"4030 williams av w":[47.656861,-122.391926],
"4500 s genesee st":[47.5640957,-122.2770066],
"490 ne thornton pl":[47.7031336,-122.3249155],
"4904 ne 60th st":[47.673388,-122.275577],
"4921 49th av s":[47.557558,-122.272318],
"5112 sw forest st":[47.578434,-122.397921],
"6016 57th av ne":[47.6726191,-122.2659592],
"6524 44th av ne":[47.676561,-122.280504],
"6548 50th av ne":[47.67715,-122.273876],
"6555 fauntleroy way sw":[47.5447029,-122.3895973],
"707 22nd av":[47.608291,-122.304112],
"7718 22nd av ne":[47.6854059,-122.3039521],
"7806 green lake dr n":[47.6853327,-122.3356641],
"7811 greenwood av n":[47.6859135,-122.3556401],
"7964 m l king jr way s":[47.529493,-122.280198],
"8201 15th av ne":[47.688646,-122.312568],
"825 ne 105th st":[47.704676,-122.319586],
"8620 23rd av ne":[47.691848,-122.3038875],
"8644 fauntleroy pl sw":[47.5251,-122.389758],
"eb wsea frwy to nb sr99":[47.571221,-122.343788],
"nw 113th pl \/ 3rd av nw":[47.7115708,-122.3608638]
}