{
"10260 41st av sw":[47.510378,-122.384005],
"10615 17th av ne":[47.705959,-122.310171],
"1100 rainier av s":[47.5932213,-122.3094904],
"11020 marine view dr sw":[47.504041,-122.37986],
"1200 marion st":[47.6091104,-122.3233626],
"121 nw 74th st":[47.682321,-122.358993],
"138 ne 130th st":[47.723403,-122.327212],
"1610 29th av w":[47.6342,-122.393931],
"1918 4th av n":[47.6362729,-122.3492624],
"2020 ne 117th st":[47.714166,-122.306343],
"219 11th av e":[47.6206131,-122.3186307],
"2845 sw adams st":[47.5660192,-122.370106],
"3015 ne 89th st":[47.692876,-122.295361],
"3253 ne 103rd st":[47.702347,-122.292109],
"3431 w blaine st":[47.634542,-122.401235],
"3629 23rd av w":[47.652993,-122.386408],
"3716 sw rose st":[47.5292992,-122.380147],
"4012 1st av nw":[47.6560545,-122.3569435],
"410 broadway":[47.6056642,-122.3207922],
"411 nw 100th pl":[47.702939,-122.362555],
"4120 sw 106th st":[47.508519,-122.385166],
"5000 25th av ne":[47.6655077,-122.3000107],
"5048 california av sw":[47.5561232,-122.3865859],
"5316 8th av ne":[47.667675,-122.319185],
"5417 25th av sw":[47.5531696,-122.3646274],
"5532 sw lander pl":[47.57891,-122.403742],
"5603 s bangor st":[47.505896,-122.262845],
"5951 29th av s":[47.5483959,-122.296105],
"6028 oberlin av ne":[47.673238,-122.2788138],
"624 yale av n":[47.624918,-122.330422],
"6908 46th av s":[47.5404795,-122.2751229],
"7550 9th av nw":[47.6847395,-122.3680461],
"8 w howe st":[47.636126,-122.357482],
"8500 aurora av n":[47.6907324,-122.3444125],
"howell st \/ olive way":[47.6139784,-122.3342604],
"nw 67th st \/ alonzo av nw":[47.6778055,-122.3751298]
}