{
"0 sb i5 fr lake city":[47.68211,-122.319801],
"103 lakeside av":[47.6018051,-122.2852985],
"1032 23rd av e":[47.628431,-122.302031],
"10807 31st av sw":[47.50613,-122.372597],
"109 25th av":[47.602022,-122.300264],
"11545 34th av ne":[47.713174,-122.291476],
"12701 15th av ne":[47.7212378,-122.3126971],
"1323 2nd av":[47.6080739,-122.3378213],
"2323 15th av s":[47.5822836,-122.313488],
"2354 n 59th st":[47.6717864,-122.3285835],
"2415 54th pl sw":[47.5821167,-122.4018265],
"3040 s orcas st":[47.551113,-122.292355],
"317 coryell ct e":[47.621057,-122.308145],
"3315 ne 137th st":[47.7281262,-122.29157],
"33rd av w \/ w wheeler st":[47.6400329,-122.399622],
"4025 50th av s":[47.566803,-122.271132],
"4122 52nd av sw":[47.5659295,-122.3985054],
"4331 memorial way ne":[47.6605786,-122.3105757],
"4400 55th av ne":[47.6600458,-122.2686544],
"4814 delridge way sw":[47.5588073,-122.3626241],
"509 w blaine st":[47.6345816,-122.3642073],
"510 alaskan way s":[47.5995027,-122.3355403],
"516 n 77th st":[47.684976,-122.351584],
"5546 17th av s":[47.5520859,-122.3107625],
"5921 46th av sw":[47.5496751,-122.391186],
"6836 28th av ne":[47.6787095,-122.2970949],
"702 19th av e":[47.6253701,-122.3069369],
"7745 13th av sw":[47.5329209,-122.352012],
"7909 14th av sw":[47.531525,-122.35307],
"812 ne 75th st":[47.6831708,-122.3199703],
"9006 35th av ne":[47.69411,-122.290251],
"9008 31st av nw":[47.6944366,-122.3966614],
"9328 32nd av sw":[47.5189854,-122.3741289],
"9621 42nd av ne":[47.69926,-122.282811],
"bridge way n \/ whitman av n":[47.6527664,-122.345979],
"e denny way \/ 21st av e":[47.618496,-122.304771],
"m l king jr way s \/ s genesee st":[47.5637884,-122.2953911],
"n 45th st \/ n phinney way":[47.661429,-122.3476851]
}