{
"1117 ne ravenna blvd":[47.671342,-122.315595],
"13736 27th av ne":[47.729344,-122.298778],
"1415 25th av":[47.61342,-122.300622],
"1500 5th av":[47.6106913,-122.3355764],
"1723 33rd av":[47.6172479,-122.290566],
"2812 36th av w":[47.645427,-122.403229],
"2841 sw yancy st":[47.5673869,-122.370041],
"3300 1st av s":[47.5740409,-122.3335648],
"35th av ne \/ ne 68th st":[47.6776105,-122.2903127],
"3720 ne 74th pl":[47.682661,-122.288032],
"3808 37th av s":[47.569439,-122.285796],
"3rd av s \/ s forest st":[47.5777145,-122.3300054],
"40th av w \/ w bertona st":[47.650468,-122.4078865],
"410 harrison st":[47.6223933,-122.362347],
"4421 2nd av nw":[47.66088,-122.358722],
"4510 3rd av nw":[47.66188,-122.360774],
"4836 s gazelle st":[47.5126739,-122.271277],
"5238 pullman av ne":[47.671688,-122.272088],
"5619 university way ne":[47.6701236,-122.3134308],
"5728 30th av ne":[47.67123,-122.294712],
"5819 sw horton st":[47.5751806,-122.4076686],
"608 melrose av e":[47.6246179,-122.3276276],
"6431 ne radford dr":[47.6741796,-122.2600595],
"6735 30th av s":[47.5417233,-122.2938727],
"806 e boston st":[47.638577,-122.322087],
"8536 31st av nw":[47.691687,-122.396678],
"913 n 80th st":[47.6867379,-122.346565],
"9749 holman rd nw":[47.7014123,-122.364607],
"blanchard st \/ 3rd av":[47.613927,-122.343503],
"nb sr99 at battery st tunnel n":[47.614027,-122.347754],
"ne northgate way \/ 5th av ne":[47.708549,-122.3232341],
"s bond st \/ 51st av s":[47.5142547,-122.2700303],
"stone av n \/ green lake dr n":[47.6876794,-122.3418161]
}