{
"10730 renton av s":[47.504681,-122.252207],
"1100 23rd av e":[47.6287522,-122.3021261],
"1127 pine st":[47.6144686,-122.3286606],
"1200 aurora av n":[47.7336207,-122.3450119],
"1321 seneca st":[47.6118528,-122.323295],
"1615 ne 50th st":[47.6648703,-122.3101442],
"16th av sw \/ sw holden st":[47.5336794,-122.3550054],
"1707 ne 80th st":[47.686507,-122.309586],
"1924 12th av s":[47.585692,-122.31701],
"2429 nw 57th st":[47.669891,-122.388867],
"2819 w eaton st":[47.632865,-122.3939459],
"2822 eastlake av e":[47.6462467,-122.3248851],
"3032 26th av w":[47.647867,-122.389805],
"3055 magnolia blvd w":[47.648486,-122.414696],
"3105 s bayview st":[47.5807971,-122.2926454],
"325 n 81st st":[47.687441,-122.354186],
"3456 west viewmont way w":[47.65203,-122.41014],
"3811 ne 90th st":[47.693587,-122.28734],
"4027 37th av s":[47.5670694,-122.2861351],
"4100 36th av s":[47.5657784,-122.2874537],
"5001 2nd av s":[47.5576706,-122.3324399],
"516 ne 78th st":[47.68553,-122.322177],
"6021 california av sw":[47.5478024,-122.3876913],
"6326 atlas pl sw":[47.5459733,-122.3979014],
"6501 15th av nw":[47.6762196,-122.3772352],
"6932 east marginal way s":[47.5407148,-122.3240219],
"7334 11th av ne":[47.682588,-122.3161],
"7900 east green lake dr n":[47.6859324,-122.3374236],
"813 n allen pl":[47.660539,-122.348008],
"8511 8th av ne":[47.690772,-122.320619],
"8827 interlake av n":[47.693243,-122.34066],
"919 nw 59th st":[47.6713949,-122.369504],
"943 19th av e":[47.628139,-122.307688],
"ravenna av ne \/ ne 83rd st":[47.6894469,-122.3014668],
"s brandon st \/ rainier av s":[47.553402,-122.2796612],
"terry av \/ union st":[47.612002,-122.3291288]
}