{
"10044 39th av ne":[47.702429,-122.286289],
"10212 rainier av s":[47.511588,-122.243031],
"10749 15th av ne":[47.708199,-122.312831],
"11535 16th av ne":[47.7131462,-122.3114593],
"1419 25th av":[47.6136017,-122.3004067],
"14332 23rd pl ne":[47.733417,-122.30444],
"1549 n 92nd st":[47.6959452,-122.3389566],
"1st av w \/ w lee st":[47.6313185,-122.3578753],
"3004 sw andover st":[47.5677737,-122.3711629],
"3500 phinney av n":[47.6514188,-122.3544612],
"3rd av nw \/ nw 131st st":[47.7242144,-122.3609537],
"4517 university way ne":[47.6618287,-122.3134234],
"4707 49th av ne":[47.663374,-122.275022],
"534 ne 130th st":[47.723352,-122.322078],
"5611 45th av ne":[47.669891,-122.279797],
"5646 47th av sw":[47.5507909,-122.392058],
"625 4th av s":[47.59776,-122.3290707],
"6330 29th av sw":[47.546362,-122.3695604],
"651 s alaska st":[47.5604817,-122.3243799],
"7018 28th av nw":[47.680087,-122.392653],
"730 20th av e":[47.6261359,-122.3057484],
"803 w armour st":[47.644813,-122.367739],
"boren av \/ spring st":[47.6100172,-122.3258479]
}