{
"10316 mary av nw":[47.703941,-122.375095],
"1040 s cloverdale st":[47.526697,-122.318508],
"10424 56th av s":[47.50748,-122.262585],
"1059 ne pacific st":[47.6528806,-122.3122685],
"11318 5th av ne":[47.711245,-122.322617],
"12559 22nd av ne":[47.7210589,-122.306222],
"12721 greenwood av n":[47.722166,-122.3561],
"1408 4th av w":[47.6317248,-122.3615405],
"1411 26th av e":[47.631666,-122.299373],
"1434 19th av":[47.613943,-122.3071],
"14366 30th av ne":[47.7328844,-122.2965017],
"1531 thorndyke av w":[47.633313,-122.392259],
"2005 s pearl st":[47.5566781,-122.3064947],
"2104 s judkins st":[47.592099,-122.304828],
"2141 n 61st st":[47.6727381,-122.3317497],
"2653 39th av sw":[47.5801215,-122.3815126],
"2705 california av sw":[47.5790689,-122.3869883],
"2749 ne 143rd st":[47.731744,-122.297152],
"2816 11th av w":[47.6455656,-122.3712512],
"2838 43rd av w":[47.646134,-122.411636],
"3048 belvidere av sw":[47.57596,-122.378873],
"3120 s hudson st":[47.557298,-122.291731],
"32nd av s \/ s juneau st":[47.5498071,-122.2915639],
"3300 s graham st":[47.5461268,-122.2902],
"3607 east marginal way s":[47.5715337,-122.339765],
"3944 s elmgrove st":[47.530007,-122.281891],
"4005 s trenton st":[47.524084,-122.2820215],
"434 ne maple leaf pl":[47.6821075,-122.3242602],
"4412 45th av sw":[47.56433,-122.389076],
"4905 sw charlestown st":[47.570104,-122.395162],
"519 w mcgraw st":[47.639403,-122.3645316],
"5327 s fountain st":[47.50324,-122.266272],
"5514 18th av s":[47.552927,-122.3095975],
"5645 ne 55th st":[47.6682371,-122.2641231],
"5950 delridge way sw":[47.5486778,-122.3621965],
"6214 51st pl s":[47.546794,-122.267893],
"6329 23rd av sw":[47.5456685,-122.3629122],
"6506 perimeter rd s":[47.5446387,-122.31098],
"6529 57th av ne":[47.676648,-122.268409],
"6551 38th av s":[47.543414,-122.285606],
"714 n 94th st":[47.697121,-122.34924],
"8040 13th av nw":[47.6881561,-122.3724336],
"8348 32nd av nw":[47.689856,-122.398012],
"9017 4th av nw":[47.694816,-122.362395],
"9442 35th av sw":[47.5180673,-122.3763526],
"n 36th st \/ woodlawn av n":[47.6505119,-122.3386984],
"s dearborn st \/ davis pl s":[47.595882,-122.3089776],
"sb i5 at michigan":[47.559045,-122.321742]
}