{
"101 n 104th st":[47.704136,-122.357915],
"1014 madison st":[47.6091937,-122.3258457],
"11757 16th av ne":[47.7154682,-122.3112197],
"1410 ne 65th st":[47.676009,-122.312602],
"1417 elliott av w":[47.6307882,-122.3738328],
"1805 bellevue av":[47.61799,-122.327112],
"226 29th av e":[47.6209777,-122.2944273],
"2280 viewmont way w":[47.638348,-122.402595],
"3405 6th av s":[47.5732963,-122.3266633],
"3415 west laurelhurst dr ne":[47.6537094,-122.2792449],
"3576 sw admiral way":[47.580091,-122.376235],
"4724 38th av sw":[47.560308,-122.379702],
"4807 53rd av s":[47.559088,-122.267311],
"5943 45th av sw":[47.5490855,-122.3902704],
"6205 17th av ne":[47.6740244,-122.3100362],
"728 n 84th st":[47.690056,-122.348596],
"730 s stacy st":[47.5819033,-122.3238281],
"7600 sand point way ne":[47.6835197,-122.2636071],
"8838 11th av sw":[47.523487,-122.348917],
"9202 14th av sw":[47.520842,-122.352502],
"9214 15th av ne":[47.6962074,-122.3120944],
"ward st \/ aurora av n":[47.628021,-122.343623]
}