{
"1007 14th av e":[47.627959,-122.31494],
"10319 dibble av nw":[47.704004,-122.367803],
"1732 26th av s":[47.58735,-122.2988],
"2202 s norman st":[47.593282,-122.303072],
"2621 thorndyke av w":[47.643582,-122.384411],
"2830 nw 69th st":[47.678963,-122.394451],
"2928 27th av w":[47.646662,-122.391283],
"3012 36th av sw":[47.576986,-122.376505],
"3627 49th av sw":[47.571261,-122.395135],
"3827 49th av ne":[47.656283,-122.274975],
"3916 55th av sw":[47.568832,-122.402474],
"409 16th av e":[47.6223614,-122.3117399],
"4113 37th av s":[47.565628,-122.2862598],
"4526 53rd av sw":[47.562455,-122.399313],
"4542 19th av ne":[47.66248,-122.306885],
"4716 s ferdinand st":[47.558483,-122.273583],
"4721 sw juneau st":[47.5500986,-122.3934613],
"5405 s lucile st":[47.552164,-122.265958],
"5648 44th av sw":[47.550735,-122.388177],
"6315 sw marguerite ct":[47.5737705,-122.4141804],
"6828 44th av ne":[47.6784333,-122.28096],
"6958 24th av sw":[47.539858,-122.362562],
"7720 35th av sw":[47.533032,-122.376205],
"7726 33rd av nw":[47.685765,-122.399043],
"8 w raye st":[47.6434346,-122.3574536],
"8040 39th av ne":[47.68783,-122.286043],
"8501 se 82nd st":[47.529967,-122.22577],
"8639 fauntlee crest sw":[47.526117,-122.387147],
"9002 40th av sw":[47.52277,-122.382826],
"9255 densmore av n":[47.6976299,-122.337943],
"9601 21st av nw":[47.6991905,-122.3833191],
"n 112th st \/ dayton av n":[47.710522,-122.3528164],
"nw 90th st \/ 13th av nw":[47.6942516,-122.3727636],
"s roxbury st \/ renton av s":[47.5168495,-122.2696035]
}