{
"1000 6th av":[47.607056,-122.3307104],
"1409 nw 65th st":[47.675776,-122.374226],
"1500 broadway":[47.6143352,-122.3205173],
"1500 summit av":[47.6144349,-122.3253106],
"1512 11th av":[47.6145947,-122.3177891],
"1608 madrona dr":[47.6155828,-122.2839039],
"1710 26th av":[47.616883,-122.29839],
"1930 boren av":[47.6176512,-122.3337087],
"2010 ne 50th st":[47.6650647,-122.3059242],
"204 sw roxbury st":[47.5174905,-122.337715],
"2130 6th av":[47.615965,-122.340368],
"2315 ne 115th st":[47.711896,-122.303616],
"2717 3rd av":[47.6173146,-122.3498517],
"2730 46th av sw":[47.578379,-122.390316],
"2733 3rd av n":[47.645271,-122.351648],
"2757 6th av s":[47.5782873,-122.3267027],
"29 w mercer st":[47.6243697,-122.3578138],
"2910 ne 130th st":[47.723152,-122.297216],
"3412 21st av w":[47.650809,-122.383113],
"3514 s alaska st":[47.560962,-122.288204],
"3807 sw barton st":[47.5208902,-122.3812038],
"38th av ne \/ ne 73rd st":[47.6812492,-122.2871754],
"3939 meridian av n":[47.655477,-122.334121],
"4128 12th av ne":[47.6577638,-122.3152389],
"4312 woodlawn av n":[47.659635,-122.338241],
"4351 s othello st":[47.5370441,-122.2780423],
"4814 purdue av ne":[47.670073,-122.275728],
"503 12th av e":[47.6232566,-122.3170035],
"5700 sw andover st":[47.568852,-122.405419],
"6001 52nd av ne":[47.6723039,-122.271962],
"6219 carleton av s":[47.5467749,-122.320716],
"6349 ne radford dr":[47.6741666,-122.2594436],
"6710 alonzo av nw":[47.6781739,-122.3748907],
"717 17th av e":[47.6257981,-122.3102883],
"7439 rockery dr s":[47.5353514,-122.2826382],
"9455 s roxbury st":[47.5175191,-122.2560933],
"sb i5 at 175":[47.757283,-122.328773],
"sb i5 at military rd":[47.5354458,-122.2972664]
}