{
"1007 s weller st":[47.5973346,-122.3192155],
"10220 37th av sw":[47.5114887,-122.3780389],
"10421 40th av ne":[47.704383,-122.285659],
"1203 james st - broadway apts":[47.6074729,-122.3191492],
"12240 ashworth av n":[47.7182399,-122.339422],
"12414 17th av ne":[47.7187119,-122.309519],
"1724 41st av sw":[47.587055,-122.383011],
"1832 harvard av":[47.6183316,-122.3221583],
"202 w highland dr":[47.6296684,-122.3600239],
"214 broadway   e":[47.6204573,-122.3208624],
"2143 e shelby st":[47.6461497,-122.302589],
"2418 e interlaken blvd":[47.634433,-122.300529],
"3226 17th av s":[47.574292,-122.310996],
"3240 10th av w":[47.649736,-122.370229],
"3437 36th av w":[47.6515769,-122.4038706],
"352 ne 53rd st":[47.6673212,-122.3232602],
"4130 36th av sw":[47.5654759,-122.377007],
"4416 50th av ne":[47.660644,-122.273688],
"4450 sw kenyon pl":[47.5321665,-122.3913652],
"4718 48th av sw":[47.5605294,-122.3931435],
"4747 42nd av sw":[47.5597969,-122.3855191],
"4805 delridge way sw":[47.559064,-122.3628959],
"6037 52nd av ne":[47.673214,-122.271972],
"6512 31st av sw":[47.5444954,-122.3726047],
"7006 20th av ne":[47.679685,-122.306243],
"7056 26th av nw":[47.681157,-122.389435],
"8311 16th av nw":[47.689103,-122.378199],
"9021 7th av nw":[47.694989,-122.365064],
"9th av & stewart st":[47.6156419,-122.3344729],
"e mercer st \/ 18th av e":[47.6244261,-122.3086748]
}