{
"1005 6th av s":[47.5941661,-122.3259908],
"10719 phinney av n":[47.707555,-122.354531],
"1150 nw 50th st":[47.6650591,-122.3728319],
"12236 10th av nw":[47.718946,-122.369306],
"13229 linden av n":[47.7256981,-122.3488646],
"140 s washington st":[47.6008945,-122.3329893],
"14328 22nd av ne":[47.733216,-122.305609],
"1768 19th av s":[47.587223,-122.307619],
"1807 federal av e":[47.635325,-122.319365],
"1st av nw \/ nw market st":[47.6632206,-122.357599],
"215 james st":[47.6023966,-122.3317642],
"2303 ne 89th st":[47.6928423,-122.3038627],
"2428 e aloha st":[47.626886,-122.29976],
"2614 nw north beach dr":[47.700749,-122.389149],
"2615 w galer st":[47.632103,-122.391419],
"2709 21st av s":[47.5792841,-122.3057348],
"2723 eastlake av e":[47.6452823,-122.3261881],
"3011 beacon av s":[47.5766169,-122.310155],
"304 n 125th st":[47.7196251,-122.3549205],
"3044 31st av w":[47.648218,-122.396527],
"3112 sw elmgrove st":[47.5301084,-122.3727685],
"3559 sw 98th st":[47.515431,-122.378986],
"3854 45th av sw":[47.5685969,-122.389141],
"3926 s sullivan st":[47.5271262,-122.2824081],
"400 terrace st":[47.6017393,-122.3292705],
"4036 california av sw":[47.5672943,-122.3867678],
"4100 14th av s":[47.567099,-122.314385],
"419 13th av e":[47.6225386,-122.3159378],
"4219 s othello st":[47.5365628,-122.2804522],
"4308 sunnyside av n":[47.65942,-122.329826],
"4730 w ruffner st":[47.6526319,-122.418339],
"4913 s pilgrim st":[47.515239,-122.271278],
"5531 18th av s":[47.5524822,-122.3102374],
"5611 45th av sw":[47.5517253,-122.3902029],
"6007 48th av s":[47.5481488,-122.2728864],
"6249 airport way s":[47.5474654,-122.3143671],
"6518 16th av sw":[47.544127,-122.354288],
"6533 57th av s":[47.543276,-122.262147],
"6539 shaffer av s":[47.5432445,-122.2949738],
"6801 36th av nw":[47.678324,-122.404495],
"717 nw 70th st":[47.6793943,-122.3652348],
"7524 34th av nw":[47.6838511,-122.4000891],
"8025 45th av ne":[47.6874759,-122.280606],
"8315 8th av ne":[47.6894861,-122.3205353],
"8922 ravenna av ne":[47.6936729,-122.302813],
"9100 20th av ne":[47.6949391,-122.3065168]
}