{
"10110 rainier av s":[47.5110439,-122.245618],
"11762 beacon av s":[47.4971648,-122.2612589],
"1309 n 97th st":[47.699388,-122.341255],
"1340 n 77th st":[47.6849653,-122.3399439],
"13500 25th av ne":[47.726714,-122.301136],
"1600 california av sw":[47.5893018,-122.38622],
"1st av nw \/ nw 97th st":[47.6996653,-122.3580555],
"2438 queen anne av n":[47.640725,-122.356515],
"2530 13th av w":[47.6415981,-122.3733569],
"2712 e fir st":[47.6028499,-122.297231],
"2845 nw 94th st":[47.697287,-122.394948],
"3214 sw barton st":[47.521315,-122.374892],
"3248 62nd av sw":[47.574366,-122.411713],
"3321 w commodore way":[47.664838,-122.400454],
"3519 sw kenyon st":[47.531722,-122.377631],
"3922 6th av s":[47.5683933,-122.3259413],
"4007 williams av w":[47.6561964,-122.3925065],
"4326 36th av w":[47.6592575,-122.4035316],
"5265 16th av sw":[47.5541384,-122.3551351],
"5302 32nd av s":[47.554401,-122.291244],
"627 14th av e":[47.6250969,-122.3149311],
"6522 51st av s":[47.5435742,-122.2695699],
"6738 40th av s":[47.541272,-122.2822937],
"6858 26th av ne":[47.679258,-122.299263],
"7700 24th av ne":[47.6850395,-122.3015377],
"834 18th av":[47.6101695,-122.3088725],
"ballard av nw \/ nw dock pl":[47.6644589,-122.3809241],
"corliss av n \/ n 128th st":[47.721992,-122.3310734],
"densmore av n \/ n 137th st":[47.7286801,-122.3382612],
"fairview av e \/ fairview av n":[47.6316679,-122.3272292],
"m l king jr way \/ e olive st":[47.6164699,-122.2961408],
"perimeter rd s \/ airport way s":[47.5446905,-122.3109226],
"s massachusetts st \/ 3rd av s":[47.5882159,-122.3299792]
}