{
"1144 nw 52nd st":[47.666655,-122.372521],
"13032 42nd av ne":[47.723984,-122.282557],
"15033 37th av ne":[47.6888468,-122.288466],
"1918 3rd av":[47.6121987,-122.340145],
"1924 44th av sw":[47.585969,-122.387396],
"2200 east marginal way s":[47.5834911,-122.3400245],
"22nd av e \/ boyer av e":[47.6370262,-122.305344],
"2507 8th av w":[47.6409856,-122.3680125],
"2821 thorndyke av w":[47.6454669,-122.383057],
"2938 alki av sw":[47.577671,-122.414878],
"30th av ne \/ ne 137th st":[47.7279207,-122.2964144],
"3518 s edmunds st":[47.558894,-122.2878889],
"3521 ne 96th st":[47.698095,-122.289588],
"355 ward st":[47.627754,-122.349773],
"3617 nw 60th st":[47.6718959,-122.404268],
"3819 sw kenyon st":[47.531857,-122.381609],
"424 n 85th st":[47.6909451,-122.3530025],
"4331 31st av w":[47.659295,-122.397538],
"4509 s trenton st":[47.523909,-122.275488],
"4520 sw findlay st":[47.5523621,-122.3908668],
"4541 sand point way ne":[47.6616631,-122.286514],
"4821 sw charlestown st":[47.5700721,-122.3943883],
"4925 55th av s":[47.557507,-122.264788],
"5204 s brandon st":[47.5535875,-122.2678017],
"5405 25th av sw":[47.553488,-122.36467],
"5501 airport way s":[47.553203,-122.3212468],
"5521 28th av nw":[47.6693458,-122.3931196],
"5951 39th av s":[47.5482829,-122.2833935],
"620 s othello st":[47.537612,-122.326102],
"6406 28th av nw":[47.6754293,-122.3927532],
"6701 s thayer st":[47.5106167,-122.2497925],
"7514 19th av nw":[47.6837135,-122.3807424],
"7520 renton av s":[47.534675,-122.279605],
"7535 dibble av nw":[47.6843379,-122.367594],
"818 ne 106th st":[47.706415,-122.319462],
"ne 70th st \/ 58th av ne":[47.6793792,-122.2656298]
}