{
"100 2nd av n":[47.6185949,-122.3528544],
"100 yale av n":[47.6187483,-122.3303628],
"1012 sw trenton st":[47.525611,-122.348655],
"10218 greenwood av n":[47.7034151,-122.3551601],
"11012 1st av nw":[47.709053,-122.357775],
"1123 m l king jr way":[47.6122202,-122.2964847],
"1515 35th av":[47.6145179,-122.288498],
"212 32nd av s":[47.6004448,-122.2910682],
"2142 n 128th st":[47.7222391,-122.3323236],
"2204 16th av e":[47.638699,-122.310225],
"2521 9th av w":[47.6413414,-122.3692738],
"3113 4th av w":[47.6479341,-122.3622002],
"316 nw 41st st":[47.657212,-122.361774],
"3625 e howell st":[47.617381,-122.286521],
"4100 9th av ne":[47.6566397,-122.3187749],
"500 boren av n":[47.6238939,-122.3354537],
"5330 17th av s":[47.5538049,-122.310718],
"5925 33rd av s":[47.548953,-122.290703],
"6536 40th av sw":[47.54367,-122.382813],
"6728 35th av sw":[47.541947,-122.376099],
"7030 palatine av n":[47.6806042,-122.3560946],
"8239 17th av ne":[47.68966,-122.310383],
"8600-8634 island dr s":[47.5257679,-122.2610214],
"8710 38th av ne":[47.6920687,-122.2877305],
"9127 roosevelt way ne":[47.6957299,-122.3178987],
"ne ravenna blvd \/ ne 63rd st":[47.674,-122.3206484],
"sw oregon st \/ 38th av sw":[47.5628652,-122.3800951]
}