{
"11741 36th av ne":[47.714995,-122.290299],
"1415 w dravus st":[47.6484646,-122.3755595],
"1519 alaskan way s":[47.5904827,-122.3378563],
"1914 post al":[47.6103476,-122.3421963],
"222 w comstock st":[47.630655,-122.360304],
"2324 2nd av":[47.6147826,-122.3462649],
"2575 west montlake pl e":[47.64313,-122.305938],
"2707 ne 110th st":[47.7082604,-122.2988875],
"3035 beacon av s":[47.5759802,-122.3098046],
"321 n 77th st":[47.6845519,-122.3542341],
"3625 greenwood av n":[47.653309,-122.355865],
"3901 sw alaska st":[47.5607125,-122.3817507],
"3918 linden av n":[47.654692,-122.3482],
"3947 s orcas st":[47.5509709,-122.281411],
"4020 aurora av n":[47.656119,-122.3468689],
"4723 18th av ne":[47.663744,-122.308666],
"5036 35th av s":[47.5561089,-122.2891062],
"5654-5659 west green lake way n":[47.6702219,-122.3414881],
"5th av ne \/ ne 52nd st":[47.6664284,-122.322881],
"609 lake washington blvd e":[47.625148,-122.292557],
"6207 carleton av s":[47.547096,-122.320612],
"6344 34th av sw":[47.5451024,-122.3748437],
"6403 48th av sw":[47.5457195,-122.3945947],
"6421 hampton rd s":[47.544292,-122.260465],
"6511 24th av s":[47.5439762,-122.3024913],
"6915 seward park av s":[47.5401578,-122.2669144],
"726 26th av":[47.6087059,-122.2988293],
"7526 27th av ne":[47.683872,-122.298278],
"7755 lakemont dr ne":[47.6858099,-122.273318],
"815 23rd av e":[47.6263935,-122.3028192],
"ne 62nd st \/ roosevelt way ne":[47.6733401,-122.3173477],
"w newton st \/ thorndyke av w":[47.6369936,-122.3891397]
}