{
"11200-11283 57th av s":[47.5001544,-122.2609627],
"11407 69th pl s":[47.5022189,-122.247286],
"11544 8th av ne":[47.713531,-122.320283],
"1248 pine st":[47.6150965,-122.3283324],
"1721 s snoqualmie st":[47.561417,-122.309177],
"1830 14th av":[47.618531,-122.314],
"203 w comstock st":[47.630257,-122.359527],
"2121 n 130th st":[47.722852,-122.333271],
"2505 51st av sw":[47.5817638,-122.3974517],
"2901 6th av s":[47.5769236,-122.3267081],
"310 nw 88th st":[47.6928048,-122.3611983],
"3254 nw 54th st":[47.6675582,-122.4004688],
"3420 34th av w":[47.6511083,-122.4008959],
"422 yale av n":[47.6225625,-122.3299137],
"4300 colorado av s":[47.564647,-122.335781],
"4401 california av sw":[47.5645895,-122.3871239],
"4619 s lucile st":[47.5524446,-122.2744497],
"4770 s bond st":[47.5144597,-122.2710655],
"4800 california av sw":[47.5591979,-122.3864417],
"4821 51st av sw":[47.558759,-122.398353],
"5041 47th av ne":[47.6660357,-122.2776276],
"5711 ne 62nd st":[47.673345,-122.265606],
"5985 wilson av s":[47.547413,-122.263703],
"614 nw 126th pl":[47.7205749,-122.364442],
"6321 36th av sw":[47.545872,-122.378149],
"6507 40th av ne":[47.676084,-122.285245],
"6519 34th av sw":[47.544061,-122.3755923],
"6554 49th av sw":[47.543397,-122.394715],
"707 s trenton st":[47.5245498,-122.3251916],
"730 25th av s":[47.595837,-122.299621],
"8021 22nd av nw":[47.687494,-122.3846219],
"8342 jones av nw":[47.689994,-122.3861812],
"9039 meridian av n":[47.695232,-122.334196],
"9359 55th av s":[47.517248,-122.264298],
"republican st \/ 5th av n":[47.6232589,-122.3474842],
"sb i5 exp to stewart st":[47.619715,-122.329135]
}