{
"1028 ne 88th st":[47.692437,-122.316389],
"11725 16th av ne":[47.714707,-122.311549],
"13360 10th av ne":[47.726523,-122.317655],
"1411 31st av":[47.613297,-122.292926],
"1411 s concord st":[47.523651,-122.3143392],
"1636 n 52nd st":[47.66671,-122.336835],
"1900 8th av":[47.6149889,-122.3353424],
"2323 45th av sw":[47.582289,-122.389617],
"2409 s warsaw st":[47.5434101,-122.3025091],
"2442 western av":[47.6138264,-122.3492007],
"2nd av \/ university st - benaroya hall":[47.6072969,-122.337088],
"2nd av et s \/ s jackson st":[47.5992011,-122.3296791],
"307 n 70th st":[47.6796673,-122.3552371],
"318 s findlay st":[47.5527102,-122.3306786],
"4139 38th av s":[47.565022,-122.285285],
"5143 s hazel st":[47.5045379,-122.268293],
"5549 34th av ne":[47.6699672,-122.2917948],
"603 lake washington blvd e":[47.6246889,-122.29142],
"638 nw 49th st":[47.664575,-122.365768],
"6826 18th av ne":[47.678433,-122.308441],
"7800 rainier av s":[47.5323283,-122.2699506],
"8114 aurora av n":[47.6881545,-122.3441547],
"8228 2nd av ne":[47.689488,-122.326625],
"8516 14th av s":[47.5267919,-122.3148752],
"8538 30th av nw":[47.6918099,-122.395311],
"9720 2nd av nw":[47.70032,-122.359045],
"9725 33rd av sw":[47.515851,-122.374801],
"eb i90 fr 4 av s":[47.589338,-122.329045],
"ne 53rd st \/ 9th av ne":[47.6671179,-122.3183985],
"s hudson st \/ utah av s":[47.5574208,-122.3355197],
"s michigan st \/ 1st av s":[47.5453917,-122.3328122]
}