{
"10700 - 10711 corliss av n":[47.706831,-122.331277],
"11151 beacon av s":[47.5001604,-122.2674472],
"11538 16th av ne":[47.713137,-122.310733],
"11731 24th av ne":[47.714877,-122.303131],
"14th av ne \/ ne 123rd st":[47.7176157,-122.3139601],
"1909 ne 125th st":[47.719046,-122.308603],
"1915 nw 92nd st":[47.695273,-122.381446],
"1st av ne \/ n pacific st":[47.6536597,-122.3279069],
"2348 49th av sw":[47.5816282,-122.3938171],
"24th av w \/ gilman pl w":[47.6566519,-122.3874463],
"2505 w smith st":[47.6410107,-122.3893792],
"28th av ne \/ ne 137th st":[47.7281318,-122.297764],
"30th av ne \/ ne blakeley st":[47.6646075,-122.2956203],
"3423 e florence ct":[47.6188935,-122.2880347],
"4606 east marginal way s":[47.56219,-122.3392698],
"4th av & seneca st":[47.6074897,-122.3342094],
"5465 leary av nw":[47.6683244,-122.384121],
"6551 32nd av sw":[47.5438548,-122.3737902],
"700 - 799 6th av s":[47.596676,-122.32637],
"720 7th av s":[47.5961441,-122.3237836],
"8313 greenwood av n":[47.6895629,-122.3556424],
"8329 48th av s":[47.528242,-122.273226],
"8837 34th av sw":[47.5235203,-122.3755861],
"9401 37 av s":[47.518115,-122.286441],
"945 n 103rd st":[47.70339,-122.3455646],
"9602 midvale av n":[47.6986182,-122.3432876],
"e pine st \/ nagle pl":[47.6152579,-122.3200306],
"lenora st \/ 2nd av":[47.6125119,-122.3430808],
"n 45th st \/ eastern av n":[47.6613639,-122.3289647],
"ne 142nd st \/ 38th av ne":[47.7312706,-122.2875825]
}