{
"10412 64th av s":[47.507775,-122.253305],
"1177 fairview av n":[47.6308218,-122.3291948],
"11812 33rd av ne":[47.714432,-122.292722],
"1475 4th av s":[47.5896284,-122.3291758],
"2007 ferry av sw":[47.5860065,-122.3865563],
"2101 dexter way n":[47.6376691,-122.3438254],
"2205 2nd av":[47.6132261,-122.3449531],
"3106 30th av s":[47.575353,-122.293853],
"3131 37th pl s":[47.575728,-122.286926],
"3230 west viewmont way w":[47.649562,-122.409188],
"3501 fremont av n":[47.6507831,-122.350074],
"356 nw 89th st":[47.693737,-122.363123],
"3670 42nd av ne":[47.655765,-122.28238],
"4007 46th av s":[47.567288,-122.27616],
"4519 s henderson st":[47.522916,-122.275619],
"459 lynn st":[47.638884,-122.347773],
"4741 2nd av ne":[47.664408,-122.327541],
"504 e union st":[47.6129832,-122.3253986],
"5415 greenwood av n":[47.6683739,-122.3557207],
"6245 34th av ne":[47.675296,-122.291478],
"7309 sand point way ne":[47.6821576,-122.2636907],
"7516 fairway dr ne":[47.683758,-122.275947],
"8725 10th av s":[47.5249,-122.320569],
"9221 view av nw":[47.697099,-122.400747],
"9222 lake city way ne":[47.6965185,-122.3054872],
"garfield st \/ aurora av n":[47.6331628,-122.3435456]
}