{
"0 nb i5 at convention center":[47.60875,-122.330754],
"102 nw 101st st":[47.702455,-122.358248],
"11052 12th av ne":[47.71003,-122.314784],
"1246 ne 102nd st":[47.702416,-122.312938],
"1303 s hill st":[47.5844024,-122.3157462],
"14100 meridian av n":[47.7321784,-122.3342357],
"1433 mcgilvra blvd e":[47.631971,-122.281721],
"14342 edgewater ln ne":[47.733015,-122.283613],
"1527 thorndyke av w":[47.633177,-122.392261],
"1600 s columbian way":[47.5640958,-122.3120601],
"1824 1st av w":[47.6355758,-122.3580217],
"2131 n 51st st":[47.665535,-122.332278],
"2339 n 59th st":[47.671569,-122.3291333],
"29th av w \/ w dravus st":[47.6486409,-122.3942396],
"303 ne 40th st":[47.6555057,-122.3252934],
"309 n 64th st":[47.675016,-122.35488],
"315 ward st":[47.6278331,-122.3507309],
"3527 ne 92nd st":[47.695056,-122.2892818],
"3805 22nd av sw":[47.569938,-122.36147],
"3rd av n \/ etruria st":[47.6476708,-122.3513286],
"4036 53rd av sw":[47.567474,-122.400402],
"4108 sw dawson st":[47.55589,-122.384655],
"4122 evanston av n":[47.6573624,-122.3508236],
"427 n 64th st":[47.675089,-122.353083],
"4507 35th av s":[47.5625604,-122.2891618],
"4633 s cooper st":[47.510844,-122.27396],
"5300 ballard av nw":[47.6666245,-122.3830227],
"551 n 66th st":[47.6766689,-122.350459],
"6515 park point way ne":[47.6759557,-122.2652785],
"710 n 73rd st":[47.6820143,-122.3494165],
"7328 19th av sw":[47.5361549,-122.3585571],
"750 4th av s":[47.5970998,-122.329019],
"816 n 46th st":[47.6623493,-122.3477853],
"9021 9th av sw":[47.522103,-122.347088],
"921 s harney st":[47.5479156,-122.3206045],
"922 32nd av":[47.61115,-122.291139]
}