{
"1006 e newton st":[47.6373855,-122.319617],
"10900 aurora av n":[47.7082629,-122.3447146],
"1111 16th av e":[47.62906,-122.311644],
"1262 eastlake av e":[47.6320256,-122.3258646],
"1617 5th av w":[47.6340846,-122.3640766],
"1729 arch av sw":[47.5871039,-122.382058],
"2230 33rd av s":[47.582671,-122.29055],
"2321 w bertona st":[47.650094,-122.387018],
"2322 45th av sw":[47.582285,-122.388785],
"23rd av e & e john st":[47.6202167,-122.3025407],
"3007 66th av sw":[47.57656,-122.416931],
"3031 s portland st":[47.5330659,-122.2920967],
"3040 21st av w":[47.6478646,-122.3828813],
"3040 nw esplanade":[47.699254,-122.397645],
"3228 sw 97th st":[47.516889,-122.374867],
"3258 nw market st":[47.668831,-122.4008948],
"3527 s holden st":[47.533526,-122.286874],
"3538 burke av n":[47.650337,-122.334832],
"3807 s sullivan st":[47.526638,-122.28507],
"4231 2nd av ne":[47.658651,-122.32762],
"4426 41st av sw":[47.563907,-122.383741],
"5113 s ruggles st":[47.507973,-122.269196],
"5254 16th av sw":[47.55462,-122.354215],
"6500 19th av ne":[47.6758464,-122.3076255],
"6581 sylvan way sw":[47.5432648,-122.3709479],
"7025 12th av sw":[47.540401,-122.350722],
"7500 fauntleroy way sw":[47.5360165,-122.3923816],
"8201 northrop pl sw":[47.530352,-122.388765],
"9000 2nd av ne":[47.6940894,-122.3270443],
"9547 44th av ne":[47.698805,-122.281735],
"n 89th st \/ linden av n":[47.6934789,-122.3472178],
"nb i5 to mercer st":[47.619446,-122.328231],
"ne 74th st \/ 62nd av ne":[47.6821363,-122.2622382]
}