{
"11736 pinehurst way ne":[47.71494,-122.311737],
"121 n 76th st":[47.683789,-122.357007],
"13244 aurora av n":[47.7263091,-122.3431861],
"1429 7th av w":[47.6320989,-122.3667984],
"14355 linden av n":[47.7336312,-122.3489781],
"1500 valentine pl s":[47.5894062,-122.3073272],
"2646 rainier av s":[47.5797029,-122.2971177],
"2728 fairview av e":[47.6454237,-122.3269807],
"2814 boyer av e":[47.646105,-122.3170424],
"3215 e harrison st":[47.622319,-122.290428],
"324 broadway   e":[47.6218212,-122.3206088],
"4527 41st av sw":[47.562036,-122.384533],
"5042 11th av ne":[47.6661814,-122.3160018],
"524 s director st":[47.522473,-122.327196],
"5406 36th av sw":[47.553542,-122.377257],
"5944 36th av s":[47.548436,-122.28762],
"6001 s hazel st":[47.5041626,-122.2582708],
"6207 brooklyn av ne":[47.6735869,-122.3146052],
"823 ne 102nd st":[47.701951,-122.319398],
"8604 corliss av n":[47.69122,-122.330686],
"8616 14th av s":[47.5259207,-122.3146068],
"9208 4th av nw":[47.696426,-122.36165],
"9716 linden av n":[47.700175,-122.347006],
"highland park way sw \/ sw austin st":[47.5340701,-122.3470524],
"n 39th st \/ densmore av n":[47.6543288,-122.3374692],
"s charles st \/ 12th av s":[47.5940016,-122.3172116],
"sw thistle st \/ 27th av sw":[47.5282753,-122.3671819],
"wb wsea frwy at highrise":[47.571406,-122.343497]
}