{
"1006 ne 126th st":[47.720399,-122.3171782],
"10700 24th av ne":[47.7061565,-122.3019618],
"111 n argyle pl":[47.668904,-122.356438],
"1132 39th av e":[47.629562,-122.282301],
"12021 3rd av ne":[47.716536,-122.326554],
"1205 s bailey st":[47.5477773,-122.317657],
"12345 8th av ne":[47.7185961,-122.3215719],
"1419 taylor av n":[47.6320861,-122.3465075],
"1645 shenandoah dr e":[47.634846,-122.289588],
"1700 4th av s":[47.5876644,-122.3290534],
"1720 nw 64th st":[47.675506,-122.37993],
"201 1st av s":[47.6007121,-122.3345898],
"2334 rosemont pl w":[47.640154,-122.407338],
"2725 51st av sw":[47.578532,-122.3975418],
"3017 s willow st":[47.5406008,-122.2926545],
"3048 nw 58th st":[47.671158,-122.3977744],
"324 broadway e":[47.6218212,-122.3206088],
"3328 ne 125th st":[47.7195466,-122.2915007],
"3501 ne 98 st":[47.6999319,-122.290393],
"3822 s edmunds st":[47.558884,-122.284381],
"3955 15th av s":[47.567376,-122.313867],
"4210 s genesee st":[47.5642592,-122.2798965],
"4230 university way ne":[47.6592265,-122.3127968],
"4827 ne 85th st":[47.690331,-122.275964],
"5034 16th av ne":[47.665895,-122.310467],
"5515 32nd av nw":[47.6691969,-122.398633],
"5943 42nd av sw":[47.549038,-122.386042],
"6709 flora av s":[47.541984,-122.321055],
"711 n 74th st":[47.6823403,-122.3493531],
"7700 sand point way ne":[47.6851897,-122.2638282],
"7726 13th av nw":[47.685892,-122.372386],
"815 ne ravenna blvd":[47.672798,-122.319786],
"839 yakima av s":[47.59463,-122.294697],
"8915 10th av s":[47.523386,-122.320623],
"9525 5th av ne":[47.6984646,-122.3233674],
"e thomas st \/ 14th av e":[47.6211297,-122.3143241],
"harvard av e \/ e allison st":[47.6486992,-122.3221155],
"s dawson st \/ 56th av s":[47.5547959,-122.2629839],
"west green lake way":[47.6727026,-122.3440285],
"westwood town center mall sw":[47.52177,-122.3671739]
}