{
"10538 13th av nw":[47.70634,-122.372372],
"1155 n 92nd st":[47.6956127,-122.3421828],
"119 8th av s":[47.6015531,-122.3224714],
"1202 nw norcross way":[47.708562,-122.371322],
"12031 28th av ne":[47.716744,-122.298334],
"12039 3rd av ne":[47.71703,-122.326567],
"1234 19th av e":[47.631572,-122.306849],
"127 ne 58th st":[47.6706539,-122.3269875],
"1601 sw austin st":[47.5342276,-122.3553989],
"1940 26th av e":[47.6369975,-122.2991339],
"2208 n 77th st":[47.6852567,-122.331229],
"2619 35th av w":[47.6436932,-122.4027037],
"2833 s orcas st":[47.550574,-122.295375],
"3613 s juneau st":[47.5493963,-122.286693],
"4046 ne 110th st":[47.708536,-122.283379],
"4118 19th av sw":[47.56604,-122.357491],
"4530 17th av ne":[47.6622227,-122.309119],
"5000 sand point pl ne":[47.6651222,-122.2814915],
"5253 44th av sw":[47.555027,-122.388814],
"6008 14th av nw":[47.672686,-122.373067],
"6025 california av sw":[47.5477173,-122.3871946],
"707 union st":[47.6106291,-122.3324059],
"721 17th av e":[47.6258828,-122.3100006],
"7546 21st av ne":[47.6843422,-122.3050568],
"7th av w \/ w olympic pl":[47.6276866,-122.3661274],
"8022 17th av ne":[47.687421,-122.309703],
"8234 15th av ne":[47.689565,-122.311891],
"fairview pl n \/ fairview av n":[47.6263026,-122.3339824],
"queen anne av n \/ highland dr":[47.6295785,-122.3566313]
}