{
"10212 40th av sw":[47.511588,-122.382674],
"10324 39th av ne":[47.703744,-122.286353],
"111 24th av e":[47.619292,-122.301481],
"115 w prospect st":[47.6285591,-122.358748],
"12231 11th av nw":[47.718699,-122.370769],
"12709 42nd av ne":[47.721627,-122.283856],
"1321 4th av w":[47.6311074,-122.3620366],
"13330 stone av n":[47.726139,-122.341085],
"13714 holmes point dr ne":[47.7240018,-122.2518637],
"13735 ashworth av n":[47.7296679,-122.340019],
"1534 n 128th st":[47.722494,-122.337998],
"22nd av \/ e james st":[47.6071692,-122.3037921],
"2407 nw 63rd st":[47.674332,-122.388089],
"2409 14th av s":[47.5815721,-122.3147342],
"2605 22nd av s":[47.5797544,-122.3046471],
"2614 s lane st":[47.5969399,-122.298004],
"300 s cloverdale st":[47.5267088,-122.330911],
"3001 s austin st":[47.5342429,-122.293211],
"3247 sw avalon way":[47.5638,-122.373923],
"325 9th av":[47.6034418,-122.3235632],
"3326 20th av s":[47.5732188,-122.3055101],
"360 newell st":[47.644595,-122.350093],
"3rd av nw \/ holman rd nw":[47.7023685,-122.3607337],
"4702 sw hudson st":[47.5577172,-122.3925015],
"4921 ne 85th st":[47.6903239,-122.273736],
"5337 16th av s":[47.553741,-122.312748],
"5532 s holly st":[47.542913,-122.263106],
"6303 6th av ne":[47.6745207,-122.3224837],
"6915 military rd s":[47.540468,-122.298906],
"7185 holly park dr s":[47.5387238,-122.2871565],
"821 boylston av":[47.6097595,-122.320876],
"8219 45th av ne":[47.6889395,-122.2801984],
"8832 midvale av n":[47.6933906,-122.3421763],
"9035 12th av sw":[47.521832,-122.350937],
"ashworth av n \/ n 90th st":[47.6941652,-122.339166],
"aurora av n \/ n 63rd st":[47.6745467,-122.3472005],
"bellevue av e \/ e thomas st":[47.6208336,-122.3265816],
"fremont av n \/ n 60th st":[47.6724584,-122.3499335],
"lake washington blvd s \/ 49th av s":[47.5676757,-122.2719982]
}