{
"0 s royal brougham way \/ occidental av s":[47.5924074,-122.3332304],
"109 23rd av e":[47.6196302,-122.302865],
"11801 12th av nw":[47.714675,-122.372217],
"1207 41st av e":[47.630078,-122.280369],
"1214 s holgate st":[47.586525,-122.3165377],
"12552 26th av ne":[47.7207068,-122.3004536],
"12742 35th av ne":[47.722401,-122.290117],
"1333 s shelton st":[47.55767,-122.314698],
"1439 s main st":[47.5998305,-122.312474],
"1515 nw 53rd st":[47.666935,-122.377017],
"16th av s \/ s grand st":[47.5870018,-122.312705],
"1761 18th av s":[47.587334,-122.309807],
"1918 ne 124th st":[47.7181114,-122.3074906],
"1924 s graham st":[47.547293,-122.3078122],
"2220 eastlake av e":[47.6387997,-122.3255779],
"2317 3rd av":[47.6149453,-122.3456874],
"2403 e roanoke st":[47.643026,-122.301763],
"2915 ne 52nd st":[47.6661738,-122.2959036],
"3026 nw 60th st":[47.672468,-122.396908],
"3701 belvidere av sw":[47.57106,-122.379596],
"3907 s graham st":[47.5458003,-122.2829184],
"3919 woodlawn av n":[47.6549539,-122.339015],
"4010 48th av s":[47.567175,-122.272875],
"4318 55th av ne":[47.659811,-122.268317],
"4763 ballard av nw":[47.6640609,-122.3808379],
"5226 seward park av s":[47.55413,-122.264175],
"5416 21st av ne":[47.6685573,-122.3052584],
"5711 s hawthorn rd":[47.549043,-122.261778],
"600 6th av s":[47.5975108,-122.3263502],
"6026 37th av ne":[47.6729782,-122.2877209],
"6241 45th av ne":[47.6752255,-122.2798409],
"710 s lucile st":[47.5536982,-122.3233693],
"7120 55th av s":[47.538426,-122.261861],
"7152 30th av sw":[47.537615,-122.370807],
"7759 15th av nw":[47.6867365,-122.3771643],
"802 ne 65th st":[47.6758595,-122.3196464],
"9844 40th av s":[47.5121948,-122.2810506],
"n 84th st \/ stone av n":[47.6898199,-122.3418164],
"nb i5 at ne 105 st":[47.703742,-122.329381],
"w boston st \/ queen anne av n":[47.6383871,-122.3569331],
"w olympic pl \/ 1st av w":[47.6267174,-122.3579854]
}