{
"0 - 0 sb sr99 fr elliott":[47.611365,-122.346506],
"1000 belmont av e":[47.6271523,-122.3259622],
"12740 11th av nw":[47.72265,-122.369987],
"1504 ne 95th st":[47.6977962,-122.3117235],
"1516 e howe st":[47.6362499,-122.312658],
"17th av sw \/ sw roxbury st":[47.5173367,-122.3564898],
"212 e howe st":[47.6359801,-122.3249159],
"2353 n 140th st":[47.7302766,-122.3292637],
"2912 walnut av sw":[47.5778712,-122.383025],
"316 e harrison st":[47.622147,-122.3269642],
"3806 w armour st":[47.645242,-122.406193],
"3867 walla walla rd ne":[47.651693,-122.2993636],
"3919 s pearl st":[47.5559766,-122.2825285],
"525 n 85th st":[47.6904088,-122.3510497],
"550 ne ravenna blvd":[47.676583,-122.321848],
"607 20th av e":[47.624654,-122.306285],
"6425 high point dr sw":[47.545513,-122.368729],
"6736 mary av nw":[47.679018,-122.37576],
"6925 37th av sw":[47.5403204,-122.3795934],
"7502 18th av nw":[47.6833625,-122.3797274],
"842 ne 83rd st":[47.689122,-122.3183682],
"9000 20th av ne":[47.6940402,-122.306507],
"9634 28th av nw":[47.700243,-122.393149],
"9740 46th av ne":[47.700657,-122.278559],
"bell st \/ 7th av":[47.6173609,-122.341356]
}