{
"0 - 0 sb i5 at boylston":[47.633861,-122.324001],
"11525 17th av ne":[47.712967,-122.310181],
"11900 stendall pl n":[47.7152643,-122.3399935],
"1400 w ruffner st":[47.6523292,-122.3752915],
"1908 post al":[47.610234,-122.3419753],
"1911 nw 65th st":[47.675768,-122.381554],
"2025 s orcas st":[47.550945,-122.3061217],
"2306 22nd av s":[47.58266,-122.303885],
"2516 27th av w":[47.64172,-122.391221],
"27th av nw \/ nw 77th st":[47.684952,-122.3908313],
"3513 rainier av s":[47.5711536,-122.2931817],
"3800 evanston av n":[47.6528657,-122.3510208],
"3943 brooklyn av ne":[47.6551392,-122.3144887],
"400 n 105th st":[47.7053539,-122.3538499],
"4111 49th av sw":[47.566242,-122.395254],
"4202 sw holly st":[47.5431931,-122.3861442],
"4523 53rd av sw":[47.5622685,-122.3999819],
"5057 36th av sw":[47.555754,-122.377971],
"5411 37th av s":[47.552903,-122.28652],
"5679 beach dr sw":[47.5502343,-122.3980538],
"600 s king st":[47.5983714,-122.3263497],
"7355 19th av ne":[47.682906,-122.308079],
"8215 lake city way ne":[47.6889847,-122.3104348],
"9240 greenwood av n":[47.6973021,-122.3549551],
"9437 13th av sw":[47.517983,-122.352078],
"9701 waters av s":[47.5157789,-122.2570294],
"brooklyn av ne \/ ne 50th st":[47.6649112,-122.3142051],
"s royal brougham way \/ nb sr99 fr royal brougham":[47.5924471,-122.3354001]
}