{
"1000 nw northwood rd":[47.731571,-122.369474],
"1201 terry av":[47.6104046,-122.3280843],
"12314 36th av ne":[47.717989,-122.288665],
"1317 13th av s":[47.5909682,-122.3163731],
"13504 20th av ne":[47.726804,-122.30685],
"13734 39th av ne":[47.729251,-122.286006],
"14040 19th av ne":[47.731499,-122.308367],
"14th av e \/ e harrison st":[47.621971,-122.3146565],
"1631 39th av e":[47.634406,-122.283069],
"17th av ne \/ ne 137th st":[47.7284434,-122.3099753],
"200 17th av s":[47.600708,-122.309959],
"2059 s eddy st":[47.545206,-122.305106],
"2655 39th av w":[47.6447909,-122.4074669],
"2736 ne 140th st":[47.73041,-122.297664],
"2812 nw 61st st":[47.673203,-122.393609],
"309 summit av e":[47.6212029,-122.3253169],
"3417 rainier av s":[47.57239,-122.294057],
"3525 bagley av n":[47.6500042,-122.3330308],
"37th av sw \/ sw donovan st":[47.5254096,-122.3793541],
"3803 s barton st":[47.5212108,-122.2845214],
"4119 beach dr sw":[47.566805,-122.409699],
"4136 20th av sw":[47.565564,-122.358708],
"500 s portland st":[47.5337686,-122.326593],
"5047 42nd av sw":[47.556109,-122.385837],
"5201 ballard av nw":[47.6654393,-122.3824208],
"5348 ballard av nw":[47.667702,-122.3842786],
"5607 46th av sw":[47.5518965,-122.3914012],
"7033 43rd av ne":[47.680445,-122.283207],
"709 23rd av s":[47.5961536,-122.3025033],
"7505 latona av ne":[47.6833984,-122.3259215],
"7541 28th av sw":[47.5342774,-122.3688515],
"8049 23rd av nw":[47.6882384,-122.3856647],
"8141 7th av sw":[47.528857,-122.344594],
"9046 7th av nw":[47.695589,-122.364312],
"9077 renton av s":[47.521474,-122.274774],
"94 columbia st":[47.6032215,-122.335525],
"9801 32nd av sw":[47.515514,-122.37366],
"s alaska st \/ 38th av s":[47.5607269,-122.2849281],
"s bush pl \/ poplar pl s":[47.5919661,-122.3101185],
"w highland dr \/ 7th av w":[47.6296175,-122.366458]
}