{
"11051 palatine av n":[47.71012,-122.357207],
"11545 fremont av n":[47.713651,-122.350618],
"11th av e \/ e boston st":[47.6383918,-122.3179673],
"1209 ne 65th st":[47.6756363,-122.3152287],
"1245 s trenton st":[47.524496,-122.315674],
"12719 37th av ne":[47.7217415,-122.2889231],
"12th av ne \/ ne 67th st":[47.6772889,-122.3156753],
"15th av s \/ s bayview st":[47.5810128,-122.3133454],
"2520 n pacific st":[47.6532004,-122.3283299],
"2817 22nd av s":[47.577776,-122.304642],
"3260 60th av sw":[47.574021,-122.409059],
"3416 62nd av sw":[47.5735262,-122.4118252],
"35th av \/ e marion st":[47.6104058,-122.2882561],
"3754 sw 107th st":[47.507557,-122.380599],
"4029 ne 92nd st":[47.695041,-122.283966],
"4410 meridian av n":[47.6607259,-122.33327],
"4440 greenwood av n":[47.6612789,-122.3551088],
"4531 35th av s":[47.5619049,-122.289107],
"4830 12th av s":[47.559225,-122.316841],
"5117 47th av s":[47.5555502,-122.2746479],
"530 n 78th st":[47.685699,-122.351086],
"5608 29th av sw":[47.551692,-122.36931],
"604 11th av e":[47.624425,-122.317464],
"6246 38th av ne":[47.6753533,-122.2866152],
"630 w mercer pl":[47.626055,-122.365769],
"6628 holly pl sw":[47.54377,-122.390655],
"6842 19th av ne":[47.678896,-122.307379],
"6843 20th av ne":[47.678893,-122.306965],
"6857 37th av ne":[47.679268,-122.288547],
"7006 25th av nw":[47.679789,-122.388358],
"7110 32nd av s":[47.538369,-122.290996],
"7605 latona av ne":[47.6838679,-122.32599],
"820 s trenton st":[47.525008,-122.321909],
"8208 39th av sw":[47.529577,-122.381724],
"8606 42nd av s":[47.5258716,-122.2806091],
"904 19th av":[47.6105597,-122.3073172],
"dexter av n\/galer st":[47.6323,-122.3422812],
"s dearborn st \/ corwin pl s":[47.595824,-122.3140616]
}