{
"11739 meridian av n":[47.715218,-122.334541],
"12238 6th av nw":[47.718986,-122.363275],
"12561 9th av nw":[47.72129,-122.368084],
"13040 linden av n":[47.7232729,-122.3481542],
"13750 ashworth av n":[47.73016,-122.339246],
"15th av w \/ w emerson st":[47.6537021,-122.3762602],
"1826 dartmouth av w":[47.635833,-122.3887978],
"2029 nw 62nd st":[47.673598,-122.383494],
"2140 e mercer st":[47.6244126,-122.3041868],
"2438 5th av w":[47.640729,-122.36328],
"2463 8th av n":[47.641354,-122.343986],
"2708 mayfair av n":[47.645038,-122.352062],
"28th av w \/ w raye st":[47.6434653,-122.3929641],
"3034 10th av w":[47.6479209,-122.370068],
"3221 3rd av w":[47.6484797,-122.3608978],
"3651 greenwood av n":[47.6538229,-122.3557862],
"3rd av \/ seneca st":[47.6070862,-122.335306],
"4208 51st av ne":[47.659129,-122.272598],
"4401 densmore av n":[47.660462,-122.337635],
"4611 s bradford st":[47.5686425,-122.2751782],
"4844 12th av s":[47.558814,-122.316844],
"570 1st av s":[47.5963069,-122.3336844],
"5706 43rd av ne":[47.670596,-122.281879],
"7341 14th av nw":[47.6826867,-122.3738842],
"7602 6th av ne":[47.684055,-122.321273],
"7614 48th av s":[47.534232,-122.272332],
"7751 24th av nw":[47.6864518,-122.3878237],
"818 w barrett st":[47.647082,-122.368899],
"8449 rainier av s":[47.5265135,-122.2700076],
"8812 stone av n":[47.692832,-122.340993],
"melrose av \/ e olive way":[47.6166471,-122.3279046],
"n 145th st \/ lenora pl n":[47.7340965,-122.3434189],
"ne 65th st \/ 62nd av ne":[47.675889,-122.2614439],
"rainier av s \/ s kenny st":[47.5489453,-122.2770091],
"s atlantic st \/ 1st av s":[47.5902441,-122.3342202]
}