{
"10032 44th av sw":[47.512771,-122.388196],
"1007 stewart st":[47.6162987,-122.3330389],
"10402 8th av ne":[47.7041618,-122.3201995],
"11034 8th av ne":[47.7098984,-122.3205638],
"111 n 50th st":[47.664799,-122.356558],
"1141 20th av e":[47.629925,-122.306366],
"1211 2nd av":[47.6066607,-122.3369705],
"1305 e denny way":[47.6186263,-122.3152272],
"17202 aurora av n":[47.754128,-122.3447608],
"1816 bellevue av":[47.618321,-122.326409],
"1991 western av":[47.6100193,-122.3432673],
"211 n 87th st":[47.6922596,-122.3560733],
"2121 n 35th st":[47.648958,-122.333061],
"2515 3rd av":[47.616371,-122.347635],
"2924 s holly st":[47.5427527,-122.29496],
"3013 sw genesee st":[47.5646963,-122.3710252],
"3212 64th av sw":[47.575517,-122.414267],
"3227 19th av s":[47.5742935,-122.307525],
"323 25th av s":[47.599832,-122.300233],
"3325 36th av s":[47.5729669,-122.2880295],
"347 m l king jr way":[47.605609,-122.297117],
"3600 marginal pl sw":[47.5697395,-122.3558148],
"3816 45th av sw":[47.569695,-122.389045],
"3816 s holly park dr":[47.5361889,-122.283381],
"3914 east stevens way ne":[47.6546088,-122.3045429],
"4116 aikins av sw":[47.566959,-122.406297],
"425 vine st":[47.6175595,-122.346361],
"4251 23rd av w":[47.6591244,-122.3859579],
"4508 41st av sw":[47.56255,-122.383649],
"5015 s brandon st":[47.5531763,-122.2701462],
"5116 9th av nw":[47.6661992,-122.3683457],
"5542 delridge way sw":[47.5524403,-122.3629491],
"569 lee st":[47.6313079,-122.3452851],
"600 nw richmond beach rd":[47.7658303,-122.3641954],
"6701 52nd av s":[47.542225,-122.2674181],
"6812 25th av ne":[47.678014,-122.3003],
"6924 42nd av s":[47.5400001,-122.2803173],
"720 9th av n":[47.6260716,-122.339578],
"811 w blaine st":[47.634546,-122.368254],
"819 29th av e":[47.626469,-122.295368],
"8816 9th av sw":[47.5240239,-122.3463589],
"9045 15th av sw":[47.521498,-122.354328],
"9441 20th av sw":[47.517981,-122.3596879],
"n 96th st \/ fremont av n":[47.6987333,-122.3499929],
"nw 65th st \/ 19th av nw":[47.6759869,-122.3810582]
}