{
"10011 21st av ne":[47.70159,-122.306175],
"10318 stone av n":[47.703812,-122.341604],
"10711 exeter av ne":[47.707953,-122.277429],
"116 10th av e":[47.619293,-122.319138],
"155 s king st":[47.59817,-122.3321812],
"1752 nw 56th st":[47.6694695,-122.3806208],
"1826 harvard av":[47.6182947,-122.3221578],
"206 3rd av s":[47.60058,-122.329894],
"223 s main st":[47.600024,-122.3312742],
"2629 ne 82nd st":[47.688274,-122.2986144],
"2665 13th av w":[47.644689,-122.373147],
"2710 ne 106th pl":[47.7062116,-122.2982179],
"421 e thomas st":[47.6206588,-122.325592],
"4220 brooklyn av ne":[47.6588999,-122.3143654],
"4319 ne 42nd st":[47.658933,-122.280398],
"5501 56th av s":[47.552387,-122.2636982],
"5711 rainier av s":[47.5508618,-122.2775086],
"5936 25th av s":[47.5489009,-122.29969],
"5945 fauntleroy way sw":[47.5489066,-122.383468],
"7112 36th av sw":[47.538811,-122.377873],
"715 3rd av":[47.6038697,-122.3327533],
"7523 31st av ne":[47.683745,-122.29512],
"800 terry av n":[47.6249992,-122.3371155],
"827 s henderson st":[47.5228139,-122.321794],
"8420 10th av sw":[47.527627,-122.347649],
"greenwood av n \/ n 133rd st":[47.7255142,-122.3555541],
"n 89th st \/ fremont av n":[47.6934789,-122.3499249],
"ne 44th st \/ montlake blvd ne":[47.6603256,-122.2999208],
"whitman av n \/ n 41st st":[47.6566631,-122.3459442]
}