{
"10000 51st av sw":[47.513778,-122.394299],
"13046 30th av ne":[47.724286,-122.295848],
"1540 s ferdinand st":[47.55932,-122.311592],
"1701 nw 65th st":[47.6757739,-122.379092],
"2010 8th av n":[47.636982,-122.341214],
"2013 18th av s":[47.585228,-122.309837],
"2114 41st av sw":[47.5848045,-122.3833595],
"2515 s americus st":[47.5602333,-122.3004195],
"3012 nw 60th st":[47.672469,-122.396349],
"3018 sw 102nd st":[47.51196,-122.37206],
"315 nw 42nd st":[47.6575935,-122.3616436],
"330 n 73rd st":[47.6820168,-122.3539103],
"3516 sw barton st":[47.5212713,-122.3776172],
"3955 greenwood av n":[47.6550948,-122.3557124],
"4007 cascadia av s":[47.567647,-122.283239],
"4136 2nd av nw":[47.657386,-122.358329],
"421 20th av e":[47.622794,-122.306396],
"4345 palatine av n":[47.660893,-122.356448],
"46th av ne \/ ne 45th st":[47.6612927,-122.2783361],
"4705 aurora av n":[47.6630928,-122.3475968],
"4737 45th av ne":[47.6642153,-122.2797359],
"4927 17th av s":[47.5582285,-122.3108024],
"5338 sw manning st":[47.572042,-122.40181],
"5512 17th av ne":[47.6689492,-122.3091021],
"6009 11th av nw":[47.672671,-122.371697],
"609 2nd av":[47.6026072,-122.3328309],
"6745 24th av nw":[47.679034,-122.38782],
"759 northgate mall":[47.7062086,-122.3258737],
"9727 lake shore blvd ne":[47.700155,-122.273983],
"marion st \/ 3rd av":[47.6049085,-122.3333693],
"n northgate way \/ aurora av n":[47.705095,-122.3447767]
}