{
"0 - 0 wb wsea frwy at admiral":[47.571579,-122.367558],
"10414 marine view dr sw":[47.509532,-122.387517],
"12015 30th av ne":[47.7157235,-122.2964148],
"1507 nw 61st st":[47.6728388,-122.3767221],
"1827 broadway":[47.6183989,-122.321272],
"301 ne thornton pl":[47.7022951,-122.3255712],
"304 queen anne av n":[47.6212137,-122.3567098],
"3115 ne 82nd st":[47.687881,-122.29421],
"3412 beach dr sw":[47.57389,-122.416138],
"3805 aurora av n":[47.6528859,-122.3476527],
"4100 - 4299 walla walla rd ne":[47.6529025,-122.3002696],
"5000 40th av ne":[47.665174,-122.284062],
"508 20th av":[47.6065026,-122.3061634],
"5115 46th av sw":[47.555978,-122.39157],
"5122 s othello st":[47.5371979,-122.269222],
"5235 16th av ne":[47.6674886,-122.3110869],
"541 temple pl":[47.607382,-122.297111],
"6005 wellesley way ne":[47.6733084,-122.2766152],
"6535 fauntleroy way sw":[47.5448283,-122.3888524],
"6th av s \/ s king st":[47.598356,-122.3263592],
"7002 alonzo av nw":[47.6796593,-122.3746259],
"7030 35th av ne":[47.680179,-122.290095],
"california av sw \/ sw raymond st":[47.5484846,-122.387159],
"fairview av n \/ mercer st":[47.6245071,-122.3343209],
"n 104th st \/ aurora av n":[47.7043302,-122.3445932],
"ne 38th st \/ 43rd av ne":[47.6557961,-122.2814803]
}