{
"1003 e pike st":[47.614076,-122.3191559],
"1026 s donovan st":[47.525849,-122.319128],
"10414 60th av s":[47.507174,-122.25807],
"1420 madison st":[47.6108339,-122.3215948],
"1502 40th av":[47.614614,-122.28203],
"1615 28th av w":[47.634338,-122.393369],
"1727 ne 98th st":[47.7000559,-122.308789],
"1902 1st av n":[47.6358889,-122.3553086],
"1912 ne 124th st":[47.718142,-122.307729],
"200 26th av s":[47.6008541,-122.2989164],
"2022 2nd av n":[47.63726,-122.352803],
"2504 nob hill pl n":[47.641662,-122.3509989],
"2525 s americus st":[47.5602222,-122.299968],
"2701 e cherry st":[47.6077397,-122.2975411],
"2929 16th av sw":[47.5759443,-122.3546665],
"3231 perkins ln w":[47.649535,-122.417571],
"3515 sw holden st":[47.533142,-122.377454],
"4035 37th av s":[47.566863,-122.286435],
"4102 49th av s":[47.566292,-122.271613],
"419 n 70th st":[47.6794749,-122.3535102],
"421 s michigan st":[47.5453928,-122.3287233],
"4214 s raymond st":[47.5483631,-122.2801225],
"4400-4677 25th av ne":[47.6596904,-122.3009316],
"44th av sw \/ glenn way sw":[47.5612228,-122.3881693],
"4721 38th av ne":[47.6630589,-122.287701],
"7012 16th av sw":[47.540553,-122.354605],
"7739 28th av ne":[47.686028,-122.2976501],
"836 ne 69th st":[47.678973,-122.318472],
"8632 20th av sw":[47.525461,-122.35874],
"8659 9th av sw":[47.5247721,-122.3469679],
"8811 28th av nw":[47.693142,-122.393278],
"8903 fauntleroy way sw":[47.5240485,-122.3932736],
"9059 3rd av nw":[47.695853,-122.360978],
"921 ne 70th st":[47.6793004,-122.3177826],
"9440 27th av sw":[47.5179803,-122.3672826],
"e john st \/ 19th av e":[47.619672,-122.3073643],
"nw 46th st \/ 3rd av nw":[47.6621945,-122.3608008],
"nw 75th st \/ 26th av nw":[47.6831194,-122.3897888],
"nw 77th st \/ dibble av nw":[47.6850987,-122.367258],
"s myrtle st \/ 38th av s":[47.5388996,-122.2846714],
"sw 102nd st \/ california av sw":[47.5120993,-122.3872506]
}