{
"110 pike st":[47.6091386,-122.3396331],
"112 12th av":[47.6019979,-122.3167651],
"1200 s jackson st":[47.5996318,-122.3166833],
"12533 26th av ne":[47.720267,-122.301105],
"13277 15th av ne":[47.7253696,-122.3126702],
"1421 n 137th st":[47.728451,-122.33991],
"1700 n 80th st":[47.687197,-122.337516],
"1737 harbor av sw":[47.5873185,-122.3785803],
"2000 6th av":[47.6149466,-122.3384157],
"20th av ne \/ ne 85th st":[47.6903088,-122.306855],
"2635 e valley st":[47.625679,-122.297134],
"3000 s holden st":[47.533969,-122.293163],
"304 e thomas st":[47.6209944,-122.3276462],
"3222 38th av sw":[47.574886,-122.379963],
"3304 claremont av s":[47.573461,-122.295502],
"401 8th av n":[47.6223065,-122.3414387],
"4435 beacon av s":[47.56277,-122.3053788],
"4518 s willow st":[47.540891,-122.275573],
"4708 22nd av ne":[47.663219,-122.303661],
"5820 6th av nw":[47.671495,-122.3637121],
"607 nw 87th st":[47.691858,-122.36375],
"6232 35th av ne":[47.674996,-122.289942],
"6303 sand point way ne":[47.6745918,-122.2647962],
"6711 10th av nw":[47.678125,-122.370127],
"703 e pine st":[47.6152236,-122.3230911],
"7415 39th av s":[47.5357106,-122.2837931],
"810 hiawatha pl s":[47.5954343,-122.3098661],
"8548 1st av ne":[47.691866,-122.327993],
"alaskan e rdwy way \/ columbia st":[47.6025069,-122.336755],
"california av sw \/ erskine way sw":[47.5593207,-122.3868529]
}