{
"1018 w blaine st":[47.6349285,-122.3713135],
"11027 palatine av n":[47.709544,-122.357201],
"12725 30th av ne":[47.7219415,-122.2963448],
"1320 e mercer st":[47.6242853,-122.315174],
"13727 17th av ne":[47.7292811,-122.3102776],
"1409 1st av":[47.6078246,-122.3401224],
"1413 e spring st":[47.611539,-122.313484],
"1450 arboretum dr e":[47.6403194,-122.2945218],
"1605 ne 63rd st":[47.6745156,-122.3104394],
"2627 3rd av n":[47.6440712,-122.3520047],
"3032 nw 62nd st":[47.673926,-122.397122],
"311 smith pl":[47.641173,-122.351562],
"3318 23rd av s":[47.5734206,-122.3030984],
"3640 ne 62nd st":[47.6739909,-122.2886751],
"4710 ne 40th st":[47.657887,-122.277246],
"507 3rd av":[47.6022919,-122.3309881],
"5453 23rd av sw":[47.552199,-122.362071],
"6th av s \/ s nevada st":[47.5651197,-122.3266987],
"715 9th av":[47.6063685,-122.3255134],
"745 federal av e":[47.626682,-122.319472],
"7615 rockery dr s":[47.5340062,-122.2825734],
"9036 37th av sw":[47.521783,-122.379042],
"9040 11th av nw":[47.695405,-122.369664],
"9105 50th av s":[47.5221499,-122.2713734],
"9833 40th av s":[47.512319,-122.283138],
"albion pl n \/ n 35th st":[47.6497521,-122.3447248],
"e denny way \/ 17th av e":[47.6185272,-122.3101379],
"westwood town acc rd":[47.521694,-122.366641]
}