{
"0 s andover st":[47.568015,-122.293923],
"10313 20th av ne":[47.703476,-122.307294],
"121 stewart st":[47.6105998,-122.340574],
"12510 37th av ne":[47.719766,-122.287807],
"12728 28th av ne":[47.7217852,-122.2973487],
"1420 41st av e":[47.631657,-122.279536],
"14302 courtland pl n":[47.7325559,-122.3378361],
"1609 3rd av n":[47.633505,-122.352359],
"2412 s morgan st":[47.5444691,-122.301681],
"2551 5th av w":[47.642075,-122.363884],
"3000 ne 100th st":[47.701322,-122.296119],
"3023 alki av sw":[47.577767,-122.417097],
"4332 4th av ne":[47.659911,-122.323712],
"443 halladay st":[47.6419629,-122.347731],
"5413 fauntleroy way sw":[47.5533627,-122.3821482],
"5745 25th av ne":[47.6713809,-122.300927],
"5810 17th av nw":[47.6713338,-122.3786095],
"5th av n \/ broad st":[47.6206851,-122.3475854],
"6011 51st av s":[47.5480779,-122.270235],
"6019 31st av s":[47.5474178,-122.2928677],
"6043 31st av sw":[47.5474662,-122.372035],
"6109 sw hinds st":[47.573906,-122.41132],
"7120 29th av sw":[47.538547,-122.3694582],
"8131 7th av sw":[47.5291039,-122.344595],
"916 e john st":[47.6200767,-122.3201047],
"990 20th av":[47.612577,-122.305861],
"lakeview blvd e \/ e howe st":[47.6359037,-122.3224683]
}