{
"10515 greenwood av n":[47.7056285,-122.3559088],
"13309 23rd av ne":[47.725101,-122.304981],
"13501 aurora av n":[47.7273563,-122.345837],
"1426 broadmoor dr e":[47.632238,-122.287962],
"14331 wallingford av n":[47.733298,-122.337309],
"1621 s jackson st":[47.5990419,-122.3102553],
"2130 n 137th st":[47.729571,-122.333042],
"3027 s dawson st":[47.555118,-122.293107],
"3103 s holly st":[47.542557,-122.2927329],
"3808 ne 92nd st":[47.6954953,-122.2874197],
"3916 california av sw":[47.5687369,-122.3865363],
"4100 36th av ne":[47.6586929,-122.2891094],
"436 36th av":[47.6064587,-122.2868058],
"4728 36th av sw":[47.560033,-122.377089],
"5026 bowen pl s":[47.5561897,-122.2773073],
"624 w ewing st":[47.6530115,-122.3651717],
"7737 34th av nw":[47.686178,-122.40102],
"7th av w \/ w halladay st":[47.6420127,-122.3662252],
"8120 31st av sw":[47.529433,-122.372215],
"844 ne 79th st":[47.6860392,-122.3183792],
"8525 15th av nw":[47.6914791,-122.3771263],
"929 16th av":[47.6112262,-122.3115078],
"e martin st \/ franklin av e":[47.6497808,-122.3212537],
"nw 92nd st \/ 15th av nw":[47.6960804,-122.3768133],
"sw barton st \/ 38th av sw":[47.5210999,-122.3807892]
}