{
"0 - 0 eb wsea frwy at sr99":[47.57151,-122.337962],
"11034 fremont av n":[47.709701,-122.349801],
"1155 alaskan way":[47.6048002,-122.3393927],
"1206 s henderson st":[47.523294,-122.31721],
"1212 e hamlin st":[47.6457665,-122.3163314],
"12704 1st av ne":[47.7212119,-122.3289044],
"13571 linden av n":[47.727653,-122.3477278],
"14th av s \/ s sullivan st":[47.527308,-122.3147159],
"1902 e blaine st":[47.638881,-122.306852],
"1st av n \/ mercer st":[47.6245763,-122.3554172],
"2004 14th av s":[47.5852745,-122.3146607],
"20th av s \/ s waite st":[47.5802638,-122.3065845],
"2103 n 140th st":[47.7302419,-122.333991],
"2109 ne 100th st":[47.700937,-122.305214],
"2326 15th av s":[47.5821089,-122.3133282],
"2328 23rd av s":[47.582076,-122.302591],
"24 blaine st":[47.634934,-122.35584],
"2516 2nd av w":[47.641996,-122.359187],
"2637 w lynn st":[47.6389319,-122.3920444],
"3210 nw 80th st":[47.686932,-122.398925],
"3528 s hudson st":[47.55728,-122.287449],
"3902 sunnyside av n":[47.6544742,-122.3302354],
"4300 sw holly st":[47.5432483,-122.3875849],
"4725 2nd av ne":[47.6639679,-122.327547],
"4902 52nd av s":[47.5580331,-122.2681273],
"5216 20th av s":[47.5550601,-122.3068316],
"5244 16th av sw":[47.554894,-122.354214],
"5300 ne 85th st":[47.690764,-122.271599],
"6114 s bangor st":[47.5063763,-122.2566613],
"6320 29th av s":[47.545425,-122.29552],
"6325 30th av sw":[47.5444399,-122.3699713],
"6902 12th av ne":[47.6789392,-122.3154912],
"7445 se 24th st":[47.588254,-122.2394282],
"747 n 73rd st":[47.6816235,-122.3478557],
"7506 sunnyside av n":[47.6835149,-122.3290519],
"7701 east green lake dr n":[47.6825676,-122.3315638],
"8043 28th av ne":[47.6879326,-122.2974435],
"834 ne northgate way":[47.7085603,-122.3190414],
"8507 17th av nw":[47.690858,-122.379371],
"nb sr509 at cloverdale":[47.52688,-122.333482],
"ne 98th st \/ 15th av ne":[47.7003355,-122.312217],
"s henderson st \/ yukon av s":[47.5233084,-122.2769965]
}