{
"10051 13th av nw":[47.703024,-122.37313],
"115 warren av n":[47.6191843,-122.3544952],
"12020 5th av ne":[47.716648,-122.322462],
"12289 densmore av n":[47.7194277,-122.3389187],
"13706 2nd av ne":[47.7285754,-122.3273623],
"156 25th av":[47.602944,-122.299643],
"1623 2nd av":[47.610589,-122.340554],
"2016 sw 98th st":[47.5157529,-122.359993],
"2021 minor av e":[47.6374267,-122.3286295],
"2101 n 45th st":[47.6611847,-122.333591],
"211 s river st":[47.5436749,-122.3312796],
"2111 n 88th st":[47.692255,-122.333238],
"2149 38th av e":[47.638193,-122.285177],
"2318 4 ave":[47.6158732,-122.3445141],
"2422 e mcgraw st":[47.6404899,-122.3010941],
"2802 42nd av w":[47.6450858,-122.4109158],
"2812 29th av w":[47.6450299,-122.3939497],
"3007 s chicago st":[47.5321803,-122.2930383],
"3044 nw market st":[47.6686469,-122.396272],
"3412 e florence ct":[47.6189647,-122.2886277],
"3638 beach dr sw":[47.5717201,-122.4116158],
"4400 35th av sw":[47.5647019,-122.3759111],
"4429 rainier av s":[47.563379,-122.288363],
"4512 48th av sw":[47.562541,-122.393073],
"4712 s adams st":[47.5654567,-122.2738747],
"4822 48th av sw":[47.558661,-122.3933164],
"5416 fauntleroy way sw":[47.5532325,-122.3810822],
"6502 41st av sw":[47.544666,-122.384081],
"6527 beach dr sw":[47.5446734,-122.3979299],
"6800 east marginal way s":[47.5413238,-122.3250552],
"6th av ne \/ ne 72nd st":[47.6809102,-122.3217561],
"7710 22nd av nw":[47.6853906,-122.3840158],
"7827 perimeter rd s":[47.5337592,-122.2989288],
"833 ne 123rd st":[47.717396,-122.319314],
"8528 25th av ne":[47.69107,-122.301162],
"924 26th av s":[47.593842,-122.298848],
"9240 35th av sw":[47.51974,-122.376377],
"9326 lima ter s":[47.5189986,-122.2588865],
"phinney av n \/ n 60th st":[47.6725073,-122.3543694]
}