{
"1011 pike st":[47.612999,-122.329237],
"10560 aurora av n":[47.7067345,-122.3443225],
"10705 39th av sw":[47.507119,-122.3817835],
"1245 federal av e":[47.6317513,-122.3194115],
"1717 nw 64th st":[47.6752784,-122.3796254],
"201 queen anne av n":[47.620028,-122.357124],
"2010 5th av":[47.6142315,-122.3394911],
"2114 e columbia st":[47.609193,-122.304231],
"2314 w wheeler st":[47.640831,-122.387087],
"2768 44th av sw":[47.5774379,-122.3876544],
"282 2nd av n":[47.6207336,-122.3528346],
"28th av s \/ s holly st":[47.5426519,-122.2968601],
"323 n 83rd st":[47.688889,-122.354169],
"32nd av s \/ s atlantic st":[47.5894324,-122.2914388],
"3319 s dose ter":[47.5834047,-122.2900317],
"3711 sw tillman st":[47.52668,-122.37993],
"4222 s juneau st":[47.549918,-122.279733],
"4440 s warsaw st":[47.5435526,-122.2763268],
"4509 ne 95th st":[47.697138,-122.27955],
"4806 54th av sw":[47.5593939,-122.4009717],
"5312 s fletcher st":[47.519263,-122.265565],
"5835 17th av s":[47.5501917,-122.3114834],
"6301 seaview av nw":[47.6744118,-122.4067245],
"6554 25th av nw":[47.67753,-122.388322],
"7353 19th av nw":[47.682876,-122.3811705],
"7356 27th av nw":[47.6829748,-122.3904365],
"811 n 130th st":[47.7230447,-122.3488481],
"8127 49th av s":[47.52949,-122.272058],
"8729 15th av nw":[47.6933082,-122.3771042],
"8809 20th av sw":[47.524337,-122.359509],
"914 24th av s":[47.594087,-122.300844],
"9649 57th av s":[47.515337,-122.262364],
"e olive ln \/ howell pl":[47.6165373,-122.2813656],
"nb sr99 fr cloverdale \/ s cloverdale st":[47.5274414,-122.3251325],
"nw 49th st \/ 9th av nw":[47.6643945,-122.3685932],
"s morgan st \/ beacon av s":[47.5442541,-122.2999561],
"sta36":[47.5712145,-122.328374]
}