{
"1019 s cloverdale st":[47.526206,-122.319371],
"1107 boren av":[47.6102175,-122.3260475],
"11750 12th av ne":[47.715475,-122.314955],
"12208 6th av nw":[47.718325,-122.363264],
"13007 8th av ne":[47.723673,-122.32107],
"1423 1st av n":[47.6320381,-122.3558269],
"1526 nw 58th st":[47.6711214,-122.3774978],
"1840 e shelby st":[47.64666,-122.30725],
"2352 alki av sw":[47.5823212,-122.4024222],
"2402 7th av w":[47.6396344,-122.3662488],
"2656 sw roxbury st":[47.5175839,-122.3682679],
"2737 ne 97th st":[47.699056,-122.29708],
"2918 s willow st":[47.5408129,-122.2950618],
"2943 36th av s":[47.576209,-122.288005],
"3021 37th av sw":[47.576725,-122.378458],
"30th av sw \/ sw nevada st":[47.5654306,-122.3708322],
"310 n 46th st":[47.6623977,-122.3547848],
"3310 27th av s":[47.57363,-122.297413],
"3525 ne 134th st":[47.725627,-122.289489],
"4111 30th av s":[47.5659264,-122.2941325],
"4913 3rd av nw":[47.6648404,-122.3610611],
"506 24th av s":[47.597845,-122.300778],
"543 ne 95th st":[47.69751,-122.3211283],
"5th av w \/ elliott av w":[47.6226383,-122.3632823],
"6512 29th av sw":[47.5442431,-122.3688186],
"6604 park point way ne":[47.6767258,-122.265861],
"6723 25th av nw":[47.678374,-122.388994],
"710 n 68th st":[47.6789257,-122.3494464],
"7701 5th av s":[47.5338447,-122.3284129],
"8123 27th av sw":[47.5293976,-122.3674785],
"816 ne 94th st":[47.6969391,-122.3195202],
"8361 loyal way nw":[47.689399,-122.397457],
"8501 15th av nw":[47.6907567,-122.3772565],
"8706 20th av nw":[47.6926684,-122.3818584],
"936 n 91st st":[47.695135,-122.345674],
"s snoqualmie st \/ m l king jr way s":[47.5617687,-122.2941259]
}