{
"0 nb sr509 at 1 av s bridge":[47.542241,-122.33422],
"10004 43rd pl ne":[47.7019329,-122.282593],
"101 4th av s":[47.6016316,-122.3290067],
"1043 ne 102nd st":[47.702004,-122.315903],
"10714 stone av n":[47.707394,-122.341749],
"12516 25th av ne":[47.7200156,-122.3015557],
"12821 25th av ne":[47.7227373,-122.3021335],
"13014 10th av ne":[47.723708,-122.317703],
"13017 8th av ne":[47.723676,-122.321385],
"1322 44th av sw":[47.5912247,-122.3869441],
"1418 e ward st":[47.627862,-122.313718],
"150 highland dr":[47.629959,-122.353902],
"2437 55th av sw":[47.5811589,-122.4028833],
"3610 ne 42nd st":[47.6593609,-122.288657],
"4427 54th av sw":[47.5640845,-122.401792],
"4967 12th av s":[47.55736,-122.317464],
"521 s henderson st":[47.52283,-122.327393],
"5635 25th av sw":[47.550802,-122.364703],
"6038 3rd av nw":[47.673539,-122.360384],
"6218 48th av s":[47.546444,-122.272327],
"7329 34th av sw":[47.536484,-122.375606],
"7759 11th av sw":[47.5329253,-122.3496189],
"7760 13th av sw":[47.5324802,-122.351368],
"cedar st \/ 2nd av":[47.616465,-122.349759],
"nw 70th st \/ 27th av nw":[47.6794802,-122.3908158]
}