{
"100 12th av":[47.6017473,-122.3167499],
"1221 ne 135th st":[47.726498,-122.3143268],
"12343 lake city way ne":[47.7186801,-122.2959861],
"1524 17th av e":[47.632972,-122.309599],
"2114 e fir st":[47.602883,-122.304252],
"227 22nd av e":[47.621017,-122.303954],
"2363 hobart av sw":[47.582737,-122.400216],
"2614 42 av sw":[47.58087,-122.3850888],
"2815 fairview av e":[47.6458206,-122.327016],
"317 s lucile st":[47.5532631,-122.3301554],
"3701 ne 75th st":[47.682879,-122.2880874],
"3864 beach dr sw":[47.5686131,-122.408862],
"4100 east marginal way s":[47.5655684,-122.3392738],
"477 yale av n":[47.6229329,-122.3304525],
"511 federal av e":[47.623488,-122.319174],
"557 n 80th st":[47.6867329,-122.350119],
"5614 11th av ne":[47.6699786,-122.3162807],
"59th av s \/ s gazelle st":[47.5123725,-122.2593578],
"6023 s roxbury st":[47.516988,-122.257198],
"8310 beacon av s":[47.529328,-122.287465],
"8364 wabash av s":[47.5280742,-122.2680185],
"8715 17th av nw":[47.692888,-122.379263],
"8812 4th av s":[47.524186,-122.329394],
"9033 2nd av nw":[47.695205,-122.359751],
"937 22nd av":[47.611185,-122.304085],
"9841 44th av sw":[47.514477,-122.389012]
}