{
"1022 belmont av e":[47.6278181,-122.3263069],
"10546 23rd av ne":[47.706218,-122.303985],
"12244 3rd av nw":[47.71911,-122.36057],
"12254 6th av nw":[47.7193309,-122.363279],
"13201 linden av n":[47.725475,-122.349239],
"1623 queen anne av n":[47.6342891,-122.3572278],
"1665 broadmoor dr e":[47.634837,-122.288291],
"1802 s bayview st":[47.5811816,-122.3092019],
"2139 42nd av sw":[47.5842161,-122.3850624],
"2200 alaskan way":[47.6112233,-122.3477557],
"2402 ne 65th st":[47.6760345,-122.3013197],
"2511 perkins ln w":[47.640967,-122.414991],
"2911 18th av s":[47.577416,-122.309629],
"3016 s othello st":[47.5372241,-122.2922742],
"3023 22nd av w":[47.647286,-122.385038],
"319 12th av":[47.6050327,-122.3172279],
"3320 w mcgraw st":[47.6398247,-122.4005444],
"3846 31st av w":[47.655419,-122.396584],
"405 36th av e":[47.6225159,-122.2871402],
"4100 sw 102nd st":[47.512092,-122.3844894],
"4127 memorial way ne":[47.6573771,-122.3097482],
"4400 28th pl w":[47.659576,-122.39357],
"4502 shilshole av nw":[47.661864,-122.3765144],
"5932 45th av sw":[47.549356,-122.3895232],
"6002 39th av sw":[47.5482677,-122.3814783],
"6300 latona av ne":[47.67451,-122.325155],
"6328 42nd av sw":[47.545754,-122.3854997],
"6756 11th av nw":[47.6794385,-122.3706003],
"7302 21st av ne":[47.6813689,-122.304924],
"7332 28th av nw":[47.6823182,-122.3926707],
"825 ne 60th st":[47.671989,-122.318956],
"841 ne 103rd st":[47.7029419,-122.3186659],
"marion st \/ minor av":[47.6090905,-122.3233744]
}