{
"101 n 85th st":[47.6903924,-122.3584549],
"1100 california av sw":[47.5938347,-122.3869179],
"11520 20th av ne":[47.71277,-122.30671],
"1248 n 98th st":[47.7005306,-122.3422577],
"12747 4th av nw":[47.722776,-122.362688],
"14371 30th av ne":[47.733503,-122.29726],
"15th av w sb off rp":[47.649015,-122.3767456],
"1936 2nd av":[47.6116592,-122.3415689],
"2252 viewmont way w":[47.637717,-122.40338],
"2317 n 56th st":[47.6691561,-122.3296631],
"2320 rosemont pl w":[47.639869,-122.406881],
"24th av nw \/ nw 95th st":[47.6982353,-122.3875813],
"2865 s atlantic st":[47.5893056,-122.2952326],
"3015 nw 74th st":[47.682146,-122.396529],
"331 nw 87th st":[47.691848,-122.361891],
"346 nw 89th st":[47.6937349,-122.362721],
"3756 sw hinds st":[47.573337,-122.379692],
"3801 28th av w":[47.654267,-122.393347],
"3919 sw 98th st":[47.51537,-122.382819],
"4219 12th av ne":[47.6589298,-122.315783],
"4541 ne 55th st":[47.6689956,-122.2778756],
"6518 33rd av s":[47.543752,-122.289837],
"6841 54th av ne":[47.678825,-122.270659],
"6900 37 av s - park place assisted living":[47.5402567,-122.2855299],
"6th av nw \/ leary way nw":[47.6583779,-122.3641371],
"719 nw market st":[47.6684256,-122.3656107],
"726 s southern st":[47.5300182,-122.3242655],
"7759 14th av sw":[47.5323264,-122.3531153],
"828 ne 83rd st":[47.6891185,-122.3190416],
"900 federal av e":[47.627007,-122.318811],
"9100 roosevelt way ne":[47.6949282,-122.3175663],
"9702 linden av n":[47.6998245,-122.3470619],
"alamo pl s \/ s hinds st":[47.5730926,-122.3095844],
"nw 64th st \/ 22nd av nw":[47.6752987,-122.3847393],
"sand point way ne \/ ne 75th st":[47.6829153,-122.263693]
}