{
"0 - 0 sb i5 fr columbian":[47.566556,-122.320956],
"0 sb i5 to michigan":[47.552263,-122.319291],
"1121 e pike st":[47.6139256,-122.3171205],
"11538 25th av ne":[47.713144,-122.301365],
"1216 nw 70th st":[47.6797056,-122.3722741],
"13042 35th av ne":[47.72429,-122.28978],
"1639 21st av":[47.6165014,-122.3051304],
"2005 s stevens st":[47.576757,-122.306311],
"214 e lynn st":[47.6398988,-122.3251742],
"2383 west viewmont way w":[47.6401751,-122.4093617],
"2542 ne 94th st":[47.6968185,-122.2996214],
"3006 31st av w":[47.6471639,-122.39653],
"3641 bagley av n":[47.651624,-122.333046],
"3rd av w \/ w olympic pl":[47.6997384,-122.325086],
"4204 s graham st":[47.5461714,-122.2804718],
"4229 s mead st":[47.550227,-122.279476],
"4812 linden av n":[47.6638879,-122.3484255],
"4826 46th av sw":[47.558498,-122.390502],
"5137 kenilworth pl ne":[47.666143,-122.270025],
"616 nw 85th st":[47.69093,-122.364203],
"621 ne 78th st":[47.6851155,-122.3206152],
"6319 sand point way ne":[47.674694,-122.2646516],
"6701 40th av s":[47.5423172,-122.2828258],
"6718 7th av nw":[47.678354,-122.364217],
"6900 fox av s":[47.5404536,-122.3262909],
"9533 1st av nw":[47.698822,-122.358449],
"beacon av s \/ s spencer st":[47.5477328,-122.3010144],
"renton av s \/ s thistle pl":[47.5285385,-122.2779394],
"woodlawn av n \/ n 42nd st":[47.6580132,-122.338614]
}