{
"0 - 0 sb i5 exp at mercer":[47.629627,-122.32713],
"1006 park rd":[47.6191014,-122.2110545],
"10539 2nd av nw":[47.7062605,-122.3598243],
"10804 37th av sw":[47.50625,-122.378454],
"1110 n 140th st":[47.7307134,-122.3443802],
"1125 25th av":[47.612363,-122.300513],
"1204 e columbia st":[47.6093477,-122.3163517],
"1230 n 76th st":[47.6839842,-122.3419483],
"14410 greenwood av n":[47.733536,-122.3550985],
"1515 federal av e":[47.632705,-122.319482],
"1753 nw 56th st":[47.6692259,-122.3812515],
"1st av s \/ s king st":[47.5983085,-122.3342536],
"2342 n 50th st":[47.665227,-122.329173],
"2348 alki av sw":[47.5823568,-122.4022041],
"24th av nw \/ nw 70th st":[47.6795014,-122.3875481],
"2812 s columbian way":[47.5623707,-122.2966482],
"3600 gilman av w":[47.6525972,-122.3828605],
"3738 e high ln":[47.620206,-122.284475],
"3rd av w \/ w highland dr":[47.6295848,-122.3605165],
"450 n 35th st":[47.6511489,-122.3523501],
"4552 46th av sw":[47.5614188,-122.3904733],
"4615 s frontenac st":[47.539503,-122.274601],
"480 ne thornton pl":[47.7031006,-122.3249153],
"5038 48th av sw":[47.556429,-122.393248],
"5055 38th av ne":[47.666447,-122.287167],
"550 18th av":[47.607527,-122.3089303],
"5805 14th av nw":[47.6711248,-122.3738972],
"5890 airport way s":[47.5502027,-122.3175534],
"6009 39th av sw":[47.5480527,-122.3821902],
"627 1st av":[47.6024424,-122.3346526],
"6713 46th av s":[47.5420656,-122.2756546],
"6718 27th av nw":[47.6782566,-122.3905455],
"6752 1st av nw":[47.679287,-122.357122],
"6938 flora av s":[47.539935,-122.321052],
"706 ne 45th st":[47.6615067,-122.3202195],
"7133 38th av s":[47.5384199,-122.2846903],
"718 27th av":[47.608567,-122.29718],
"7515 jones av nw":[47.6836571,-122.3867339],
"7540 s taft st":[47.510308,-122.239362],
"7901 m l king jr way s":[47.5315192,-122.2808162],
"807 ne 81st st":[47.687263,-122.319885],
"8329 21st av nw":[47.6896075,-122.3835443],
"broadway & e pine st":[47.6152501,-122.3207934],
"ne 65th st \/ 24th av ne":[47.6757741,-122.3016524],
"ne 85th st \/ 15th av ne":[47.6903332,-122.3122419],
"ne northlake way \/ 5th av ne":[47.6539734,-122.3235396],
"sb i5 at stewart":[47.620742,-122.328647],
"sb i5 exp at olive st":[47.6161547,-122.3290989],
"sw thistle st \/ 24th av sw":[47.5282737,-122.3631394]
}