{
"100 - 199 prefontaine pl s":[47.601716,-122.330265],
"1212 n 42nd st":[47.6580385,-122.3429866],
"1301 e thomas st":[47.6211155,-122.315666],
"1314 madison st":[47.6107321,-122.3225356],
"13th av \/ e james ct":[47.6074227,-122.3154648],
"1723 18th av":[47.617105,-122.309217],
"1809 e olive way":[47.619727,-122.3216372],
"1812 14th av":[47.618093,-122.313912],
"1900 lakeside av s":[47.585641,-122.2873787],
"19th av nw \/ nw canoe pl":[47.6799589,-122.3810586],
"2429 2nd av":[47.6150474,-122.3478838],
"2484 dexter av n":[47.6419809,-122.3443692],
"2511 ne 136th st":[47.727251,-122.300779],
"2611 nw 54th st":[47.668171,-122.3905389],
"2nd av nw \/ nw canal st":[47.6528884,-122.3595041],
"3218 nw market st":[47.6688371,-122.3992769],
"3721 39th av s":[47.570035,-122.284276],
"4017 48th av sw":[47.567909,-122.393843],
"409 ne 85th st":[47.6902318,-122.3238258],
"417 ne 81st st":[47.687294,-122.323521],
"4740 ravenna av ne":[47.6643745,-122.303203],
"4th av w \/ w highland dr":[47.6295916,-122.3618036],
"5256 19th av ne":[47.668004,-122.306824],
"5403 phinney av n":[47.667929,-122.35475],
"55th av s \/ beacon av s":[47.4987238,-122.2644127],
"5th av nw \/ nw 65th st":[47.6759796,-122.3624785],
"6344 delridge way sw":[47.545448,-122.36167],
"6706 corson av s":[47.5424437,-122.3228155],
"713 s southern st":[47.529591,-122.32491],
"9010 8th av ne":[47.694413,-122.320014],
"9417 delridge way sw":[47.5175619,-122.3553367],
"nw 85th st \/ 31st av nw":[47.6905708,-122.3968547],
"west marginal way sw \/ sw andover st":[47.5683113,-122.3545523],
"woodland park av n \/ n 38th st":[47.6527163,-122.3439748]
}