{
"1016 w galer st":[47.6324855,-122.3712248],
"11716 aurora av n":[47.7142652,-122.3448139],
"12735 30th av ne":[47.7221572,-122.2963502],
"1712 n 40th st":[47.6558549,-122.3367993],
"1751 nw 58th st":[47.670677,-122.381149],
"1920 queen anne av n":[47.6368133,-122.3566667],
"2106 3rd av":[47.6135687,-122.3422973],
"302 nw 86th st":[47.691557,-122.360878],
"3211 sw avalon way":[47.564145,-122.372433],
"3418 13th av w":[47.650915,-122.373213],
"3903 s orcas st":[47.5510172,-122.2831575],
"4824 49th av sw":[47.558578,-122.394548],
"5310 wilson av s":[47.5538281,-122.2686356],
"6322 30th av sw":[47.5463477,-122.3704462],
"6658 east green lake way n":[47.678095,-122.330245],
"757 thomas st":[47.6206358,-122.34199],
"8821 35th av sw":[47.5239818,-122.3770968],
"9044 12th av sw":[47.521508,-122.350242],
"9527 interlake av n":[47.698771,-122.341146],
"aloha st \/ minor av n":[47.6269741,-122.3323737],
"s jackson pl \/ rainier av s":[47.5987966,-122.3137847],
"sb sr99 at 1 av":[47.5962985,-122.3344847],
"sw alaska st \/ 40th av sw":[47.5610498,-122.382818],
"sw morgan st \/ high point dr sw":[47.544698,-122.3681701]
}