{
"10060 ravenna av ne":[47.702792,-122.298548],
"1023 summit av e":[47.6279122,-122.326033],
"114 w highland dr":[47.6295878,-122.3582967],
"1201 e denny way":[47.6186969,-122.3166013],
"1215 8th av":[47.609468,-122.3299003],
"12714 evanston av n":[47.721899,-122.351243],
"14331 stone av n":[47.733289,-122.342713],
"163 18th av":[47.6030609,-122.309456],
"163 ward st":[47.627768,-122.353336],
"1715 e madison st":[47.6156627,-122.3094333],
"1744 n 130th st":[47.723827,-122.334827],
"1942 2nd av":[47.6116677,-122.3415831],
"2425 33rd av w":[47.64015,-122.399883],
"26th av e \/ e madison st":[47.622016,-122.2983122],
"3237 43rd av w":[47.649698,-122.412286],
"3602 meridian av n":[47.650613,-122.333593],
"400 galer st":[47.6325239,-122.349334],
"4405 dayton av n":[47.660458,-122.352358],
"4412 31st av s":[47.5631921,-122.2927022],
"4427 50th av s":[47.5632662,-122.2710099],
"4th av s \/ s river st":[47.5438945,-122.3295353],
"5031 brooklyn av ne":[47.6658367,-122.3142105],
"5036 21st av ne":[47.6660278,-122.3052475],
"5109 s willow st":[47.540442,-122.269396],
"5233 41st av sw":[47.554695,-122.384568],
"526 s trenton st":[47.525023,-122.327101],
"5753 ne 61st st":[47.672612,-122.263918],
"6017 42nd av sw":[47.5479121,-122.3859876],
"6046 36th av ne":[47.6735169,-122.288818],
"6727 rainier av s":[47.5418593,-122.2725283],
"6826 32nd av ne":[47.678395,-122.292673],
"7331 ravenna av ne":[47.682205,-122.304358],
"800 - 899 jefferson st":[47.604377,-122.325207],
"9216 36th av sw":[47.520528,-122.377756],
"9221 fremont av n":[47.6966279,-122.3502551],
"9314 23rd av nw":[47.6967274,-122.3851629],
"9447 26th av sw":[47.517713,-122.366303],
"9801 aurora av n":[47.700635,-122.3451801],
"evanston av n \/ n 43rd st":[47.6589637,-122.3509951],
"m16 fire":[47.6012184,-122.3283401],
"melrose av e \/ denny way":[47.6184967,-122.3278535],
"ne 71st st \/ roosevelt way ne":[47.6801811,-122.3174413],
"sw austin st \/ 45th av sw":[47.5349577,-122.3904194]
}