{
"10723 53rd av s":[47.504164,-122.267834],
"1100 n 85th st":[47.6905666,-122.3434441],
"11350 sand point way ne":[47.7119817,-122.2812154],
"12579 densmore av n":[47.721694,-122.3382114],
"12600 renton av s":[47.4917391,-122.2392921],
"1500 9th av":[47.6125151,-122.3311483],
"1616 31st av":[47.615792,-122.29206],
"1700 ne pacific st":[47.6519754,-122.3105342],
"1725 westlake av n":[47.6344134,-122.3407522],
"1730 ne 103rd st":[47.703341,-122.308346],
"1843 mcgilvra blvd e":[47.6358339,-122.28119],
"2221 n 45th st":[47.661176,-122.331732],
"300 s walker st":[47.5840375,-122.3299793],
"3221 eastlake av e":[47.6513666,-122.3218029],
"32nd av s \/ s lucile st":[47.5525029,-122.2915396],
"3445 gilman av w":[47.651551,-122.383121],
"4419 gilman av w":[47.6599879,-122.391682],
"4423 bagley av n":[47.6610393,-122.3327664],
"501 e pine st":[47.6150614,-122.325194],
"517 nw bright st":[47.6598426,-122.3638527],
"5524 s leo st":[47.502808,-122.263685],
"5956 28th av s":[47.548246,-122.296567],
"6322 high point dr sw":[47.5459106,-122.3685469],
"6401 24th av nw":[47.675515,-122.387987],
"8820 31st av sw":[47.524007,-122.372239],
"9021 8th av sw":[47.5221255,-122.3454945],
"fremont av n \/ n 36th st":[47.6513584,-122.3499473],
"n 92nd st \/ palatine av n":[47.6960406,-122.3566775]
}