{
"10006 9th av nw":[47.70185,-122.368344],
"10200 2nd av ne":[47.7086763,-122.3273087],
"10742 20th av ne":[47.70784,-122.305702],
"11242 evanston av n":[47.71177,-122.351148],
"1235 s jackson st":[47.5989761,-122.315771],
"12726 17th av ne":[47.72179,-122.31029],
"13445 m l king jr way s":[47.4815157,-122.2464575],
"14346 36th av ne":[47.733247,-122.289346],
"14511 wallingford av n":[47.7050296,-122.3357373],
"1517 s angeline st":[47.55988,-122.312587],
"1813 taylor av n":[47.635275,-122.346288],
"2001-2098 3rd av n":[47.6365773,-122.3519519],
"2216 e roanoke st":[47.6433589,-122.302338],
"2343 w newton st":[47.636766,-122.388168],
"3053 nw 65th st":[47.675651,-122.397948],
"412 5th av s":[47.5987752,-122.3274184],
"4517 renton av s":[47.5622488,-122.2919548],
"4517 sw admiral way":[47.581026,-122.390088],
"4828 s kenyon st":[47.531882,-122.271351],
"5232 38th av ne":[47.667711,-122.286527],
"5269 16th av ne":[47.66837,-122.311069],
"529 n 137th st":[47.728323,-122.351986],
"5432 fauntleroy way sw":[47.552733,-122.381226],
"5464 sand point way ne":[47.6680272,-122.2743351],
"5518 6th av nw":[47.66928,-122.363681],
"555 4th av s":[47.5981616,-122.329063],
"6010 seaview av nw":[47.6727091,-122.4059654],
"7121 holly park dr s":[47.5387373,-122.287169],
"827 e allison st":[47.648461,-122.320833]
}