{
"1050 ne 115th st":[47.7124103,-122.315667],
"10728 9th av nw":[47.7075798,-122.3681279],
"10806 23rd av ne":[47.707791,-122.303951],
"1123 n 92nd st":[47.6956224,-122.343396],
"12304 lake city way ne":[47.7177863,-122.2960137],
"12743 30th av ne":[47.722246,-122.29684],
"1514 broadway":[47.6145803,-122.3203742],
"1623 e republican st":[47.6230934,-122.3102235],
"1700 lake washington blvd s":[47.587509,-122.28889],
"1719 nw market st":[47.6684484,-122.3797722],
"1902 e yesler way":[47.6018773,-122.3073763],
"1912 38th av e":[47.6362217,-122.2839992],
"1915 pike pl":[47.6098798,-122.3425305],
"2521 e helen st":[47.627937,-122.299412],
"2815 35th av w":[47.6454645,-122.4026895],
"2848 nw 94th st":[47.6977339,-122.395131],
"3222 44th av w":[47.6493467,-122.4128128],
"333 ne northgate way":[47.7086677,-122.3256041],
"35th av sw \/ sw alaska st":[47.5610361,-122.3762087],
"3601 ne 145th st":[47.7335749,-122.2893522],
"39th av sw \/ sw morgan st":[47.544797,-122.3818661],
"414 ne 50th st":[47.665182,-122.3232563],
"4167 cascadia av s":[47.564259,-122.283173],
"4200 e blaine st":[47.6345776,-122.2777515],
"430 e howell st":[47.6180376,-122.3256017],
"4717 california av sw":[47.560613,-122.3871557],
"4841 s kenny st":[47.548923,-122.270875],
"521 ne 88th st":[47.691958,-122.322029],
"543 n 71st st":[47.680086,-122.350628],
"5521 s frontenac st":[47.5392795,-122.2637887],
"5636 s avon st":[47.501638,-122.260762],
"6007 37th av sw":[47.548096,-122.379452],
"7545 bagley av n":[47.6847921,-122.331913],
"8001 37th av sw":[47.531123,-122.379615],
"8020 27th av nw":[47.6874619,-122.390554],
"8116 48th av s":[47.529763,-122.272466],
"8254 16th av ne":[47.690161,-122.310838],
"9001 17th av sw":[47.5226399,-122.3568509],
"929 n 82nd st":[47.688165,-122.345834],
"9700 roosevelt way ne":[47.699724,-122.317279],
"n 45th st \/ stone way n":[47.661406,-122.3421407]
}