{
"10201 renton av s":[47.509403,-122.258738],
"10706 lake city way ne":[47.7069219,-122.3012764],
"1325 1st av":[47.6075743,-122.3391447],
"1401 5th av":[47.6096855,-122.3346961],
"1419 alaskan way":[47.6073685,-122.3419094],
"1519 44th av sw":[47.5899689,-122.3875704],
"1546 ne 98th st":[47.700581,-122.310207],
"19th av ne \/ ne 65th st":[47.6758281,-122.3076439],
"2116 48th av sw":[47.5849394,-122.3926372],
"22nd av e \/ e thomas st":[47.6213872,-122.3035842],
"2320 nw 98th st":[47.700688,-122.386204],
"2577 26th av w":[47.643133,-122.39068],
"2706 harvard av e":[47.644727,-122.321734],
"2819 23rd av s":[47.577774,-122.30363],
"3200 magnolia blvd w":[47.648774,-122.413841],
"3338 e shore dr":[47.639865,-122.28908],
"3432 nw 64th st":[47.6750536,-122.4025041],
"3844 33rd av sw":[47.5684507,-122.3737887],
"4116 45th av s":[47.5657299,-122.2770259],
"5000 aurora av n":[47.6650048,-122.3472371],
"6200 ne radford dr":[47.6734341,-122.2609316],
"6353 16th av sw":[47.545085,-122.355234],
"6502 43rd av s":[47.5440206,-122.2795696],
"6753 8th av nw":[47.6792767,-122.366265],
"7726 30th av ne":[47.685718,-122.295599],
"7900 18th av sw":[47.53174,-122.357366],
"8803 densmore av n":[47.692524,-122.338235],
"9000 15th av sw":[47.5228385,-122.3539433],
"9211 2nd av nw":[47.6964907,-122.3597649],
"9537 sand point way ne":[47.698518,-122.278108],
"e harrison st \/ harvard av e":[47.622,-122.3220184],
"n 85th st \/ nesbit av n":[47.690554,-122.3434445],
"nw 85th st \/ 3rd av nw":[47.6906224,-122.3606721]
}