{
"1121 39th av e":[47.6292789,-122.283135],
"1139 19th av e":[47.629821,-122.307664],
"11518 north park av n":[47.7129917,-122.3487006],
"1205 ne 42nd st":[47.6581975,-122.3152374],
"12200 aurora av n":[47.7179173,-122.3443162],
"1300 alaskan way":[47.6068395,-122.3412509],
"1416 3rd av w":[47.631862,-122.3602222],
"14724 15th av ne":[47.736393,-122.312399],
"1523 39th av e":[47.632958,-122.283108],
"1615 37th av":[47.615666,-122.286267],
"1818 30th av":[47.618189,-122.293165],
"1830 broadmoor dr e":[47.6360311,-122.2881758],
"2310 nw 100th st":[47.70187,-122.385855],
"2600 13th av s":[47.5802256,-122.3160616],
"3447 12th av w":[47.6517372,-122.3726697],
"3611 57th pl sw":[47.571903,-122.405721],
"3715 e howe st":[47.635627,-122.284569],
"3726 w lawton st":[47.665289,-122.407053],
"4035 47th av sw":[47.567383,-122.392521],
"4811 sw niesz ct":[47.5828469,-122.3933554],
"4847 38th av sw":[47.55787,-122.380505],
"5042 beach dr sw":[47.556561,-122.399881],
"5045 16th av ne":[47.6662562,-122.3111043],
"5502 37th av ne":[47.6686941,-122.2877536],
"5530 east green lake way n":[47.6697827,-122.3396477],
"6216 linden av n":[47.6744442,-122.3482396],
"6309 26th av nw":[47.6747889,-122.390451],
"7311 s 115th st":[47.499463,-122.24199],
"7326 17th av nw":[47.682184,-122.3786162],
"7912 delridge way sw":[47.53142,-122.360064],
"855 s cloverdale st":[47.52621,-122.320472],
"8809 meridian av n":[47.69261,-122.334168],
"sand point pl ne \/ ne 50th st":[47.6649029,-122.2819255],
"virginia st \/ 9th av":[47.6163959,-122.3357254]
}