{
"1112 21st av s":[47.592638,-122.304539],
"11th av sw \/ sw webster st":[47.5355089,-122.3492302],
"141 39th av e":[47.618727,-122.282992],
"1807 1st av n":[47.6350774,-122.3559404],
"19th av ne \/ ne 145th st":[47.7339069,-122.3086886],
"2201 13th av s":[47.583695,-122.3160254],
"2201 e roanoke st":[47.642955,-122.303542],
"2219 e spruce st":[47.60331,-122.302944],
"2220 n 77th st":[47.6852072,-122.3307412],
"2636 nw 59th st":[47.6718795,-122.3917402],
"300 lenora st":[47.6134195,-122.3422131],
"3255 39th av sw":[47.5740194,-122.3816897],
"3509 sw 108th st":[47.5063755,-122.3763937],
"4054 sw henderson st":[47.521893,-122.385054],
"4308 15th av s":[47.565072,-122.31307],
"4737 48th av ne":[47.6641967,-122.2762228],
"4th av n \/ mercer st":[47.6245712,-122.3489012],
"500 n 73rd st":[47.682026,-122.352356],
"517 30th av":[47.606757,-122.294011],
"5233 11th av ne":[47.6673797,-122.3167098],
"553 19th av":[47.607711,-122.308024],
"6030 42nd av sw":[47.547493,-122.385338],
"6031 seward park av s":[47.548024,-122.260493],
"623 queen anne av n":[47.6253048,-122.3569795],
"6323 sw wilton ct":[47.5732808,-122.4144218],
"6816 31st av sw":[47.5417324,-122.3722723],
"7134 28th av sw":[47.5382035,-122.3686924],
"7300 west green lake dr n":[47.6821404,-122.341587],
"7535 lakemont dr ne":[47.684015,-122.273939],
"7556 13th av nw":[47.684927,-122.372467],
"8464 island dr s":[47.526945,-122.260388],
"8911 cecil av s":[47.5236191,-122.2868597],
"nw 80th st \/ 28th av nw":[47.6867622,-122.3930288],
"summit av \/ e olive st":[47.6163442,-122.3255432],
"sw holden st \/ 12th av sw":[47.534043,-122.3505234]
}