{
"10202 40th av sw":[47.511819,-122.382868],
"10340 roosevelt way ne":[47.703857,-122.317439],
"10728 20th av ne":[47.707438,-122.3059],
"2246 nw 63rd st":[47.6747781,-122.3867546],
"2255 harbor av sw":[47.5833112,-122.3745629],
"2328 e madison st":[47.6199802,-122.3016385],
"2514 34th av s":[47.5805052,-122.2895493],
"2600 sw brandon st":[47.553774,-122.3661362],
"29th av sw \/ sw webster st":[47.5355409,-122.3697922],
"303 ne northlake way":[47.6536351,-122.3250571],
"3620 stone way n":[47.6510903,-122.3422045],
"3rd av nw \/ nw 113th pl":[47.7115708,-122.3608638],
"4158 13th av s":[47.565461,-122.3157009],
"4316 2nd av ne":[47.659528,-122.326949],
"5403 44th av sw":[47.553766,-122.38885],
"5647 42nd av sw":[47.55071,-122.385994],
"620 university st":[47.609331,-122.3323552],
"6515 west marginal way sw":[47.544359,-122.3450586],
"6733 13th av nw":[47.678778,-122.373318],
"7406 keen way n":[47.6827541,-122.3416497],
"8032 41st av ne":[47.6876168,-122.2839289],
"8326 wabash av s":[47.5289871,-122.2688889],
"8437 44th av s":[47.5268898,-122.2783483],
"9525 40th av ne":[47.698175,-122.28565],
"duwamish av s \/ east marginal way s":[47.5693692,-122.340246],
"eastlake av e \/ fuhrman av e":[47.6518985,-122.321286],
"ellis av s \/ s eddy st":[47.5454807,-122.3184595],
"garlough av sw \/ sw admiral way":[47.5792535,-122.396512],
"hunter blvd s \/ s horton st":[47.5737441,-122.2847961],
"s holgate st \/ 5th av s":[47.5861754,-122.3275405],
"s othello st \/ 38th av s":[47.5370301,-122.2846558]
}