{
"1009 s eddy st":[47.545409,-122.31916],
"1019 w ewing st":[47.65462,-122.3700701],
"10556 14th av nw":[47.706836,-122.373708],
"11437 70th pl s":[47.501098,-122.247207],
"1233 taylor av n":[47.6306513,-122.3466437],
"127 n 85th st":[47.6904638,-122.3591572],
"13205 bitter pl n":[47.7251429,-122.352873],
"143 ne 56th st":[47.669128,-122.326363],
"1600 e pike st":[47.614122,-122.3114572],
"1926 clise pl w":[47.6366928,-122.3978852],
"22 w armour st":[47.6451049,-122.3578912],
"2208 s norman st":[47.593282,-122.302809],
"2300 ne 125th st":[47.7193542,-122.3043152],
"3001 w barrett st":[47.646623,-122.395847],
"3015 nw 59th st":[47.671439,-122.396374],
"3019 28th av w":[47.647477,-122.3933],
"3021 sw andover st":[47.567667,-122.371825],
"33rd av ne \/ ne 65th st":[47.6757842,-122.2921998],
"4015 e garfield st":[47.6331429,-122.28054],
"4200 rainier av s":[47.565517,-122.288203],
"4220 linden av n":[47.658377,-122.348194],
"4232 34th av w":[47.658667,-122.400446],
"4307 12th av s":[47.5650487,-122.3176493],
"4622 s warsaw st":[47.5435427,-122.2743558],
"4714 university way ne":[47.6632293,-122.3127507],
"543 ne 84th st":[47.689444,-122.321125],
"5704 39th av ne":[47.6705185,-122.2854776],
"602 valley st":[47.6264911,-122.3444217],
"6532 latona av ne":[47.67684,-122.326178],
"7026 mary av nw":[47.6803689,-122.3754305],
"7534 12th av sw":[47.53451,-122.350167],
"900 harrison st":[47.6220586,-122.3397611],
"9402 36th av sw":[47.519138,-122.377801],
"myers way s \/ olson pl sw":[47.5222436,-122.3349261],
"ne 145th st \/ 40th av ne":[47.7337455,-122.2857088],
"ne 77th st \/ 2nd av ne":[47.6850298,-122.3269778]
}