{
"104 23rd av s":[47.6010996,-122.3022044],
"10550 victory ln ne":[47.7062117,-122.3031063],
"10714 39th av ne":[47.706977,-122.286382],
"1146 eastlake av e":[47.6299257,-122.3283018],
"11731 bartlett av ne":[47.7145889,-122.284247],
"12025 32nd av ne":[47.716339,-122.29437],
"1241 18th av e":[47.631848,-122.308963],
"1719 2nd av n":[47.634642,-122.353482],
"19th av \/ e alder st":[47.6043249,-122.3076516],
"2029 e newton st":[47.6386739,-122.3051463],
"215 n 51st st":[47.665573,-122.3558],
"219 belmont av e":[47.620259,-122.324381],
"2200 1st av":[47.6126227,-122.3452125],
"2704 w barrett st":[47.647052,-122.391818],
"300 25th av":[47.604458,-122.299632],
"3016 sw holly st":[47.5428941,-122.3708237],
"3023 s bradford st":[47.568731,-122.293153],
"3312 e spring st":[47.6117757,-122.2896408],
"3517 nw 70th st":[47.679414,-122.4029231],
"4106 sw austin st":[47.535307,-122.385069],
"4417 3rd av nw":[47.661031,-122.361146],
"4616 25th av ne":[47.6623361,-122.3001892],
"4710 9th av ne":[47.663489,-122.31809],
"503 s royal brougham way":[47.5915494,-122.3265947],
"6048 32nd av s":[47.5464569,-122.291206],
"655 nw 85th st":[47.6904396,-122.3656375],
"6708 vista av s":[47.542579,-122.300716],
"7514 bagley av n":[47.683922,-122.3313127],
"8056 dibble av nw":[47.688546,-122.36692],
"8337 38th av s":[47.5284346,-122.2851102],
"8720 3rd av nw":[47.6931657,-122.3603213],
"903 14th av":[47.610529,-122.314453],
"9230 31st av sw":[47.5201539,-122.3721162],
"9813 62nd av s":[47.5129209,-122.2561913],
"francis av n \/ n 65th st":[47.6760436,-122.3533957]
}