{
"10032 sand point way ne":[47.702129,-122.277316],
"10734 63rd av s":[47.5040632,-122.2531742],
"11500 35th av ne":[47.712184,-122.29037],
"12238 4th av nw":[47.718979,-122.361921],
"1431 minor av":[47.6136518,-122.3277264],
"1433 4th av":[47.6100103,-122.3367733],
"15th av ne \/ ne 97th st":[47.6994436,-122.312165],
"1642 melrose av":[47.616421,-122.327563],
"16th av \/ e marion st":[47.6103782,-122.3115132],
"1810 e prospect st":[47.6286869,-122.3079585],
"1956 edgemont pl w":[47.637519,-122.402847],
"2849 21st av w":[47.646168,-122.383725],
"2961 s holly st":[47.5424794,-122.2942302],
"330 n 81st st":[47.687885,-122.354044],
"3403 e shore dr":[47.640017,-122.287467],
"3505 aurora av n":[47.6462018,-122.3474964],
"3646 49th av sw":[47.5707049,-122.394381],
"4000 letitia av s":[47.5678512,-122.2902596],
"4037 41st av sw":[47.5672326,-122.3845396],
"5246 40th av w":[47.6676582,-122.4090936],
"6004 s bangor st":[47.5063284,-122.2580819],
"615 n 101st st":[47.7019688,-122.3502398],
"6727 14th av sw":[47.5420749,-122.352962],
"801 alaskan way":[47.602866,-122.338541],
"8035 21st av nw":[47.6879015,-122.3835517],
"8106 california av sw":[47.530468,-122.386966],
"812 ne 72nd st":[47.6810794,-122.3191562],
"9008 linden av n":[47.694485,-122.34697],
"9048 dibble av nw":[47.695684,-122.36699],
"9515 linden av n":[47.6983218,-122.3476323],
"airport way s \/ 13th av s":[47.5485609,-122.3159424],
"nw 70th st \/ 24th av nw":[47.6795014,-122.3875481],
"republican st \/ warren av n":[47.6232984,-122.3541398]
}