{
"10208 55th av s":[47.509466,-122.264451],
"1215 queen anne av n":[47.6300801,-122.3570005],
"13216 42nd av ne":[47.725112,-122.281625],
"1407 19th av":[47.613268,-122.30789],
"1624 44th av sw":[47.58856,-122.387201],
"17th av \/ e spring st":[47.6115433,-122.3101764],
"2036 36th av w":[47.6373843,-122.4034291],
"213 27th av s":[47.6004386,-122.2981602],
"2810 w galer st":[47.632533,-122.393636],
"2831 30th av w":[47.645549,-122.395979],
"2942 s genesee st":[47.5653631,-122.2954894],
"309 31st av e":[47.621688,-122.292336],
"311 n 46th st":[47.661893,-122.354781],
"320 n 105th st":[47.7051039,-122.3551732],
"3249 35th av sw":[47.5741419,-122.3763189],
"3315 wetmore av s":[47.57372,-122.293688],
"4027 59th av sw":[47.5678995,-122.4084684],
"4114 45th av s":[47.565943,-122.276636],
"5028 28th av s":[47.556433,-122.296525],
"5625 ne ambleside rd":[47.66558,-122.264299],
"5738 keystone pl n":[47.67165,-122.334532],
"5822 56th av ne":[47.6709989,-122.2677862],
"6007 36th av ne":[47.672447,-122.289447],
"6368 high point dr sw":[47.5458198,-122.3685155],
"7536 15th av sw":[47.5343662,-122.353589],
"7760 14th av sw":[47.5323764,-122.352486],
"8450 18th av sw":[47.5268162,-122.3574145],
"8520 nesbit av n":[47.691198,-122.343233],
"8522 dallas av s":[47.527152,-122.3140147],
"9007 14th av sw":[47.522602,-122.353177],
"nw 77th st \/ 15th av nw":[47.6850606,-122.3768019]
}