{
"10524 aurora av n":[47.705929,-122.344283],
"1125 n 85th st":[47.690339,-122.343329],
"11543 20th av ne":[47.713436,-122.307519],
"133 ne 51st st":[47.665497,-122.326872],
"14040 15th av ne":[47.7315187,-122.3122414],
"1700 alaskan way s":[47.5874415,-122.3394054],
"1746 occidental av s":[47.5874976,-122.3332368],
"18th av s \/ s waite st":[47.5802746,-122.3097979],
"2216 ne 80th st":[47.68678,-122.303759],
"2406 e valley st":[47.6261074,-122.3007328],
"2561 12th av w":[47.6424834,-122.3728887],
"2681 - 2761 aurora av n":[47.644769,-122.347427],
"27th av ne \/ ne 110th st":[47.7084238,-122.2993515],
"29th av w \/ w ruffner st":[47.6522734,-122.3942154],
"3228 15th av s":[47.574255,-122.313093],
"39th av ne \/ ne 65th st":[47.6757836,-122.2858083],
"4153 15th av s":[47.565675,-122.313892],
"4208 linden av n":[47.6580501,-122.3483118],
"4242 s raymond st":[47.5484243,-122.2789163],
"4314 ne 75th st":[47.6831971,-122.2813096],
"6207 s ryan st":[47.5095169,-122.2555218],
"6219 30th av ne":[47.674562,-122.295697],
"6320 33rd av s":[47.5454388,-122.2899696],
"6811 51st av ne":[47.6779719,-122.27331],
"6992 23rd av sw":[47.5393091,-122.3614219],
"7000 - 7199 east green lake dr n":[47.679817,-122.325713],
"7054 covello dr s":[47.5398248,-122.2993312],
"825 10th av":[47.6117577,-122.3193688],
"904 n 35th st":[47.6500779,-122.3467853],
"nw 43rd st \/ 8th av nw":[47.6592833,-122.3661679]
}