{
"10735 19th av ne":[47.707669,-122.308624],
"10805 11th av ne":[47.707524,-122.3168],
"11027 19th av ne":[47.709373,-122.308414],
"115 26th av s":[47.601126,-122.29927],
"1263 thomas st":[47.6206223,-122.3312],
"1706 ne 77th st":[47.6850404,-122.3095664],
"2106 s spokane st":[47.57212,-122.304088],
"2641 s holly st":[47.5424713,-122.2975954],
"3030 18th av s":[47.5760886,-122.3085251],
"3618 courtland pl s":[47.571059,-122.286889],
"4000 14th av s":[47.5680986,-122.3146909],
"4225 7th av ne":[47.6582998,-122.3211466],
"4509 36th av ne":[47.661845,-122.28953],
"4751 41st av ne":[47.664515,-122.283963],
"5016 12th av ne":[47.6654441,-122.3149106],
"5202 sand point way ne":[47.6668724,-122.2807629],
"5402 16th av sw":[47.5536898,-122.3547764],
"6546 34th av sw":[47.543276,-122.37475],
"6603 39th av sw":[47.543662,-122.3822459],
"7215 greenwood av n":[47.6809281,-122.355314],
"7532 20th av nw":[47.6842225,-122.381821],
"908 e thomas st":[47.6212652,-122.3202902],
"910 virginia st":[47.6166859,-122.3353782],
"916 ne 72nd st":[47.6810819,-122.3179303],
"9253 45th av sw":[47.5206696,-122.3904351],
"n 145th st \/ evanston av n":[47.7341254,-122.3517738]
}