{
"10024 65th av s":[47.511183,-122.25202],
"11303 lake city way ne":[47.7107714,-122.3006641],
"11414 renton av s":[47.5007253,-122.2499947],
"1415 s stevens st":[47.5766844,-122.3138461],
"1553 e galer st":[47.6323269,-122.3115839],
"1830 minor av":[47.6176758,-122.3313554],
"1960 nw blue ridge dr":[47.704339,-122.382968],
"2052 e crescent dr":[47.6333888,-122.3048398],
"2110 n 55th st":[47.6688469,-122.3333219],
"2115 s brandon st":[47.553942,-122.3055762],
"2322 12th av e":[47.640246,-122.316676],
"2400 aurora av n":[47.640245,-122.345754],
"2447 montavista pl w":[47.6407206,-122.4048784],
"2803 s college st":[47.582755,-122.2960721],
"2840 13th av w":[47.6460401,-122.3733002],
"2960 sw raymond st":[47.5486741,-122.369493],
"3803 ne 97th st":[47.6990464,-122.2877816],
"3854 31st av w":[47.6556449,-122.3966145],
"38th av sw \/ sw graham st":[47.5465851,-122.3804628],
"39th av sw \/ sw juneau st":[47.5502294,-122.3817011],
"4140 roosevelt way ne":[47.658147,-122.317448],
"4420 46th av sw":[47.5640477,-122.3905581],
"4909 25th av ne":[47.6646934,-122.3023209],
"5121 ne 68th st":[47.67737,-122.271965],
"529 ne 86th st":[47.691045,-122.321841],
"535 n 73rd st":[47.6815846,-122.3510624],
"544 26th av":[47.607474,-122.29857],
"5903 25th av s":[47.549855,-122.300623],
"612 20th av":[47.607588,-122.305957],
"700 w barrett st":[47.6470669,-122.3664175],
"7430 winona av n":[47.6831015,-122.3431132],
"7925 18th av sw":[47.53105,-122.358131],
"801 sw henderson st":[47.5228386,-122.3454843],
"9749 palatine av n":[47.701092,-122.357132],
"beacon av s \/ s bennett st":[47.5553039,-122.3030263],
"erskine way sw \/ lewis pl sw":[47.5588046,-122.3875927],
"ne 60th st \/ 8th av ne":[47.6722265,-122.3200837],
"ne campus pkwy \/ 15th av ne":[47.656195,-122.3120979],
"ne ravenna blvd \/ cowen pl ne":[47.670988,-122.3130406]
}