{
"1033 s washington st":[47.6008655,-122.319061],
"1251 22nd av e":[47.6320999,-122.3038516],
"14030 ashworth av n":[47.731433,-122.339325],
"1733 s hinds st":[47.572905,-122.309749],
"2151 34th av w":[47.63902,-122.400817],
"2309 n 62nd st":[47.6734329,-122.3303991],
"2318 32nd av s":[47.5819394,-122.291653],
"3031 ne 95th st":[47.6972189,-122.294621],
"3406 20th av s":[47.5729183,-122.30543],
"514 s henderson st":[47.523324,-122.327587],
"520 33rd av":[47.606508,-122.29018],
"5243 s farrar st":[47.5553359,-122.266363],
"5436 21st av sw":[47.55262,-122.359517],
"5502 airport way s":[47.5530817,-122.3207105],
"5951 delridge way sw":[47.54863,-122.363514],
"6421 beacon av s":[47.544711,-122.300482],
"7424 26th av ne":[47.6824311,-122.2994431],
"8046 11th av nw":[47.688303,-122.370076],
"9215 26th av nw":[47.696501,-122.3899834],
"melrose av \/ e pike st":[47.6139385,-122.3278157],
"ne 123rd st \/ 32nd av ne":[47.7173726,-122.2939765],
"s hardy st \/ 13th av s":[47.5460248,-122.316116]
}