{
"10752 renton av s":[47.5041007,-122.2517119],
"11522 bartlett av ne":[47.712901,-122.283115],
"12011 31st av ne":[47.7156515,-122.2952742],
"1203 w dravus st":[47.6482537,-122.3725929],
"12738 35th av ne":[47.72214,-122.2907891],
"13737 23rd pl ne":[47.729427,-122.30392],
"1413 seneca st":[47.612213,-122.3229467],
"1533 s snoqualmie st":[47.5614921,-122.312034],
"16th av ne \/ ne 56th st":[47.6694473,-122.3107201],
"1721 sw graham st":[47.546375,-122.356908],
"3219 s byron st":[47.574803,-122.291592],
"405 31st av e":[47.6227458,-122.2923734],
"4114 52nd av sw":[47.566204,-122.398444],
"4307 latona av ne":[47.6592404,-122.3253781],
"5323 sw dakota st":[47.5665376,-122.4012531],
"5512 29th av ne":[47.6689247,-122.2959091],
"628 s washington st":[47.6010333,-122.3253519],
"6311 16th av sw":[47.5462018,-122.3551854],
"6311 45th av sw":[47.5462954,-122.3902951],
"6711 linden av n":[47.6781732,-122.3476012],
"8016 8th av ne":[47.6872992,-122.3200564],
"8023 18th av ne":[47.687379,-122.309257],
"815 2nd av n":[47.626822,-122.353286],
"818 nw 64th st":[47.6752735,-122.366976],
"8376 loyal way nw":[47.6903192,-122.397555],
"8649 38th av s":[47.5246401,-122.2851298],
"8831 24th av sw":[47.523675,-122.363598],
"8836 12th av sw":[47.5235429,-122.350242],
"900 n 160th st":[47.7452366,-122.3478156],
"901 n 145th st":[47.7341121,-122.3473597],
"9252 17th av sw":[47.519393,-122.356109],
"latona av ne \/ ne 42nd st":[47.6576977,-122.3251614],
"mckinley pl n \/ kirkwood pl n":[47.6723481,-122.3345165],
"n 35th st \/ fremont pl n":[47.6505109,-122.3498711],
"ne pacific st \/ eastlake pl ne":[47.6543023,-122.3189113],
"s jackson st \/ m l king jr way s":[47.5992328,-122.2974146]
}