{
"10825 east marginal way s":[47.5057939,-122.2910935],
"11468 35th av sw":[47.4993469,-122.3758704],
"123 22nd av":[47.602342,-122.304114],
"140 ne 55th st":[47.66885,-122.326489],
"1518 1st av":[47.6092039,-122.3403516],
"1537 12th av s":[47.588797,-122.317656],
"1st av w \/ w galer st":[47.6323206,-122.357871],
"2010 16th av s":[47.5852224,-122.3117866],
"2028 eastlake av e":[47.6375464,-122.3256345],
"2563 24th av w":[47.642758,-122.388005],
"2805 s mcclellan st":[47.5783377,-122.2959955],
"2921 19th av s":[47.577152,-122.308406],
"300 pontius av n":[47.6216914,-122.3316964],
"3011 sw elmgrove st":[47.529871,-122.371808],
"3532 ne 87th st":[47.691865,-122.289211],
"3611 1st av nw":[47.653402,-122.3576734],
"3847 1st av s":[47.5688508,-122.3360377],
"3853 46th av ne":[47.6569881,-122.2790892],
"4054 ne 56th st":[47.669716,-122.282358],
"4111 36th av ne":[47.658902,-122.2895307],
"4119 40th av sw":[47.5658968,-122.3832318],
"4329 5th av nw":[47.659838,-122.363249],
"4527 32nd av w":[47.6621646,-122.3985952],
"4626 45th av s":[47.560874,-122.276601],
"5106 48th av ne":[47.6663111,-122.2757756],
"5329 s kenyon st":[47.531425,-122.265008],
"5516 woodlawn av n":[47.6692479,-122.3376834],
"5619 keystone pl n":[47.6694302,-122.3334993],
"5905 airport way s":[47.5498985,-122.3178252],
"6009 19th av s":[47.5484497,-122.3089765],
"6411 ne windermere rd":[47.668577,-122.257416],
"6638 east green lake way n":[47.677979,-122.330843],
"6701 fox av s":[47.5414087,-122.3299185],
"7333 11th av nw":[47.682412,-122.370772],
"766 n 73rd st":[47.6820266,-122.3470916],
"8021 mary av nw":[47.687568,-122.375836],
"8021 stroud av n":[47.687594,-122.334639],
"8418 26th av sw":[47.5275685,-122.3658913],
"912 e lynn st":[47.639765,-122.320808],
"9235 16th av sw":[47.5199489,-122.35553],
"9417 49th av s":[47.5177656,-122.2724567],
"greenwood av n \/ n 80th st":[47.6869441,-122.355289],
"magnolia blvd w \/ w glenmont ln":[47.6411064,-122.4128058],
"sb sr99 fr western":[47.6131869,-122.3475148]
}