{
"11022 12th av ne":[47.709207,-122.314787],
"11242 renton av s":[47.501573,-122.249092],
"1210 w nickerson st":[47.6557223,-122.3723941],
"13th av s \/ s angeline st":[47.5601883,-122.3160821],
"1615 27th av":[47.6157873,-122.297852],
"1901 sw genesee st":[47.5626567,-122.3579438],
"2112 e hamlin st":[47.6458036,-122.3036004],
"2135 nw 97th st":[47.6994932,-122.3845043],
"2525 w smith st":[47.6411589,-122.3898276],
"2558 13th av w":[47.6423948,-122.3733406],
"2603 nw market st":[47.6684939,-122.3904067],
"2908 s estelle st":[47.57183,-122.294072],
"2913 15th av s":[47.5772509,-122.313661],
"313 18th av":[47.604747,-122.309347],
"3200 37th av w":[47.648793,-122.404344],
"3425 e denny way":[47.6181958,-122.287754],
"3657 interlake av n":[47.6521169,-122.3416201],
"3802 13th av w":[47.6541596,-122.373307],
"3830 s orcas st":[47.55144,-122.283672],
"3858 42nd av ne":[47.657784,-122.28239],
"4130 21st av sw":[47.5656869,-122.359816],
"416 7th av s":[47.598684,-122.323361],
"4212 sw alaska st":[47.5612979,-122.38637],
"4275 whitman av n":[47.659413,-122.345962],
"4455 glenn way sw":[47.563231,-122.389978],
"4536 latona av ne":[47.662475,-122.324764],
"5540 s othello st":[47.537141,-122.262404],
"612 n 46th st":[47.662381,-122.350885],
"6312 sw marguerite ct":[47.5739841,-122.4139412],
"6th av s \/ s mead st":[47.5510642,-122.3269249],
"nw 42nd st \/ leary way nw":[47.6577765,-122.3635475]
}