{
"11038 38th av ne":[47.7094851,-122.2877241],
"1155 nw 58th st":[47.6707516,-122.3732087],
"11th av sw \/ sw holden st":[47.5340531,-122.3492621],
"1212 broadmoor dr e":[47.630595,-122.286437],
"12539 3rd av ne":[47.7203367,-122.3262335],
"1509 30th av":[47.6144482,-122.293946],
"1600 22nd av e":[47.6332144,-122.3034923],
"1837 e yesler way":[47.6016691,-122.3084477],
"1905 shenandoah dr e":[47.6360581,-122.289395],
"1911 queen anne av n":[47.6364114,-122.3573771],
"1st av nw \/ n 97th st":[47.6996653,-122.3580555],
"2015 mcgilvra blvd e":[47.637443,-122.281169],
"2035 26th av e":[47.638925,-122.299733],
"2720 fairmount av sw":[47.578503,-122.382063],
"3043 s brighton st":[47.5412064,-122.2912979],
"34th av ne \/ ne 83rd st":[47.6887915,-122.2913526],
"3526 43rd av w":[47.6522114,-122.4127727],
"3601 ne 41st st":[47.6584192,-122.2892302],
"3829 46th av ne":[47.6563061,-122.2790009],
"407 broadway e":[47.6058715,-122.3208303],
"4233 4th av ne":[47.658655,-122.324406],
"4731 roosevelt way ne":[47.6641275,-122.3176811],
"5245 s farrar st":[47.555335,-122.266201],
"5641 11th av ne":[47.670683,-122.3165573],
"6014 sw stevens st":[47.5779695,-122.4102148],
"7155 38th av s":[47.5382737,-122.2846904],
"7703 39th av s":[47.5332203,-122.2835441],
"8436 seward park av s":[47.527485,-122.265409],
"8505 28th av nw":[47.6908056,-122.3929944],
"8824 17th av ne":[47.692807,-122.309203],
"9057 meridian pl n":[47.695369,-122.332853]
}