{
"10437 65th av s":[47.5070868,-122.2527312],
"10752 3rd av nw":[47.708492,-122.360436],
"10th av w \/ w armour st":[47.6450436,-122.3701877],
"1101 thomas st":[47.6207628,-122.3356865],
"123 dorffel dr e":[47.6182477,-122.283619],
"1310 madison st":[47.6083767,-122.3212862],
"13341 12th av ne":[47.7260255,-122.3157749],
"225 s king st":[47.5982869,-122.3315681],
"2301 n northlake way":[47.6485114,-122.3322814],
"2635 sw nevada st":[47.5651579,-122.366972],
"2915 e pine st":[47.6151111,-122.2940742],
"306 ne 42nd st":[47.6577088,-122.3246603],
"3301 w government way":[47.6596597,-122.3997295],
"3848 37th av s":[47.568326,-122.285807],
"408 2nd av s":[47.5989506,-122.3312682],
"4401 50th av sw":[47.5647819,-122.396193],
"4501 stone way n":[47.6613956,-122.342161],
"4533 21st av sw":[47.562328,-122.360765],
"4724 s pearl st":[47.55638,-122.273306],
"51st av s \/ s ferdinand st":[47.5582559,-122.2694328],
"5230 s brighton st":[47.541829,-122.265825],
"5277 44th av sw":[47.554342,-122.388833],
"7704 23rd av nw":[47.6852321,-122.3850609],
"8001-8030 seaview av nw":[47.6866066,-122.4031816],
"8212 densmore av n":[47.6890842,-122.3374732],
"828 28th av s":[47.5948891,-122.2964931],
"hiawatha pl s \/ s bush pl":[47.592714,-122.3078186],
"mount rainier dr s \/ s ridgeway pl":[47.5767351,-122.2866517],
"n 117th st \/ phinney av n":[47.7141593,-122.3541737],
"sw admiral way \/ california av sw":[47.5811956,-122.3865523]
}