{
"10317 greenwood av n":[47.7042125,-122.3557823],
"11500 36th av ne":[47.7119455,-122.2892869],
"12501 aurora av n":[47.7197958,-122.3449547],
"12739 42nd av ne":[47.722497,-122.28316],
"1307 e john st":[47.619692,-122.315241],
"13234 1st av nw":[47.7261178,-122.3579809],
"1415 38th av":[47.613247,-122.285218],
"1515 mcgilvra blvd e":[47.63266,-122.281712],
"1519 5th av w":[47.632934,-122.364096],
"155 mcgraw pl":[47.6408007,-122.3542557],
"155 mercer st":[47.6238117,-122.3535847],
"1701 sturgus av s":[47.5883023,-122.311853],
"1717 22nd av":[47.6172971,-122.3037401],
"217 w prospect st":[47.628478,-122.360152],
"226 nw 49th st":[47.664519,-122.360088],
"302 29th av":[47.6043639,-122.2946177],
"3045 nw 71st st":[47.679999,-122.397628],
"318 s washington st":[47.6008871,-122.329568],
"3919 west parkmont pl":[47.6406281,-122.4081064],
"4804 s othello st":[47.5371612,-122.2722832],
"4815 s orcas st":[47.550928,-122.27192],
"5224 20th av ne":[47.6672765,-122.3064521],
"5323 37th av s":[47.553589,-122.28647],
"5527 s morgan st":[47.54366,-122.263181],
"57 e roanoke st":[47.6429854,-122.3284094],
"6027 35th av nw":[47.6729787,-122.4020141],
"6920 38th av sw":[47.54011,-122.380121],
"705 n 85th st":[47.6905763,-122.3495271],
"742 n 94th st":[47.696919,-122.3484709],
"7702 highland park way sw":[47.533605,-122.34666],
"805 23rd av":[47.6092449,-122.3030361],
"8906 ravenna av ne":[47.69326,-122.302464],
"9033 dibble av nw":[47.695222,-122.367765],
"9435 36th av sw":[47.518187,-122.378571],
"linden av n \/ n 66th st":[47.6768905,-122.347268],
"n 85th st \/ 1st av ne":[47.6905596,-122.3283566],
"ne 96th st \/ 35th av ne":[47.6983691,-122.2905697],
"sw myrtle st \/ 30th av sw":[47.5391919,-122.3711907]
}