{
"10101 evanston av n":[47.702398,-122.351235],
"10215 65th av s":[47.509276,-122.252698],
"11344 23rd av ne":[47.711692,-122.303683],
"116 29th av":[47.602165,-122.294609],
"1235 ne 92nd st":[47.695549,-122.313308],
"12717 20th av ne":[47.721747,-122.307617],
"13029 37th av ne":[47.723714,-122.289289],
"1620 n 46th st":[47.6623095,-122.338257],
"1722 4th av n":[47.6347064,-122.3493497],
"1817 39th av e":[47.635105,-122.283061],
"1909 n 39th st":[47.6540899,-122.334545],
"2015 nw 63rd st":[47.674547,-122.3829517],
"2318 18th av s":[47.582403,-122.309109],
"2823 nw 75th st":[47.6829011,-122.3940395],
"2834 24th av w":[47.6457018,-122.3873305],
"301 occidental av s":[47.5996312,-122.3328873],
"304 n 36th st":[47.6527912,-122.3551639],
"3256 39th av sw":[47.573975,-122.38105],
"3310 6th av w":[47.6498304,-122.3646052],
"3322 17th av s":[47.5733388,-122.3110373],
"3426 lafayette av s":[47.57226,-122.309933],
"3520 woodland park av n":[47.6501121,-122.3437955],
"418 n 35th st":[47.6514793,-122.3536096],
"4434 sw 101st st":[47.513159,-122.389989],
"4807 37th av sw":[47.558963,-122.379187],
"4814 ne 74th st":[47.6825117,-122.2758729],
"500 e howell st":[47.6179888,-122.3250914],
"5453 26th av sw":[47.55222,-122.365915],
"660 elliott av w":[47.6262611,-122.3675078],
"6727 13th av sw":[47.5420159,-122.351819],
"7777 perimeter rd s":[47.5320707,-122.2981338],
"8122 13th av sw":[47.529378,-122.351385],
"820 ne 96th st":[47.698828,-122.319179],
"8504 21st av nw":[47.690822,-122.3830053],
"910 n 145th st":[47.7343301,-122.3458211],
"9305 rainier av s":[47.5195629,-122.2670545],
"949 n 77th st":[47.6845537,-122.3450761],
"marion st \/ 1st av":[47.6039776,-122.3356],
"sw holden st \/ 26th av sw":[47.5336989,-122.3658194],
"w mercer st \/ 1st av w":[47.624592,-122.3580261]
}