{
"1120 23rd av s":[47.5923696,-122.3026078],
"12755 17th av ne":[47.722868,-122.311227],
"1415 1st av":[47.6082134,-122.3397797],
"15503 10th av ne":[47.7414743,-122.3186108],
"1754 12th av s":[47.5870325,-122.3172742],
"1919 e thomas st":[47.6203505,-122.3065379],
"2535 13th av s":[47.579984,-122.316793],
"2575 perkins ln w":[47.642377,-122.416401],
"2725 48th av sw":[47.578623,-122.3933311],
"401 yesler way":[47.6013053,-122.3283009],
"4034 aurora av n":[47.656407,-122.346877],
"4604 14th av nw":[47.6625025,-122.3731774],
"5230 s pearl st":[47.5564826,-122.2667964],
"530 n 103rd st":[47.7038464,-122.3514158],
"5500 woodlawn av n":[47.6687233,-122.3379751],
"612 nw 88th st":[47.693017,-122.363967],
"636 s alaska st":[47.561445,-122.325249],
"7157 32nd av s":[47.537197,-122.291715],
"808 nw 53rd st":[47.6671999,-122.3667358],
"847 ne 82nd st":[47.6879769,-122.318192],
"9416 51st av s":[47.5175908,-122.269997],
"9606 rainier av s":[47.519334,-122.256732],
"nw 100th st \/ dibble av nw":[47.7015126,-122.3673764],
"s sunny view dr \/ s pilgrim st":[47.5157156,-122.284515],
"sw roxbury st \/ 34th av sw":[47.5174708,-122.3755221],
"wb sr520 to lk washington bv":[47.644689,-122.2968212]
}