{
"1127 33rd av s":[47.59263,-122.290665],
"11434 71st pl s":[47.5010782,-122.2455281],
"11519 16th av ne":[47.7128,-122.3114703],
"137 32nd av e":[47.620008,-122.291594],
"13th av s \/ s forest st":[47.5777581,-122.316014],
"2534 8th av w":[47.641717,-122.367286],
"2700 m l king jr way s":[47.5793615,-122.2961512],
"2753 belvidere av sw":[47.577742,-122.379521],
"2916 s graham st":[47.546479,-122.295423],
"3045 25th av w":[47.648032,-122.389286],
"3207 s austin st":[47.53423,-122.290378],
"334 lakeside av s":[47.599264,-122.28586],
"3520 sw genesee st":[47.5648531,-122.3772233],
"3827 48th av sw":[47.5693922,-122.3937805],
"3910 woodland park av n":[47.654479,-122.344323],
"4017 49th av s":[47.5670999,-122.2723283],
"4600 s henderson st":[47.5233247,-122.2742564],
"608 ne 63rd st":[47.6745206,-122.3218223],
"6418 33rd av s":[47.5447,-122.28999],
"850-901 fairview pl n":[47.6279442,-122.3337932],
"9237 palatine av n":[47.697142,-122.357091],
"9541 9th av nw":[47.698692,-122.369087],
"9805 waters av s":[47.5135201,-122.2544775],
"airport way s \/ maynard av s":[47.5943325,-122.3251344],
"e pike st \/ 15th av":[47.6141151,-122.3127677]
}