{
"1000 25th av e":[47.6275452,-122.3000918],
"1013 ne lincoln way":[47.65517,-122.316929],
"10861 34th av sw":[47.504683,-122.375041],
"1103 m l king jr way s":[47.5929711,-122.2978436],
"14818 densmore av n":[47.736403,-122.338054],
"2223 waverly way e":[47.639167,-122.288408],
"2715 1st av":[47.615994,-122.3514197],
"319 n 80th st":[47.6867411,-122.3543666],
"3413 3rd av w":[47.6508306,-122.3608948],
"3806 e galer st":[47.6323946,-122.2836493],
"3809 ne 96th st":[47.698076,-122.287305],
"3822 courtland pl s":[47.569073,-122.28691],
"4615 s willow st":[47.5404991,-122.2746328],
"4638 36th av w":[47.664669,-122.403214],
"5011 fauntleroy way sw":[47.5571568,-122.3818387],
"5300 11th av nw":[47.6671775,-122.3707435],
"5503 20th av s":[47.553213,-122.307731],
"5621 21st av sw":[47.551029,-122.360439],
"5th pl s \/ s michigan st":[47.5459548,-122.3272665],
"6450 california av sw":[47.5450882,-122.3872232],
"6471 sand point way ne":[47.6757062,-122.2635579],
"6538 15th av ne":[47.677017,-122.311628],
"700 lakeside av s":[47.5964583,-122.287465],
"7029 33rd av ne":[47.680239,-122.292887],
"800 n 122nd st":[47.7179179,-122.3491894],
"8200 rainier av s":[47.5296797,-122.269977],
"9058 10th av sw":[47.521118,-122.347631],
"9334 39th av s":[47.51876,-122.283316],
"s fountain st \/ renton av s":[47.5036684,-122.2516225]
}