{
"1050 n 34th st":[47.6490598,-122.3444325],
"106 n 83rd st":[47.689324,-122.357565],
"1122 12th av s":[47.5944384,-122.3168043],
"116 1 \/ 2 s washington st":[47.6009861,-122.3334019],
"12533 3rd av nw":[47.720623,-122.361386],
"1725 26th av":[47.6172972,-122.2991325],
"1749 nw 56th st":[47.6694454,-122.3810457],
"19 w mcgraw st":[47.639361,-122.357862],
"202 nw 105th st":[47.70536,-122.359707],
"20th av nw \/ nw 62nd st":[47.6738272,-122.3821273],
"2317 federal av e":[47.640061,-122.319333],
"2416 2nd av":[47.6152183,-122.3476214],
"2807 s norman st":[47.592957,-122.296204],
"2822 m l king jr way s":[47.5775884,-122.2958254],
"3318 30th av sw":[47.5730027,-122.3711337],
"3846 35th av sw":[47.5688826,-122.3758516],
"4244 8th av ne":[47.658829,-122.319471],
"43rd av ne \/ ne 35th st":[47.6536127,-122.2803764],
"4709 9th av ne":[47.663481,-122.318729],
"4723 s juneau st":[47.549463,-122.273139],
"4819 s alaska st":[47.560382,-122.272262],
"5300 sw admiral way":[47.5790587,-122.4003073],
"5417 35th av s":[47.5529269,-122.289648],
"5520 21st av s":[47.552667,-122.305914],
"5600 26th av sw":[47.551792,-122.365223],
"5610 56th av ne":[47.669354,-122.26773],
"6512 23rd av nw":[47.676424,-122.3850139],
"7516 32nd av nw":[47.683616,-122.397894],
"7540 dibble av nw":[47.684493,-122.366929],
"770 5th av n":[47.6260836,-122.3475437],
"7925 44th pl s":[47.5307419,-122.277265],
"8115 delridge way sw":[47.5296546,-122.3608381],
"8339 wabash av s":[47.528184,-122.268556],
"8714 18th av nw":[47.6928849,-122.379717],
"9331 32nd av sw":[47.519148,-122.374727],
"9510 14th av s":[47.5172769,-122.3146371],
"james st \/ broadway":[47.6072218,-122.3207749],
"terry av \/ lenora st":[47.6178332,-122.3361862]
}