{
"12th av \/ e columbia st":[47.6092355,-122.3167938],
"13209 15th av ne":[47.7249913,-122.3126727],
"1416 e spruce st":[47.603889,-122.313456],
"1417 nw 63rd st":[47.6743311,-122.3746653],
"1500 eastlake av e":[47.6324151,-122.3256724],
"1520 ne 107th st":[47.7068746,-122.3113774],
"2330 west viewmont way w":[47.6391318,-122.4080298],
"2nd av nw \/ nw 105th st":[47.7051351,-122.3594168],
"35th av s \/ s lane st":[47.5966402,-122.2877796],
"3711 sw 98th st":[47.515349,-122.379864],
"3909 ashworth av n":[47.654477,-122.340485],
"4235 27th av w":[47.658654,-122.391363],
"462 n 35th st":[47.6510798,-122.3519153],
"4870 ne 39th st":[47.657239,-122.274707],
"5605 rainier av s":[47.5516912,-122.278245],
"6542 4th av nw":[47.677227,-122.36119],
"6807 vista av s":[47.541874,-122.301235],
"739 s sullivan st":[47.5273107,-122.3238287],
"8523 16th av nw":[47.6913107,-122.3781484],
"9015 fremont av n":[47.694763,-122.35025],
"ne 59th st \/ latona av ne":[47.6715554,-122.3255113],
"ne ravenna blvd \/ 16th av ne":[47.6703532,-122.3107482],
"sw juneau st \/ 18th av sw":[47.550133,-122.3570723]
}