{
"1079 25th av e":[47.629101,-122.300643],
"1157 republican st":[47.6231116,-122.3341525],
"123 prospect st":[47.6287402,-122.3543315],
"1282 sw othello st":[47.537569,-122.353983],
"1401 sw cloverdale st":[47.52625,-122.353365],
"1407 29th av":[47.6132152,-122.2951699],
"1600 pike pl":[47.6096171,-122.3418651],
"1607 3rd av":[47.6107969,-122.3387761],
"2148 n 63rd st":[47.6746539,-122.331355],
"3012 fuhrman av e":[47.648464,-122.317554],
"3033 s willow st":[47.5405693,-122.2920597],
"4102 51st av s":[47.566342,-122.269212],
"411 11th av":[47.6055354,-122.3184928],
"4715 sw charlestown st":[47.5700239,-122.393046],
"473 mcgraw st":[47.639823,-122.3473127],
"5198 19th av s":[47.5556128,-122.3079003],
"5215 32nd av s":[47.554862,-122.291924],
"611 nw 84th st":[47.6896055,-122.3639463],
"6220 5th av nw":[47.674834,-122.362605],
"6326 21st av ne":[47.6756249,-122.305176],
"6640 ne windermere rd":[47.6732159,-122.255453],
"6th av nw \/ nw 75th st":[47.6832813,-122.363301],
"700 s cloverdale st":[47.5264886,-122.3243512],
"7115 34th av nw":[47.680628,-122.401415],
"7301 5th av ne":[47.6818317,-122.3231479],
"820 nw 64th st":[47.675493,-122.367075],
"932 22nd av":[47.611012,-122.303388],
"9747 evanston av n":[47.701023,-122.351665],
"linden av n \/ n 94th st":[47.6969072,-122.3472849]
}