{
"11010 53rd av s":[47.5022189,-122.267223],
"12337 sand point way ne":[47.7183444,-122.2847694],
"1617 federal av e":[47.6335113,-122.3193628],
"1651 e olive way":[47.6195058,-122.3237537],
"1712 24th av":[47.616937,-122.301001],
"1766 nw market st":[47.6688759,-122.381562],
"2337 eastmont way w":[47.639425,-122.404047],
"2521 beacon av s":[47.5807796,-122.3136186],
"28th av nw \/ nw 90th st":[47.694231,-122.3929275],
"2914 s adams st":[47.5652041,-122.2937223],
"3022 46th av sw":[47.576773,-122.390372],
"3046 west viewmont way w":[47.648199,-122.40919],
"306 ne 85th st":[47.690633,-122.325309],
"320 w roy st":[47.626116,-122.361462],
"327 broadway  e":[47.62187,-122.3211459],
"3311 w mcgraw st":[47.6393486,-122.4002241],
"3427 california av sw":[47.5729773,-122.3867981],
"3729 s holly park dr":[47.536228,-122.2852975],
"3814 e john st":[47.619307,-122.282945],
"400 s washington st":[47.600926,-122.32874],
"4200 s kenyon st":[47.5315469,-122.2805513],
"5009 37th av s":[47.5567323,-122.2863462],
"507 ne northgate way":[47.708068,-122.322602],
"5143 ne laurelcrest ln":[47.656763,-122.270521],
"5408 27th av ne":[47.668181,-122.2982337],
"5513 airport way s":[47.5529125,-122.3208588],
"6057 35th av ne":[47.6738325,-122.2904798],
"6242 35th av ne":[47.675336,-122.289946],
"6340 seward park av s":[47.545245,-122.262782],
"6748 18th av sw":[47.541281,-122.356862],
"7747 34th av sw":[47.532344,-122.375655],
"7763 seward park av s":[47.532187,-122.267152],
"8308 45th av sw":[47.529368,-122.390131],
"8349 wolcott av s":[47.5284323,-122.2674395],
"8500 14th av nw":[47.6909208,-122.3736991],
"914 sw cambridge st":[47.519315,-122.347605],
"bigelow av n \/ crockett st":[47.6374102,-122.3483098],
"boylston av \/ e denny way":[47.6185456,-122.3234381],
"sb i5 at ne 145 st":[47.72959,-122.324067],
"stewart st \/ eastlake av e":[47.619715,-122.329135]
}