{
"- 0 sb i5 at 65th":[47.670539,-122.322214],
"1115 dexter av n":[47.6294387,-122.3423219],
"11756 12th av ne":[47.715639,-122.314961],
"11902 stendall dr n":[47.715778,-122.340694],
"1220 s angelo st":[47.54708,-122.3172817],
"1401 nw 64th st":[47.6750473,-122.3738552],
"1518 bigelow av n":[47.632851,-122.348005],
"1531 eastlake av e":[47.6331182,-122.325823],
"1607 1st av w":[47.6338559,-122.3586024],
"1750 nw 58th st":[47.671132,-122.381149],
"2214 n 56th st":[47.6690127,-122.3323394],
"2806 boyer av e":[47.645921,-122.31677],
"2916 s dakota st":[47.566425,-122.297303],
"3050 s genesee st":[47.5640107,-122.2946954],
"3912 ne 109th st":[47.707824,-122.286219],
"3rd av nw \/ nw 45th st":[47.6614746,-122.3607901],
"42nd av sw \/ palm av sw":[47.591891,-122.3851013],
"4610 sw frontenac st":[47.54076,-122.391949],
"463 39th av e":[47.624477,-122.283519],
"4716 25th av sw":[47.560508,-122.363941],
"4721 135th pl se":[47.560558,-122.1610289],
"4740 latona av ne":[47.664398,-122.324735],
"4754 35th av s":[47.5590981,-122.2883522],
"4850 california av sw":[47.5574988,-122.386323],
"4th av & union st":[47.6092253,-122.3357939],
"5016 13th av s":[47.556525,-122.315773],
"5033 29th av s":[47.556266,-122.296021],
"515 madison st":[47.6069393,-122.3307562],
"5510 21st av s":[47.5529956,-122.3059279],
"5645 42nd av w":[47.670819,-122.410668],
"5724 roosevelt way ne":[47.6707774,-122.317043],
"5730 58th av ne":[47.670879,-122.26532],
"629 nw 85th st":[47.690401,-122.364509],
"7507 19th av ne":[47.683349,-122.30809],
"8000 - 8099 25th av ne":[47.687233,-122.301261],
"8012 9th av nw":[47.6873892,-122.3680434],
"804 nw 62nd st":[47.673829,-122.3665182],
"8114 5th av sw":[47.5295739,-122.341245],
"815 24th av e":[47.6262728,-122.3011253],
"9211 densmore av n":[47.6963565,-122.3376224],
"cherry st \/ terry av":[47.6067309,-122.324295],
"e highland dr \/ e galer st":[47.631855,-122.3152187],
"ne 70th st \/ oswego pl ne":[47.6792232,-122.3236981],
"ne radford dr \/ ne 65th st":[47.6757938,-122.2619527],
"s hanford st \/ hunter blvd s":[47.5752558,-122.2850696],
"sand point way ne \/ ne 55th st":[47.6685686,-122.273129],
"w prospect st \/ 2nd av w":[47.6287276,-122.3592809]
}