{
"1019 nw 132nd st":[47.72485,-122.370335],
"10311 lake shore blvd ne":[47.70324,-122.275082],
"10747 8th av ne":[47.7076794,-122.3205603],
"1100 m l king jr way":[47.5931737,-122.297828],
"1400 25th av e":[47.631422,-122.299928],
"1501 35th av s":[47.58875,-122.288393],
"1611 6th av w":[47.633993,-122.3654416],
"19th av \/ e pike st":[47.6140994,-122.307478],
"200 yale av n":[47.620061,-122.3296669],
"221 yesler way":[47.6017075,-122.3306871],
"232 warren av n":[47.6206989,-122.3537259],
"2911 s lane st":[47.5964669,-122.294588],
"3014 14th av s":[47.576349,-122.3143],
"334 17th av":[47.605407,-122.309862],
"341 n 160th st":[47.7448849,-122.354006],
"514 18th av s":[47.5978351,-122.3087161],
"524 2 av":[47.6022767,-122.3320206],
"5840 west green lake way n":[47.6710084,-122.3433449],
"6254 1st av nw":[47.675621,-122.357138],
"6281 ellis av s":[47.5461542,-122.3184867],
"8617 25th av ne":[47.6916585,-122.3015888],
"9041 45th av ne":[47.694909,-122.280361],
"9243 31st pl sw":[47.520193,-122.372918],
"949 24th av s":[47.593193,-122.301472],
"washington av \/ oregon av":[47.6601083,-122.4120723]
}