{
"10334 aurora av n":[47.70425,-122.3443109],
"10836 36th av sw":[47.505249,-122.377354],
"120 21st av e":[47.619169,-122.304322],
"13203 4th av nw":[47.725247,-122.362679],
"1414 e valley st":[47.626313,-122.313858],
"2425 prescott av sw":[47.582452,-122.380312],
"3226 6th av s":[47.5747681,-122.3259625],
"3509 s lilac st":[47.5667872,-122.2894385],
"3534 46th av ne":[47.655014,-122.27781],
"4054 1st av ne":[47.657139,-122.3275535],
"4217 5th av nw":[47.658342,-122.363258],
"42nd av s \/ s graham st":[47.5459881,-122.2808576],
"4566 ne 89th st":[47.69363,-122.278977],
"5022 25th av s":[47.556621,-122.3000646],
"5451 california av sw":[47.552335,-122.387499],
"5500 17th av ne":[47.668683,-122.30909],
"5523 rainier av s":[47.5520487,-122.2784427],
"614 e pike st":[47.6141092,-122.3240308],
"6718 8th av ne":[47.6778819,-122.319792],
"8150 6th av sw":[47.5285959,-122.3426508],
"818 ne 97th st":[47.699749,-122.319316],
"900 s warsaw st":[47.5442851,-122.3211221],
"9040 17th av sw":[47.5216061,-122.3561759],
"9217 27th av ne":[47.6962509,-122.299096],
"9238 21st av sw":[47.519893,-122.360141],
"936 30th av":[47.611516,-122.293418],
"9712 dayton av n":[47.700065,-122.352304],
"ne 45th st \/ thackeray pl ne":[47.6613489,-122.3261841],
"roosevelt way ne \/ ne 53rd st":[47.667105,-122.317382],
"s ferdinand st \/ 37th av s":[47.5578544,-122.2861423],
"sw oregon st \/ 42nd av sw":[47.5628692,-122.3854522],
"wallingford av n \/ n 90th st":[47.6941484,-122.3364723]
}