{
"10001 21st av ne":[47.701327,-122.306168],
"1040 s henderson st":[47.5231287,-122.318967],
"14318 roslyn pl n":[47.732885,-122.340436],
"1510 e marion st":[47.6105746,-122.3122151],
"1633 bellevue av":[47.6161517,-122.3271253],
"1818 25th av":[47.6181925,-122.2993753],
"208 s main st":[47.6000493,-122.3311596],
"20th av nw \/ leary av nw":[47.6666758,-122.3821475],
"2268 14th av w":[47.6405014,-122.3747618],
"23rd av s \/ s lane st":[47.5964718,-122.3022443],
"2801 s walden st":[47.571801,-122.296392],
"2862 s nevada st":[47.5641034,-122.2969736],
"2906 s nevada st":[47.564208,-122.296614],
"3040 sw avalon way":[47.5666363,-122.3721309],
"3214 ne 62nd st":[47.6739881,-122.2930868],
"335 36th av e":[47.622364,-122.287523],
"4119 sw southern st":[47.5297569,-122.385594],
"4332 9th av ne":[47.6604598,-122.3184371],
"46th av s \/ s hudson st":[47.5570272,-122.2753758],
"5123 48th av ne":[47.666708,-122.27641],
"5130 17th av s":[47.555771,-122.3103014],
"5258 california av sw":[47.554018,-122.3866616],
"5711 40th av ne":[47.670696,-122.285141],
"5924 25th av s":[47.5492571,-122.299791],
"6th av s & s holgate st":[47.5861827,-122.3259721],
"7300 35th av ne":[47.6815679,-122.2902016],
"7334 44th av sw":[47.537377,-122.388194],
"8038 mary av nw":[47.688038,-122.37508],
"8515 14th av nw":[47.6911096,-122.3744286],
"8626 31st av sw":[47.525649,-122.372225],
"933 12th av e":[47.6275,-122.317149],
"ne ravenna blvd \/ 9th av ne":[47.6725868,-122.3187296]
}