{
"116 nw 55th st":[47.66894,-122.357978],
"11715 19th av ne":[47.7144369,-122.308885],
"123 n 55th st":[47.6684399,-122.35639],
"12551 densmore av n":[47.721085,-122.338398],
"15845 14th av ne":[47.744963,-122.314782],
"1601 6th av":[47.6121359,-122.3354062],
"1720 13th av":[47.6170162,-122.315546],
"2106 5th av":[47.614975,-122.340679],
"2241 prescott av sw":[47.583127,-122.378846],
"2316 nob hill av n":[47.639623,-122.350383],
"2414 1st av":[47.6146184,-122.3480325],
"2620 23rd av w":[47.643529,-122.385574],
"2718 w blaine st":[47.635344,-122.392203],
"3016 s court st":[47.5710612,-122.2937315],
"361 nw 49th st":[47.664161,-122.363411],
"3616 34th av w":[47.6528227,-122.4005181],
"4337 s holden st":[47.533187,-122.277218],
"4735 26th av sw":[47.560086,-122.365903],
"5100 15th av s":[47.5563666,-122.3134537],
"515 n 50th st":[47.664795,-122.35178],
"5315 greenwood av n":[47.667554,-122.355718],
"5316 16th av s":[47.5542209,-122.3119464],
"5516 1st av s":[47.5529,-122.333773],
"601 36th av e":[47.625151,-122.287257],
"6346 39th av sw":[47.5452129,-122.381483],
"6533 10th av nw":[47.677007,-122.370113],
"6709 26th av nw":[47.677945,-122.390058],
"7028 36th av ne":[47.680302,-122.289016],
"7526 20th av ne":[47.6838977,-122.3064547],
"7531 40th av ne":[47.6839789,-122.2852289],
"9012 38th av sw":[47.522471,-122.380369],
"9209 matthews av ne":[47.695121,-122.277791],
"monroe":[47.8553772,-121.9709579],
"n 43rd st \/ meridian av n":[47.6591343,-122.333791],
"nw 122nd st \/ 9th av nw":[47.7178536,-122.3676563]
}