{
"1109 ne 55th st":[47.6683938,-122.3158585],
"11251 phinney av n":[47.7120109,-122.354569],
"1513 16th av e":[47.632739,-122.311586],
"1534 ne 103rd st":[47.7031444,-122.3109344],
"1629 11th av w":[47.634386,-122.37202],
"1825 broadway e":[47.63581,-122.3213712],
"1911 20th av s":[47.585933,-122.307221],
"2103 9th av w":[47.637909,-122.369383],
"22nd av s \/ s eddy st":[47.5454062,-122.3050489],
"2341 eastlake av e":[47.6408778,-122.3261618],
"2350 mcgilvra blvd e":[47.640533,-122.280391],
"2522 32nd av w":[47.6418025,-122.3982967],
"3506 ne 103rd st":[47.7029694,-122.2901998],
"3557 s bennett st":[47.5540019,-122.287025],
"4110 12th av ne":[47.6572739,-122.3152349],
"4249 s graham st":[47.545747,-122.278845],
"4666 s willow st":[47.540906,-122.272535],
"5149 s augusta st":[47.499574,-122.268787],
"5340 s creston st":[47.507271,-122.265683],
"5819 20th av nw":[47.6715058,-122.3823526],
"6210 35th av ne":[47.6743504,-122.2899537],
"726 n 61st st":[47.6733696,-122.3487545],
"7621 latona av ne":[47.684305,-122.325996],
"7817 12th av ne":[47.685875,-122.315331],
"801 e gwinn pl":[47.647716,-122.321841],
"827 nw 106th st":[47.705608,-122.367303],
"8429 46th av s":[47.527011,-122.275011],
"e madison st \/ 20th av":[47.6172781,-122.306128],
"minor av \/ stewart st":[47.617608,-122.33186],
"s lander st \/ colorado av s":[47.5798514,-122.3367068]
}