{
"1111 nw ballard way":[47.6626916,-122.3715725],
"123 john st":[47.6196159,-122.3544359],
"1321 n 122nd st":[47.716771,-122.34053],
"13229 frazier pl nw":[47.725846,-122.367877],
"13417 roosevelt way n":[47.726302,-122.3300085],
"14th av sw \/ sw sullivan st":[47.5274349,-122.3530622],
"1633 4th av w":[47.634576,-122.362661],
"2141 n 137th st":[47.728408,-122.332512],
"2200 occidental av s":[47.5846617,-122.3332414],
"23rd av e \/ e lee st":[47.6317499,-122.3023031],
"3049 ne 96th st":[47.6984074,-122.2942427],
"355 n 80th st":[47.686729,-122.352799],
"408 ne 40th st":[47.6559833,-122.3241305],
"4323 airport way s":[47.5648173,-122.3227855],
"5022 42nd av sw":[47.5567923,-122.3851286],
"5318 24th av ne":[47.6674782,-122.3018708],
"614 14th av e":[47.624699,-122.31431],
"6546 32nd av s":[47.542991,-122.291024],
"6739 beach dr sw":[47.5422321,-122.3964222],
"6th av s \/ diagonal av s":[47.5691362,-122.3267654],
"7350 57th av ne":[47.682591,-122.266723],
"7548 11th av nw":[47.684648,-122.370097],
"8400 54th av s":[47.5283902,-122.2646798],
"904 elliott av w":[47.6271776,-122.3686664],
"9456 11th av sw":[47.517522,-122.348868],
"s frontenac st \/ 51st av s":[47.5399237,-122.2699097],
"w government way \/ 36th av w":[47.6582983,-122.4035607]
}