{
"1132 10th av e":[47.629651,-122.319888],
"12551 22nd av ne":[47.720861,-122.306334],
"14330 lake city way ne":[47.7328761,-122.2919843],
"1923 ne naomi pl":[47.6732764,-122.3067208],
"2068 23rd av e":[47.639048,-122.302902],
"2235 fairview av e":[47.6392106,-122.3300451],
"2346 20th av s":[47.5815801,-122.3065433],
"3700 s graham st":[47.5460929,-122.2855898],
"3820 51st av sw":[47.5695819,-122.397032],
"399 nw 145th st":[47.7340992,-122.3619065],
"4601 aurora av n":[47.6623079,-122.3476539],
"4801 s othello st":[47.536716,-122.272441],
"5330 s avon st":[47.501711,-122.266162],
"5809 airport way s":[47.5504263,-122.3183678],
"603 federal av e":[47.6244126,-122.3190116],
"65th av sw \/ sw admiral way":[47.5759697,-122.4159299],
"6th av \/ marion st":[47.60625,-122.330156],
"6th av \/ pike st":[47.6111395,-122.3344669],
"7059 24th av ne":[47.681072,-122.302115],
"7223 46th av s":[47.537611,-122.275721],
"7302 56th av ne":[47.681284,-122.267695],
"7548 32nd av sw":[47.534086,-122.373604],
"8017 13th av nw":[47.687482,-122.373138],
"9002 14th av nw":[47.694429,-122.373708],
"9363 32nd av sw":[47.5181735,-122.3747365],
"9424 51st av s":[47.517471,-122.27],
"9536 densmore av n":[47.698896,-122.337316],
"9619 27th av nw":[47.699258,-122.392664],
"dexter av n \/ broad st":[47.624456,-122.3426243],
"e roanoke st \/ yale av e":[47.6432036,-122.3270754],
"east marginal way s \/ s michigan st":[47.5449037,-122.3312269],
"woodlawn av ne \/ ne ravenna blvd":[47.6787414,-122.3249989]
}