{
"10628 56th av s":[47.5052695,-122.2627933],
"1138 18th av e":[47.629824,-122.308217],
"12350 lake city way ne":[47.718609,-122.2953012],
"1264 n 143rd st":[47.732598,-122.343023],
"13054 meridian av n":[47.7247705,-122.3339411],
"1400 boren av":[47.6128314,-122.3279144],
"151 19th av":[47.602799,-122.307927],
"1531 ne 45th st":[47.6612547,-122.3115503],
"155 nw 85th st":[47.6904201,-122.3603498],
"1917 n 37th st":[47.6519643,-122.3343792],
"2005 sw charlestown st":[47.5699945,-122.3593386],
"2204 s norman st":[47.5932913,-122.3029715],
"2409 35th av w":[47.6398623,-122.4027257],
"2600 e yesler way":[47.6016728,-122.2989051],
"2642 e ward st":[47.6275574,-122.2969356],
"302 nw 67th st":[47.677981,-122.360712],
"315 n 75 st":[47.6830749,-122.3546044],
"357 nw 81st st":[47.687446,-122.363105],
"3610 42nd av ne":[47.6544793,-122.281316],
"3646 39th av w":[47.6537,-122.406477],
"4103 burke av n":[47.6569829,-122.335411],
"4326 university way ne":[47.6604239,-122.3128184],
"43rd av e \/ e blaine st":[47.6345601,-122.2771431],
"4808 37th av ne":[47.663899,-122.287826],
"48th av s \/ s oregon st":[47.5629258,-122.2732339],
"5432 sand point way ne":[47.668226,-122.2756437],
"6225 flora av s":[47.546859,-122.319486],
"6547 18th av ne":[47.677186,-122.309073],
"6621 s bangor st":[47.5061889,-122.250309],
"7415 rockery dr s":[47.5357218,-122.2825625],
"7502 40th av s":[47.5343448,-122.2819278],
"9724 46th av ne":[47.700164,-122.278567],
"broad st \/ 1st av":[47.6169277,-122.3525102],
"e prospect st \/ 20th av e":[47.6286646,-122.3060416]
}