{
"0 sb i5 exp to stewart":[47.619715,-122.329135],
"10855 44th av sw":[47.505109,-122.386112],
"11th av w \/ w galer st":[47.632321,-122.3717088],
"1772 valentine pl s":[47.5874175,-122.307324],
"17th av nw \/ nw dock pl":[47.6654098,-122.3788932],
"2313 harbor av sw":[47.5831966,-122.3742172],
"2323 w boston st":[47.638193,-122.387283],
"3116 sw graham st":[47.5468866,-122.3727761],
"35th av ne \/ ne 115th st":[47.7119623,-122.2906479],
"3708 35th av sw":[47.570875,-122.3758],
"3973 west stevens way ne":[47.6539352,-122.310436],
"4437 52nd pl sw":[47.5643656,-122.3995469],
"4555 54th av sw":[47.56174,-122.40138],
"5014 15th av ne":[47.6653563,-122.3116205],
"5101 kenilworth pl ne":[47.665349,-122.268933],
"5703 20th av nw":[47.670542,-122.382423],
"723 harvard av e":[47.62579,-122.322699],
"7362 56th av ne":[47.6829337,-122.2678131],
"8305 greenwood av n":[47.6893723,-122.3553023],
"9217 phinney av n":[47.696586,-122.354382],
"9244 36th av s":[47.520068,-122.286825],
"95 yesler way":[47.6015951,-122.3346756],
"e denny way \/ e madison st":[47.6181016,-122.3041678],
"e gwinn pl \/ fuhrman av e":[47.6478238,-122.3178774],
"e yesler way \/ 10th av":[47.6016968,-122.3195791],
"olive way \/ 6th av":[47.6131316,-122.3362857],
"s washington st \/ 25th av s":[47.6008654,-122.299978]
}