{
"10330 ravenna av ne":[47.703843,-122.297997],
"1303 ne boat st":[47.6515632,-122.3143357],
"13310 lake city way ne":[47.7250326,-122.2918659],
"13515 28th av ne":[47.7270286,-122.298098],
"1615 western av":[47.6098906,-122.3430504],
"218 8th av n":[47.6204307,-122.3410615],
"2331 19th av s":[47.58199,-122.30856],
"24th av e \/ e madison st":[47.6200687,-122.3012119],
"2920 1st av s":[47.5770229,-122.3337937],
"333 n 74th st":[47.6823685,-122.3538896],
"3332 35th av s":[47.572748,-122.288523],
"3338 9th av w":[47.650199,-122.368289],
"336 ne 89th st":[47.6933249,-122.3240209],
"35th av ne \/ ne 130th st":[47.7229739,-122.29083],
"3927 ne 100th st":[47.7008,-122.285625],
"39th av s \/ s benefit st":[47.5197265,-122.2836641],
"4111 23rd av sw":[47.5661119,-122.362575],
"4333 palatine av n":[47.660523,-122.35645],
"513 maynard av s":[47.5979203,-122.3250799],
"553 ward st":[47.6279503,-122.3459689],
"5645 21st av sw":[47.5505869,-122.3602122],
"6341 36th av sw":[47.545375,-122.37816],
"6700 15th av ne":[47.6774566,-122.3119475],
"6754 37th av sw":[47.541352,-122.378839],
"7029 24th av nw":[47.680338,-122.387927],
"7330 6th av sw":[47.53575,-122.342976],
"738 n 71st st":[47.6805027,-122.3481681],
"8044 27th av nw":[47.6881374,-122.3905685],
"8215 42nd av ne":[47.68889,-122.28363],
"8844 29th av sw":[47.523354,-122.36956],
"sand point way ne \/ ne 65th st":[47.6757274,-122.2635355]
}