{
"10630 31st av sw":[47.5073,-122.371734],
"11519 bartlett av ne":[47.712824,-122.283834],
"12002 evanston av n":[47.716111,-122.351197],
"1425 palm av sw":[47.5909898,-122.3847407],
"159 s jackson st":[47.5990779,-122.3323045],
"1601 e columbia st":[47.608979,-122.311217],
"16th av ne \/ ne 77th st":[47.6848706,-122.3110462],
"1817 nw 95th st":[47.698005,-122.380003],
"1852 e shelby st":[47.6466383,-122.3068109],
"2045 parkside dr e":[47.638015,-122.290828],
"2121 nw 99th st":[47.700975,-122.384027],
"2364 fairview av e":[47.6416896,-122.3291914],
"2517 21st av s":[47.5804,-122.305759],
"2601 e ward st":[47.627183,-122.29851],
"349 nw 137th st":[47.728488,-122.36317],
"4015 midvale av n":[47.655849,-122.343898],
"4210 sw oregon st":[47.5630034,-122.3864378],
"4334 2nd av ne":[47.6599999,-122.326943],
"4431 s willow st":[47.540425,-122.276726],
"4547 15th av s":[47.5621971,-122.3138286],
"4929 stanford av ne":[47.6714,-122.273984],
"4th av ne \/ ne 63rd st":[47.6743677,-122.3244268],
"5056 m l king jr way s":[47.5554323,-122.2899217],
"5125 s bangor st":[47.505646,-122.268991],
"5221 lake washington blvd s":[47.5541399,-122.26152],
"5300 24th av nw":[47.667022,-122.387178],
"6508 ravenna av ne":[47.6761343,-122.3035992],
"741 n 104th st":[47.704122,-122.348227],
"7518 34th av sw":[47.534913,-122.374854],
"8024 16th av ne":[47.687444,-122.31078],
"8248 23rd av ne":[47.690035,-122.302703],
"8415 8th av sw":[47.527779,-122.345862],
"850 ne 89th st":[47.693384,-122.318205],
"8844 34th av sw":[47.5233523,-122.3750854],
"910 30th av":[47.610749,-122.293436],
"9212 8th av ne":[47.6962495,-122.3200457],
"9223 16th av sw":[47.5203295,-122.3554431],
"e alder st \/ 27th av":[47.6042745,-122.2978287],
"rainier av s \/ s angeline st":[47.5594626,-122.2859565]
}