{
"10321 23rd av ne":[47.7036029,-122.3045423],
"11990 lakeside pl ne":[47.717536,-122.279342],
"1200 harbor av sw":[47.593096,-122.3832784],
"12309 10th pl ne":[47.717992,-122.317004],
"13421 26th av ne":[47.7261159,-122.3008135],
"1812 n 46th st":[47.6623299,-122.3357665],
"2206 walnut av sw":[47.58375,-122.382408],
"26th av e \/ e john st":[47.6202024,-122.2985606],
"2822 11th av e":[47.6463428,-122.3179583],
"3218 ne 85th st":[47.6904049,-122.2925515],
"3501 25th av w":[47.6518241,-122.3890431],
"3501 east marginal way s":[47.5727244,-122.3399018],
"3703 cascadia av s":[47.570515,-122.2832],
"4337 15th av ne":[47.6608019,-122.3123367],
"4630 lawton ln w":[47.6645339,-122.4026787],
"5132 s mead st":[47.550592,-122.268474],
"5500 33rd av s":[47.552354,-122.2901652],
"5633 university way ne":[47.67044,-122.3132801],
"6014 31st av s":[47.5475185,-122.2923328],
"716 n 34th st":[47.649746,-122.3490637],
"7230 3rd av nw":[47.6816472,-122.3601985],
"7607 8th av nw":[47.684334,-122.3664191],
"8802 35th av ne":[47.6925186,-122.2903499],
"922 n 88th st":[47.6929191,-122.3463846],
"9339 22nd av nw":[47.697648,-122.384434]
}