{
"10435 59th av s":[47.507165,-122.259958],
"10725 66th av s":[47.5046,-122.25164],
"109 e lynn st":[47.639534,-122.326641],
"1400 - 1634 sw spokane st":[47.571406,-122.356644],
"1411 1st av n":[47.6317513,-122.3558299],
"14338 meridian av n":[47.733444,-122.333872],
"1542 palm av sw":[47.589578,-122.383348],
"1617 n 90th st":[47.693944,-122.338374],
"3203 ne 98th st":[47.699956,-122.293154],
"3301 4th av s":[47.5742552,-122.3292005],
"3515 s juneau st":[47.5497593,-122.2882477],
"4332 s morgan st":[47.544452,-122.2783463],
"43rd av s \/ s holly st":[47.542448,-122.2797404],
"4814 stanford av ne":[47.670837,-122.275723],
"4912 leary av nw":[47.6644827,-122.3795463],
"5048 25th av sw":[47.556018,-122.36391],
"720 26th av":[47.608681,-122.2988297],
"7432 latona av ne":[47.6828136,-122.3255634],
"918 26th av s":[47.593967,-122.298636],
"9715 linden av n":[47.700188,-122.347657]
}