{
"1014 15th av e":[47.628126,-122.312197],
"1028 s director st":[47.522449,-122.319032],
"10300 rainier av s":[47.511274,-122.240728],
"10815 42nd av sw":[47.5060181,-122.3854296],
"1100 - 1199 n northgate way":[47.705051,-122.344372],
"11345 36th av ne":[47.71146,-122.289722],
"1604 e cherry st":[47.6080398,-122.311484],
"1625 n 45th st":[47.6613744,-122.3378885],
"1627 ne 143rd st":[47.7321015,-122.3109945],
"2 ave & champion st":[47.6037328,-122.3338603],
"219 2nd av s":[47.514128,-122.33139],
"2537 s americus st":[47.5602079,-122.2994964],
"2824 ne 54th st":[47.668094,-122.296254],
"3007 s holly st":[47.5425477,-122.2932687],
"3300 4th av s":[47.5742211,-122.3284004],
"3604 nw 65th ct":[47.6760237,-122.4038234],
"3635 courtland pl s":[47.5705321,-122.2874598],
"3649 albion pl n":[47.652011,-122.345037],
"4002 49th av s":[47.5673839,-122.271746],
"404 aloha st":[47.6273461,-122.3485176],
"4246 williams av w":[47.6589765,-122.3919185],
"4733 48th av ne":[47.6640649,-122.2762369],
"4837 42nd av s":[47.558039,-122.2809511],
"5201 4th av s":[47.5554174,-122.3300415],
"5338 sw lander st":[47.579289,-122.401553],
"5525 s morgan st":[47.543858,-122.26318],
"5742 35th av ne":[47.6715587,-122.2900021],
"5995 rainier av s":[47.5477078,-122.276956],
"6341 sand point way ne":[47.6748222,-122.2644701],
"6524 ellis av s":[47.5445948,-122.3186737],
"700 2nd av":[47.6030443,-122.3331764],
"8238 15th av ne":[47.689675,-122.311893],
"827 ne 89th st":[47.692853,-122.319144],
"8826 midvale av n":[47.693199,-122.342073],
"9400 - 9449 rainier av s":[47.519834,-122.26509],
"9532 2nd av nw":[47.6988404,-122.3590931],
"9712 lake shore blvd ne":[47.699666,-122.27243],
"holman rd nw \/ 11th av nw":[47.6976644,-122.3700862],
"ne 105th st \/ 35th av ne":[47.7047806,-122.290839],
"nw 55th pl \/ 3rd av nw":[47.6694371,-122.3607981],
"woodland park av n \/ n 35th st":[47.6496528,-122.344012]
}