{
"11335 19th av ne":[47.7113556,-122.3082876],
"124 w mercer st":[47.6248458,-122.3591644],
"1330 minor av":[47.6120707,-122.3260785],
"15th av nw \/ nw 85th st":[47.6906124,-122.3768097],
"1610 lakeview blvd e":[47.634376,-122.321952],
"1720 nw 62nd st":[47.6740489,-122.379931],
"1737 nw 58th st":[47.6707482,-122.3805964],
"19 w harrison st":[47.6219933,-122.3578645],
"2213 federal av e":[47.6388193,-122.3190369],
"2305 24th av s":[47.582653,-122.302486],
"2529 s juneau st":[47.5494709,-122.298912],
"2817 nw 71st st":[47.68003,-122.393841],
"3333 bella vista av s":[47.5727299,-122.2841435],
"38th av s \/ s othello st":[47.5370301,-122.2846558],
"4021 s chicago st":[47.5324615,-122.2810566],
"4031 39th av sw":[47.5677567,-122.3819059],
"4052 54th av sw":[47.56711,-122.401461],
"4219 s juneau st":[47.549492,-122.279951],
"4331 s holden st":[47.532857,-122.277529],
"4525 26th av sw":[47.562114,-122.36588],
"6231 30th av ne":[47.674894,-122.295698],
"6321 9th av ne":[47.674821,-122.319001],
"7101 highland park way sw":[47.538979,-122.346867],
"811 26th av":[47.609444,-122.29923],
"8858 midvale av n":[47.6940015,-122.3423813],
"9340 39th av s":[47.518513,-122.283317],
"9456 18th av sw":[47.517515,-122.357464],
"eb sr520 offramp to bellevue way":[47.6422494,-122.2027024],
"fremont pl n \/ n 35th st":[47.6505109,-122.3498711],
"nb sr99 fr battery st":[47.6187046,-122.343471],
"s main st \/ 12th av s":[47.6000207,-122.3171627],
"vine st \/ denny way":[47.6185584,-122.3454374]
}