{
"10 harrison st":[47.6223299,-122.3564706],
"11250 renton av s":[47.501475,-122.249729],
"13350 27th av ne":[47.7254021,-122.299102],
"14072 24th av ne":[47.732035,-122.30291],
"150 prospect st":[47.6291793,-122.3538064],
"1946 nw 97th st":[47.699941,-122.382759],
"2338 california av sw":[47.5817883,-122.386287],
"2347 ne 94th st":[47.696378,-122.302156],
"2550 magnolia blvd w":[47.642138,-122.413632],
"2700 10th av e":[47.644657,-122.319218],
"310 broadway e":[47.6213336,-122.3205468],
"321 10th av s":[47.5994192,-122.3197974],
"327 n 75th st":[47.6830735,-122.3540867],
"3922 s perry st":[47.5150826,-122.2819314],
"4152 47th av sw":[47.565076,-122.391756],
"4415 s angeline st":[47.559126,-122.277515],
"4543 18th av ne":[47.6625148,-122.3086486],
"500 w republican st":[47.623442,-122.3631908],
"503 s michigan st":[47.5455321,-122.3278371],
"5119 ne 52nd st":[47.666464,-122.272444],
"5433 leary way nw - ballard hallmark":[47.6672499,-122.3833589],
"5648 39th av w":[47.670943,-122.408725],
"611 s jackson st":[47.598981,-122.3260647],
"6630 rainier av s":[47.542591,-122.2726406],
"7006 alonzo av nw":[47.6798582,-122.3743445],
"7315 34th av ne":[47.681696,-122.291853],
"750 - 899 convention pl":[47.6108075,-122.3320517],
"8005 jones av nw":[47.6870527,-122.3867895],
"810 ne 94th st":[47.69701,-122.319726],
"932 nw 61st st":[47.673309,-122.37016]
}