{
"11732 roosevelt way ne":[47.714986,-122.31757],
"1225 e newton st":[47.637017,-122.316301],
"1333 airport way s":[47.591167,-122.324191],
"13456 greenwood av n":[47.728028,-122.354937],
"1400 s columbian way":[47.5720436,-122.3146639],
"1608 s 96th st":[47.518178,-122.311574],
"1712 26th av s":[47.5878523,-122.2988851],
"1715 30th av":[47.616942,-122.293918],
"1st av s \/ railroad way s":[47.5963081,-122.3341691],
"2010 s main st":[47.600249,-122.305457],
"2030 franklin av e":[47.6377041,-122.3241012],
"2231 e lake washington blvd":[47.643915,-122.302262],
"2536 ne 91st st":[47.695068,-122.29999],
"2922 39th av sw":[47.5775997,-122.3810581],
"3034 4th av s":[47.5759127,-122.3290614],
"3533 ne 93rd st":[47.6957639,-122.289113],
"3618 61st av sw":[47.5717104,-122.4105794],
"3717 e prospect st":[47.628287,-122.28464],
"4036 49th av sw":[47.567366,-122.394379],
"4100 32nd av sw":[47.566427,-122.372548],
"4300 ne 44th st":[47.660731,-122.2809315],
"4314 6th av nw":[47.6593518,-122.3637467],
"4625 s findlay st":[47.5517322,-122.2743481],
"4719 15th av ne":[47.6635779,-122.31223],
"501 15th av e":[47.6232591,-122.3128779],
"5053 east marginal way s":[47.5565888,-122.3389792],
"5358 s wallace st":[47.497636,-122.265368],
"546 25th av":[47.6074357,-122.2999309],
"622 s othello st":[47.5372663,-122.3246168],
"640 nw 83rd st":[47.6892022,-122.365105],
"6610 28th av s":[47.5432517,-122.2965336],
"662 ne 42nd st":[47.657739,-122.321273],
"6738 13th av sw":[47.541678,-122.351153],
"7853 renton av s":[47.5319964,-122.2786809],
"8306 17th av nw":[47.688984,-122.378617],
"9037 37th av s":[47.5224132,-122.2862693],
"baker av nw \/ nw 50th st":[47.6650473,-122.3596394],
"fs16":[47.6791242,-122.3231897],
"sw holly st \/ delridge way sw":[47.5429141,-122.361213]
}