{
"171 lake washington blvd e":[47.6195939,-122.2821855],
"17th av ne \/ ne 125th st":[47.7194027,-122.3108721],
"2311 nw 95th st":[47.698016,-122.385829],
"2628 s holly st":[47.5428717,-122.2979978],
"2815 s mcclellan st":[47.5780706,-122.2956031],
"3045 21st av w":[47.6479417,-122.3833662],
"317 nw 88th st":[47.6925999,-122.3615095],
"3412 13th av w":[47.650778,-122.373213],
"3801 s rose st":[47.529492,-122.2849499],
"4215 s raymond st":[47.5479753,-122.2801413],
"4619 s henderson st":[47.5232975,-122.2733256],
"4th av n \/ boston st":[47.6382556,-122.3494881],
"5022 35th av sw":[47.556716,-122.375827],
"511 n 83rd st":[47.688888,-122.352015],
"525 belmont av e":[47.623952,-122.3243875],
"535 ne 92nd st":[47.695601,-122.321556],
"5513 11th av ne":[47.6689835,-122.3166026],
"6010 1st av ne":[47.6726529,-122.32783],
"6015 33rd av s":[47.547442,-122.2906326],
"6610 62nd av ne":[47.677371,-122.2618301],
"6740 25th av nw":[47.678905,-122.388345],
"7510 36th av ne":[47.68347,-122.289114],
"7709 14th av nw":[47.6853875,-122.3744986],
"7907 greenwood av n":[47.686473,-122.355671],
"7939 densmore av n":[47.6867473,-122.3381447],
"811 22nd av":[47.6094106,-122.3043658],
"8306 37th av s":[47.529298,-122.285631],
"8502 10th av nw":[47.6908321,-122.369086],
"8637 46th av sw":[47.5256868,-122.3918691],
"9151 20th av ne":[47.6955149,-122.3071216],
"9812 60th av s":[47.5129276,-122.2578891]
}