{
"10059 densmore av n":[47.7029442,-122.3375088],
"116 25th av e":[47.6194773,-122.2996217],
"12019 14th av ne":[47.7160504,-122.313963],
"1223 ne 105th st":[47.704639,-122.314165],
"15th av s \/ s hinds st":[47.5730922,-122.3134031],
"1618 27th av":[47.615983,-122.297094],
"1623 s weller st":[47.597164,-122.310342],
"2115 4th av n":[47.637831,-122.349876],
"2322 18th av s":[47.582266,-122.309109],
"2539 1st av n":[47.6425974,-122.3558733],
"2700 3rd av n":[47.6445735,-122.3512377],
"2718 alki av sw":[47.5790584,-122.4101234],
"2910 s fontanelle st":[47.536077,-122.295476],
"3119 s walden st":[47.5734446,-122.2919018],
"3429 fremont pl n":[47.6505475,-122.3500836],
"3524 ne 94th st":[47.6969135,-122.2893304],
"40 s spokane st":[47.5721965,-122.3375743],
"400 melrose av e":[47.622307,-122.327506],
"4039 midvale av n":[47.656508,-122.343894],
"423 ne 153rd st":[47.7396559,-122.325109],
"5055 4th av s":[47.5560336,-122.330122],
"5403 30th av sw":[47.553613,-122.371326],
"56th av sw \/ sw lander st":[47.5793927,-122.4039921],
"7048 51st av ne":[47.68082,-122.272622],
"7203 32nd av nw":[47.6810997,-122.3986675],
"7th av s \/ s fidalgo st":[47.5505707,-122.325161],
"800 w nickerson st":[47.6526205,-122.3675419],
"8004 39th av sw":[47.531122,-122.381707],
"815 38th av":[47.609694,-122.285183],
"825 14th av":[47.610019,-122.314533],
"8316 12th av nw":[47.689349,-122.371131],
"838 nw 61st st":[47.6733059,-122.367911],
"909 n 103rd st":[47.703393,-122.3468445],
"920 31st av":[47.611066,-122.292269],
"battery st tunnel sb":[47.6062095,-122.3320708],
"stone av n \/ west green lake dr n":[47.6821571,-122.3416208]
}