{
"0 - 0 nb i5 at cherry":[47.602936,-122.326094],
"120 lake washington blvd s":[47.6014839,-122.2879913],
"1317 boren av":[47.6118314,-122.3279053],
"2105 n 122nd st":[47.7168909,-122.333846],
"2516 viewmont way w":[47.6392247,-122.4009875],
"3448 15th av w":[47.6517769,-122.375813],
"350 n 103rd st":[47.7038411,-122.3531313],
"3656 whitman av n":[47.6523574,-122.3457159],
"4562 s barton st":[47.521282,-122.275021],
"50th av ne \/ ne 65th st":[47.675796,-122.274289],
"5301 11th av nw":[47.6673915,-122.370998],
"600 broad st":[47.6201698,-122.3484918],
"6237 5th av nw":[47.675253,-122.363279],
"6720 mary av nw":[47.6785039,-122.375855],
"6th av nw \/ nw 62nd st":[47.6741828,-122.3639753],
"7307 sand point way ne":[47.6819515,-122.2647168],
"7312 seward park av s":[47.5365651,-122.2669819],
"7528 beacon av s":[47.534615,-122.289428],
"7732 12th av sw":[47.5330419,-122.3503084],
"7757 25th av ne":[47.68636,-122.301145],
"8235 latona av ne":[47.689653,-122.326058],
"9202 41st av ne":[47.695773,-122.283582],
"john st \/ 5th av n":[47.6197416,-122.3475862],
"nb i5 to ne 145 st":[47.732946,-122.323505],
"ne 130th st \/ 23rd pl ne":[47.7229525,-122.3032155]
}