{
"10317 46th av ne":[47.7034454,-122.279147],
"116 4th av s":[47.6015098,-122.3289686],
"12350 32nd av ne":[47.7188368,-122.2935829],
"1429 n 45th st":[47.6611975,-122.3393522],
"1702 31st av":[47.6166338,-122.2921625],
"1802 15th av":[47.6177443,-122.3125026],
"1920 e jefferson st":[47.606458,-122.306562],
"2019 ne 80th st":[47.686374,-122.305674],
"2025 nw 64th st":[47.675056,-122.38329],
"2146 westlake av n":[47.6391677,-122.3414053],
"2852 nw 90th pl":[47.6948032,-122.3951339],
"328 s cloverdale st":[47.5266421,-122.3306068],
"3313 bella vista av s":[47.5731917,-122.2841711],
"3434 densmore av n":[47.649061,-122.337238],
"4217 42nd av s":[47.564683,-122.281043],
"4242 memorial way ne":[47.6595439,-122.3096647],
"4428 woodlawn av n":[47.6611658,-122.3382573],
"4530 36th av ne":[47.6622865,-122.2892026],
"4600 mount view dr s":[47.5613489,-122.2969406],
"4717 19th av ne":[47.6636258,-122.3074958],
"4906 s holly st":[47.542691,-122.271156],
"509 randolph av":[47.606323,-122.285995],
"5508 ne 55th st":[47.668883,-122.268492],
"5508 s othello st":[47.537157,-122.264071],
"5950 36th av sw":[47.548634,-122.377332],
"8346 25th av nw":[47.6903195,-122.3884111],
"9687 rainier av s":[47.516914,-122.254979],
"beach dr sw \/ 61st av sw":[47.5711901,-122.4110455],
"nb sr509 at 1 av s bridge":[47.541668,-122.334334],
"ne 45th st rp \/ montlake blvd ne":[47.6610594,-122.2982966],
"republican st \/ 4th av n":[47.6234279,-122.348865]
}