{
"10008 aurora ave n":[47.7027043,-122.3425159],
"1005 harbor av sw":[47.5946821,-122.3849735],
"1026 e terrace st":[47.6053251,-122.3183275],
"10505 alton av ne":[47.7049049,-122.281391],
"10739 exeter av ne":[47.708568,-122.277727],
"11746 1st av ne":[47.715407,-122.328365],
"1213 ne 102nd st":[47.7020003,-122.3145187],
"1220 n 43rd st":[47.6592058,-122.3426464],
"12514 10th av nw":[47.720175,-122.368692],
"1262 n 143rd st":[47.732535,-122.343022],
"1751 22nd av s":[47.5877116,-122.3039049],
"1814 lake washington blvd s":[47.586829,-122.28724],
"1960 post al":[47.6106784,-122.3429256],
"2064 23rd av e":[47.638941,-122.302865],
"2223 boylston av e":[47.6389517,-122.3235594],
"2452 nw 62nd st":[47.674061,-122.389916],
"2503 sw barton st":[47.520795,-122.364802],
"2518 32nd av w":[47.6417317,-122.3982972],
"3412 ne 65th st":[47.6759683,-122.290889],
"3419 34th av s":[47.5718775,-122.2901953],
"4108 41st av s":[47.565874,-122.281458],
"4130 sw rose st":[47.5294547,-122.3860731],
"4213 beach dr sw":[47.5653064,-122.4078838],
"4708 37th av sw":[47.5606917,-122.3784618],
"4726 50th av sw":[47.560329,-122.395881],
"5012 40th av sw":[47.5570327,-122.3825373],
"522 s donovan st":[47.525873,-122.327037],
"5240 40th av ne":[47.6679216,-122.2847856],
"5301 2nd av s":[47.554677,-122.332701],
"5510 brooklyn av ne":[47.6689113,-122.3141342],
"562 occidental av s":[47.5978128,-122.3332529],
"6542 1st av ne":[47.6772289,-122.328051],
"7101 s 115th st":[47.499462,-122.245518],
"725 alder st":[47.6028608,-122.3241043],
"7367 47th av sw":[47.5366707,-122.3928148],
"9756 49th av ne":[47.700959,-122.274885],
"denny way \/ 1st av n":[47.618586,-122.3552998]
}