{
"0 - 0 sb i5 cd fr 4":[47.5914508,-122.3217711],
"10552 15th av nw":[47.70668,-122.376356],
"10700 68th av s":[47.505534,-122.24904],
"11216 3rd av nw":[47.711191,-122.360165],
"11726 evanston av n":[47.714971,-122.351173],
"124 10th av e":[47.619555,-122.318964],
"1300 29th av s":[47.592051,-122.295126],
"150 16th av":[47.6029624,-122.3109578],
"1631 15th av":[47.6347318,-122.3767282],
"1702 19th av s":[47.5882424,-122.3083898],
"1718 25th av":[47.617136,-122.299692],
"21st av w \/ w dravus st":[47.6484526,-122.3833699],
"220 pike st":[47.6096443,-122.3380811],
"2510 4th av":[47.617111,-122.3464964],
"2626 34th av w":[47.6440688,-122.4009405],
"2756 37th av sw":[47.5776051,-122.3777712],
"3018 e olive st":[47.616628,-122.292671],
"3110 e olive st":[47.61663,-122.291853],
"316 n 70th st":[47.6798187,-122.3545838],
"333 taylor av n":[47.6218905,-122.346508],
"3553 s hudson st":[47.5569234,-122.286611],
"3601 sw 112th st":[47.5025888,-122.3782453],
"3921 43rd av s":[47.568125,-122.279919],
"4124 23rd av sw":[47.565702,-122.361939],
"4604 w raye st":[47.6437659,-122.4159329],
"4852 delridge way sw":[47.557736,-122.362396],
"522 s cloverdale st":[47.5264988,-122.3272857],
"5304 sw andover st":[47.5687117,-122.4005501],
"5715 s augusta st":[47.4999868,-122.260361],
"5941 18th av sw":[47.5489518,-122.3573366],
"6000 east marginal way s":[47.5482138,-122.334049],
"6543 30th av sw":[47.5436114,-122.3698852],
"6728 13th av nw":[47.6787218,-122.372712],
"7347 dibble av nw":[47.68276,-122.367607],
"7730 13th av sw":[47.533244,-122.351362],
"818 33rd av":[47.6098607,-122.2901295],
"8337 30th av nw":[47.6897723,-122.3960807],
"8621 16th av sw":[47.5258351,-122.3553484],
"boylston av \/ broadway":[47.6097309,-122.3208211],
"linden av n \/ n 145th st":[47.7341262,-122.3477742],
"midvale av n \/ n 43rd st":[47.6591964,-122.3438002],
"nw 61st st \/ 8th av nw":[47.6730813,-122.3661051]
}