{
"10325 15th av nw":[47.7040619,-122.3770212],
"1211 e howell st":[47.6174442,-122.3163316],
"13736 meridian av n":[47.7298186,-122.3338397],
"1418 33rd av":[47.613468,-122.290022],
"1521 nw 65th st":[47.6758108,-122.377392],
"156 15th av":[47.6029675,-122.3126441],
"1902 ne 124th st":[47.718125,-122.308218],
"1912 5th av n":[47.6361185,-122.3468195],
"1924 ne 127th st":[47.721447,-122.308073],
"2518 beacon av s":[47.5805254,-122.3130708],
"2542 6th av w":[47.6421702,-122.3648683],
"2813 sw graham st":[47.54721,-122.3697832],
"3205 s portland st":[47.5329012,-122.2904714],
"3831 33rd av sw":[47.5688874,-122.3742578],
"4324 ne 65th st":[47.676014,-122.281097],
"4715 54th av s":[47.560118,-122.266063],
"4727 california av sw":[47.5602258,-122.3872025],
"4918 s henderson st":[47.5233202,-122.2715046],
"5018 rainier av s":[47.5565393,-122.2838376],
"503 32nd av":[47.6062727,-122.2918249],
"5414 35th av sw":[47.553251,-122.37586],
"6300 s perry st":[47.515725,-122.255024],
"6718 m l king jr way s":[47.5419808,-122.2831428],
"7114 5th av ne":[47.6806429,-122.3226315],
"7506 35th av ne":[47.6833246,-122.2903344],
"8459 7th av sw":[47.526617,-122.344572],
"8531 nesbit av n":[47.6915311,-122.3434724],
"9046 3rd av sw":[47.521418,-122.338586],
"9500 densmore av n":[47.697954,-122.337303],
"e yesler way \/ 30th av":[47.6016451,-122.2937359]
}