{
"0 nb i5 to 85":[47.6865876,-122.3254957],
"10000 9th av nw":[47.7015368,-122.3687197],
"11629 beacon av s":[47.498513,-122.264695],
"12020 28th av ne":[47.7162975,-122.2977686],
"14339 evanston av n":[47.7334894,-122.3520554],
"1516 s dawson st":[47.5558217,-122.3127168],
"1517 7th av w":[47.6328662,-122.3667652],
"1700 sw austin st":[47.5347339,-122.3574773],
"1710 ne 135th st":[47.726804,-122.309416],
"219 broadway  e":[47.6205737,-122.3212741],
"2206 25th av e":[47.6389316,-122.3002552],
"2401 nw 98th st":[47.6999392,-122.3878793],
"2823 30th av w":[47.645281,-122.395984],
"4150 14th av s":[47.565783,-122.314412],
"4252 s eddy st":[47.545361,-122.278589],
"4545 5th av ne":[47.662686,-122.323219],
"5060 mithun pl ne":[47.6674809,-122.2808642],
"552 n 66th st":[47.6771559,-122.350354],
"5921 31st av sw":[47.549371,-122.3725859],
"601 14th av e":[47.6245151,-122.314899],
"6033 45th av sw":[47.5475394,-122.3903169],
"6071 wellesley way ne":[47.675108,-122.277606],
"619 s nevada st":[47.5649097,-122.3257627],
"6217 36th av ne":[47.674523,-122.28947],
"7544 24th av sw":[47.5342646,-122.3629134],
"8239 42nd av ne":[47.689537,-122.28365],
"8733 evanston av n":[47.693387,-122.351696],
"9452 35th av sw":[47.5177962,-122.3763614],
"9507 palatine av n":[47.698129,-122.357101]
}