{
"12045 palatine av n":[47.717294,-122.357469],
"125 boylston av e":[47.6188559,-122.323459],
"13047 31st av ne":[47.724281,-122.29505],
"13400 greenwood av n":[47.7264192,-122.3555248],
"1537 valentine pl s":[47.588643,-122.307664],
"1611 29th av w":[47.634194,-122.394529],
"1756 airport way s":[47.586926,-122.3209449],
"1820 n 52nd st":[47.666709,-122.335426],
"2025 s charles st":[47.594271,-122.305046],
"210 nw 143rd st":[47.732593,-122.360225],
"2503 w raye st":[47.643299,-122.3892397],
"2512 s dearborn st":[47.5955613,-122.299199],
"3233 15th av s":[47.574083,-122.313715],
"3471 77th av se":[47.5778441,-122.2364762],
"3512 ne 113th st":[47.710793,-122.2897],
"3632 12th av w":[47.653155,-122.371915],
"3657 42nd av ne":[47.655049,-122.283013],
"4021 6th av s":[47.5674487,-122.3272954],
"42nd av s \/ s raymond st":[47.5481745,-122.2808165],
"4516 40th av sw":[47.5623487,-122.3828062],
"4605 s snoqualmie st":[47.561509,-122.275349],
"4741 37th av sw":[47.559829,-122.37918],
"4749 thackeray pl ne":[47.664625,-122.326461],
"5243 16th av ne":[47.6677076,-122.3110835],
"6210 14th av nw":[47.674247,-122.373168],
"6827 oswego pl ne":[47.6785319,-122.3234501],
"8041 burke av n":[47.688082,-122.3357875],
"8455 37th av s":[47.526278,-122.286305],
"8602 23rd av ne":[47.691311,-122.30384],
"9326 51st av s":[47.51821,-122.269531],
"9610 42nd av sw":[47.517111,-122.385771],
"sw oregon st \/ 40th av sw":[47.5628652,-122.3828318],
"w fort st \/ 32nd av w":[47.6613266,-122.3982941]
}