{
"10046 15th av sw":[47.5124075,-122.3534963],
"141 euclid av":[47.602603,-122.2888],
"1425 3rd av":[47.6094184,-122.3375099],
"14355 aurora av n":[47.7339349,-122.3455238],
"19226 18th av ne":[47.7180791,-122.3088347],
"2000 23rd av s":[47.5852601,-122.3024335],
"2057 s eddy st":[47.545209,-122.305327],
"2360 yale av e":[47.641532,-122.326763],
"2507 1st av w":[47.641731,-122.358564],
"2735 ne 143rd pl":[47.732501,-122.297695],
"2745 ne 91st st":[47.6945601,-122.2967132],
"2807 w galer st":[47.631929,-122.393428],
"2917 14th av s":[47.5771474,-122.3149703],
"3020 ne 127th st":[47.7211064,-122.2959803],
"4056 hillcrest av sw":[47.567085,-122.404636],
"420 n 141st ct":[47.7313031,-122.3535272],
"4741 11th av ne":[47.664067,-122.316668],
"5700 24th av nw":[47.6704024,-122.3871015],
"6212 39th av ne":[47.6744073,-122.2855524],
"6241 34th av ne":[47.675194,-122.291477],
"6578 32nd av sw":[47.543769,-122.3737559],
"6th av nw \/ nw 45th st":[47.661467,-122.3639879],
"920 lakeside av s":[47.5939143,-122.2875046],
"yesler way \/ 6th av":[47.6017197,-122.3263696]
}