{
"10726 12th av nw":[47.7073278,-122.3710045],
"12th av s & s weller st":[47.5974999,-122.3173125],
"14321 24th av ne":[47.733059,-122.303958],
"1810 15th av":[47.6180408,-122.3123985],
"1918 5th av n":[47.6362653,-122.3468401],
"1st av & university st":[47.6068232,-122.3382057],
"1st av nw \/ nw 145th st":[47.7341211,-122.359154],
"2020 ne 135th pl":[47.727427,-122.306537],
"2114 nw 94th st":[47.6976671,-122.3837797],
"2214 12th av w":[47.639167,-122.372255],
"2220 n pacific st":[47.649835,-122.332357],
"2702 w blaine st":[47.635293,-122.391535],
"2814 40th av w":[47.6454755,-122.4080079],
"2818 e denny way":[47.6190653,-122.2951831],
"3411 10th av w":[47.6509893,-122.3707161],
"3527 ne 87th st":[47.6914537,-122.2896365],
"3856 41st av s":[47.568076,-122.28149],
"3951 evanston av n":[47.654722,-122.351451],
"410 w highland dr":[47.629806,-122.362379],
"4130 sw southern st":[47.530225,-122.386074],
"4523 s rose st":[47.5293629,-122.275907],
"4606 6th av nw":[47.6624216,-122.363706],
"4818 delridge way sw":[47.5586677,-122.3625223],
"4833 s raymond st":[47.548224,-122.271276],
"4923 43rd av s":[47.5573539,-122.27973],
"5031 44th av ne":[47.6658809,-122.2800686],
"5215 56th av s":[47.5543754,-122.2632722],
"5920 s prentice st":[47.50788,-122.258452],
"6214 52nd av ne":[47.674259,-122.271339],
"6268 lake shore dr s":[47.5450677,-122.2587627],
"6800 oswego pl ne":[47.6780095,-122.3223729],
"7326 dibble av nw":[47.682253,-122.366915],
"7702 beacon av s":[47.533606,-122.288737],
"7732 37th av sw":[47.532472,-122.378931],
"7748 mary av nw":[47.686475,-122.375078],
"842 ne 120th st":[47.716076,-122.319037],
"8508 mary av nw":[47.690995,-122.375022],
"88 pike st":[47.6085894,-122.3409509],
"9251 30th av sw":[47.5196042,-122.3716245],
"california av sw \/ sw juneau st":[47.5503012,-122.3871003],
"n 45th st \/ woodlawn av n":[47.6613842,-122.3385417]
}