{
"0 - 0 sb i5 exp fr 103":[47.69816,-122.329672],
"0 - 0 terminal 5 access rp":[47.5725212,-122.3608328],
"1000 4th av":[47.6062593,-122.3329803],
"12250 8th av nw":[47.719323,-122.366025],
"1308 n 85th st":[47.690892,-122.340874],
"144 western av w":[47.6195956,-122.358627],
"2001 6th av":[47.6143473,-122.3389086],
"2017 36th av w":[47.6368409,-122.404102],
"21st av e \/ e thomas st":[47.621386,-122.3047344],
"250 ne 45th st":[47.661505,-122.3260181],
"2500 e pine st":[47.6154796,-122.2998605],
"2801 sw bataan st":[47.5457739,-122.3687539],
"3026 s brighton st":[47.5414752,-122.2920131],
"3537 s brandon st":[47.55322,-122.287227],
"4202 6th av s":[47.5657556,-122.3262845],
"50th av s \/ s adams st":[47.5652912,-122.2707352],
"5208 sand point way ne":[47.666966,-122.280179],
"541 n 73rd st":[47.6815846,-122.3508023],
"5957 4th av s":[47.5487708,-122.3300292],
"6310 40th av sw":[47.546265,-122.382776],
"6712 18th av nw":[47.678184,-122.379654],
"6721 ellis av s":[47.541499,-122.320051],
"7722 12th av nw":[47.685789,-122.371128],
"7753 earl av nw":[47.6865143,-122.3921805],
"800 blanchard st":[47.617256,-122.3392048],
"8332 38th av s":[47.5285625,-122.2845281],
"9117 aurora av n":[47.6953312,-122.3450802],
"n 107th st \/ stone av n":[47.7068931,-122.3420249],
"n 45th st \/ meridian av n":[47.6613818,-122.3337204],
"ne 82nd st \/ 11th av ne":[47.6885547,-122.316262],
"s edmunds st \/ 39th av s":[47.5586496,-122.2834583],
"sb i5 fr corliss":[47.706831,-122.331277],
"woodlawn av ne \/ 4th av ne":[47.6778562,-122.3261873]
}