{
"1018 31st av e":[47.628084,-122.291627],
"1032 s cloverdale st":[47.5266231,-122.3187889],
"110 nw 83rd st":[47.6893049,-122.3585028],
"1108 33rd av":[47.61201,-122.290064],
"113 nw 83rd st":[47.688898,-122.3586665],
"118 nw 50th st":[47.665265,-122.358008],
"13118 3rd av nw":[47.7247031,-122.3606507],
"1400 e madison st":[47.614152,-122.3136328],
"1735 nw 97th st":[47.6995403,-122.3801127],
"2400 elliott av":[47.6132859,-122.3497605],
"24th av \/ e pike st":[47.6141478,-122.301386],
"2557 4th av w":[47.642285,-122.36263],
"2911 2nd av":[47.6176391,-122.3523542],
"325 8th av":[47.6035037,-122.3247413],
"3422 42nd av sw":[47.572552,-122.38535],
"3622 sw 108th st":[47.506678,-122.378085],
"3647 renton av s":[47.570478,-122.296387],
"3722 13th av s":[47.570025,-122.315666],
"3902 s angel pl":[47.544801,-122.283102],
"3924 stone way n":[47.6551568,-122.3420117],
"4248 tamarack dr s":[47.564494,-122.29365],
"4500 35th av s":[47.5628025,-122.2887883],
"4740 51st av sw":[47.5599097,-122.3973169],
"5234 mithun pl ne":[47.6676298,-122.2825668],
"5253 18th av ne":[47.6679156,-122.3086138],
"530 1st av n":[47.6241187,-122.3550511],
"733 n 78th st":[47.6852779,-122.34854],
"7447 4th av ne":[47.682759,-122.3244852],
"8414 48th av s":[47.52735,-122.272442],
"9308 28th av nw":[47.6970639,-122.3926244],
"occidental av s \/ s stacy st":[47.5818969,-122.3332601],
"rainier av s \/ s barton st":[47.5210098,-122.2699968],
"roosevelt way ne \/ ne 120th st":[47.7158369,-122.3180184],
"seward park av s \/ s grattan st":[47.5285604,-122.2663308]
}