{
"0 - 0 sb i5 cd to 4":[47.5937083,-122.3215565],
"10035 renton av s":[47.510844,-122.261051],
"1032 ne 62nd st":[47.6734842,-122.3159375],
"10330 lake city way ne":[47.7025535,-122.3017098],
"11809 56th pl s":[47.4969093,-122.2689853],
"121 11th av e":[47.6194515,-122.318503],
"1211 e olive st":[47.6162719,-122.3163102],
"1406 e pine st":[47.6154506,-122.3137016],
"1611 9th av w":[47.6339335,-122.3694429],
"2000 19th av e":[47.6371449,-122.308306],
"201 e boston st":[47.6381382,-122.3255408],
"2215 e mercer st":[47.624201,-122.302742],
"2842 nw 70th st":[47.67975,-122.394854],
"3000 ne 127th st":[47.7212372,-122.2961162],
"312 s washington st":[47.6009783,-122.3296118],
"3502 31st av w":[47.6515419,-122.3965709],
"3514 fremont pl n":[47.6509986,-122.3504137],
"3532 sw rose st":[47.529271,-122.378149],
"5214 28th av s":[47.554786,-122.296281],
"5627 park rd ne":[47.6703161,-122.305546],
"5847 16th av s":[47.549915,-122.312671],
"6206 25th av ne":[47.6739869,-122.300322],
"6527 10th av nw":[47.6768379,-122.3700245],
"717 n 50th st":[47.664791,-122.349182],
"8421 30th av sw":[47.527624,-122.371627],
"8619 55th av s":[47.5261996,-122.2640466],
"8829 11th av sw":[47.523758,-122.34966],
"9202 35th av ne":[47.695488,-122.290358],
"9319 42nd av ne":[47.696549,-122.28306],
"9335 8th av sw":[47.5192236,-122.3454396],
"n 77th st \/ 1st av nw":[47.6847585,-122.3579525],
"stone way n \/ n 40th st":[47.6553861,-122.3424546],
"w wheeler st \/ sound view ter w":[47.640733,-122.3712285]
}