{
"10407 12th av ne":[47.70429,-122.315361],
"11724 exeter av ne":[47.714288,-122.279899],
"11738 25th av ne":[47.7149978,-122.3014342],
"12040 12th av nw":[47.717193,-122.37126],
"1511 nw 57th st":[47.6701603,-122.3766891],
"1614 20th av e":[47.633674,-122.3057125],
"1704 26th av s":[47.588095,-122.298786],
"1735 s columbian way":[47.560888,-122.309409],
"1830 9th av":[47.6156893,-122.3339765],
"2349 west viewmont way w":[47.6392856,-122.4088839],
"2866 39th av w":[47.646901,-122.406553],
"3353 lakewood av s":[47.571772,-122.282058],
"35th av s \/ s ferdinand st":[47.5578633,-122.2888073],
"3707 sw 98th st":[47.515351,-122.379702],
"3806 e madison st":[47.6323209,-122.2831606],
"400-499 blanchard st":[47.6146073,-122.3426501],
"4100 4 av s":[47.56589,-122.328895],
"4103 sunnyside av n":[47.656843,-122.330593],
"420 broadway":[47.6059391,-122.3207923],
"4213 williams av w":[47.6581039,-122.392468],
"4317 phinney av n":[47.6595604,-122.3546644],
"4502 14th av s":[47.563358,-122.314457],
"4580 fauntleroy way sw":[47.5612874,-122.3808279],
"4775 35th av s":[47.559299,-122.289274],
"507 15th av e":[47.6233712,-122.3129077],
"52nd av s \/ s frontenac st":[47.5398003,-122.2671994],
"5720 s orcas st":[47.551349,-122.260966],
"6050 wellesley way ne":[47.674594,-122.276889],
"6224 34th av ne":[47.674681,-122.290826],
"7518 30th av ne":[47.683663,-122.295531],
"7721 16th av ne":[47.685559,-122.311372],
"7721 22nd av nw":[47.6856608,-122.3845756],
"7905 3rd av sw":[47.5205578,-122.3388467],
"811 ne 64th st":[47.6748257,-122.3195066],
"839 ne 81st st":[47.687312,-122.3185023],
"9432 5th av sw":[47.518111,-122.341183],
"e alder st \/ 35th av":[47.6043875,-122.288082],
"s oregon st \/ s columbian way":[47.5628244,-122.2945]
}