{
"10505 north park av n":[47.705351,-122.349108],
"1216 e remington ct":[47.6057129,-122.3159661],
"1417 e aloha st":[47.626693,-122.3136961],
"1428 nw 50th st":[47.6651758,-122.3749955],
"153 prospect st":[47.6287606,-122.3538339],
"17th av ne \/ ne 115th st":[47.712137,-122.3100275],
"1817 federal av e":[47.6355757,-122.3192874],
"2056 13th av w":[47.638381,-122.373535],
"214 pontius av n":[47.6199961,-122.3316745],
"21st av nw \/ nw 96th st":[47.6989814,-122.3830356],
"21st av sw turn \/ delridge way sw":[47.534797,-122.360837],
"2223 24th av e":[47.6393784,-122.3023033],
"3006 24th av w":[47.64687,-122.387005],
"3780 west stevens way ne":[47.6520133,-122.3076],
"4610 village ct ne":[47.6633336,-122.2978635],
"5002 39th av ne":[47.6650665,-122.2857035],
"5704 37th av ne":[47.6705029,-122.287653],
"6000 seward park av s":[47.548626,-122.2592697],
"6208 54th av ne":[47.67371,-122.269052],
"6617 mcarthur ct sw":[47.5433753,-122.3694349],
"6730 palatine av n":[47.678673,-122.356094],
"810 n 45th st":[47.6614486,-122.3484116],
"8800 37th av s":[47.524132,-122.285601],
"8802 midvale av n":[47.692635,-122.342066],
"9801 lake city way ne":[47.7005843,-122.3037662],
"eastlake av ne \/ roosevelt way ne":[47.6560178,-122.3178415],
"galer st \/ 8th av n":[47.6325435,-122.3408745],
"klickitat av sw \/ 13th av sw":[47.5722028,-122.3522122],
"w boston st \/ thorndyke av w":[47.6384276,-122.3878785]
}