{
"1024 ne 69th st":[47.678971,-122.316252],
"1110 w howe st":[47.636156,-122.372407],
"12223 fremont av n":[47.718403,-122.350685],
"1235 e newton st":[47.637016,-122.315795],
"12530 37th av ne":[47.720252,-122.287819],
"1712 nw 85th st":[47.690797,-122.379622],
"1717 aurora av n":[47.6389712,-122.3455579],
"1767 17th av s":[47.5872176,-122.3107981],
"2105 n 82nd st":[47.6884743,-122.3328338],
"2128 n 135th st":[47.727392,-122.333236],
"2153 e shelby st":[47.64614,-122.302184],
"2531 rainier av s - rainier job service":[47.5801145,-122.3007527],
"2605 s washington st":[47.6008577,-122.2987232],
"2nd av s \/ s dawson st":[47.5556746,-122.3323712],
"3224 46th av sw":[47.5749179,-122.390397],
"351 n 102nd st":[47.7026891,-122.3531183],
"410 n bowdoin pl":[47.654841,-122.35395],
"4147 12th av ne":[47.6582098,-122.3156105],
"522 n 68th st":[47.6789586,-122.3514809],
"6517 25th av nw":[47.676387,-122.38896],
"722 25th av s":[47.5960093,-122.2996993],
"8404 renton av s":[47.5276264,-122.2772656],
"s oregon st \/ 36th av s":[47.5628223,-122.2866781]
}