{
"10017 38th av ne":[47.7016409,-122.2882813],
"11357 25th av ne":[47.711882,-122.302065],
"1214 s winthrop st":[47.576274,-122.316578],
"12738 27th av ne":[47.7222579,-122.29871],
"1300 e columbia st":[47.6092393,-122.3154406],
"1404 e lynn st":[47.639717,-122.313129],
"1407 sw henderson st":[47.5228393,-122.3532206],
"1611 e marion st":[47.6102239,-122.3109801],
"1816 n 57th st":[47.671012,-122.335359],
"306 n 125th st":[47.7196249,-122.354889],
"3456 41st av sw":[47.571517,-122.384303],
"3608 palatine av n":[47.6530203,-122.3564223],
"3926 sw ida st":[47.534531,-122.383215],
"4008 bagley av n":[47.655867,-122.332262],
"4216 leary way nw":[47.6581655,-122.3639075],
"4620 sw edmunds st":[47.5593524,-122.3917475],
"5400 fauntleroy way sw":[47.553349,-122.3816088],
"718 n 104th st":[47.7045495,-122.349205],
"720 30th av s":[47.59622,-122.293551],
"7340 34th av ne":[47.68251,-122.291214],
"7515 24th av sw":[47.5349639,-122.3634904],
"80 madison st":[47.6045086,-122.337176],
"8617 14th av s":[47.5258619,-122.3151344],
"908 nw ballard way":[47.6632634,-122.369462],
"917 20th av":[47.6109298,-122.3065929],
"9210 20th av sw":[47.520674,-122.3591297],
"928 23rd av":[47.610905,-122.30238],
"meridian av n \/ n 37th st":[47.6519738,-122.3338601],
"n 36th st \/ wallingford av n":[47.6505026,-122.3363364],
"nw 77th st \/ 20th av nw":[47.6850212,-122.3821396],
"ward st \/ 5th av n":[47.6280185,-122.3475426]
}