{
"10301 aurora av n":[47.7037993,-122.3451457],
"10510 5th av ne":[47.7054569,-122.3223056],
"120 lakeside av s":[47.6009316,-122.2855807],
"12342 riviera pl ne":[47.718798,-122.27858],
"12545 corliss av n":[47.720124,-122.331402],
"15th av w \/ w boston st":[47.6386502,-122.3762084],
"1st av n \/ smith st":[47.6415036,-122.3556228],
"2303 34th av s":[47.582353,-122.290083],
"23rd av sw \/ sw oregon st":[47.5628745,-122.3628921],
"2405 nw 67th st":[47.6775555,-122.3878781],
"3004 ne 127th st":[47.7211064,-122.2960429],
"3246 37th av sw":[47.574214,-122.377816],
"3322 16th av s":[47.573345,-122.3121811],
"3600 w government way":[47.6612707,-122.40979],
"3836 ne 95th st":[47.697701,-122.285985],
"4217 lake washington blvd s":[47.564791,-122.268845],
"4735 s bennett st":[47.554239,-122.272897],
"5320 s avon st":[47.501717,-122.266637],
"6555 park point way ne":[47.6766162,-122.2658084],
"6701 37th av s":[47.542311,-122.2864999],
"7152 32nd av s":[47.537208,-122.291088],
"7555 21st av ne":[47.6846966,-122.3056245],
"7903 rainier av s":[47.531399,-122.270316],
"7953 4th av sw":[47.5304151,-122.340771],
"8028 25th av nw":[47.6876963,-122.3883919],
"8439 seward park av s":[47.527152,-122.265775],
"8730 25th av nw":[47.6931561,-122.3883549],
"9126 1st av ne":[47.6956977,-122.3281727],
"9755 45th av ne":[47.700984,-122.280443],
"boren av \/ jefferson st":[47.6057822,-122.3218902],
"e garfield st \/ fairview av e":[47.6338597,-122.3269105],
"east marginal way s \/ s river st":[47.5436939,-122.3291073],
"ne ravenna blvd \/ ne park rd":[47.6695318,-122.3042277],
"rainier av s\/s walker st":[47.5836563,-122.3021985]
}