{
"10457 67th av s":[47.5065152,-122.250298],
"11526 riviera pl ne":[47.71382,-122.276894],
"11557 19th av ne":[47.7136273,-122.3084701],
"12035 8th av ne":[47.716671,-122.322007],
"131 nickerson st":[47.6484583,-122.3548348],
"1507 ne 107th st":[47.70648,-122.311975],
"1st av \/ seneca st":[47.6061198,-122.3375639],
"2200 s walker st":[47.5836832,-122.3042567],
"2214 39th av e":[47.638571,-122.282603],
"2720 3rd av":[47.6176821,-122.3492611],
"3010 s mount baker blvd":[47.576977,-122.2937304],
"3229 w government way":[47.6599462,-122.3993359],
"3404 4th av s":[47.5734938,-122.328587],
"3515 e marion st":[47.610224,-122.287506],
"3808 43rd av ne":[47.656042,-122.280955],
"40th av s \/ s norfolk st":[47.513386,-122.2821474],
"509 bellevue av e":[47.6234696,-122.3269609],
"5142 55th av s":[47.555679,-122.264265],
"535 n 80th st":[47.686734,-122.351012],
"5511 5th av ne":[47.669027,-122.323113],
"5622 20th av ne":[47.670031,-122.306387],
"600 occidental av s":[47.5975295,-122.3332497],
"6002 53rd av ne":[47.6726521,-122.2703796],
"6034 sycamore av nw":[47.673406,-122.358168],
"6311 65th av ne":[47.6747813,-122.2598783],
"6640 ellis av s":[47.543071,-122.3191632],
"6800 rainier av s":[47.541504,-122.271509],
"7429 4th av ne":[47.682514,-122.325232],
"7502 sunnyside av n":[47.6833998,-122.3290543],
"909 23rd av":[47.6103092,-122.3030178],
"9400 aurora av n":[47.6972993,-122.3441083],
"california av sw \/ sw admiral way":[47.5812186,-122.3865572],
"corliss av n \/ n 114th st":[47.7113348,-122.3313719],
"sw spokane st \/ klickitat av sw":[47.5717853,-122.3519544]
}