{
"10247 41st av sw":[47.510848,-122.38481],
"10455 marine view dr sw":[47.508493,-122.388305],
"1101 nob hill av n":[47.6291014,-122.3504216],
"1105 18th av":[47.6118879,-122.3088834],
"12600 lake city way ne":[47.7209651,-122.2941005],
"13731 2nd av nw":[47.72967,-122.35999],
"1800 ne 47th st":[47.6631936,-122.308138],
"2100 warren av n":[47.6374281,-122.3543488],
"212 ne 42nd st":[47.657888,-122.3266999],
"2208 e john st":[47.620409,-122.303099],
"22nd av nw \/ nw market st":[47.668683,-122.38475],
"2316 2nd av":[47.6145796,-122.3459463],
"2732 sw macarthur ln":[47.5503149,-122.3692578],
"2904 e republican st":[47.6238876,-122.294685],
"2909 1st av s":[47.5774137,-122.3347011],
"333 n 76th st":[47.683796,-122.35373],
"4109 burke av n":[47.657148,-122.335409],
"4530 meridian av n":[47.662394,-122.333369],
"4546 delridge way sw":[47.561566,-122.3626377],
"5400 west marginal way sw":[47.5539592,-122.3449025],
"5600 east green lake way n":[47.6701103,-122.3398788],
"5709 36th av ne":[47.670648,-122.289445],
"613 18th av s":[47.5969856,-122.3092461],
"614 32nd av e":[47.6253045,-122.290992],
"6330 18th av sw":[47.545623,-122.356809],
"6520 34th av sw":[47.544004,-122.374588],
"6539 31st av sw":[47.5442926,-122.3727186],
"7725 31st av nw":[47.6856975,-122.397238],
"8816 37th av sw":[47.5240655,-122.3793464],
"8825 20th av sw":[47.523981,-122.359513],
"900 lenora st":[47.6177265,-122.3376215],
"9241 17th av ne":[47.696567,-122.309766],
"fremont av n \/ n 40th st":[47.6554053,-122.3499269],
"kirkwood pl n \/ east green lake way n":[47.6737086,-122.3356536],
"ne 45th pl \/ mary gates memorial dr ne":[47.6612147,-122.292807],
"nw 85th st \/ 20th av nw":[47.6905901,-122.3821997],
"s bradford st \/ 15th av s":[47.5689805,-122.3135296],
"sw barton pl \/ 24th av sw":[47.5212632,-122.3635327]
}