{
"12011 dayton av n":[47.716391,-122.353286],
"1227 10th av w":[47.6306555,-122.3706596],
"128 nw 56th st":[47.669878,-122.358906],
"13035 39th av ne":[47.724015,-122.28701],
"13521 sherman rd nw":[47.727612,-122.361812],
"15551 interlake av n":[47.742906,-122.341673],
"1734 sw hudson st":[47.5574819,-122.361608],
"1914 ne 80th st":[47.6868434,-122.307193],
"213 n 36th st":[47.6523553,-122.3560458],
"2515 33rd av s":[47.5805104,-122.2911733],
"2644 s holly st":[47.5428595,-122.2973724],
"3405 4th av s":[47.573653,-122.3291044],
"3426 s cloverdale st":[47.5261488,-122.2891342],
"3741 s kenyon st":[47.531215,-122.284098],
"4824 california av sw":[47.5585201,-122.3866513],
"5032 wilson av s":[47.5560032,-122.2703171],
"5416 23rd av sw":[47.5531013,-122.3615097],
"5963 corson av s":[47.5479557,-122.3219297],
"7350 renton av s":[47.5351146,-122.2802322],
"7902 29th av sw":[47.531729,-122.369507],
"7903 30th av sw":[47.531707,-122.371624],
"8030 18th av nw":[47.687791,-122.379712],
"8637 beacon av s":[47.524994,-122.287953],
"8648 fauntleroy way sw":[47.5252539,-122.392388],
"9225 49th av ne":[47.6954009,-122.275139],
"broad st \/ 4th av n":[47.6196033,-122.3490632],
"n 92nd st \/ densmore av n":[47.6959556,-122.3376049],
"rainier av s \/ s chicago st":[47.5326261,-122.2699672]
}