{
"1023 e jefferson st":[47.6060339,-122.3183224],
"10320 midvale av n":[47.703923,-122.342951],
"11440 69th pl s":[47.5008989,-122.247751],
"115 belmont av e":[47.619044,-122.324385],
"12534 5th av ne":[47.720554,-122.323098],
"12552 22nd av ne":[47.720901,-122.3056263],
"1419 24th av":[47.613602,-122.301793],
"1521 35th av s":[47.5881789,-122.288404],
"1722 nw market st":[47.6687229,-122.3799852],
"1917 ne northgate way":[47.7084679,-122.3071891],
"3902 s orcas st":[47.551436,-122.283207],
"4123 46th av sw":[47.5658975,-122.3910923],
"4309 s henderson st":[47.5231208,-122.2786246],
"4555 purdue av ne":[47.670008,-122.2777],
"4645 s lucile st":[47.5526327,-122.2742066],
"4800 beach dr sw":[47.559485,-122.40229],
"500 13th av":[47.6062106,-122.3154534],
"5408 meridian av n":[47.668214,-122.333351],
"5935 4th av s":[47.5494176,-122.3302587],
"60th av s \/ s norfolk st":[47.5133712,-122.2582104],
"6231 6th av nw":[47.6751602,-122.364281],
"6349 52nd av s":[47.54467,-122.267483],
"7338 12th av nw":[47.6826409,-122.371179],
"7536 43rd av ne":[47.6841269,-122.281735],
"8012 beacon av s":[47.5306008,-122.2876024],
"8052 loyal way nw":[47.687971,-122.3946774],
"8621 32nd av sw":[47.525807,-122.374321],
"8840 37th av sw":[47.523445,-122.378993],
"9033 loyal av nw":[47.695008,-122.400391],
"919 spruce st":[47.6028785,-122.3216828],
"9756 61st av s":[47.5138596,-122.2567005],
"phinney av n \/ n 97th st":[47.6996526,-122.3540298],
"sw roxbury st \/ 6th av sw":[47.5172828,-122.3428544]
}