{
"10805 23rd av ne":[47.707837,-122.304679],
"11026 28th av ne":[47.709139,-122.2978869],
"1202 s hill st":[47.584708,-122.31703],
"12727 dayton av n":[47.722233,-122.353286],
"1507 e spruce st":[47.6033676,-122.312443],
"2325 w plymouth st":[47.6362651,-122.3872758],
"2801 nw 61st st":[47.6727459,-122.393201],
"3001 ne 105th st":[47.704538,-122.296037],
"3126 west laurelhurst dr ne":[47.6506088,-122.2774124],
"3557 ne 98th st":[47.699912,-122.288187],
"37 w cremona st":[47.649287,-122.359336],
"3714 e union st":[47.61304,-122.285234],
"4218 sunnyside av n":[47.6586742,-122.3298622],
"4400 sw college st":[47.5830052,-122.3878028],
"4411 45th av sw":[47.5643478,-122.3897959],
"4506 3rd av nw":[47.661809,-122.360444],
"512 1st av w":[47.6235034,-122.3580117],
"522 n 47th st":[47.6628962,-122.3516869],
"5610 kensington pl n":[47.66969,-122.330388],
"6535 23rd av nw":[47.676932,-122.385688],
"7055 21st av nw":[47.6811503,-122.3834713],
"7331 wright av sw":[47.5370625,-122.3942507],
"7529 30th av nw":[47.6839651,-122.3960373],
"8340 beacon av s":[47.528476,-122.287444],
"8825 5th av s":[47.5239758,-122.3284971],
"9003 carkeek dr s":[47.523045,-122.281057],
"9626 51st av s":[47.516113,-122.269545],
"nw 46th st \/ 11th av nw":[47.6621998,-122.3707953]
}