{
"0 nb i5 at ship canal bridge":[47.647664,-122.322393],
"10709 14th av ne":[47.7070549,-122.3141469],
"11503 bartlett av ne":[47.712262,-122.283446],
"12062 lakeside pl ne":[47.7175023,-122.2801729],
"12733 9th av nw":[47.722432,-122.36808],
"13055 corliss av n":[47.7248587,-122.3319109],
"14056 meridian av n":[47.7321419,-122.3339901],
"149 s holden st":[47.5341454,-122.3313593],
"1530 13th av s":[47.5890264,-122.3156757],
"15500 meridian av n":[47.7414417,-122.3344699],
"1611 1st av":[47.609935,-122.3410645],
"2111 ne 73rd st":[47.6810958,-122.3043034],
"2118 n 64th st":[47.6754315,-122.3324948],
"2147 broadmoor dr e":[47.638657,-122.289593],
"2411 7th av w":[47.6399514,-122.3666732],
"2580 9th av w":[47.642963,-122.368498],
"2806 alki av sw":[47.5783665,-122.4123695],
"2823 nw 64th st":[47.674963,-122.394024],
"2831 nw 61st st":[47.672744,-122.394367],
"3001 s court st":[47.570545,-122.294101],
"3204 franklin av e":[47.6499365,-122.3207816],
"3205 s mount baker blvd":[47.575963,-122.291986],
"3315 30th av sw":[47.573262,-122.371712],
"3460 37th av sw":[47.571329,-122.377843],
"3527 sw thistle st":[47.5280966,-122.3778661],
"35th av s \/ s dawson st":[47.5551116,-122.2893876],
"3622 49th av sw":[47.5714013,-122.3944972],
"4744 4th av ne":[47.664502,-122.323663],
"5928 21st av s":[47.5491875,-122.3061778],
"6200 8th av ne":[47.6734567,-122.3200956],
"6206 meridian av n":[47.6739988,-122.3334544],
"723 23rd av e":[47.625895,-122.3026864],
"7348 13th av nw":[47.6828345,-122.3722206],
"7426 39th av s":[47.5353321,-122.2833805],
"8324 m l king jr way s":[47.5285296,-122.2800408],
"9455 7th av sw":[47.517485,-122.344532],
"sb i5 to columbian wy s":[47.574458,-122.320215],
"w howe st \/ thorndyke av w":[47.6360866,-122.3897128]
}