{
"124 w garfield st":[47.633748,-122.359414],
"1252 sw orchard st":[47.538467,-122.352718],
"1320 university st":[47.6128438,-122.32419],
"1713 14th av":[47.616907,-122.314664],
"203 6th av n":[47.620056,-122.3454119],
"2331 17th av s":[47.582042,-122.311181],
"2508 s edmunds st":[47.5596372,-122.2998041],
"2657 nw 64th st":[47.674992,-122.392568],
"3517 sw 98th st":[47.5153419,-122.37749],
"3706 - 3899 walla walla rd ne":[47.651005,-122.298992],
"3800 adams ln ne":[47.6536776,-122.3168346],
"401 westlake av n":[47.6222173,-122.3388571],
"416 31st av":[47.6057039,-122.2923707],
"4315 31st av w":[47.658833,-122.397431],
"4522 ne 110th st":[47.709362,-122.279228],
"4538 university way ne":[47.662453,-122.312685],
"4th av n \/ prospect st":[47.628925,-122.3488562],
"538 broadway e":[47.6241122,-122.3206319],
"53rd av sw \/ sw admiral way":[47.5791829,-122.4000194],
"5449 25th av sw":[47.552282,-122.364687],
"6322 45th av sw":[47.5459729,-122.389636],
"6730 15th av sw":[47.5418675,-122.3534865],
"7230 35th av s":[47.536836,-122.288259],
"8335 13th av nw":[47.689776,-122.373142],
"8827 38th av sw":[47.523868,-122.381092],
"high point dr sw \/ sw raymond st":[47.5474332,-122.3691459],
"n 128th st \/ fremont av n":[47.7223107,-122.3503376],
"rainier av s \/ boren av s":[47.5992138,-122.3141341],
"wilson av s \/ s hawthorn rd":[47.549694,-122.2642899]
}