{
"1012 26th av e":[47.6279392,-122.2984598],
"10205 36th av sw":[47.5117116,-122.377549],
"1026 s sullivan st":[47.527623,-122.318996],
"1300 n 97th st":[47.7003829,-122.3411629],
"140 23rd av e":[47.620072,-122.3022568],
"1834 n 51st st":[47.6659859,-122.334829],
"1916 2nd av n":[47.6362901,-122.3528811],
"2024 s ingersoll pl":[47.593997,-122.305113],
"300 highland dr":[47.630037,-122.351028],
"3016 22nd av s":[47.576129,-122.304037],
"3230 s hanford st":[47.5756328,-122.2911284],
"34th av \/ e pike st":[47.6140523,-122.2892517],
"35th av sw \/ sw andover st":[47.5683582,-122.3761583],
"3821 s graham st":[47.545809,-122.283971],
"4009 34th av sw":[47.5675737,-122.3753465],
"421 6th av s":[47.5985106,-122.3265291],
"4517 45th av sw":[47.5623841,-122.3898149],
"460 ne 70th st":[47.6794363,-122.3232747],
"4828 49th av sw":[47.558496,-122.394549],
"5571 16th av s":[47.55138,-122.312659],
"6005 5th av ne":[47.67249,-122.323749],
"6273 19th av ne":[47.674639,-122.307952],
"6330 47th av s":[47.545088,-122.2734701],
"6632 flora av s":[47.543079,-122.320039],
"703 n 80th st":[47.6868106,-122.3496441],
"705 27th av":[47.6082985,-122.297927],
"7729 26th pl sw":[47.5327827,-122.3671245],
"816 14th av":[47.609906,-122.313767],
"8401 5th av ne - crystal court apts":[47.6897845,-122.3233291],
"8th av s \/ s southern st":[47.5298226,-122.3228523],
"nb i5 exp to lakecity wy ne":[47.682137,-122.318804]
}