{
"100 james st":[47.601736,-122.3336974],
"10228 44th av sw":[47.511121,-122.388257],
"10234 38th av sw":[47.511015,-122.3801797],
"1133 19th av":[47.612527,-122.307904],
"1432 32nd av":[47.613854,-122.291068],
"1520 19th av s":[47.58918,-122.308064],
"1610 s main st":[47.600247,-122.311004],
"1711 32nd av":[47.616794,-122.291651],
"2126 ne 137th st":[47.728681,-122.304885],
"2400 34th av w":[47.6395578,-122.4009797],
"2436 e roanoke st":[47.643356,-122.300398],
"2600 nw 58th st":[47.671146,-122.390325],
"3010 13th av s":[47.5764772,-122.3159937],
"312 nw 110th st":[47.708964,-122.36148],
"3303 ne 118th st":[47.713878,-122.292932],
"3317 16th av s":[47.5734951,-122.3126985],
"33rd av s \/ s massachusetts st":[47.5876992,-122.2905267],
"3813 30th av w":[47.6545834,-122.3959688],
"3910 47th av s":[47.5684341,-122.2742431],
"410 spring st":[47.607128,-122.3331929],
"4141 39th av s":[47.5649904,-122.284164],
"415 e denny way":[47.6183992,-122.326176],
"41st av sw \/ sw grayson st":[47.5820137,-122.3838721],
"4212 4th av ne":[47.6581748,-122.3240785],
"4318 sw cambridge st":[47.518578,-122.388515],
"4628 22nd av ne":[47.6626054,-122.30376],
"611 19th av e":[47.6247379,-122.3073388],
"8034 35th av ne":[47.6876098,-122.290298],
"9051 34th av sw":[47.521378,-122.375769],
"908 14th av e":[47.6273283,-122.31415],
"911 hiawatha pl s":[47.594062,-122.309206],
"9212 spear pl s":[47.520774,-122.274516],
"9825 32nd av ne":[47.70091,-122.2936857],
"east marginal way s \/ s horton st":[47.574377,-122.3398715],
"nw leary way \/ 11th av nw":[47.663643,-122.3707738],
"s cloverdale st \/ 12th av s":[47.5264536,-122.317584],
"sw hinds st \/ 45th av sw":[47.5738436,-122.3894235]
}