{
"120 39th av e":[47.618251,-122.282194],
"12221 greenwood av n":[47.718507,-122.355881],
"1341 n northlake way":[47.6473754,-122.3408684],
"1521 nw 64th st":[47.67505,-122.377316],
"1549 valentine pl s":[47.5891687,-122.3073631],
"1919 ne 137th st":[47.72816,-122.307844],
"2100 n 106th st":[47.706214,-122.333407],
"2400 lake washington blvd e":[47.6413502,-122.2985642],
"2918 s dakota st":[47.5662148,-122.297174],
"3004 west viewmont way w":[47.647015,-122.409193],
"3031 s nevada st":[47.5646362,-122.2950408],
"3216 ne 45th pl":[47.661368,-122.292514],
"3275 31st av sw":[47.5742527,-122.3724435],
"3318 w government way":[47.6597896,-122.4003004],
"3400 fremont av n":[47.6496977,-122.3495124],
"34th av e \/ e mercer st":[47.6250029,-122.288204],
"3622 13th av s":[47.570903,-122.315685],
"4007 22nd av sw":[47.568074,-122.361508],
"4611 village ct ne":[47.6633336,-122.2978635],
"5116 s creston st":[47.5077489,-122.269308],
"5215 rainier av s":[47.555377,-122.2829117],
"5426 36th av sw":[47.552964,-122.377268],
"5456 36th av sw":[47.552128,-122.377283],
"549 n 77th st":[47.684528,-122.350279],
"6115 brooklyn av ne":[47.672676,-122.314578],
"6302 wilson av s":[47.5459559,-122.263376],
"6318 brooklyn av ne":[47.674756,-122.314021],
"6819 25th av ne":[47.6781549,-122.300964],
"710 s king st":[47.5983602,-122.3230882],
"7502 east green lake dr n":[47.6829018,-122.3306675],
"805 1st av":[47.6035088,-122.3351914],
"8106 10th av s":[47.530351,-122.319856],
"816 24th av s":[47.59501,-122.300846],
"8534 53rd ct ne":[47.691339,-122.27099],
"917 n 81st st":[47.687441,-122.346398],
"9234 greenwood av n":[47.6971137,-122.3550997],
"corliss av n \/ n 120th st":[47.7159082,-122.3314481],
"s bennett st \/ 12th av s":[47.5549175,-122.3171803],
"sw holden st \/ 34th av sw":[47.5337477,-122.3752518]
}