{
"10040 15th av nw":[47.703019,-122.3763134],
"10411 47th av sw":[47.509628,-122.391045],
"1122 nw 46th st":[47.6624336,-122.3716993],
"11512 1st av nw":[47.712779,-122.357816],
"11544 25th av ne":[47.713406,-122.301365],
"117 n 136th st":[47.727965,-122.357458],
"1219 6th av n":[47.6304127,-122.3453132],
"12311 24th av ne":[47.7179212,-122.3035434],
"1419 23rd av":[47.613602,-122.302997],
"1750 nw 61st st":[47.6733054,-122.3811591],
"2429 2nd av w":[47.6404846,-122.3599023],
"2733 45th av sw":[47.578301,-122.389761],
"2740 ne 88th st":[47.6925902,-122.2969993],
"2762 s washington st":[47.601082,-122.29614],
"2906 s webster st":[47.5354,-122.294728],
"308 ne thornton pl":[47.7025921,-122.3251363],
"321 nw 51st st":[47.665492,-122.361647],
"3214 33rd av s":[47.5746872,-122.2906437],
"3254 lakewood av s":[47.573797,-122.281556],
"3423 13th av w":[47.651051,-122.373968],
"3510 woodlawn av n":[47.649567,-122.338357],
"3625 36th av w":[47.6530119,-122.403927],
"4001 31st av w":[47.656011,-122.397312],
"436 n 36th st":[47.6520523,-122.3535549],
"4442 45th av sw":[47.563508,-122.389077],
"5505 university way ne":[47.6687588,-122.3132804],
"6209 40th av ne":[47.674254,-122.285181],
"6557 44th av ne":[47.677475,-122.281324],
"6839 34th av ne":[47.67878,-122.292097],
"8621 42nd av s":[47.525388,-122.281307],
"9045 9th av sw":[47.521444,-122.347085],
"907 yakima av s":[47.594164,-122.29471],
"9155 7th av s":[47.5207103,-122.3249842],
"9709 2nd av nw":[47.699992,-122.359801],
"fairview av e \/ e hamlin st":[47.6456362,-122.3270518],
"n 145th st \/ corliss av n":[47.7341158,-122.3316027],
"ne 65th st \/ 5th av ne":[47.6758708,-122.3230944],
"nw 75th st \/ 20th av nw":[47.6832071,-122.3821429]
}