{
"1001 e john st":[47.6197217,-122.3191349],
"10522 39th av sw":[47.508407,-122.381136],
"11439 70th pl s":[47.5009497,-122.2472194],
"11911 stendall dr n":[47.715365,-122.341011],
"1419 ne 66th st":[47.6764805,-122.3127429],
"1514 19th av":[47.614643,-122.307083],
"1552 nw 56th st":[47.6694637,-122.3774076],
"15th av ne \/ ne 58th st":[47.6716843,-122.3119186],
"1745 25th av s":[47.5871207,-122.3001907],
"1814 8th av w":[47.6352206,-122.3672989],
"1821 15th av":[47.6183476,-122.3130696],
"1936 26th av e":[47.636873,-122.299128],
"1942 5th av w":[47.637215,-122.36325],
"2010 ne northgate way":[47.708767,-122.305634],
"2017 e john st":[47.6200181,-122.3052322],
"22nd av ne \/ ne 65th st":[47.6757816,-122.30441],
"2410 aurora av n":[47.6403181,-122.346097],
"3009 e union st":[47.612736,-122.293239],
"3020 sw roxbury st":[47.517654,-122.372386],
"306 w republican st":[47.6233813,-122.3607152],
"3104 e jefferson st":[47.606374,-122.292298],
"324 25th av s":[47.5996073,-122.2996302],
"3441 w blaine st":[47.634534,-122.401675],
"4137 45th av sw":[47.5654732,-122.3898802],
"4318 whitman ct ne":[47.6604151,-122.3045483],
"4536 54th av sw":[47.5622508,-122.4008888],
"4572 s brandon st":[47.553591,-122.275923],
"5420 barnes av nw":[47.6680739,-122.3793388],
"617 western av":[47.6019257,-122.3355144],
"6311 phinney av n":[47.6748873,-122.3543604],
"6416 roosevelt way ne":[47.6755238,-122.316872],
"6541 9th av nw":[47.6771429,-122.3689726],
"6th av \/ lenora st":[47.615158,-122.339616],
"7413 fauntleroy way sw":[47.5364698,-122.3924797],
"7540 34th av sw":[47.534335,-122.3749284],
"7549 12th av nw":[47.684697,-122.371751],
"8334 18th av nw":[47.689779,-122.3797376],
"9811 47th av sw":[47.514869,-122.39308],
"ne 125th st \/ sand point way ne":[47.7191592,-122.2857164],
"pike st \/ post al":[47.6088178,-122.3407902],
"renton  av s \/ s barton st":[47.5211141,-122.2738326]
}