{
"10202 5th av ne":[47.7024627,-122.3227328],
"10th av sw \/ sw cloverdale st":[47.5264717,-122.3480105],
"110 n 84th st":[47.69002,-122.357408],
"1134 33rd av":[47.6126747,-122.2900203],
"11832 55th av s":[47.4966532,-122.2642921],
"13733 1st av ne":[47.729622,-122.32927],
"1431 23rd av":[47.6138925,-122.3029211],
"17416 ashworth av n":[47.7555206,-122.3398262],
"1916 e madison st":[47.6172641,-122.306693],
"1917 ne 143rd st":[47.731902,-122.307956],
"1943 walnut av sw access rd":[47.5853638,-122.3831854],
"200 - 299 w blaine st":[47.634742,-122.360015],
"2025 3rd av":[47.6127233,-122.3420627],
"22nd av ne \/ ne 52nd st":[47.6664571,-122.3043742],
"2559 6th av w":[47.642347,-122.365258],
"2928 s webster st":[47.535456,-122.293925],
"3 av  s\/ s spokane st":[47.5717016,-122.3298671],
"401 5th av - king county muni bldg":[47.6050183,-122.3296258],
"4035 35th av sw":[47.5673136,-122.3764493],
"413 15th av e":[47.6223479,-122.3129978],
"4230 s kenny st":[47.549158,-122.279469],
"46th av s \/ s juneau st":[47.5497196,-122.2753922],
"5317 7th av ne":[47.6677001,-122.3209512],
"542 ne 81st st":[47.6876742,-122.3210905],
"6300 roosevelt way ne":[47.6742932,-122.3170749],
"6521 beach dr sw":[47.544433,-122.398813],
"7044 17th av nw":[47.6807985,-122.3786316],
"7101 california av sw":[47.5397553,-122.3874635],
"801 4th av":[47.6047435,-122.3320581],
"851 rainier av s":[47.5943312,-122.310984],
"9245 25th av nw":[47.697319,-122.3888643],
"n 82nd st \/ fremont av n":[47.6883977,-122.3498899]
}