{
"10019 44th av ne":[47.701733,-122.281784],
"10th av sw \/ sw barton st":[47.5209887,-122.3479844],
"1115 s pearl st":[47.556179,-122.317827],
"12013 palatine av n":[47.716472,-122.357345],
"1543 15th av s":[47.5886328,-122.3140792],
"1711 nob hill av n":[47.6344433,-122.3510027],
"1818 e shelby st":[47.6466629,-122.308265],
"212 24th av e":[47.6205717,-122.3008088],
"2208 waverly way e":[47.6388729,-122.287533],
"2300 17th av s":[47.5829514,-122.3108054],
"2333 45th av sw":[47.582015,-122.389627],
"2468 westmont way w":[47.640973,-122.406772],
"2474 42nd av w":[47.642259,-122.410388],
"2528 31st av s":[47.580097,-122.292655],
"2660 ne university village st":[47.663876,-122.2979882],
"3047 12th av w":[47.64806,-122.372717],
"318 2nd av et  s":[47.6217686,-122.3593245],
"3209 eastlake av e":[47.6509562,-122.3220396],
"4101 east stevens way ne":[47.6553474,-122.3045605],
"4123 francis av n":[47.657361,-122.353608],
"4223 w semple st":[47.670909,-122.41146],
"4416 45th av sw":[47.564193,-122.389076],
"4505 39th av sw":[47.5624829,-122.3818841],
"4682 ne 89th st":[47.69314,-122.2742589],
"5000 west marginal way sw":[47.5577374,-122.3516402],
"521 ne 145th st":[47.7340425,-122.3232186],
"5233 19th av ne":[47.6673548,-122.3074718],
"5825 22nd av s":[47.550513,-122.305893],
"7356 35th av sw":[47.53571,-122.376179],
"9032 31st av sw":[47.521868,-122.372286],
"930 26th av":[47.610957,-122.298455],
"9732 59th av s":[47.514211,-122.259036],
"nb i5 at olive wy":[47.6162343,-122.3289004],
"nb i5 to lakeview":[47.632258,-122.324055],
"sb i5 at spring st":[47.60796,-122.3307887]
}