{
"1031 6th av s":[47.5935631,-122.3262777],
"11030 5 av ne":[47.7095584,-122.3227088],
"112 elliott av w":[47.6188013,-122.3587156],
"11740 evanston av n":[47.7153009,-122.351177],
"1212 bigelow av n":[47.630075,-122.35024],
"15744 aurora av n":[47.7447176,-122.3449628],
"1605 n 100th st":[47.7012612,-122.3384854],
"17th av nw \/ nw 57th st":[47.6701784,-122.3788813],
"1814 warren av n":[47.6353518,-122.3540883],
"2132 westlake av":[47.6175448,-122.3380635],
"2717 franklin av e":[47.645108,-122.325],
"3012 16th av w":[47.6470391,-122.377112],
"30th av ne \/ ne 107th st":[47.7066763,-122.2961645],
"3715 sw grayson st":[47.5816337,-122.3783151],
"3814 4th av s":[47.569325,-122.32839],
"3rd  av nw \/ nw 85th st":[47.6906224,-122.360672],
"4022 pasadena pl ne":[47.6563021,-122.3216922],
"414 13th av e":[47.622396,-122.315396],
"4208 sw admiral way":[47.5812071,-122.3856629],
"424 columbia st":[47.6047896,-122.3313419],
"4926 49th av s":[47.557398,-122.271548],
"5002 2nd av s":[47.5570941,-122.3316964],
"512 nw 65th st":[47.6761431,-122.3629745],
"515 boren av n":[47.6236518,-122.3360347],
"6023 6th av nw":[47.673075,-122.364333],
"6532 44th av ne":[47.676801,-122.280511],
"7009 seward park av s":[47.539488,-122.267536],
"740 35th av":[47.609021,-122.287978],
"810 9th av":[47.6073998,-122.326418],
"8832 42nd av sw":[47.523989,-122.385459],
"9020 39th av sw":[47.522211,-122.381716],
"9041 delridge way sw":[47.5217751,-122.3597171],
"9235 35th av sw":[47.5199548,-122.3768226],
"9331 47th av sw":[47.518551,-122.39323],
"9416 25th av sw":[47.518656,-122.364163],
"9623 40th av ne":[47.699064,-122.285724],
"mcclintock av s \/ s walden st":[47.5737331,-122.2916783],
"nw 70th st \/ 9th av nw":[47.679551,-122.3687362],
"woodlawn av ne \/ ne 70th st":[47.6790231,-122.3247773],
"yale av \/ howell st":[47.6175285,-122.3296989]
}