{
"10131 3rd av nw":[47.703096,-122.361155],
"10314 sand point way ne":[47.703414,-122.277296],
"10347 48th av ne":[47.704236,-122.276818],
"10758 3rd av nw":[47.708602,-122.360437],
"1216 n 47th st":[47.663083,-122.342952],
"1519 12th av -- spf east precinct":[47.6149229,-122.3172436],
"1616 n 52nd st":[47.666711,-122.337657],
"1722 12th av":[47.6166986,-122.3168708],
"1731 n 128th st":[47.721809,-122.33583],
"1st av ne \/ ne 94th st":[47.6968655,-122.3284715],
"2117 waverly pl n":[47.6383333,-122.3429823],
"2210 e spruce st":[47.603667,-122.3033444],
"2916 w mansell st":[47.658616,-122.39582],
"341 nw 89th st":[47.693307,-122.362516],
"3625 6th av w":[47.6526232,-122.3639749],
"3rd av & marion st":[47.6049085,-122.3333693],
"4026 5th av ne":[47.656332,-122.32317],
"4029 31st av w":[47.656781,-122.39731],
"4042 sw myrtle st":[47.5399141,-122.3844998],
"41st av e \/ e garfield st":[47.6333664,-122.2799089],
"4217 1st av ne":[47.6585877,-122.3284324],
"4220 ne 90th st":[47.694061,-122.281546],
"4809 42nd av s":[47.559144,-122.281065],
"50 w republican st":[47.6232938,-122.3573803],
"511 n 72nd st":[47.680838,-122.352013],
"5512 27th av ne":[47.6689565,-122.2981813],
"5726 ne 61st st":[47.6730469,-122.265021],
"6100 15th av nw":[47.6734231,-122.3758149],
"6222 48th av s":[47.546318,-122.2723435],
"6741 18th av sw":[47.541686,-122.35756],
"6816 26th av ne":[47.6781549,-122.299235],
"6828 40th av ne":[47.678541,-122.28459],
"7202 48th av s":[47.5380955,-122.272433],
"7935 49th av s":[47.530515,-122.272096],
"7941 18th av sw":[47.530652,-122.358133],
"8618 3rd av nw":[47.691929,-122.3603014],
"8702 aurora av n":[47.6922051,-122.3438352],
"9117 35th av ne":[47.695332,-122.290911],
"ravenna av ne \/ ne 92nd st":[47.6957495,-122.3053805],
"thorndyke av w \/ w hayes st":[47.6342068,-122.3917119],
"wilson av s \/ s orcas st":[47.5511189,-122.2658564]
}