{
"1 hall health center-uw":[47.6607468,-122.3146552],
"102 erie av":[47.6018835,-122.2856431],
"10723 59th av s":[47.50416,-122.25984],
"12040 28th av ne":[47.7171044,-122.2976892],
"12040 lakeside av ne":[47.716474,-122.280241],
"1350 e john st":[47.6199632,-122.3146298],
"149 n 75th st":[47.6832767,-122.355949],
"2025 10th av e":[47.638045,-122.320457],
"2122 s jackson st":[47.5992824,-122.303677],
"2148 n 115th st":[47.712511,-122.331945],
"2205 12th av e":[47.6386382,-122.317501],
"2512 sw genesee st":[47.5648718,-122.3650056],
"2640 nw 57th st":[47.670417,-122.391949],
"2760 alki av sw":[47.5787952,-122.4116314],
"2857 nw 63rd st":[47.674211,-122.395442],
"2940 36th av s":[47.57647,-122.287383],
"3030 humes pl w":[47.6474363,-122.3627066],
"31st av s \/ s genesee st":[47.5643133,-122.2935674],
"403 26th av e":[47.622798,-122.299117],
"4112 university way ne":[47.6573426,-122.312736],
"4127 24th pl s":[47.565272,-122.301738],
"4203 s bateman st":[47.5465674,-122.2805846],
"4721 sw raymond st":[47.5484258,-122.3934473],
"5012 green lake way n":[47.665461,-122.339734],
"510 n 122nd st":[47.7179553,-122.3523622],
"6318 57th av s":[47.5458939,-122.261418],
"700 dearborn pl s":[47.59627,-122.3121966],
"715 n 77th st":[47.6845815,-122.3491183],
"803 sw trenton st":[47.524318,-122.345763],
"809 nw 97th st":[47.6999932,-122.3665547],
"8800 8th av nw":[47.6928258,-122.3659973],
"9101 lake city way ne":[47.6948363,-122.3056482],
"9247 34th av sw":[47.519622,-122.3757473],
"9621 9th av nw":[47.6998903,-122.3689219],
"eb wsea frwy at delridge":[47.571208,-122.358479],
"phinney av n \/ n 46th st":[47.6621412,-122.353996]
}