{
"0 - 0 eb sr520 at portage":[47.643045,-122.315078],
"10453 waters av s":[47.506788,-122.249191],
"11222 roosevelt way ne":[47.7102817,-122.3173932],
"13010 linden av n":[47.7232397,-122.3481584],
"1305 3rd av":[47.6078039,-122.3360406],
"1321 madison st":[47.6083767,-122.3212862],
"1544 14th av s":[47.588705,-122.314523],
"1717 sw austin st":[47.5343961,-122.3578087],
"1822 2nd av n":[47.63556,-122.3529008],
"22 raye st":[47.643436,-122.355809],
"2345 42nd av sw":[47.5820028,-122.3853488],
"2901 1st av s":[47.5775355,-122.334701],
"3043 s holden st":[47.53355,-122.291649],
"3111 e jefferson st":[47.60595,-122.292055],
"3231 37th pl s":[47.574326,-122.286958],
"330 6th av n":[47.6214777,-122.3445958],
"3503 s hudson st":[47.556817,-122.288519],
"4010 cascadia av s":[47.5675359,-122.282507],
"4015 ne 82nd st":[47.688167,-122.284649],
"4829 51st av sw":[47.55856,-122.398001],
"513 minor av n":[47.6235005,-122.3330228],
"5320 28th av nw":[47.6676302,-122.3923784],
"5403 maynard av s":[47.5539562,-122.3256389],
"5713 33rd av s":[47.550652,-122.290787],
"615 s brandon st":[47.5539274,-122.3260153],
"6219 lake shore dr s":[47.546546,-122.259581],
"6520 s bangor st":[47.5065086,-122.2514796],
"6542 27th av nw":[47.677102,-122.390458],
"707 n 130th st":[47.723214,-122.3500314],
"730 n 88th st":[47.69297,-122.348522],
"7407 25th av ne":[47.6822967,-122.301098],
"7448 east green lake dr n":[47.6827195,-122.3289252],
"808 howell st":[47.614561,-122.334007],
"8147 16th av sw":[47.528641,-122.355445],
"9025 12th av nw":[47.6950598,-122.3716938],
"914 w howe st":[47.636147,-122.369784],
"928 29th av":[47.610862,-122.294592],
"9345 52nd av s":[47.5176737,-122.26745],
"9730 57th av s":[47.514148,-122.261771],
"ne 84th st \/ roosevelt way ne":[47.6896501,-122.3176052]
}