{
"1030 ne 103rd st":[47.703353,-122.316538],
"10700 sand point way ne":[47.7070418,-122.2792568],
"12520 4th av nw":[47.7203,-122.361941],
"13545 erickson pl ne":[47.7277276,-122.2918932],
"1415 5th av":[47.6099694,-122.3354995],
"14362 30th av ne":[47.732856,-122.2965027],
"1800 alaskan way":[47.6086631,-122.343873],
"2570 26th av w":[47.6429816,-122.3899991],
"3765 sw olga st":[47.5801281,-122.3799223],
"3800 59th av sw":[47.5700945,-122.4084596],
"3819 21st av sw":[47.569528,-122.360426],
"4016 sw othello st":[47.537919,-122.384495],
"4048 32nd av w":[47.657109,-122.397861],
"4218 w dravus st":[47.6487877,-122.4116892],
"4514 fauntleroy way sw":[47.56234,-122.3795084],
"4633 26th av ne":[47.662629,-122.2998562],
"5016 california av sw":[47.5569941,-122.3864632],
"5924 47th av s":[47.5490562,-122.2737771],
"616 n 45th st":[47.6615656,-122.350704],
"6540 32nd av s":[47.543373,-122.29121],
"6708 16th av nw":[47.6780029,-122.37751],
"6737 palatine av n":[47.678876,-122.356718],
"7328 19th av nw":[47.6822299,-122.380742],
"7456 corliss av n":[47.68427,-122.330088],
"803 15th av":[47.6093766,-122.3131093],
"8235 densmore av n":[47.689782,-122.338159],
"8813 delridge way sw":[47.5241323,-122.3610359],
"908 25th av":[47.6103958,-122.2997493],
"s brandon st \/ 2nd av s":[47.5541486,-122.3323674]
}