{
"1009 e yesler way":[47.6016836,-122.3194746],
"10508 palatine av n":[47.705422,-122.356409],
"13510 25th av ne":[47.726874,-122.301156],
"1500 alaskan way":[47.6078791,-122.3425486],
"1507 nw 64th st":[47.6750635,-122.3766949],
"1610 9th av":[47.6136435,-122.3321195],
"1631 1st av n":[47.634507,-122.356027],
"1935 queen anne av n":[47.6369793,-122.3573699],
"2020 e lynn st":[47.639763,-122.304588],
"205 1st av s":[47.6006448,-122.3342641],
"208 nw 46th st":[47.662622,-122.359521],
"2428 e roy st":[47.625395,-122.299788],
"28th av s \/ s walker st":[47.5836371,-122.2964263],
"2nd av nw \/ nw 52nd st":[47.6668677,-122.3583569],
"3053 ne 97th st":[47.699038,-122.293827],
"3408 sw hinds st":[47.5730517,-122.375569],
"4323 whitman av n":[47.660276,-122.345952],
"4327 powell pl s":[47.564713,-122.318946],
"4502 48th av sw":[47.562815,-122.393069],
"4510 sw trenton st":[47.5250774,-122.3907852],
"4710 19th av ne":[47.663293,-122.306877],
"521 s holden st":[47.533907,-122.327081],
"5418 fauntleroy way sw":[47.5531969,-122.3813687],
"6067 4th av ne":[47.6741979,-122.324735],
"620 ward st":[47.6282529,-122.3440449],
"7351-1\/2 30th av sw":[47.5359255,-122.3714597],
"7706 35th av ne":[47.685144,-122.290224],
"8340 15th av nw":[47.6889184,-122.3763969],
"8800 39th av s":[47.5241364,-122.2834443],
"9038 12th av nw":[47.695396,-122.371009],
"n 36th st \/ phinney av n":[47.6522468,-122.3544814],
"occidental av s \/ s atlantic st":[47.5902443,-122.3332458],
"s fountain pl \/ renton av s":[47.5032189,-122.251151],
"s plum st \/ 25th av s":[47.5854873,-122.3002931]
}