{
"1122 western av":[47.6056014,-122.3383514],
"124 10th av":[47.6021729,-122.3194971],
"12746 33rd av ne":[47.7212782,-122.2923778],
"1324 n 100th st":[47.701638,-122.340818],
"140 ne 58th st":[47.671061,-122.32639],
"1520 5th av":[47.6113039,-122.335707],
"1742 m l king jr way s":[47.587075,-122.297751],
"1931 1st av":[47.6107516,-122.3424766],
"2 av \/ stewart st":[47.6109639,-122.3404521],
"200 broadway e":[47.620072,-122.3204671],
"20th av sw \/ sw barton st":[47.52103,-122.3591428],
"216 alaskan way s":[47.6007261,-122.3359964],
"2213-2299 elliott av":[47.6118215,-122.3474529],
"22nd av e \/ e mcgraw st":[47.6402751,-122.303802],
"2319 boyer av e":[47.639821,-122.311954],
"2840 12th av w":[47.6462128,-122.3722862],
"2920 24th av w":[47.646414,-122.387245],
"301 14th av e":[47.6212639,-122.315003],
"3015 w blaine st":[47.634958,-122.396441],
"317 highland dr":[47.6296158,-122.3507491],
"328 randolph av":[47.604535,-122.28552],
"4200 s mead st":[47.550814,-122.2804746],
"4208 1st av ne":[47.6579936,-122.3280426],
"4233 corliss av n":[47.658966,-122.331687],
"4810 university view pl ne":[47.663975,-122.292877],
"4833 delridge way sw":[47.558236,-122.363451],
"5029 22nd av ne":[47.6658601,-122.3045443],
"5045 bowen pl s":[47.5556569,-122.27785],
"5550 34th av ne":[47.669964,-122.291084],
"6524 5th av nw":[47.67675,-122.362207],
"7017 s 115th st":[47.4995071,-122.2460056],
"731 broadway  e":[47.6258857,-122.3216343],
"7434 26th av ne":[47.6827177,-122.2994353],
"7790 10th av sw":[47.532063,-122.347718],
"8802 10th av sw":[47.524512,-122.347648],
"9017 14th av s":[47.5225095,-122.315252],
"924 n 35th st":[47.6501624,-122.3462095],
"fs33":[47.515922,-122.268818],
"ne 51st st \/ 39th av ne":[47.6658475,-122.2860248]
}