{
"105 n 136th st":[47.7282362,-122.3580524],
"10640 riviera pl ne":[47.706772,-122.274838],
"1203 ne 140th st":[47.730024,-122.315182],
"1550 nw 49th st":[47.664623,-122.3780509],
"17022 4th av ne":[47.752924,-122.324961],
"1841 n 54th st":[47.667726,-122.334662],
"20th av ne \/ ne 124th st":[47.717936,-122.307227],
"2310 sw willow st":[47.541858,-122.362964],
"2700 w galer st":[47.632562,-122.39227],
"3031 60th av sw":[47.5767357,-122.4094245],
"3037 11th av w":[47.6479642,-122.3718],
"310 cherry st":[47.6035531,-122.3319449],
"3222 s chicago st":[47.5325462,-122.2897991],
"3503 sw 98th st":[47.5155928,-122.3767532],
"3955 sw elmgrove st":[47.530457,-122.384313],
"4045 29th av w":[47.657202,-122.394886],
"4415 38th av s":[47.5636579,-122.28526],
"4733 37th av sw":[47.560068,-122.379179],
"4733 46th av s":[47.5595965,-122.2760933],
"4825 ne 41st st":[47.658158,-122.275588],
"5021 brooklyn av ne":[47.6655363,-122.3144958],
"5723 ne 57th st":[47.669778,-122.26589],
"6512 48th av s":[47.543823,-122.272314],
"665 s dakota st":[47.5669719,-122.3245583],
"6837 32nd av ne":[47.678724,-122.293393],
"8230 interlake av n":[47.689672,-122.34007],
"9708 60th av s":[47.51489,-122.257868],
"9715 roosevelt way ne":[47.700005,-122.317999],
"cheasty blvd s \/ s della st":[47.5725444,-122.2991287],
"e edgar st \/ boyer av e":[47.6444929,-122.3170528],
"lake shore blvd ne \/ ne 103rd st":[47.7029322,-122.2746298],
"n 45th st \/ green lake way n":[47.661481,-122.3466904],
"w elmore st \/ 36th av w":[47.6576839,-122.4035847]
}