{
"1 av w\/w blaine st":[47.634757,-122.3582876],
"10737 59th av s":[47.503728,-122.259844],
"1222 10th av w":[47.630653,-122.370032],
"13530 erickson pl ne":[47.7274578,-122.2912146],
"1520 10th av":[47.6147333,-122.3198315],
"1937 occidental av s":[47.5842105,-122.3328541],
"2503 s lucile st":[47.552062,-122.300608],
"320 n 110th st":[47.7089049,-122.3544248],
"3615 s graham st":[47.545584,-122.286921],
"3926 s findlay st":[47.552162,-122.28242],
"3935 sw kenyon st":[47.5319643,-122.3834588],
"4048 31st av w":[47.657271,-122.39658],
"4117 46th av sw":[47.56603,-122.391192],
"4303 s holly st":[47.5422536,-122.2795997],
"4971 19th av s":[47.55719,-122.308275],
"5027 16th av ne":[47.6656809,-122.3111179],
"5422 fauntleroy way sw":[47.5530317,-122.3813756],
"5454 17th av sw":[47.552171,-122.355624],
"550 n 103rd st":[47.7036436,-122.3510319],
"5th av s \/ s bennett st":[47.554892,-122.3283606],
"6322 29th av sw":[47.5464406,-122.3697899],
"6813 30th av s":[47.5409199,-122.2934575],
"7401-7558 east marginal way s":[47.5357298,-122.3156409],
"7953 34th av sw":[47.5303449,-122.375662],
"8062 31st av nw":[47.688529,-122.396657],
"8740 24th av nw":[47.693469,-122.387087],
"9200 35th av sw":[47.5206623,-122.3762249],
"9209 13th av sw":[47.520677,-122.352054],
"n 41st st \/ wallingford av n":[47.6568164,-122.3362559],
"n allen pl \/ linden av n":[47.6607648,-122.3486211],
"ne 117th st \/ 8th av ne":[47.7140335,-122.320694],
"s spokane st \/ duwamish av s":[47.571627,-122.3416731],
"valley st \/ 1st av n":[47.6263835,-122.3553962]
}