{
"10034 43rd pl ne":[47.702629,-122.283678],
"10536 north park av n":[47.706077,-122.348348],
"1220 1st av":[47.6066568,-122.3380307],
"13220 37th av ne":[47.72514,-122.287688],
"14356 evanston av n":[47.7339443,-122.3515287],
"16th av s \/ dallas av s":[47.5268245,-122.3128343],
"1954 25th av e":[47.637428,-122.300218],
"211 broadway  e":[47.62024,-122.3212513],
"2415 s mcclellan st":[47.578342,-122.3013687],
"2417 e lynn st":[47.6393204,-122.3012023],
"25th av w \/ w armour st":[47.6446237,-122.3889499],
"2608 sw holden st":[47.5337177,-122.3676938],
"26th av sw \/ sw trenton st":[47.5246791,-122.3658632],
"2911 w mcgraw st":[47.6393821,-122.394819],
"3242 14th av w":[47.6498187,-122.3746367],
"3706 sw charlestown st":[47.5700833,-122.3785558],
"3808 s angeline":[47.5596804,-122.2844759],
"3817 sw 105th st":[47.508859,-122.380485],
"4202 sw 107th st":[47.507664,-122.385987],
"4565 burke av n":[47.662104,-122.335177],
"4752 california av sw":[47.5595084,-122.3864946],
"511 m l king jr way s":[47.597595,-122.297748],
"521 31st av":[47.606859,-122.292927],
"6727 12th av sw":[47.542004,-122.350676],
"7031 holly park dr s":[47.5387562,-122.2871866],
"7304 alonzo av nw":[47.681577,-122.374341],
"8209 california av sw":[47.5299728,-122.3877039],
"8622 55th av s":[47.5260555,-122.2634874],
"903 ne 62nd st":[47.6731613,-122.3184712],
"n 105th st \/ greenwood av n":[47.7050847,-122.3554277],
"s spokane st \/ 4th av s":[47.5716968,-122.3291737]
}