{
"11545 16th av ne":[47.713479,-122.3114217],
"12713 33rd av ne":[47.7212789,-122.2924158],
"13078 8th ct ne":[47.7247383,-122.3213233],
"1341 n 78th st":[47.6853316,-122.3399474],
"1400 s henderson st":[47.5230527,-122.314948],
"1408 e olive st":[47.616787,-122.313766],
"1463 seneca st":[47.6124854,-122.3223161],
"1505 arboretum pl e":[47.6324252,-122.2987574],
"2417 w lynn st":[47.6391194,-122.3883753],
"2516 ne 95th st":[47.6977504,-122.3008185],
"2822 nw 92nd st":[47.696272,-122.393901],
"316 ne longwood pl":[47.6845039,-122.324805],
"321 n 97th st":[47.699504,-122.3543861],
"35th pl s \/ s holly pl":[47.5421463,-122.2881964],
"3623 east marginal way s":[47.5706012,-122.3404055],
"3722 sw southern st":[47.530062,-122.380323],
"3844 51st av sw":[47.568916,-122.397042],
"4024 42nd av s":[47.56678,-122.280395],
"4030 35th av sw":[47.5670734,-122.3758836],
"4104 39th av sw":[47.5662399,-122.3810907],
"4327 31st av w":[47.65908,-122.397488],
"4636 east marginal way s":[47.5610473,-122.3386765],
"4700 beach dr sw":[47.5609554,-122.4038871],
"5011 57th av s":[47.556538,-122.264214],
"5309 15th av s":[47.554436,-122.313791],
"6048 5th av nw":[47.673779,-122.362605],
"655 crockett st":[47.636996,-122.3437433],
"6828 24th av ne":[47.678559,-122.30139],
"6th av nw \/ nw 87th st":[47.6920791,-122.3633383],
"708 6th av n":[47.6258374,-122.3443309],
"8437 48th av s":[47.526774,-122.272727],
"9001 8th av ne":[47.69415,-122.320606],
"9025 9th av sw":[47.521965,-122.347087],
"blanchard st \/ 9th av":[47.6177761,-122.3383472],
"eb w sea to nb i5 frwy":[47.571455,-122.320753],
"n 145th st\/stone av n":[47.734131,-122.342392],
"n 90th st \/ burke av n":[47.6941353,-122.3351163],
"w john st \/ western av w":[47.6197939,-122.359331],
"winslow pl n \/ n allen pl":[47.66057,-122.3466874]
}