{
"10021 46th av ne":[47.7018176,-122.2792179],
"1003 25th av e":[47.627608,-122.300671],
"10041 39th av sw":[47.5125005,-122.3820484],
"10741 20th av ne":[47.707859,-122.306969],
"11009 2nd av ne":[47.7089909,-122.3275091],
"11015 lake city way ne":[47.7091017,-122.3015242],
"11023 bartlett av ne":[47.709153,-122.282056],
"13206 linden av n":[47.7246796,-122.3479827],
"1512 ne 82nd st":[47.6886639,-122.3114361],
"153 26th av":[47.602799,-122.299237],
"1615 e highland dr":[47.630438,-122.310464],
"1710 30th av":[47.616802,-122.293186],
"1728 11th av":[47.6173183,-122.3178714],
"1905 ne pacific st":[47.6507714,-122.3080039],
"2040 e madison st":[47.618168,-122.30461],
"2117 15th av s":[47.5840169,-122.3139032],
"2300 sw webster st -- spd sw precient":[47.5358379,-122.3618433],
"3308 27th av s":[47.5737855,-122.2975913],
"3312 rainier av s":[47.573664,-122.294122],
"4200 9th av nw":[47.6578191,-122.3672848],
"4252 ne 74th st":[47.682496,-122.281485],
"4319 s ferdinand st":[47.557958,-122.278642],
"4725 sw findlay st":[47.5519589,-122.393504],
"513 18th av e":[47.6236505,-122.3090839],
"5745 wilson av s":[47.549873,-122.265009],
"5961 23rd av s":[47.5480469,-122.304775],
"6210 20th av ne":[47.6730069,-122.3061959],
"7215 26th av ne":[47.6814,-122.2999755],
"7333 22nd av nw":[47.682281,-122.384639],
"7728 29th av ne":[47.685618,-122.296769],
"813 nw 53rd st":[47.6671718,-122.3669906],
"8410 24th av sw":[47.5279529,-122.36275],
"8814 15th av sw":[47.524212,-122.353611],
"9118 linden av n":[47.6954909,-122.346885],
"915 nw 60th st":[47.6721239,-122.369301],
"9402 merton way s":[47.5182029,-122.2803649],
"9542 wallingford av n":[47.6990327,-122.3362614],
"9711 12th av nw":[47.700499,-122.371847],
"nw 132nd st \/ 2nd av nw":[47.7250702,-122.359578],
"sw wildwood pl \/ sw brace point dr":[47.520597,-122.3892226]
}