{
"1000 e allison st":[47.6487261,-122.3182593],
"1048 summit av e":[47.6286978,-122.3248887],
"1311 e union st":[47.6129023,-122.3148424],
"1501 36th av s":[47.58864,-122.287181],
"1619 post al":[47.6096495,-122.3415715],
"16th av \/ e spring st":[47.611544,-122.3114799],
"1716 2nd av n":[47.6346717,-122.3528091],
"1725 sw barton st":[47.520832,-122.357419],
"2217 everett av e":[47.638832,-122.315485],
"2323 12th av s":[47.582298,-122.317694],
"2412 e mcgraw st":[47.640482,-122.301485],
"2614 w smith st":[47.6413668,-122.3910583],
"2734 westlake av n":[47.6444034,-122.3458329],
"2nd av \/ virginia st":[47.611738,-122.3417288],
"3044 ne 143rd st":[47.7319703,-122.294547],
"3044-1\/2 63rd av sw":[47.5770675,-122.4130106],
"3556 w mcgraw st":[47.639757,-122.403278],
"3825 ne 92nd st":[47.6950386,-122.2867918],
"3rd av ne \/ ne 103rd st":[47.7031591,-122.325857],
"4536 13th av s":[47.5623663,-122.3157702],
"4600 m l king jr way s":[47.5617911,-122.2938032],
"5016 s fletcher st":[47.5192052,-122.2704665],
"526 17th av e":[47.6241802,-122.3097586],
"5500 14th av nw":[47.6689826,-122.3731908],
"6416 east green lake way n":[47.6756839,-122.332574],
"643 w nickerson st":[47.651789,-122.36633],
"7022 46th av sw":[47.5398895,-122.3911406],
"9210 38th av s":[47.5210381,-122.2845257],
"9324 7th av s":[47.519713,-122.324286],
"950 westlake av n":[47.6285712,-122.339817],
"meridian av n \/ college way n":[47.7032982,-122.3339369],
"meridian av n \/ n 46th st":[47.6621382,-122.333708],
"pike st \/ 8th av":[47.6120694,-122.3322138],
"spring st \/ alaskan way":[47.6045031,-122.3391027],
"w dravus st \/ 11th av w":[47.6484832,-122.3715677]
}