{
"0 - 0 sb i5 to roanoke":[47.646334,-122.322987],
"10409 39th av sw":[47.509703,-122.381941],
"139 26th av e":[47.6200572,-122.2988338],
"14345 linden av n":[47.7336871,-122.3497079],
"1709 nw 99th st":[47.7010283,-122.3790532],
"1834 s weller st":[47.5977323,-122.3074227],
"2019 e terrace st":[47.605063,-122.3054273],
"2330 nw 94th st":[47.697727,-122.38668],
"2870 alki av sw":[47.5783835,-122.4130527],
"3107 e olive st":[47.6162623,-122.2919235],
"320 22nd av e":[47.6220777,-122.3033178],
"320 lake washington blvd e":[47.6217689,-122.2836395],
"3213 eastlake av e":[47.65102,-122.3219984],
"322 halladay st":[47.6422624,-122.3507438],
"3412 e pine st":[47.6153601,-122.288506],
"3629 nw 64th st":[47.674641,-122.404883],
"4311 fremont av n":[47.6593515,-122.350061],
"5000 5th av ne":[47.6653754,-122.3228472],
"5139 s findlay st":[47.551671,-122.268263],
"5567 17th av s":[47.5514947,-122.3114031],
"605 bolyston av e":[47.6246529,-122.323293],
"6216 carleton av s":[47.5468474,-122.3200387],
"6759 37th av s":[47.540975,-122.286472],
"6920 34th av sw":[47.5405372,-122.3746678],
"7027 3rd av nw":[47.680441,-122.360816],
"7313 bainbridge pl sw":[47.5376344,-122.3921799],
"7539 earl av nw":[47.6842463,-122.3922341],
"8609 renton av s":[47.525746,-122.277238],
"8757 jones av nw":[47.693403,-122.386316],
"9th av & howell st":[47.6148309,-122.3331687],
"e garfield st \/ 43rd av e":[47.633345,-122.2771571],
"lake city way ne \/ ne 143rd st":[47.7319507,-122.2923777],
"mcgilvra blvd e \/ e lee st":[47.630959,-122.2813164],
"ne 52nd st \/ 36th av ne":[47.6666914,-122.2890502],
"ne 65th st \/ 35th av ne":[47.6757938,-122.290265]
}