{
"1103 ne 55th st":[47.6683965,-122.3160702],
"13022 9th av nw":[47.723978,-122.367453],
"14010 lenora pl n":[47.730871,-122.3433414],
"1721 ne 63rd st":[47.6745329,-122.308764],
"17th av s \/ beacon av s":[47.5775894,-122.3106414],
"2015 e louisa st":[47.6422481,-122.3047557],
"20th av \/ e james st":[47.6071729,-122.3063417],
"2500 gilman dr w":[47.6408855,-122.3743214],
"2559 26th av w":[47.642681,-122.390687],
"2702 6th av s":[47.5795064,-122.3255426],
"34th av w \/ w government way":[47.6591299,-122.4009632],
"4626 s myrtle st":[47.5392129,-122.274094],
"5210 ne 74th st":[47.682492,-122.271099],
"5919 32nd av s":[47.549213,-122.291879],
"6032 high point dr sw":[47.548711,-122.3686432],
"6412 23rd av s":[47.544353,-122.303443],
"6535 35th av sw":[47.5436819,-122.3767037],
"6718 beach dr sw":[47.542677,-122.395927],
"6721 46th av s":[47.541778,-122.275701],
"6738 15th av nw":[47.6789495,-122.3764305],
"7028 13th av nw":[47.680404,-122.372228],
"8053 11th av nw":[47.6884619,-122.3706528],
"8741 18th av nw":[47.693653,-122.380328],
"9315 56th av s":[47.518486,-122.263128],
"covello dr s \/ swift av s":[47.5392151,-122.2995882]
}