{
"10016 11 av sw":[47.513289,-122.34858],
"1150 n 77th st":[47.684979,-122.342196],
"120 nw 79th st":[47.686427,-122.358949],
"1500 bellevue av":[47.614317,-122.326468],
"1541 17th av s":[47.588796,-122.3108297],
"1915 n 120th st":[47.715661,-122.334709],
"202 23rd av e":[47.620349,-122.302155],
"3028 20th av s":[47.576139,-122.306306],
"3517-1\/2 sw 100th st":[47.513503,-122.3770997],
"3521 sw 108th st":[47.5061419,-122.376985],
"3602 e prospect st":[47.628763,-122.28644],
"3716 cascadia av s":[47.570142,-122.282542],
"5009 46th av s":[47.5567341,-122.2756337],
"5238 sw stevens st":[47.577802,-122.399646],
"5531 seward park av s":[47.551685,-122.262963],
"5900 latona av ne":[47.6717672,-122.325256],
"602 36th av e":[47.625119,-122.286391],
"6332 high point dr sw":[47.5473039,-122.368432],
"6507 roosevelt way ne":[47.6760776,-122.3175166],
"7201 40th av ne":[47.6809371,-122.2853862],
"7540 sunnyside av n":[47.6844759,-122.329036],
"816 15th av e":[47.626594,-122.312218],
"8400 55th av s":[47.5286558,-122.2628936],
"9111 20th av ne":[47.695238,-122.307133],
"9241 47th av sw":[47.520463,-122.392895],
"9274 fauntleroy way sw":[47.5199378,-122.3939063],
"e columbia st \/ 15th av":[47.6092137,-122.3128426],
"nw ione pl \/ tallman av nw":[47.6665401,-122.3792175],
"s alaska st \/ 42nd av s":[47.5605458,-122.280724]
}