{
"0 - 0 sb i5 exp to pike":[47.6127755,-122.3309888],
"100 nw 85":[47.6918895,-122.3591247],
"11540 greenwood av n":[47.713496,-122.35507],
"12011 32nd av ne":[47.7159339,-122.2943717],
"12241 ridgemont way n":[47.718913,-122.356279],
"12328 lake city way ne":[47.7182384,-122.2955203],
"127 ne 56th st":[47.6692794,-122.3270506],
"13224 4th av nw":[47.725901,-122.361898],
"1418 2nd av w":[47.6319399,-122.3588911],
"1533 nw 63rd st":[47.67432,-122.377722],
"203 w thomas st":[47.6207814,-122.3597316],
"2132 n 120th st":[47.7161506,-122.3327521],
"2214 25th av e":[47.6391562,-122.300242],
"2301 rosemont pl w":[47.639116,-122.406673],
"2402 55th av sw":[47.5821561,-122.4024569],
"25th av s \/ s jackson st":[47.599267,-122.299885],
"4111 34th av s":[47.5657504,-122.2912248],
"4124 48th av s":[47.565646,-122.272946],
"4217 s henderson st":[47.5229,-122.279977],
"5005 west marginal way sw":[47.5547522,-122.3480236],
"515 w raye st":[47.6428934,-122.3642746],
"5156 s hazel st":[47.505096,-122.267702],
"5251 12th av ne":[47.6678972,-122.3155291],
"5529 coniston rd ne":[47.669305,-122.271443],
"5603 30th av sw":[47.551735,-122.371344],
"5728 s bangor st":[47.506364,-122.260027],
"6538 4th av s":[47.5440825,-122.3291229],
"6714 3rd av nw":[47.678236,-122.360171],
"738 s rose st":[47.5292028,-122.323861],
"7526 9th av ne":[47.683955,-122.318307],
"900 n 34th st":[47.6492914,-122.3468106],
"9120 fauntleroy way sw":[47.522008,-122.3928779],
"920 n 75th st":[47.6834962,-122.3454313],
"9201 35th av ne":[47.695802,-122.2909],
"9218 22nd av sw":[47.52044,-122.361451],
"938 n 35th st":[47.6501429,-122.3456339],
"9400 ravenna av ne":[47.696906,-122.304845],
"california av sw \/ palm av sw":[47.5868098,-122.3863212],
"nw 44th st \/ 3rd av nw":[47.6604892,-122.3607954],
"renton av s \/ s findlay st":[47.551954,-122.2852532],
"s dawson st \/ 3rd av s":[47.5556701,-122.3308956],
"w galer st \/ elliott av w":[47.6321989,-122.3755831]
}