{
"106 29th av s":[47.6013935,-122.2946982],
"110 n 50th st":[47.66526,-122.356597],
"1108 nw 61st st":[47.6732541,-122.3718388],
"1141 nw 62nd st":[47.673667,-122.3731461],
"12747 greenwood av n":[47.722754,-122.3561824],
"1310 california av sw":[47.592039,-122.385517],
"13337 17th av ne":[47.726045,-122.311293],
"1425 orange pl n":[47.6317345,-122.3539764],
"1429 alaskan way":[47.6074115,-122.3419727],
"1604 30th av w":[47.6339768,-122.3954924],
"1645 n 130th st":[47.722916,-122.337537],
"1906 35th av w":[47.6361627,-122.4008151],
"200 e garfield st":[47.6338696,-122.3255898],
"207 seneca st":[47.6066057,-122.3363483],
"2401 nw 60th st":[47.6721539,-122.3878846],
"2516 s willow st":[47.54109,-122.3002223],
"2617 5th av":[47.6181015,-122.3470747],
"2627 nw 98th st":[47.69987,-122.391893],
"3228 24th av w":[47.6493926,-122.3870707],
"3525 w howe st":[47.635413,-122.401941],
"4033 ne 57th st":[47.670068,-122.283381],
"410 18th av e":[47.622469,-122.308322],
"4326 15th av ne":[47.6618351,-122.312006],
"4509 47th av s":[47.562586,-122.274871],
"5038 sw prince st":[47.582875,-122.396139],
"5220 columbia dr s":[47.5557139,-122.3054509],
"6400 corson av s":[47.5454392,-122.321719],
"6610 fremont av n":[47.677266,-122.349598],
"6663 corson av s":[47.5435036,-122.3227653],
"7002 holly park dr s":[47.5396575,-122.2877854],
"7314 winona av n":[47.6820894,-122.3456053],
"8028 9th av nw":[47.6878391,-122.3680293],
"8813 interlake av n":[47.6927857,-122.340483],
"9212 45th av sw":[47.521197,-122.3897859]
}