{
"1100 ne 43rd st":[47.6598595,-122.3166065],
"1158 17th av e":[47.630378,-122.309531],
"12055 20th av ne":[47.717439,-122.307895],
"12527 37th av ne":[47.719983,-122.289289],
"127 22nd av e":[47.6191201,-122.3038502],
"12th av s \/ s dearborn st":[47.5958313,-122.3172548],
"13737 30th av ne":[47.729179,-122.296878],
"1417 10th av w":[47.6316766,-122.3707375],
"1500 w dravus st":[47.6484827,-122.3767738],
"2105 s grand st":[47.5867633,-122.3051547],
"2550 4th av w":[47.642141,-122.361936],
"2930 s willow st":[47.5408143,-122.2945052],
"3011 warren av n":[47.6472699,-122.3547369],
"3046 s genesee st":[47.5639892,-122.2947713],
"3530 27th pl w":[47.6527356,-122.3904133],
"3700 - 3798 aurora av n":[47.651305,-122.347197],
"3770 sw grayson st":[47.582054,-122.380024],
"408 broadway  e":[47.6222677,-122.3205887],
"42 w cremona st":[47.6498021,-122.3595134],
"4324 ne 55th st":[47.6689559,-122.2810426],
"4621 s chicago st":[47.532334,-122.274284],
"48th av ne \/ ne 65th st":[47.6757778,-122.2768796],
"5109 phinney av n":[47.666051,-122.354765],
"514 n 86th st":[47.691873,-122.351971],
"5212 20th av ne":[47.6668849,-122.306226],
"5432 beacon av s":[47.552782,-122.30193],
"562 broadway":[47.6071177,-122.3207579],
"5737 17th av ne":[47.671259,-122.309976],
"6038 35th pl nw":[47.6732991,-122.4023537],
"6218 20th av ne":[47.6732234,-122.3061973],
"6319 23rd av ne":[47.675363,-122.30307],
"8214 northrop pl sw":[47.52999,-122.38819],
"8700 greenwood av n":[47.6924252,-122.3552781],
"918 nw 52nd st":[47.666701,-122.369565],
"corliss av n \/ n 45th st":[47.6613744,-122.3313545],
"seneca st \/ summit av":[47.6116941,-122.3242093]
}