{
"10033 46th pl ne":[47.7019509,-122.278276],
"1033 ne 71st st":[47.6801549,-122.3160498],
"1134 16th av e":[47.629728,-122.310864],
"12233 stone av n":[47.7188221,-122.3422077],
"1521 15th av s":[47.589323,-122.314115],
"1550 eastlake av e":[47.6336086,-122.3253026],
"1731 13th av":[47.617405,-122.315961],
"216 pine st":[47.6103663,-122.3396337],
"27th av \/ e pine st":[47.6152951,-122.2974558],
"3003 sw trenton st":[47.5244866,-122.3715428],
"3224 48th av sw":[47.575076,-122.392953],
"328 26th av":[47.605164,-122.298577],
"355 nw 88th st":[47.692585,-122.3631171],
"35th av sw \/ sw graham st":[47.546495,-122.3764028],
"3604 42nd av ne":[47.654629,-122.280908],
"3678 33rd av sw":[47.570244,-122.3736958],
"4228 s juneau st":[47.549918,-122.27955],
"43rd av s \/ s dakota st":[47.5664476,-122.2795333],
"4430 51st av sw":[47.5638689,-122.397143],
"5407 20th av nw":[47.668332,-122.3823264],
"651 nw 83rd st":[47.6889076,-122.3656157],
"6577 5th av ne":[47.677687,-122.325171],
"7711 20th av sw":[47.5333309,-122.359536],
"820 pike st":[47.6123489,-122.3315755],
"9118 17th av ne":[47.6953992,-122.3092113],
"9406 51st av s":[47.517969,-122.269535],
"college way n \/ n 95th st":[47.6977893,-122.3349656],
"greenwood av n \/ n 117th st":[47.714163,-122.3555268],
"ne 110th st \/ 31st av ne":[47.708398,-122.294814]
}