{
"10841 44th av sw":[47.505392,-122.386439],
"1212 ne 92nd st":[47.69597,-122.314259],
"12305 15th av ne":[47.7177532,-122.3131213],
"132 nw 59th st":[47.6717993,-122.3591082],
"13721 ashworth av n":[47.729339,-122.340016],
"13th av nw \/ nw 77th st":[47.6850745,-122.3727476],
"2400 e howell st":[47.6177898,-122.3007528],
"2510 western av":[47.6144635,-122.3498801],
"2607 boyer av e":[47.643491,-122.317457],
"306 ne northgate way":[47.7086602,-122.3258891],
"309 s cloverdale st":[47.5256737,-122.3311692],
"3212 42nd av w":[47.6490659,-122.4104282],
"3523 bagley av n":[47.649862,-122.33305],
"357 nw 84th st":[47.689663,-122.3630662],
"3811 13th av w":[47.6544301,-122.3740093],
"4033 55th av sw":[47.5675059,-122.4029919],
"4034 20th av sw":[47.567244,-122.358782],
"40th av s \/ s webster st":[47.5353948,-122.2819556],
"4117 w bertona st":[47.6502937,-122.41037],
"4807 delridge way sw":[47.55903,-122.363313],
"505 14th av e":[47.6231161,-122.3146759],
"5110 s holly st":[47.542688,-122.26944],
"526 2nd av":[47.6022545,-122.3320781],
"625 e mercer st":[47.6241296,-122.3232959],
"6300 31st av sw":[47.5456087,-122.3714137],
"7040 26th av ne":[47.680611,-122.29932],
"7339 29th av sw":[47.536255,-122.370195],
"7551 17th av nw":[47.6846907,-122.3791852],
"8051 20th av nw":[47.6883011,-122.3821854],
"8210 northrop pl sw":[47.530141,-122.388188],
"828 ne 56th st":[47.669533,-122.318807]
}