{
"0 nb i5 at 75":[47.682803,-122.321332],
"1117 nw 63rd st":[47.674261,-122.37217],
"11300 25th av ne":[47.710915,-122.301376],
"11722 greenwood av n":[47.714866,-122.354992],
"12724 19th av ne":[47.721972,-122.308851],
"1519 1st av":[47.6093125,-122.3407021],
"1527 9th av w":[47.633167,-122.369447],
"1534 45th av sw":[47.589542,-122.388523],
"16th av sw \/ sw barton st":[47.521037,-122.355125],
"2112 n 38th st":[47.653337,-122.3331892],
"2200 n 45th st":[47.6613959,-122.3325327],
"2434 s judkins st":[47.5922618,-122.2997384],
"2827 2nd av":[47.6173844,-122.3516121],
"315 2nd av s":[47.5995397,-122.3319777],
"3226 22nd av w":[47.6493677,-122.384658],
"33rd av \/ e james st":[47.6068003,-122.2904748],
"3427 nw 64th st":[47.6746685,-122.40225],
"3515 w howe st":[47.635365,-122.401489],
"3817 gilman av w":[47.6544913,-122.3853802],
"4108 sw alaska st":[47.561077,-122.3850315],
"420 2nd av et s":[47.6014327,-122.3313483],
"438 24th av e":[47.623767,-122.300768],
"4594 w cramer st":[47.6696564,-122.4169969],
"532 n 71st st":[47.68053,-122.351174],
"5617 38th av sw":[47.551445,-122.38071],
"5754 26th av ne":[47.671572,-122.299257],
"607 eastlake av e":[47.6245434,-122.3294551],
"617 nw 53rd st":[47.666953,-122.364122],
"7755 17th av nw":[47.6866061,-122.3792558],
"7914 ashworth av n":[47.6866655,-122.3388581],
"839 ne 84th st":[47.689427,-122.318605],
"8542 19th av nw":[47.6918401,-122.3807881],
"9th av ne \/ ne 48th st":[47.6640171,-122.3183815],
"evanston av n \/ n 35th st":[47.6507625,-122.3512946],
"malden av e \/ e thomas st":[47.6211368,-122.3136635],
"nb sr99 at s massachusetts st":[47.5882778,-122.3380199],
"sylvan way sw \/ lanham pl sw":[47.544653,-122.3725341]
}