{
"1005 e yesler way":[47.6016838,-122.3195221],
"10309 40th av ne":[47.703245,-122.285782],
"11504 fremont av n":[47.7126631,-122.3499022],
"1207 s lucile st":[47.553109,-122.316807],
"1303 s judkins st":[47.5913811,-122.3156286],
"1329 sturgus av s":[47.5907437,-122.3120368],
"1417 nw 61st st":[47.672858,-122.374496],
"1722 bradner pl s":[47.5876351,-122.2959348],
"1723 13th av s":[47.587649,-122.316351],
"2750 ne 98th st":[47.700501,-122.29662],
"2915 3rd av n":[47.64608,-122.351645],
"3146 portage bay pl e":[47.6501949,-122.318419],
"3407 64th av sw":[47.574035,-122.415084],
"530 ne 100th st":[47.701567,-122.321676],
"5932 18th av sw":[47.5491757,-122.3567847],
"6311 18th av sw":[47.54615,-122.357745],
"6832 27th av ne":[47.678569,-122.298138],
"6850 east green lake way n":[47.678216,-122.3272169],
"700 sw kenyon st":[47.531948,-122.3457254],
"7126 31st av sw":[47.538388,-122.372177],
"76-99 blanchard st":[47.6125913,-122.3452054],
"7741 23rd av nw":[47.6862354,-122.3857017],
"9137 8th av s":[47.521172,-122.32351],
"9809 60th av s":[47.5130704,-122.2584219],
"beacon av s \/ 28th av s":[47.5394327,-122.2971878],
"s hill st \/ 23rd av s":[47.5845125,-122.3029634]
}