{
"\/fire":[47.6012528,-122.328374],
"1145 n 77th st":[47.6845763,-122.342438],
"1146 n 77th st":[47.6849811,-122.3423823],
"12544 27th av ne":[47.720615,-122.298695],
"1400 nw 90th st":[47.6942648,-122.3741146],
"1511 n 107th st":[47.7066706,-122.3387766],
"1531 broadway":[47.614981,-122.3211904],
"1814 e jefferson st":[47.606438,-122.308033],
"2246 nw market st":[47.6689572,-122.3868061],
"2734 48th av sw":[47.5782229,-122.3927743],
"2nd av nw \/ nw 110th st":[47.7087369,-122.3594685],
"3010 nw esplanade":[47.699584,-122.396561],
"3031 s willow st":[47.5407103,-122.2921337],
"4516 ne 113th st":[47.7110429,-122.280107],
"4550 11th av ne":[47.6627545,-122.3160603],
"5417 30th av sw":[47.553202,-122.37133],
"6438 marshall av sw":[47.5447603,-122.3930434],
"7516 fauntleroy way sw":[47.5353303,-122.3922335],
"7527 22nd av nw":[47.684014,-122.3845655],
"7802 renton av s":[47.5323629,-122.278202],
"8116 wolcott av s":[47.5301199,-122.268238],
"nb i5 fr mercer":[47.624655,-122.333319],
"stone av n \/ n 135th st":[47.7268125,-122.3423338]
}