{
"101 n 59th st":[47.6716849,-122.357555],
"10522 evanston av n":[47.705776,-122.351058],
"10722 4th av nw":[47.707655,-122.361533],
"11010 40th av ne":[47.7087829,-122.284969],
"1120 21st av s":[47.592466,-122.304636],
"1208 24th av e":[47.630549,-122.301249],
"1211 ne 120th st":[47.715438,-122.314569],
"1433 20th av":[47.613938,-122.306609],
"1824 e mcgraw st":[47.640507,-122.307757],
"1st av s & s holgate st":[47.5861391,-122.3341903],
"2201 airport way s":[47.5837227,-122.3214235],
"2311 broadway e":[47.639966,-122.321677],
"234 nw 49th st":[47.664518,-122.360301],
"32nd av w \/ w smith st":[47.6411718,-122.3983223],
"3310 16th av s":[47.5736675,-122.3121308],
"34th av w \/ w elmore st":[47.6576664,-122.4008913],
"352 howe st":[47.635858,-122.350497],
"3711 burke av n":[47.652324,-122.335476],
"4222 s spencer st":[47.5476048,-122.2797779],
"4756 18th av ne":[47.664726,-122.30801],
"5738 ne 60th st":[47.6723209,-122.264562],
"5945 34th av sw":[47.5487847,-122.3752539],
"6012 37th av sw":[47.5479302,-122.3787626],
"614 e union st":[47.6130718,-122.3237245],
"6520 10th av nw":[47.676616,-122.369483],
"6847 17th av ne":[47.678964,-122.310182],
"7306 14th av nw":[47.681717,-122.373286],
"7509 30th av ne":[47.683379,-122.296286],
"7th av \/ denny way":[47.618564,-122.343501],
"8414 14th av sw":[47.52783,-122.352749],
"8700 14th av s":[47.5253052,-122.3144984],
"900 yakima av s":[47.5944879,-122.2943699],
"9th av n \/ westlake av n":[47.626861,-122.3397096],
"renton av s \/ 57th av s":[47.5118911,-122.2620736],
"s ferdinand st \/ 50th av s":[47.5582465,-122.2706981]
}