{
"109 w mercer st":[47.6243503,-122.3585519],
"115 w galer st":[47.6321589,-122.358761],
"1155 n 88th st":[47.6923645,-122.3438176],
"12534 aurora av n":[47.7205705,-122.3445738],
"1424 26th av":[47.613751,-122.298422],
"1511 s shelton st":[47.557574,-122.31285],
"15852 14th av ne":[47.745158,-122.314027],
"15th av e \/ e garfield st":[47.6341371,-122.3126255],
"1807 bigelow av n":[47.6351352,-122.3487486],
"1916 14th av s":[47.5857908,-122.3146628],
"200 - 249 nw 39th st":[47.654147,-122.359264],
"2114 30th av s":[47.5840106,-122.293766],
"2373 west viewmont way w":[47.6398176,-122.4094352],
"2514 s hinds st":[47.57321,-122.299959],
"2701 16th av s":[47.579824,-122.3121399],
"3230 31st av w":[47.6496321,-122.3965746],
"3rd av & vine st":[47.616585,-122.347972],
"4100 university way ne":[47.65702,-122.312912],
"4731 50th av sw":[47.560191,-122.396649],
"47th av s \/ s graham st":[47.5460401,-122.2737192],
"4840 s morgan st":[47.544539,-122.270799],
"4910 s rose st":[47.529321,-122.271185],
"5300 15th av s":[47.5547419,-122.313454],
"5555 16th av s":[47.55182,-122.312655],
"5610 airport way s":[47.5519218,-122.3194184],
"5916 32nd av sw":[47.5496096,-122.3736698],
"6214 24th av ne":[47.6742275,-122.3014496],
"7303 46th av s":[47.5368971,-122.2756371],
"7421 rockery dr s":[47.5355577,-122.2826023],
"7525 11th av sw":[47.5346915,-122.3496272],
"801 1st av n":[47.6265965,-122.3556019],
"841 ne 104th st":[47.703755,-122.318699],
"8566 fauntlee crest sw":[47.5265879,-122.385493],
"9014 evanston av n":[47.6947053,-122.3509829],
"907 n 80th st":[47.6867379,-122.346747],
"9617 42nd av sw":[47.5169489,-122.386509],
"ne 75th st \/ 38th av ne":[47.6830456,-122.2877769],
"s lander st \/ 18th av s":[47.5795792,-122.3098123]
}