{
"10338 stone av n":[47.70436,-122.341611],
"110 12th av":[47.6021036,-122.3164828],
"1112 4th av n":[47.6293998,-122.3485512],
"1117 36th av e":[47.6291193,-122.2872071],
"11230 cornell av s":[47.5017821,-122.2411185],
"13503 lake city way ne":[47.7266647,-122.2922473],
"14340 lenora pl n":[47.7334877,-122.3432388],
"16th av \/ e yesler way":[47.6016879,-122.3115652],
"1815 broadway":[47.6177497,-122.3208617],
"1912 2nd av n":[47.636135,-122.352816],
"206 22nd av":[47.60383,-122.303345],
"2217 nw 87th st":[47.6916803,-122.3846458],
"2303 29th av s":[47.582627,-122.295506],
"2310 29th av w":[47.6392731,-122.3939159],
"2805 23rd av w":[47.6450125,-122.3862393],
"3532 ne 97th st":[47.699504,-122.289163],
"356 n 80th st":[47.687161,-122.3528],
"3802 29th av w":[47.654265,-122.394179],
"4261 whitman av n":[47.6591,-122.345856],
"42nd av s \/ s warsaw st":[47.5431491,-122.2807807],
"4306 ne 65th st":[47.676013,-122.281829],
"5015 s dakota st":[47.566251,-122.269995],
"5316 latona av ne":[47.66773,-122.32523],
"5519 22nd av s":[47.5527775,-122.3054046],
"8028 17th av nw":[47.6877019,-122.378643],
"8152 16th av sw":[47.52847,-122.354741],
"8219 bagley av n":[47.689279,-122.33244],
"8317 39th av sw":[47.528576,-122.382384],
"9203 21st av sw":[47.520884,-122.360835],
"9308 57th av s":[47.5186375,-122.2613523],
"s morgan st \/ 39th av s":[47.5438857,-122.2833044]
}