{
"10033 63rd av s":[47.5106081,-122.2550362],
"10680 marine view dr sw":[47.5066745,-122.3854265],
"1127 nw 64th st":[47.675043,-122.372602],
"1208 n allen pl":[47.660889,-122.343194],
"14009 37th av ne":[47.730424,-122.288716],
"1510 ne 117th st":[47.7141532,-122.3120746],
"1512 logan av w":[47.4955751,-122.2070477],
"1532 nw 56th st":[47.6696488,-122.3774796],
"1820 minor av":[47.617396,-122.331433],
"20th av \/ e fir st":[47.602672,-122.306352],
"2535 29th av w":[47.6422716,-122.3944493],
"2811 fairview av e":[47.6458703,-122.3269309],
"3416 s holly pl":[47.5423199,-122.288217],
"3500 27th pl w":[47.65219,-122.389837],
"3518 s bennett st":[47.5544419,-122.2884955],
"3830 ne 120th st":[47.715766,-122.285539],
"3925 15th av ne":[47.6540392,-122.3124898],
"4326 2nd av ne":[47.659796,-122.326946],
"4531 40th av sw":[47.5618989,-122.383089],
"4606 s mead st":[47.5505907,-122.2749624],
"5121 palmer dr nw":[47.6663091,-122.3576401],
"5422 46th av sw":[47.553242,-122.390706],
"5603 mithun pl ne":[47.6672117,-122.2824643],
"5th av n \/ boston st":[47.6382571,-122.347084],
"6041 45th av ne":[47.6733059,-122.279906],
"7940 44th pl s":[47.530735,-122.276941],
"8th av \/ stewart st":[47.614972,-122.3353426],
"90 lenora st":[47.6115673,-122.3443336],
"9439 17th av sw":[47.5180136,-122.356846],
"denny way \/ dexter av":[47.6185492,-122.3424076],
"evanston av n \/ n 59th st":[47.6717393,-122.3514078],
"ne ravenna blvd \/ ne 68th st":[47.6775293,-122.3238747],
"rainier av s \/ s brandon st":[47.553402,-122.2796612]
}