{
"10640 61st av s":[47.5050048,-122.2568887],
"12226 4th av nw":[47.718648,-122.361916],
"12552 fremont av n":[47.7211193,-122.3500708],
"14027 densmore av n":[47.731296,-122.338896],
"1511 ne northgate way":[47.7082229,-122.311811],
"152 22nd av":[47.6027916,-122.3034615],
"2600 19th av s":[47.5801299,-122.308456],
"2844 s othello st":[47.5369219,-122.294748],
"4256 w glenmont ln":[47.6419281,-122.4115622],
"4320 sw holgate st":[47.5869884,-122.3873733],
"4656 s myrtle st":[47.5389959,-122.2729539],
"4th av nw \/ nw 44th st":[47.6604853,-122.3621014],
"5107 s frontenac st":[47.539461,-122.269529],
"551 temple pl":[47.6076719,-122.2971121],
"6027 lanham pl sw":[47.5471983,-122.3734209],
"604 broadway e":[47.6244339,-122.3209244],
"613 33rd av e":[47.62545,-122.289926],
"6132 s keppler st":[47.516976,-122.2565141],
"6512 5th av nw":[47.676416,-122.362208],
"7003 39th av ne":[47.679588,-122.286406],
"701 n 86th st":[47.69108,-122.349715],
"7141 38th av s":[47.5383667,-122.2846904],
"719 aurora av n":[47.6260926,-122.3441629],
"745 10th av e":[47.626692,-122.320568],
"7555 23rd av nw":[47.6847516,-122.3856966],
"7701 19th av ne":[47.6849909,-122.308127],
"7745 29th av nw":[47.686279,-122.394772],
"8716 10th av s":[47.525098,-122.319946],
"9016 28th av nw":[47.6949789,-122.392125],
"911 dexter av n":[47.627793,-122.342336],
"denny way \/ 5th av n":[47.6185771,-122.34761],
"s victor st \/ renton av s":[47.510715,-122.260297]
}