{
"10247 66th av s":[47.50831,-122.251528],
"10438 40th av sw":[47.508885,-122.382545],
"14315 lenora pl n":[47.7328202,-122.3436299],
"1515 e olin pl":[47.635324,-122.313117],
"1526 n 128th st":[47.7224387,-122.3383244],
"1941 15th av e":[47.637206,-122.313937],
"2363 24th av s":[47.578218,-122.301706],
"2434 29th av w":[47.640578,-122.393842],
"2500 boyer av e":[47.6419184,-122.3144323],
"2710 nw esplanade":[47.7009619,-122.392635],
"2732 westlake av n":[47.6449859,-122.3452501],
"29th av sw \/ sw brandon st":[47.5537858,-122.36963],
"3047 s dawson st":[47.555091,-122.292178],
"31st av ne \/ ne 55th st":[47.6685183,-122.2938377],
"31st av s \/ s college st":[47.582906,-122.2929905],
"3616 dayton av n":[47.6523866,-122.3521229],
"3802 sw 108th st":[47.506698,-122.380164],
"3933 ne belvoir pl":[47.657792,-122.285027],
"4311 5th av nw":[47.659328,-122.363263],
"4541 s othello st":[47.537049,-122.2757525],
"5416 55th av s":[47.552869,-122.264351],
"5528 29th av ne":[47.669429,-122.295868],
"6219 5th av nw":[47.6748286,-122.3629263],
"6263 1st av nw":[47.675833,-122.357748],
"6505 shaffer av s":[47.5440952,-122.294764],
"7128 18th av sw":[47.538275,-122.356942],
"7716 18th av ne":[47.68544,-122.308583],
"824 ne 45th st":[47.6613193,-122.3192114],
"843 s cloverdale st":[47.526211,-122.320926],
"910 29th av":[47.6103716,-122.2946154],
"9203 17th av sw":[47.5208117,-122.3568072],
"ballard av nw \/ nw market st":[47.6686775,-122.3860947],
"holman rd n \/ greenwood av n":[47.7050847,-122.3554277],
"lenora st \/ 9th av":[47.6171512,-122.337054],
"n 80th st \/ ashworth av n":[47.686924,-122.3390963],
"ne ravenna blvd \/ ne 70th st":[47.6790231,-122.3247773],
"s elizabeth st \/ ellis av s":[47.5448131,-122.3186224]
}