{
"10043 8th av nw":[47.702732,-122.366461],
"1051 ne 114th st":[47.7108674,-122.3156457],
"10715 durland av ne":[47.707689,-122.278636],
"1115 16th av e":[47.629183,-122.311643],
"11720 corliss av n":[47.714787,-122.330997],
"1204 e lynn st":[47.6397,-122.316678],
"1220 e barclay ct":[47.6069793,-122.3157986],
"124 11th av e":[47.619591,-122.317837],
"17th av ne \/ ne 145th st":[47.7339272,-122.3100685],
"1945 occidental av s":[47.5858989,-122.3332906],
"2602 e roy st":[47.625385,-122.298543],
"2749 49th av sw":[47.577806,-122.394573],
"2822 w elmore pl":[47.6572761,-122.3937549],
"28th av ne \/ ne 55th st":[47.6685269,-122.29725],
"3150 alki av sw":[47.5760961,-122.4190559],
"400 stewart st":[47.6099201,-122.3434189],
"4060 spokane ln ne":[47.656372,-122.307748],
"4742 university way ne":[47.6643616,-122.3127959],
"4806 s findlay st":[47.552109,-122.272266],
"4837 38th av ne":[47.664571,-122.287214],
"5115 s morgan st":[47.543866,-122.269092],
"5239 pullman av ne":[47.671487,-122.271473],
"6214 50th av ne":[47.6743503,-122.2736059],
"644 nw 44th st":[47.6610889,-122.365853],
"710 23rd av s":[47.596068,-122.301927],
"7535 m l king jr way s":[47.5357545,-122.2809415],
"7544 37th av ne":[47.684331,-122.2883754],
"7719 26th av nw":[47.685552,-122.3900625],
"8815 8th av sw":[47.5241709,-122.3458201],
"9010 3rd av nw":[47.694661,-122.360312],
"9044 evanston av n":[47.695622,-122.350891],
"929 18th av e":[47.627716,-122.309018],
"aurora av n \/ n motor pl":[47.6586541,-122.3474272],
"randolph av \/ e terrace st":[47.6051875,-122.2856246]
}