{
"0 - 0 seward park trl":[47.5499016,-122.2574517],
"1 s av \/ railroad":[47.5963081,-122.3341691],
"10526 13th av nw":[47.706012,-122.37237],
"106 bellevue av e":[47.618786,-122.326421],
"11246 evanston av n":[47.7119069,-122.35115],
"11520 stone av n":[47.7126647,-122.342088],
"1220 pine st":[47.6150023,-122.3285534],
"12328 14th av ne":[47.71847,-122.313475],
"1236 19th av e":[47.6317486,-122.3068947],
"14342 lenora pl n":[47.7335759,-122.3433949],
"1607 queen anne av n":[47.6339039,-122.3574598],
"1834 s lane st":[47.596885,-122.307428],
"2021 nw 65th st":[47.675765,-122.382986],
"209 mcgraw st":[47.639722,-122.352388],
"211 w comstock st":[47.630269,-122.3598042],
"2120 1st av":[47.6122808,-122.3446405],
"2414 lake washington blvd e":[47.6413502,-122.2985642],
"2614 23rd av s":[47.5795304,-122.303038],
"28th av nw \/ nw 58th st":[47.6709126,-122.3928773],
"3001 nw 56th st":[47.6693189,-122.3958906],
"3112 sw holly st":[47.5428501,-122.37232],
"3500 rainier av s":[47.5717323,-122.2926586],
"3535 s brandon st":[47.553221,-122.28743],
"4th av sw \/ sw cloverdale st":[47.5265787,-122.3401789],
"517 n 75th st":[47.6830742,-122.3516527],
"51st av s \/ s ruggles st":[47.5087802,-122.270071],
"524 n 66th st":[47.677161,-122.351515],
"5339 roosevelt way ne":[47.6683879,-122.3175883],
"6250 39th av ne":[47.675489,-122.285536],
"6511 50th av ne":[47.676201,-122.274592],
"6540 38th av sw":[47.543517,-122.380087],
"7613 rockery dr s":[47.5340162,-122.2825761],
"7914 18th av sw":[47.531419,-122.357367],
"8006 stroud av n":[47.687139,-122.333976],
"8333 36th av s":[47.5285719,-122.286955],
"8829 41st av sw":[47.5235253,-122.3853409],
"9835 renton av s":[47.512643,-122.263671],
"ne 54th st \/ 21st av ne":[47.667995,-122.30548],
"s kenyon st \/ occidental av s":[47.5349585,-122.3342911],
"shilshole av nw \/ nw dock pl":[47.6639826,-122.3817911],
"w cremona st \/ 6th av w":[47.6499331,-122.3648175],
"wb sr520 at montlake":[47.645205,-122.294231]
}