{
"10730 38th av ne":[47.7074135,-122.2877972],
"12153 lake city way ne":[47.7174403,-122.2962533],
"122 highland dr":[47.629956,-122.35461],
"1312 ne 45th st":[47.661405,-122.3136249],
"1545 12th av s":[47.5885943,-122.3176006],
"1618 s hinds st":[47.573283,-122.311589],
"1945 35th av w":[47.637168,-122.401738],
"2029 ne 97th st":[47.6992001,-122.3054264],
"2109 e crescent dr":[47.6331313,-122.304067],
"2356 rosemont pl w":[47.640526,-122.407935],
"2401 ne 77th st":[47.684653,-122.301545],
"2416 3rd av w":[47.640151,-122.360535],
"28th av sw \/ sw kenyon st":[47.531882,-122.368532],
"3041 45th av sw":[47.576218,-122.389815],
"3915 13th av s":[47.5684961,-122.3163382],
"3964 s pilgrim st":[47.515897,-122.281868],
"4016 w prosper st":[47.649758,-122.408744],
"413 30th av e":[47.6229572,-122.2933736],
"416 n 141st ct":[47.731261,-122.353832],
"4318 sw southern st":[47.5306782,-122.3882868],
"4802 woodlawn av n":[47.663711,-122.338857],
"4826 s fontanelle st":[47.536291,-122.271435],
"519 ne ravenna blvd":[47.6770168,-122.323709],
"5300 4th av s":[47.5544991,-122.3292231],
"607 28th av e":[47.624617,-122.2969466],
"6732 murray av sw":[47.542155,-122.393488],
"6802 39th av ne":[47.677759,-122.285711],
"7322 mary av nw":[47.6821,-122.375398],
"7547 19th av nw":[47.6845547,-122.381379],
"910 3rd av":[47.604994,-122.3334241],
"bagley av n \/ n 38th st":[47.6531249,-122.332664],
"corson av s \/ s harney st":[47.5480066,-122.3212906]
}