{
"10002 59th av s":[47.511519,-122.259054],
"1136 n 92nd st":[47.6956431,-122.3428231],
"1312 nw 67th st":[47.6778332,-122.3733319],
"13322 greenwood av n":[47.726108,-122.355128],
"1432 palm av sw":[47.5909355,-122.3842431],
"1538 nw 61st st":[47.6733042,-122.3779291],
"1636 21st av e":[47.6343114,-122.3043118],
"1733 25th av":[47.617419,-122.300406],
"2202 walnut av sw":[47.583878,-122.382424],
"2406 e calhoun st":[47.6411503,-122.3017398],
"311 fairview av n":[47.6215681,-122.3345247],
"3221 california av sw":[47.5749043,-122.3870567],
"3300 w mcgraw st":[47.6398048,-122.3999051],
"37 nw cherry loop":[47.73631,-122.374044],
"3803 43rd av ne":[47.656033,-122.281819],
"3921 ne 100th st":[47.700803,-122.285881],
"402 14th av":[47.605095,-122.313798],
"4046 8th av ne":[47.656944,-122.319481],
"4219 s kenny st":[47.548725,-122.27996],
"4500 37th av ne":[47.6617357,-122.2881686],
"4633 s fontanelle st":[47.5353824,-122.2737356],
"469 n 35th st":[47.6506452,-122.351631],
"4808 sw charlestown st":[47.57051,-122.393947],
"5049 30th av s":[47.55581,-122.294468],
"5601-5698 17th av nw":[47.6694601,-122.3789061],
"5902 8th av nw":[47.6718053,-122.3659264],
"600 nw 88th st":[47.6928185,-122.3633661],
"6105 fremont av n":[47.673378,-122.350275],
"6851 east marginal way s":[47.5412183,-122.3261133],
"7029 16th av ne":[47.68029,-122.311281],
"7230 29th av ne":[47.681088,-122.296183],
"8644 9th av sw":[47.525132,-122.346351],
"9039 31st av sw":[47.5217081,-122.3729712],
"905 ne 43rd st":[47.6592724,-122.3185144],
"9203 37th av s":[47.5212689,-122.286323],
"9355 7th av s":[47.518917,-122.325639],
"9410 51st av s":[47.517852,-122.269303],
"ne 117th st \/ lake city way ne":[47.7142155,-122.2982216],
"nw 58th st \/ 7th av nw":[47.670894,-122.3650537]
}