{
"10218 55th av s":[47.5090519,-122.26436],
"10721 midvale av n":[47.7076555,-122.3437587],
"14004 riviera pl ne":[47.730141,-122.281696],
"1423 s dean st":[47.5952593,-122.3131763],
"1520 nw 90th st":[47.6947044,-122.3770782],
"1551 18th av s":[47.5888136,-122.3094983],
"1602 36th av":[47.615392,-122.286706],
"1720 arch av sw":[47.5872499,-122.3817198],
"1933 48th av sw":[47.5857979,-122.393209],
"1st av n \/ queen anne dr":[47.6417892,-122.3554914],
"2215 w armour st":[47.644569,-122.385496],
"3043 sw avalon way":[47.5657319,-122.3719076],
"3205 sw barton st":[47.5208673,-122.3743206],
"32nd av nw \/ nw 56th st":[47.6695442,-122.3983314],
"3727 s alaska st":[47.5602789,-122.2858431],
"3833 23rd av w":[47.654956,-122.386417],
"4761 21st av sw":[47.559228,-122.360579],
"4920 24th av s":[47.557659,-122.302155],
"504 terry av":[47.60566,-122.322854],
"5128 s ruggles st":[47.5089612,-122.2688205],
"5219 brooklyn av ne":[47.6669439,-122.3144744],
"551 ne 84th st":[47.6894578,-122.3207725],
"6353 39th av sw":[47.545062,-122.3822388],
"6537 dibble av nw":[47.677057,-122.367956],
"703 randolph pl":[47.608403,-122.28577],
"7707 22nd av nw":[47.6852663,-122.3845856],
"8009 12th av nw":[47.6872775,-122.3718142],
"818 23rd av e":[47.6265384,-122.3021192],
"8732 16th av nw":[47.69355,-122.377581],
"911 12th av":[47.6098798,-122.3168098],
"926 19th av e":[47.627646,-122.306901],
"9419 39th av s":[47.5176434,-122.2840719],
"9611 59th av s":[47.5163758,-122.2595927],
"9620 55th av s":[47.51619,-122.263801]
}