{
"10054 14th av nw":[47.70311,-122.373838],
"10300 interlake av n":[47.7032517,-122.3405798],
"11545 5th av ne":[47.71355,-122.323754],
"13051 37th av ne":[47.724553,-122.289611],
"14349 linden av n":[47.733666,-122.34802],
"1487 nw woodbine way":[47.708006,-122.377484],
"1626 29th av":[47.616123,-122.294479],
"19th av \/ e yesler way":[47.6016783,-122.307652],
"2127 n 186th st":[47.763968,-122.333944],
"2200 14th av w":[47.6386635,-122.3749874],
"2331 47th av sw":[47.5823957,-122.3921323],
"2446 sw kenyon st":[47.532097,-122.365372],
"2555 30th av w":[47.642798,-122.396008],
"2726 10th av e":[47.645333,-122.319217],
"2827 sw nevada st":[47.5652449,-122.3693545],
"2842 32nd av s":[47.577083,-122.291601],
"2910 1st av s":[47.5773489,-122.3337992],
"300 ne northgate way":[47.7090952,-122.3239499],
"3009 36th av sw":[47.5770564,-122.377347],
"309 occidental av s":[47.5996312,-122.3328873],
"3432 beach dr sw":[47.573579,-122.415401],
"3531 sw 104th st":[47.509512,-122.377038],
"3628 linden av n":[47.6519368,-122.3482137],
"3901 s sullivan st":[47.526762,-122.2834352],
"4600 utah av s":[47.5621247,-122.3353534],
"4911 s roxbury st":[47.516611,-122.271631],
"5001 44th av ne":[47.66511,-122.280752],
"6013 ne kelden pl":[47.66839,-122.262561],
"6741 9th av nw":[47.679025,-122.369066],
"6747 24th av sw":[47.5416079,-122.363784],
"8149 delridge way sw":[47.528608,-122.360842],
"9411 15th av ne":[47.697093,-122.312419],
"fremont av n \/ n 78th st":[47.6854966,-122.34988],
"magnolia way w \/ w galer st":[47.6323243,-122.3908622]
}