{
"10302 fischer pl ne":[47.703058,-122.299668],
"1043 ne 104th st":[47.703862,-122.3159651],
"11021 40th av ne":[47.708969,-122.285808],
"11035 20th av ne":[47.709499,-122.306576],
"12732 3rd av nw":[47.722435,-122.360554],
"14015 greenwood av n":[47.7309997,-122.3559469],
"1423 n 53rd st":[47.6669144,-122.3390014],
"1600 melrose av":[47.6154916,-122.3276711],
"16505 5th av ne":[47.749048,-122.3242873],
"1715 n 105th st":[47.7050142,-122.3368692],
"1918 terry av":[47.616893,-122.3340976],
"1944 n northgate way":[47.708251,-122.3350247],
"1958 ne pacific st":[47.6508054,-122.3081338],
"2361 nw blue ridge dr":[47.702481,-122.386922],
"2520 ne 130th st":[47.723145,-122.301054],
"2601 12th av w":[47.6431379,-122.3728516],
"2924 s frontenac st":[47.5401223,-122.2949659],
"3209 s charles st":[47.5944479,-122.2909062],
"3235 25th av w":[47.649566,-122.388957],
"3534 wallingford av n":[47.6502608,-122.3360524],
"3636 whitman av n":[47.6518025,-122.3455125],
"3900 sw portland st":[47.5328349,-122.3819991],
"418 10th av e":[47.622555,-122.3196175],
"4215 sw raymond st":[47.548263,-122.386534],
"47th av ne \/ ne 50th st":[47.6649023,-122.2773433],
"600 1st av s":[47.5966319,-122.3341488],
"6612 high point dr sw":[47.54339,-122.3693519],
"709 15th av":[47.608393,-122.313163],
"715 1st av w":[47.6261401,-122.3583483],
"7917 50th av s":[47.531032,-122.271105],
"8441 47th av s":[47.526601,-122.273803],
"912 nw 56th st":[47.669641,-122.3692858],
"919 belmont av e":[47.6268956,-122.3260069],
"9624 56th av s":[47.516048,-122.262771],
"e boston st \/ red av e":[47.6382587,-122.3290494],
"fauntleroy way sw \/ sw concord st":[47.5242044,-122.3927164],
"s orcas st \/ 30th av s":[47.5508297,-122.2941474],
"s spokane st \/ e marg-duwamish br rp":[47.5717,-122.3396799]
}