{
"10122 33rd av sw":[47.5122286,-122.3736474],
"10402 34th av sw":[47.5093336,-122.3746433],
"1123 14th av":[47.612259,-122.314517],
"1147 18th av e":[47.630047,-122.308985],
"12041 dayton av n":[47.717216,-122.353293],
"1221 w bertona st":[47.6501866,-122.373196],
"12337 10th pl ne":[47.718732,-122.317293],
"1428 post al":[47.6084209,-122.3399241],
"1641 22nd av e":[47.6344529,-122.3040192],
"1718 nw market st":[47.6689109,-122.3797831],
"1812 sw myrtle st":[47.5399415,-122.3588413],
"1914 18th av s":[47.585862,-122.309077],
"1920 boren av":[47.6173559,-122.3333861],
"1954 5th av w":[47.637544,-122.363245],
"200 lake washington blvd":[47.602948,-122.2842167],
"2404 nw 80th st":[47.6869461,-122.3879363],
"2666 alki av sw":[47.5795064,-122.4088151],
"2845 nw 58th st":[47.6707292,-122.3948078],
"2963 4th av s":[47.5758278,-122.3295756],
"2nd av \/ pike st":[47.6092846,-122.3388997],
"3016 s holly st":[47.5427423,-122.2930207],
"310 w howe st":[47.6361289,-122.361533],
"3241 37th av s":[47.573991,-122.286273],
"3426 nw 57th st":[47.67069,-122.402355],
"3428 60th av sw":[47.572991,-122.409147],
"4041 ne 95th st":[47.697156,-122.283511],
"4218 ne 92nd st":[47.695258,-122.282048],
"4421 s ferdinand st":[47.5579762,-122.2772553],
"4603 s kenyon st":[47.531341,-122.274261],
"4610 s garden st":[47.5378339,-122.274779],
"4623 s fontanelle st":[47.5356795,-122.2743004],
"6318 hampton rd s":[47.5459249,-122.260117],
"6549 32nd av sw":[47.5438605,-122.37379],
"6614 28th av nw":[47.677085,-122.392595],
"6709 24th av nw":[47.678038,-122.387836],
"7734 36th av ne":[47.685919,-122.2892226],
"801 35th av":[47.6094427,-122.288623],
"811 maynard av s":[47.5953986,-122.3251741],
"8856 13th av sw":[47.523026,-122.351351],
"900 - 1099 nw 50th st":[47.665042,-122.3698],
"9366 54th av s":[47.5171149,-122.264807],
"bainbridge pl sw \/ fauntleroy way sw":[47.5372741,-122.3918182]
}