{
"1046 s jackson st":[47.5995986,-122.3177326],
"11022 riviera pl ne":[47.710463,-122.276043],
"1113 23rd av s":[47.5926857,-122.3031473],
"11135 59th av s":[47.5003024,-122.2598077],
"116 s king st":[47.5983203,-122.3337495],
"120-1\/2 n 80th st":[47.687153,-122.356929],
"1230 ne 88th st":[47.69242,-122.313544],
"14th av ne \/ ne 65th st":[47.6757945,-122.3131243],
"1524 41st av e":[47.63296,-122.279518],
"1702 4th av s":[47.5878704,-122.3286256],
"1722 belmont av":[47.617047,-122.324172],
"17th av ne \/ ne 130th pl":[47.7247448,-122.3108802],
"2100 38th av e":[47.6373984,-122.2840248],
"2300 s plum st":[47.5855043,-122.3029093],
"2323 nw 96th st":[47.698751,-122.386352],
"25th av ne \/ ne 70th st":[47.6794084,-122.3006468],
"2831 ne 105th st":[47.704538,-122.296282],
"2911 ne 65th st":[47.675596,-122.295808],
"3055 ne 89th st":[47.692862,-122.293672],
"3518 sw elmgrove st":[47.530698,-122.377635],
"3923 s mead st":[47.550248,-122.282392],
"4038 sw othello st":[47.537962,-122.385418],
"4414 31st av s":[47.5631921,-122.2927022],
"4446 48th av sw":[47.5633782,-122.3931426],
"516 ne 85th st":[47.6905997,-122.322321],
"5606 46th av sw":[47.551871,-122.390745],
"611 12th av s":[47.5971472,-122.3179521],
"6221 3rd av nw":[47.6748223,-122.3608677],
"6227 36th av ne":[47.674803,-122.289473],
"703 n 85th st":[47.6903344,-122.3496366],
"715 4th av n":[47.625929,-122.349261],
"8459 50th av s":[47.526278,-122.2715472],
"nw 62nd st \/ 7th av nw":[47.6741739,-122.3650212]
}