{
"10430 lake city way ne":[47.7044654,-122.3012097],
"11463 37th av sw":[47.49982,-122.376822],
"129 ne 57th st":[47.669857,-122.327022],
"14327 fremont av n":[47.7331239,-122.350872],
"1543 rainier av s":[47.5886101,-122.3064539],
"2467 montavista pl w":[47.6411908,-122.4048618],
"2741 38th av sw":[47.578044,-122.38058],
"2900 e madison st":[47.6244526,-122.2951832],
"2949 s willow st":[47.5407095,-122.293834],
"3049 16th av w":[47.6479894,-122.3778744],
"3506 fremont av n":[47.6507518,-122.3496549],
"3800 ne 95th st":[47.6974619,-122.2876504],
"3rd av w \/ w cremona st":[47.6495514,-122.3608682],
"4531 36th av ne":[47.662301,-122.289613],
"4731 49th av ne":[47.664058,-122.275031],
"533 n 72nd st":[47.6808369,-122.351118],
"5636 ne keswick dr":[47.668067,-122.264523],
"5759 ne 62nd st":[47.6733794,-122.2635809],
"6800 28th av nw":[47.678123,-122.392614],
"7000 58th av ne":[47.6793946,-122.26563],
"8233 bagley av n":[47.689649,-122.332444],
"850 ne 88th st":[47.6924459,-122.3181068],
"8504 nesbit av n":[47.6907286,-122.343226],
"8617 44th av s":[47.5255096,-122.2782789],
"8629 20th av sw":[47.5255916,-122.3594122],
"8821 24th av sw":[47.524003,-122.363596],
"9329 7th av s":[47.5196852,-122.3249877],
"pine st \/ 8th av":[47.6130607,-122.3331535]
}