{
"10123 66th av s":[47.5106109,-122.2515066],
"10556 3rd av nw":[47.706763,-122.360412],
"10712 dayton av n":[47.707319,-122.352416],
"11423 woodley av s":[47.500269,-122.242898],
"11637 beacon av s":[47.498432,-122.264356],
"1341 5th av":[47.6093449,-122.3348881],
"14th av s \/ s mcclellan st":[47.5786387,-122.3146657],
"204 marion st":[47.6044788,-122.3344332],
"2110 3rd av n":[47.6378514,-122.3516381],
"2414 s lane st":[47.5969522,-122.30041],
"2416 dexter av n":[47.6401139,-122.343874],
"2615 mount st helens pl s":[47.5799709,-122.2871546],
"3262 california av sw":[47.573816,-122.3864],
"3411 s alaska st":[47.5602799,-122.28917],
"350 westlake av n":[47.6216445,-122.338116],
"3625 37th av s":[47.570866,-122.286431],
"3915 14th av s":[47.5684729,-122.3152278],
"401 broadway e":[47.6230109,-122.3211725],
"4110 1st av nw":[47.656721,-122.357259],
"4126 24th pl s":[47.565259,-122.301028],
"4515 w ruffner st":[47.652774,-122.414694],
"4727 46th av sw":[47.560375,-122.391254],
"5007 erskine way sw":[47.557302,-122.390411],
"520 m l king jr way s":[47.5973833,-122.2970915],
"618 nw 58th st":[47.671126,-122.364863],
"636 nw 79th st":[47.686404,-122.3649493],
"6404 marshall av sw":[47.5456501,-122.3930971],
"6714 greenwood av n":[47.6783098,-122.3549771],
"6740 35th pl s":[47.5409158,-122.2881158],
"7324 20th av ne":[47.6820859,-122.3063923],
"8064 9th av nw":[47.688819,-122.3680124],
"8501 interlake av n":[47.690698,-122.340437],
"s lucile st \/ 21st av s":[47.5533798,-122.3062363],
"seward park av s \/ 54th av s":[47.5548373,-122.2658625],
"walnut av sw \/ sw stevens st":[47.5769407,-122.3834077]
}