{
"0 - 0 nb i5 to ravenna":[47.670323,-122.321644],
"1016 ne ravenna blvd":[47.6722424,-122.3165295],
"1123 23rd av s":[47.5923995,-122.3029834],
"11320 - 11599 1st pl ne":[47.7110916,-122.32811],
"11th av nw \/ nw leary way":[47.6636631,-122.3707754],
"12100 15th av ne":[47.7174662,-122.3125913],
"1428 m l king jr way":[47.613902,-122.2958876],
"2015 ne 104th st":[47.703667,-122.30632],
"2102 ne 68th st":[47.677746,-122.3048307],
"2935 sw graham st":[47.5470594,-122.3704707],
"3611 45th av sw":[47.571609,-122.38984],
"3700 s willow st":[47.540857,-122.286044],
"371 prospect st":[47.628694,-122.349062],
"4234 s willow st":[47.540915,-122.279294],
"4898 beacon av s":[47.5582316,-122.3036335],
"543 s cloverdale st":[47.5264742,-122.3263484],
"6025 7th av nw":[47.673142,-122.365388],
"622 w smith st":[47.6415629,-122.3659713],
"706 crockett st":[47.63783,-122.3430063],
"7310 16th av sw":[47.536919,-122.354629],
"8009 jones av nw":[47.6871349,-122.3867578],
"819 e pike st":[47.6139305,-122.321477],
"827 w fulton st":[47.645598,-122.368786],
"925 stewart st":[47.6159137,-122.3336181],
"9272 waters av s":[47.5191572,-122.2613741],
"maynard av s \/ s weller st":[47.5975187,-122.3250633],
"ne pacific st \/ 4th av ne":[47.655091,-122.3245454],
"rainier av s \/ s findlay st":[47.5519272,-122.2780651]
}