{
"10302 interlake av n":[47.703369,-122.340253],
"10403 20th av ne":[47.7040957,-122.3072779],
"1104 m l king jr way s":[47.593068,-122.297837],
"1409 n 48th st":[47.6634251,-122.3401946],
"14306 22nd av ne":[47.732518,-122.305525],
"14326 23rd pl ne":[47.733251,-122.304415],
"2120 7th av w":[47.638464,-122.365913],
"2130 s pearl st":[47.5562079,-122.3044663],
"2208 nw 60th st":[47.6725901,-122.3851829],
"2807 nw 63rd st":[47.6742752,-122.3934191],
"3301 1st av s":[47.574041,-122.334708],
"3642 33 av s":[47.5705319,-122.2905154],
"367 prospect st":[47.628654,-122.349283],
"414 12th av e":[47.6224811,-122.3164569],
"4227 4th av nw":[47.658644,-122.3622243],
"4708 s victor st":[47.510432,-122.273732],
"4713 37th av ne":[47.6630449,-122.28854],
"4886 beacon av s":[47.5585497,-122.3035401],
"5505 ne penrith rd":[47.6667866,-122.2685683],
"610 19th av e":[47.6247434,-122.3069931],
"6100 west green lake way n":[47.67076,-122.3430256],
"8038 24th av nw":[47.6880049,-122.3872546],
"8045 12th av nw":[47.688265,-122.371805],
"8330 35th av ne":[47.6893296,-122.2906587],
"8547 ashworth av n":[47.6919324,-122.3394806],
"9011 beacon av s":[47.521958,-122.284518],
"933 nw 97th st":[47.699898,-122.370171],
"936 nw 51st st":[47.6658665,-122.3703324],
"ne 47th st \/ 49th av ne":[47.6630846,-122.2746967]
}