{
"1010 seneca st":[47.6104279,-122.3272651],
"12350 33rd av ne":[47.718965,-122.292371],
"13052 greenwood av n":[47.7247913,-122.3549098],
"1323 sw orchard st":[47.5382264,-122.3546971],
"14049 19th av ne":[47.731693,-122.309042],
"145 ne 61st st":[47.6726874,-122.3261413],
"1814 18th av s":[47.586463,-122.309073],
"1946 e blaine st":[47.638111,-122.305355],
"2112 nob hill av n":[47.6378645,-122.3504903],
"24th av s \/ s dawson st":[47.5561401,-122.3019807],
"3400 e harrison st":[47.6227457,-122.2887334],
"3453 22nd av w":[47.6519082,-122.384943],
"4039 8th av ne":[47.656718,-122.320121],
"4807 s chicago st":[47.5323319,-122.272219],
"5000 25th av sw":[47.557334,-122.363893],
"5100 corson av s":[47.55625,-122.318299],
"5100 s orcas st":[47.551361,-122.269703],
"6420 47th av sw":[47.5451383,-122.3923213],
"6500-6699 12th av nw":[47.6760098,-122.3719456],
"6624 corson av s":[47.5436589,-122.3224818],
"6827 55th av ne":[47.6784102,-122.2692198],
"700 s riverside dr":[47.534516,-122.324879],
"7332 17th av ne":[47.68222,-122.309591],
"7502 16th av sw":[47.5353201,-122.3546903],
"7734 11th av nw":[47.686151,-122.370073],
"7922 50th av s":[47.5309089,-122.2705885],
"8504 wallingford av n":[47.6907034,-122.3360398],
"860 nw 105th st":[47.7053554,-122.367628],
"8935 ravenna av ne":[47.694028,-122.3037411],
"9014 25th av nw":[47.694756,-122.388301],
"953 22nd av":[47.611582,-122.304074],
"terry av n \/ denny way":[47.6185347,-122.3371732]
}