{
"1057 ne 106th st":[47.7058365,-122.3164501],
"1118 23rd av s":[47.592393,-122.302209],
"11529 sand point way ne":[47.713119,-122.282604],
"11537 38th av ne":[47.7129882,-122.2881836],
"215 mercer st":[47.6245563,-122.351899],
"2216 bigelow av n":[47.638816,-122.348007],
"2220 12th av w":[47.639359,-122.372273],
"2344 delmar dr e":[47.64073,-122.314197],
"2602 ne university village st":[47.6633047,-122.2988487],
"2617 39th av w":[47.643756,-122.40749],
"2622 nw market st":[47.6689089,-122.3913755],
"3024 25th av s":[47.5767704,-122.3002358],
"32nd av sw \/ sw othello st":[47.5373791,-122.3739069],
"346 nw 77th st":[47.684958,-122.362638],
"3501 27th pl w":[47.6521751,-122.3898673],
"3815 39th av sw":[47.569725,-122.381869],
"3831 49th av ne":[47.6564089,-122.275058],
"4120 s genesee st":[47.5641666,-122.2815167],
"5036 sw grayson st":[47.582164,-122.396041],
"510 4th av w":[47.6238116,-122.3618292],
"518 n 63rd st":[47.674811,-122.351979],
"519 3rd av":[47.6024435,-122.3316049],
"5239 mithun pl ne":[47.6675867,-122.2825907],
"5502 18th av s":[47.55326,-122.309524],
"5948 21st av sw":[47.5487285,-122.3595492],
"6027 33rd av s":[47.547108,-122.290689],
"6207 31st av ne":[47.674262,-122.294641],
"6507 2nd av nw":[47.6762433,-122.3597489],
"6700 roosevelt way ne":[47.6775164,-122.3168719],
"8747 14th av nw":[47.693404,-122.374505],
"8877 42nd av sw":[47.523303,-122.387023],
"9023 38th av sw":[47.522206,-122.381133],
"9336 california av sw":[47.5192186,-122.3870944],
"rainier av s \/ s wildwood ln":[47.5342932,-122.2699633]
}