{
"1023 ne 95th st":[47.69739,-122.316582],
"1418 post al":[47.6080369,-122.3400483],
"1530 17th av e":[47.633221,-122.30953],
"1st av \/ broad st":[47.6169277,-122.3525102],
"226 13th av e":[47.6208131,-122.3153026],
"2311 yale av e":[47.6400591,-122.3273642],
"3425 perkins ln w":[47.651227,-122.417156],
"3521 s brandon st":[47.553224,-122.288033],
"35th av sw \/ sw holly st":[47.5428524,-122.3764999],
"4 w garfield st":[47.6335444,-122.3570154],
"4007 s dakota st":[47.5660129,-122.282351],
"4100 15th av s":[47.5672195,-122.3134579],
"5070 sw olga st":[47.5807037,-122.3968255],
"5600 s orcas st":[47.5511146,-122.2625835],
"5619 brooklyn av ne":[47.669978,-122.314457],
"5946 39th av sw":[47.548831,-122.381388],
"6331 hampton rd s":[47.545564,-122.260912],
"7108 9th av ne":[47.680477,-122.318474],
"8232 39th av ne":[47.6893905,-122.2861356],
"932 w emerson st":[47.6529455,-122.3699738],
"edgar martinez dr s \/ occidental av s":[47.5902443,-122.3332458],
"erskine way sw \/ sw edmunds st":[47.5593207,-122.3868529],
"n 36th st \/ nw 36th st":[47.6529673,-122.3576565],
"ne 127th st \/ 26th av ne":[47.721123,-122.3004733],
"queen anne av n \/ w lee st":[47.6313083,-122.3566112],
"s alaska st \/ east marginal way s":[47.5603021,-122.3394594],
"sw findlay st \/ 40th av sw":[47.552055,-122.3829682]
}