{
"10020 sand point way ne":[47.7018,-122.277332],
"1038 ne 97th st":[47.699716,-122.316137],
"10406 16th av sw":[47.5096654,-122.3547832],
"1117 minor av":[47.6108852,-122.3254804],
"11926 lakeside av ne":[47.7160405,-122.280473],
"1453 nw 92nd st":[47.6959021,-122.3757162],
"1745 26th av s":[47.5871844,-122.2991179],
"1750 madrona dr":[47.6173439,-122.2845393],
"212 pike st":[47.609487,-122.3384581],
"22nd av w \/ gilman av w":[47.6537004,-122.3844071],
"2612 w galer st":[47.6325321,-122.3913474],
"3013 beacon av s":[47.5765754,-122.3101679],
"306 m l king jr way e":[47.6216085,-122.2958602],
"3401 33rd av sw":[47.5727487,-122.3744313],
"343 19th av":[47.605619,-122.308035],
"4201 rainier av s":[47.5655666,-122.2889648],
"4754 18th av ne":[47.6646168,-122.3080049],
"511 w lee st":[47.631055,-122.363897],
"6004 aurora av n":[47.6739895,-122.3471386],
"658 s king st":[47.5985633,-122.3245861],
"6724 38th av sw":[47.542087,-122.380178],
"6829 holly park dr s":[47.5412038,-122.2895117],
"706 n 80th st":[47.6871303,-122.3494967],
"7532 37th av ne":[47.6840677,-122.2883696],
"7557 20th av ne":[47.684721,-122.307044],
"7718 37th av ne":[47.6855069,-122.2881504],
"e galer st \/ 22nd av e":[47.6322862,-122.3035049],
"ne 100th st \/ 48th av ne":[47.7011331,-122.2764749],
"nw 80th st \/ 6th av nw":[47.6869217,-122.3632948]
}