{
"102 8th av":[47.6017378,-122.3224368],
"1116 36th av e":[47.629092,-122.286437],
"1123 16th av e":[47.629403,-122.31164],
"114 nw 59th st":[47.671848,-122.358372],
"12025 5th av ne":[47.7166629,-122.323879],
"14037 20th av ne":[47.7313207,-122.3076471],
"1430 newport way":[47.6130942,-122.2828634],
"1700-1899 n northlake way":[47.6472844,-122.3371434],
"1815 bigelow av n":[47.635416,-122.348787],
"2030 3rd av":[47.6131481,-122.3418752],
"2324 california av sw":[47.5821093,-122.3861311],
"2442 nw 62nd st":[47.674061,-122.38951],
"2815 nw 58th st":[47.670706,-122.39361],
"2916 utah av s":[47.577149,-122.3349409],
"3224 nw 60th st":[47.6723514,-122.3994995],
"35th av ne \/ ne 73rd st":[47.6812317,-122.2904181],
"3634 sw 106th st":[47.508424,-122.378485],
"3715 sw 110th st":[47.504392,-122.379539],
"4311 wallingford av n":[47.659517,-122.336555],
"4817 27th av s":[47.5591579,-122.298317],
"5112 45th av ne":[47.666432,-122.279108],
"512 ne 71st st":[47.680421,-122.322251],
"730 n 100th st":[47.7016584,-122.348682],
"7615 48th av s":[47.5342399,-122.273032],
"815 nw 80th st":[47.6867539,-122.3668059],
"950-983 n 63rd st":[47.6745897,-122.3708406],
"9677 47th av sw":[47.515379,-122.393109],
"aurora av n \/ aloha st":[47.6271558,-122.3436525],
"fauntleroy way sw \/ sw brandon st":[47.5538176,-122.3816122],
"s grand st \/ bradner pl s":[47.586885,-122.2955869]
}