{
"0 nb i5 exp fr 5":[47.604413,-122.329842],
"12017 9th av nw":[47.716586,-122.368039],
"1202 15th av e":[47.6307865,-122.3121999],
"123 n 103rd st":[47.7034093,-122.3570504],
"1540 13th av s":[47.5887798,-122.3159633],
"15th av ne \/ ne campus pkwy":[47.656195,-122.3120979],
"2116 broadmoor dr e":[47.638551,-122.288349],
"2648 e aloha st":[47.626885,-122.296675],
"3108 w jameson st":[47.66026,-122.397691],
"330 32nd av e":[47.6222934,-122.2910218],
"3301 17th av s":[47.573898,-122.31167],
"3307 14th av s":[47.5739827,-122.3151464],
"3317 w elmore st":[47.657455,-122.400449],
"352 nw 53rd st":[47.667407,-122.362863],
"3816 22nd av sw":[47.569781,-122.360686],
"5102 s hudson st":[47.5572694,-122.2691768],
"6238 35th av ne":[47.6751261,-122.2900639],
"6755 beach dr sw":[47.5415877,-122.3968379],
"702 lakeside av s":[47.5963797,-122.2870903],
"7051 8th av nw":[47.6810387,-122.3662516],
"7924 delridge way sw":[47.5310929,-122.3601279],
"8039 beacon av s":[47.529829,-122.288455],
"827 ne 68th st":[47.6778554,-122.3187876],
"9824 55th av s":[47.5127366,-122.2644925],
"phinney av n \/ n 90th st":[47.6942304,-122.3539603],
"ravenna av ne \/ ne 75th st":[47.6830461,-122.3039861]
}