{
"100 ne 103rd st":[47.7031679,-122.3270673],
"10219 65th av s":[47.509139,-122.252699],
"10701 35th av ne":[47.7071804,-122.2907828],
"11824 stendall pl n":[47.715115,-122.339728],
"11844 26th av s":[47.4965153,-122.2978843],
"12014 5th av ne":[47.716328,-122.323123],
"1208 s concord st":[47.524143,-122.317097],
"1249 ne 96th st":[47.698195,-122.312873],
"12502 densmore av n":[47.719726,-122.338166],
"1251 1st av s":[47.590865,-122.334703],
"1309 ne 55th st":[47.6683986,-122.313685],
"1720 26th av s":[47.587685,-122.298794],
"17th av ne \/ ne 45th st":[47.6612615,-122.3096484],
"1802 n 137th st":[47.728903,-122.336696],
"20th av s \/ s forest st":[47.5778574,-122.3067245],
"219 queen anne av n":[47.620425,-122.357121],
"2200 rainier av s":[47.5834471,-122.3017106],
"2445 e roanoke st":[47.6431544,-122.3011928],
"2545 2nd av w":[47.6428129,-122.359972],
"2620 39th av w":[47.643858,-122.4067877],
"26th av e \/ e galer st":[47.6322032,-122.2991065],
"3518 ne 103rd st":[47.7031041,-122.2898825],
"3520 29th av w":[47.6520411,-122.3941989],
"3717 35th av sw":[47.5706422,-122.3763484],
"3727 magnolia blvd w":[47.653946,-122.412561],
"4119 lake washington blvd s":[47.565963,-122.268646],
"4416 ne 68th st":[47.6778132,-122.2800642],
"627 15th av e":[47.6251275,-122.3128816],
"6711 corson av s":[47.5427847,-122.3229955],
"6718 s 112th pl":[47.502786,-122.249754],
"6753 2nd av nw":[47.6793006,-122.3596983],
"7211 16th av sw":[47.537819,-122.355364],
"7721 2nd av ne":[47.68567,-122.327359],
"8007 greenwood av n":[47.6872675,-122.3552994],
"807 ne 80th st":[47.6865686,-122.3198341],
"8233 ashworth av n":[47.689692,-122.339539],
"9120 cyrus av nw":[47.6958565,-122.3989268],
"meridian av n \/ n 62nd st":[47.6736952,-122.3335346],
"ne 55th st \/ 60th av ne":[47.6684646,-122.2634067],
"sb i5 at safeco field":[47.5952892,-122.3205533],
"stanley av s \/ s bailey st":[47.5479252,-122.3160631]
}