{
"10633 34th av sw":[47.507191,-122.37504],
"10634 durland av ne":[47.706423,-122.277264],
"1111 e pike st":[47.6139274,-122.3175486],
"12526 11th av nw":[47.720508,-122.370001],
"12800 1st av ne":[47.7220137,-122.3289048],
"1300 n 130th st":[47.723548,-122.341693],
"147 n 76th st":[47.6838316,-122.3559791],
"15th av ne \/ ne 90th st":[47.6939763,-122.3121592],
"16th av ne \/ ne 52nd st":[47.6664256,-122.3107588],
"1910 3rd av n":[47.636079,-122.3516],
"2200 10th av e":[47.6384144,-122.320051],
"2828 thorndyke av w":[47.6455075,-122.3823765],
"311 nw 87th st":[47.691844,-122.361282],
"3126 37th pl s":[47.575607,-122.2863648],
"3128 franklin av e":[47.6494437,-122.3211691],
"3500 2nd av nw":[47.6528974,-122.3594885],
"402 highland dr":[47.629976,-122.348556],
"4341 ne 57th st":[47.670067,-122.280307],
"452 39th av e":[47.62416,-122.282562],
"4543 s findlay st":[47.5517164,-122.2761375],
"512 28th av s":[47.597569,-122.295927],
"5127 27th av ne":[47.6670975,-122.298851],
"517 s cloverdale st":[47.526231,-122.327539],
"5456 leary av nw":[47.6680895,-122.3834413],
"5948 23rd av s":[47.548369,-122.303973],
"611 s brandon st":[47.5538729,-122.3262525],
"8016 24th av nw":[47.6873825,-122.3872235],
"820 31st av":[47.609904,-122.29229],
"8509 16th av nw":[47.69093,-122.3782],
"9046 4th av s":[47.5219118,-122.3296066],
"9209 30th av sw":[47.520685,-122.371715],
"9400 27th av sw":[47.519034,-122.366887],
"9624 22nd ct nw":[47.6996266,-122.3841024],
"bell st \/ 8th av":[47.6180249,-122.340496],
"nw 62nd st \/ 6th av nw":[47.6741828,-122.3639753],
"sb sr99 at massachussets":[47.5883032,-122.3382291]
}