{
"100 prefontaine pl s":[47.6015784,-122.329515],
"13703 greenwood av n":[47.7288616,-122.3555496],
"1409 e prospect st":[47.6281869,-122.314135],
"1503 5th av w":[47.632498,-122.363979],
"2313 25th av s":[47.5825452,-122.300353],
"2313 nw blue ridge dr":[47.703248,-122.385203],
"24th av e \/ e aloha st":[47.6266804,-122.3011041],
"2805 ne 125th st":[47.719058,-122.2974704],
"3038 s willow st":[47.5407323,-122.2916777],
"3802 21st av sw":[47.57,-122.359767],
"4221 34th av s":[47.5647712,-122.2909665],
"4809 52nd av s":[47.559055,-122.268566],
"5266 22nd av ne":[47.6678427,-122.3041066],
"5763 ne 56th st":[47.669046,-122.264342],
"606 1st av":[47.6021132,-122.3337689],
"616 16th av e":[47.6249973,-122.3109685],
"6206 30th av s":[47.54684,-122.293362],
"6746 27th av nw":[47.678979,-122.39049],
"701 s jackson st":[47.598911,-122.32336],
"8323 10th av nw":[47.6894801,-122.3696223],
"8843 39th av sw":[47.523408,-122.382353],
"dayton av n \/ n 66th st":[47.6769115,-122.3526351],
"nw market st \/ nw 55th st":[47.6686519,-122.3623093],
"sw college st \/ 41st av sw":[47.5829854,-122.3838464]
}