{
"1200 e james ct":[47.6074369,-122.3167699],
"1206 e newton st":[47.637459,-122.316934],
"140 n canal st":[47.6513649,-122.3563025],
"1400 ne 50th st":[47.6649194,-122.3136445],
"1512 sw trenton st":[47.524956,-122.354465],
"1524 melrose av":[47.614796,-122.327585],
"1633 ne 143rd st":[47.7321005,-122.3109161],
"1915 rainier av s":[47.5857064,-122.3039865],
"1917 46th av sw":[47.586243,-122.390829],
"2017 nw market st":[47.6686621,-122.3829644],
"2217 e thomas st":[47.6212103,-122.3031463],
"2458 s edmunds st":[47.559696,-122.301874],
"3017 ne 140th st":[47.729894,-122.295473],
"309 nw 39th st":[47.6542991,-122.3609522],
"30th av ne \/ ne 90th st":[47.6938611,-122.2959467],
"3800 40th av ne":[47.6567777,-122.2847879],
"3801 s sullivan st":[47.5268749,-122.285312],
"3934 s lucile st":[47.552889,-122.281934],
"4124 m l king jr way s":[47.5656928,-122.2963268],
"41st av e \/ e highland dr":[47.6297457,-122.2799596],
"4802 s mead st":[47.5505871,-122.2723107],
"5250 40th av ne":[47.668148,-122.283951],
"5411 seward park av s":[47.553016,-122.263982],
"545 n 77th st":[47.684528,-122.350488],
"5636 25th av sw":[47.5507902,-122.364046],
"6005 fremont av n":[47.6726698,-122.3501575],
"7040 36th av ne":[47.6809232,-122.288961],
"7051 10th av nw":[47.681011,-122.369712],
"743 n 91st st":[47.6947029,-122.348059],
"7901 seward park av s":[47.531489,-122.266794],
"8000 28th av nw":[47.6869524,-122.3927038],
"8923 2nd av ne":[47.693812,-122.327465],
"palatine av n \/ n 115th st":[47.7123546,-122.356838],
"s bayview st \/ 21st av s":[47.5810012,-122.3055793],
"stone av n \/ n 98th st":[47.7005166,-122.3419318]
}