{
"10042 9th av nw":[47.7028538,-122.3684292],
"107 pike st":[47.6089195,-122.3394157],
"1101 e harrison st":[47.6218408,-122.317596],
"11035 5th av ne":[47.7088997,-122.3234178],
"12017 22nd av ne":[47.716181,-122.306245],
"1501 32nd av":[47.6142394,-122.2915565],
"199 n canal st":[47.6516632,-122.3573353],
"2111 westlake av n":[47.6385562,-122.3414162],
"214 nw 73rd st":[47.682011,-122.360172],
"220 nw 58th st":[47.6712352,-122.3598058],
"316 virginia st":[47.6128967,-122.3405801],
"3215 sw raymond st":[47.547826,-122.374132],
"3218 w lynn st":[47.6391834,-122.3992477],
"35th av ne \/ 33rd pl ne":[47.7143564,-122.29151],
"3715 40th av sw":[47.570726,-122.382851],
"38th av ne \/ ne 105th st":[47.7047575,-122.2881171],
"4054 54th av sw":[47.5670069,-122.401463],
"4216 pend oreille rd ne":[47.6592222,-122.3033618],
"5257 university way ne":[47.6680547,-122.3133588],
"5903 24th av s":[47.54995,-122.302504],
"6011 42nd av sw":[47.5480622,-122.3859689],
"6701 flora av s":[47.542198,-122.320986],
"711 w bertona st":[47.65026,-122.366894],
"7412 latona av ne":[47.6823809,-122.3261686],
"7724 37th av ne":[47.6856358,-122.2881432],
"7843 11th av ne":[47.6865809,-122.316601],
"7958 32nd av sw":[47.530258,-122.37355],
"9308 26th pl nw":[47.6973385,-122.3904794],
"9610 marmount dr nw":[47.6990084,-122.3899544],
"9752 8th av nw":[47.7011807,-122.365788],
"aurora av n \/ n 96th st":[47.6987235,-122.344605],
"lake washington blvd e \/ e denny blaine pl":[47.6202259,-122.2816606],
"ne ravenna blvd \/ east green lake dr n":[47.6789052,-122.3262644]
}