{
"11311 corliss av n":[47.7108314,-122.331379],
"12009 hiram pl ne":[47.715885,-122.298976],
"1316 n lucas pl":[47.6560483,-122.3415402],
"1510 melrose av":[47.614385,-122.327591],
"2133 queen anne av n":[47.6381906,-122.3573177],
"2372 franklin av e":[47.641863,-122.324332],
"3835 23rd av w":[47.6550373,-122.386012],
"4105 ne 60th st":[47.671867,-122.283157],
"411 27th av e":[47.622973,-122.298017],
"4408 beach dr sw":[47.564466,-122.406041],
"44th av sw \/ sw dawson st":[47.5565238,-122.3883949],
"5026 university way ne":[47.6657152,-122.3127125],
"5411 45th av sw":[47.5535085,-122.3901471],
"543 ne 86th st":[47.691042,-122.321119],
"6042 50th av ne":[47.6733886,-122.2735691],
"608 n 62nd st":[47.674093,-122.350899],
"627 nw 51st st":[47.6655195,-122.3645048],
"6514 52nd av ne":[47.67625,-122.271228],
"6533 seward park av s":[47.5434849,-122.264843],
"6610 ne 60th st":[47.672403,-122.255036],
"7010 s 115th st":[47.49994,-122.246489],
"7030 16th av nw":[47.680464,-122.37752],
"7056 dibble av nw":[47.681206,-122.366992],
"7510 28th av nw":[47.6834799,-122.392673],
"8121 18th av sw":[47.529407,-122.358138],
"8924 45th av ne":[47.693676,-122.279644],
"923 33rd av":[47.6111445,-122.2906902],
"9320 31st av nw":[47.697328,-122.395769],
"nw 61st st \/ 15th av nw":[47.673105,-122.3762231]
}