{
"101 lynn st":[47.638895,-122.355386],
"1046 - 1199 harbor av sw":[47.593224,-122.3832669],
"1117 32nd av s":[47.592975,-122.2920108],
"11521 corliss av n":[47.712902,-122.331972],
"11th av w \/ w howe st":[47.6359463,-122.3716811],
"12753 27th av ne":[47.722593,-122.299526],
"13708 25th av ne":[47.728647,-122.301437],
"1501 nw 75th st":[47.6832286,-122.3768075],
"1610 ne 140th st":[47.7302888,-122.3128628],
"1821 41st av e":[47.6353921,-122.2799756],
"1916 n 49th st":[47.66451,-122.334324],
"2013 16th av s":[47.5850991,-122.3123901],
"2023 s main st":[47.599762,-122.305296],
"2206 1st av w":[47.638677,-122.35787],
"2300 s holly st":[47.5428969,-122.3026715],
"2400 e alder st":[47.6043303,-122.3010706],
"3049 31st av w":[47.648283,-122.397329],
"3211 harbor av sw":[47.5718102,-122.3708106],
"3807 ne 91st st":[47.694311,-122.287504],
"3823 s willow st":[47.540466,-122.283719],
"3825 ne 97th st":[47.699048,-122.286887],
"3903 densmore av n":[47.6545016,-122.3377291],
"4215 32nd av w":[47.6581336,-122.3985906],
"4222 latona av ne":[47.658384,-122.324824],
"4413 12th av ne":[47.6608939,-122.3154789],
"4447 26th av w":[47.6607746,-122.3902839],
"5004 26th av sw":[47.557231,-122.365175],
"5009 s roxbury st":[47.516633,-122.27067],
"5026 36th av ne":[47.665646,-122.288736],
"546 n 80th st":[47.68716,-122.350557],
"5737 37th av ne":[47.671428,-122.288342],
"6022 35th av nw":[47.6728414,-122.4015674],
"6306 46th av sw":[47.5464429,-122.390903],
"6521 california av sw":[47.5441409,-122.3874563],
"67 delridge way sw":[47.5424547,-122.3612099],
"6877 holly park dr s":[47.5402991,-122.2881183],
"7104 fremont av n":[47.680529,-122.349594],
"7200 california av sw":[47.538763,-122.386699],
"8503 stone av n":[47.6907266,-122.3414597],
"8515 19th av nw":[47.6910724,-122.3813981],
"910 nw 120th st":[47.716251,-122.368093],
"9200 m l king jr way s":[47.5202235,-122.2797543],
"aurora av n \/ valley st":[47.6262741,-122.3435166],
"terry av \/ seneca st":[47.6102904,-122.3275564]
}