{
"10th av s \/ s kenyon st":[47.5315647,-122.3201539],
"1130 nw 54th st":[47.6680782,-122.372079],
"12 s idaho st":[47.5648733,-122.3419114],
"1216 e barclay ct":[47.6069988,-122.3159226],
"1627 belmont av":[47.6160473,-122.3248243],
"2127 queen anne av n":[47.6379927,-122.3572096],
"2152 n 89th st":[47.693319,-122.33157],
"225 n 70th st":[47.6793248,-122.3558637],
"2313 3rd av":[47.6148666,-122.3456523],
"2501 e helen st":[47.6279457,-122.3001854],
"2713 15th av s":[47.5790186,-122.3138526],
"3101 s king st":[47.597782,-122.292381],
"3615 38th av s":[47.5710177,-122.285322],
"3655 albion pl n":[47.6522297,-122.3450084],
"3901 walla walla rd ne":[47.652692,-122.3001845],
"3903 47th av s":[47.568637,-122.274855],
"4750 35th av s":[47.5592359,-122.2885919],
"50 s jackson st":[47.5992196,-122.3359353],
"520 westlake av n":[47.623944,-122.338041],
"5656 sw spokane st":[47.5723882,-122.4049756],
"6007 m l king jr way s":[47.5476842,-122.2867012],
"6825 seward park av s":[47.540872,-122.266227],
"7125 38th av s":[47.5384731,-122.2846903],
"8711 40th av sw":[47.524852,-122.383397],
"aurora av nb off rp n":[47.6526183,-122.3470786],
"lake washington blvd \/ e howell st":[47.6176641,-122.2815853],
"ne 65th st \/ 1st av ne":[47.6759368,-122.3281568]
}