{
"1027 ne 65th st":[47.6757001,-122.3164604],
"10314 40th av ne":[47.703436,-122.285103],
"10317 15th av ne":[47.7036124,-122.3123928],
"11042 3rd av ne":[47.70895,-122.3259586],
"1200 nw blakely ct":[47.7231639,-122.3719763],
"12315 28th av ne":[47.717833,-122.298291],
"14008 lenora pl n":[47.7308134,-122.3431377],
"14322 22nd av ne":[47.733069,-122.305574],
"1541 nw 53rd st":[47.666868,-122.377994],
"1808 n 46th st":[47.662372,-122.335924],
"1825 sw myrtle st":[47.538901,-122.358496],
"1903 s walker st":[47.583454,-122.307915],
"2219 w bertona st":[47.650104,-122.385486],
"2302 1st av":[47.6136917,-122.3464784],
"2502 23rd av s":[47.5808622,-122.3029862],
"2618 46th av sw":[47.580596,-122.390235],
"2740 ne 143rd pl":[47.7329402,-122.2973669],
"2825 w elmore pl":[47.6569511,-122.3939477],
"33rd av w \/ w commodore way":[47.6646368,-122.3995939],
"3469 3rd av w":[47.651542,-122.361557],
"3815 51st av sw":[47.569794,-122.397863],
"4048 19th av sw":[47.566861,-122.357738],
"4301 aurora av n":[47.659739,-122.347744],
"4714 beach dr sw":[47.560514,-122.403152],
"5016 19th av ne":[47.6654354,-122.3068754],
"5302 47th av sw":[47.554687,-122.391961],
"5706 rainier av s":[47.5510166,-122.2773271],
"6521 32nd av nw":[47.6764732,-122.3986709],
"726 n 92nd st":[47.695875,-122.348768],
"7306 blake pl sw":[47.537753,-122.390599],
"7347 27th av sw":[47.536038,-122.367485],
"819 boylston av":[47.6096545,-122.3212732],
"8306 18th av nw":[47.689009,-122.379716],
"8812 lake city way ne":[47.6924506,-122.3056669],
"9100 23rd av nw":[47.6950817,-122.3850319],
"9310 48th av s":[47.518693,-122.2728813],
"9688 rainier av s":[47.517301,-122.254439],
"harbor av sw \/ sw florida st":[47.584749,-122.375516],
"hubbell pl \/ terry av":[47.6129838,-122.3299611],
"minor av \/ howell st":[47.6168633,-122.3305455],
"s king st \/ 10th av s":[47.5983467,-122.3196407]
}