{
"10556 phinney av n":[47.706714,-122.353783],
"11559 36th av ne":[47.7136056,-122.2895684],
"1206 ne 68th st":[47.6782119,-122.3153158],
"1215 n 45th st":[47.6612275,-122.3430452],
"1234 22nd av e":[47.631625,-122.303174],
"14352 lake city way ne":[47.7335009,-122.2920014],
"1444 21st av":[47.614268,-122.304517],
"1617 n 52nd st":[47.666288,-122.337681],
"18th av e \/ e harrison st":[47.6220729,-122.3087115],
"200 n 39th st":[47.6544448,-122.3564401],
"2321 2nd av":[47.6143314,-122.3466323],
"24th av s \/ s andover st":[47.5685021,-122.3018539],
"2525 s willow st":[47.5407332,-122.3000062],
"2548 s graham st":[47.546532,-122.298143],
"3056 ne 98th st":[47.700429,-122.293727],
"3101 - 3199 sw holly st":[47.542841,-122.372272],
"3311 36th av s":[47.573402,-122.288055],
"3415 33rd av w":[47.6509536,-122.3995421],
"3629 34th av w":[47.653109,-122.40135],
"3815 sw 107th st":[47.5070679,-122.380676],
"3931 wallingford av n":[47.6552468,-122.3365626],
"4119 midvale av n":[47.657216,-122.3438047],
"422 ne maple leaf pl":[47.681892,-122.324706],
"4324 s holden st":[47.533614,-122.277764],
"4836 s austin st":[47.53501,-122.271026],
"4937 s rose st":[47.5291076,-122.2706896],
"505 30th av":[47.6063509,-122.2940302],
"5730 38th av ne":[47.671318,-122.28655],
"606 nw 132nd st":[47.7252463,-122.364047],
"616 ne northlake pl":[47.6552461,-122.3213485],
"6506 rainier av s":[47.5440165,-122.2735675],
"7538 18th av nw":[47.6843576,-122.3796595],
"8835 stone av n":[47.693453,-122.341756],
"9434 23rd av sw":[47.5181322,-122.3623318],
"9813 59th av s":[47.512932,-122.259782],
"nb i5 exp at 50":[47.656044,-122.322371],
"sb i5 exp fr 1":[47.703099,-122.328923]
}