{
"114 n 122nd st":[47.718048,-122.357578],
"12059 aurora av n":[47.7176147,-122.3453815],
"13300 linden av n":[47.7252766,-122.3478848],
"14021 15th av ne":[47.7328082,-122.312754],
"1409 ne 70th st":[47.679198,-122.31275],
"1530 n 121st st":[47.716585,-122.338182],
"2010 e cherry st":[47.6082759,-122.30577],
"2211 46th av sw":[47.583655,-122.390924],
"2307 sw myrtle st":[47.538931,-122.361982],
"2722 32nd av s":[47.5789382,-122.2915948],
"2742 6th pl s":[47.5793644,-122.3252092],
"29th av \/ e alder st":[47.604207,-122.2948972],
"3028 63rd av sw":[47.577537,-122.412934],
"312 1st av s":[47.5996017,-122.3336778],
"4447 41st av sw":[47.563297,-122.384531],
"4754 7th av ne":[47.664691,-122.320375],
"5215 46th av s":[47.55477,-122.275791],
"6020 ne 57th st":[47.67014,-122.262481],
"610 wheeler st":[47.641142,-122.34389],
"6301 15th av nw":[47.6747516,-122.3764668],
"6547 40th av sw":[47.5434127,-122.3835362],
"707 ne 97th st":[47.6993702,-122.3211655],
"727 yesler way":[47.6016938,-122.3239859],
"807 n 42nd st":[47.6575991,-122.3480322],
"8156 30th av sw":[47.528446,-122.37086],
"8810 40th av ne":[47.693017,-122.284422],
"915 n 75th st":[47.6831287,-122.3457219],
"917 e yesler way":[47.6014266,-122.3202676],
"9406 4th av sw":[47.51887,-122.3399031],
"bigelow av n \/ galer st":[47.6323069,-122.3484304],
"boyer av e \/ everett av e":[47.6416647,-122.3144424],
"fremont av n \/ n 43rd st":[47.65895,-122.3500396],
"nb sr99 fr battery":[47.6187046,-122.343471],
"stewart st \/ 1st av":[47.610273,-122.341345]
}