{
"10001 49th av ne":[47.70135,-122.275624],
"10714 24th av ne":[47.706765,-122.30207],
"1535 nw 100th st":[47.7014,-122.378263],
"1716 dexter av n":[47.6345148,-122.3419359],
"2111 n northgate way":[47.7084355,-122.3333015],
"2154 ne 100th st":[47.701441,-122.304626],
"2317 w bertona st":[47.6501771,-122.3868166],
"2601 w smith st":[47.6404328,-122.3910141],
"28th av nw \/ ballard terminal":[47.6676508,-122.3930613],
"3250 california av sw":[47.5741162,-122.3863887],
"3923 woodlawn av n":[47.6550461,-122.3390152],
"4500 39th av sw":[47.5626876,-122.3814373],
"5634 17th av sw":[47.550807,-122.355634],
"609 37th av":[47.607129,-122.286459],
"6656 57th av ne":[47.67821,-122.266804],
"7030 27th av ne":[47.6803156,-122.2982807],
"8526 19th av nw":[47.6914016,-122.3807891],
"8804 37th av s":[47.524022,-122.285601],
"918 w mcgraw st":[47.639718,-122.3698265]
}