{
"12710 palatine av n":[47.721839,-122.356505],
"153 nw 83rd st":[47.6888927,-122.3602965],
"156 nw 65th st":[47.676201,-122.35886],
"1761 14th av s":[47.5873262,-122.3150938],
"3012 48th av sw":[47.5770571,-122.3930697],
"311 nw 112th st":[47.710195,-122.361386],
"3272 nw esplanade":[47.697959,-122.400782],
"3277 42nd av sw":[47.573422,-122.385996],
"3402 ne 62nd st":[47.6741373,-122.2909192],
"3442 nw 62nd st":[47.6741382,-122.4029731],
"3456 22nd av w":[47.6519843,-122.3843863],
"3648 francis av n":[47.6534549,-122.3530914],
"4523 s kenyon st":[47.531337,-122.274947],
"4600 s othello st":[47.537172,-122.27502],
"4917 43rd av s":[47.5576239,-122.279854],
"5015 s fletcher st":[47.518824,-122.2706817],
"6242 chatham dr s":[47.546194,-122.264548],
"6585 ne windermere rd":[47.672157,-122.255668],
"6741 12th av sw":[47.541673,-122.350687],
"914 e jefferson st":[47.60635,-122.319716],
"dayton av n \/ n 70th st":[47.6796368,-122.3526024],
"s conover way \/ 38th av s":[47.561782,-122.2849481]
}