{
"0 - 0 sb i5 cd at dearborn":[47.598717,-122.321656],
"103 newell st":[47.6445114,-122.3553273],
"1036 6th av s":[47.5930131,-122.325693],
"10647 61st av s":[47.50484,-122.257481],
"112 seneca st":[47.6061891,-122.3374251],
"1320 e union st":[47.6129154,-122.3145459],
"1628 palm av sw":[47.588415,-122.384062],
"1731 nw 58th st":[47.6706844,-122.3802932],
"1902 sw orchard st":[47.5378089,-122.359191],
"1st av ne \/ ne 90th st":[47.6940888,-122.3284107],
"220 17th av":[47.604066,-122.309911],
"2412 magnolia blvd w":[47.640158,-122.411045],
"25 av ne \/ ne 65 st":[47.6757734,-122.300635],
"2631 nw 95th st":[47.6977174,-122.3910073],
"3008 e pine st":[47.6154513,-122.2930781],
"3404 10th av w":[47.6508406,-122.369893],
"3655 dayton av n":[47.653474,-122.352777],
"3955 s orcas st":[47.550967,-122.281006],
"3rd ave ne \/ ne 100th st":[47.7013567,-122.3258342],
"4243 s eddy st":[47.544861,-122.27916],
"4272 fremont av n":[47.6591888,-122.3496822],
"4531 55th av ne":[47.662143,-122.269043],
"4624 lawton ln w":[47.6643711,-122.4026517],
"4830 fauntleroy way sw":[47.558281,-122.381054],
"5346 s leo st":[47.502856,-122.265599],
"5414 20th av nw":[47.6683251,-122.3818682],
"5507 8th av ne":[47.6688918,-122.3203616],
"5538 east green lake way n":[47.6699389,-122.3396543],
"5818 15th av s":[47.550429,-122.31311],
"5914 34th ct s":[47.549421,-122.289088],
"5934 47th av s":[47.5487179,-122.2736713],
"6117 woodland pl n":[47.673701,-122.348077],
"616 n 62nd st":[47.674174,-122.3505599],
"650 s dearborn st":[47.596101,-122.324692],
"6935 fauntleroy way sw":[47.5413664,-122.3904622],
"725 s monroe st":[47.5312333,-122.3245153],
"7325 24th av nw":[47.6821186,-122.387839],
"800 4th av n":[47.626818,-122.348483],
"820 lakeside av s":[47.595036,-122.287162],
"9009 18th av sw":[47.522618,-122.358081],
"9053 m l king jr way s":[47.522506,-122.279816],
"918 1st av s":[47.594169,-122.3341505],
"9413 16th av sw":[47.5187275,-122.3554845],
"i90 bike trl":[47.5904776,-122.287251],
"rainier av s \/ s andover st":[47.5679461,-122.2892164],
"stewart st \/ terry av":[47.616279,-122.333579]
}