{
"0 - 0 nb i5 to michigan":[47.552263,-122.319291],
"10059 45th av ne":[47.70286,-122.28046],
"10271 maplewood pl sw":[47.510172,-122.392684],
"13714 ashworth av n":[47.729137,-122.339236],
"1900 terry av":[47.6162963,-122.33358],
"2016 16th av s":[47.5849553,-122.3117272],
"215 n 58th st":[47.6710366,-122.3558318],
"2628 ne university village st":[47.6635346,-122.2992017],
"3009 ne 105th st":[47.704524,-122.295791],
"3500 25th av w":[47.6518749,-122.388433],
"3834 46th av ne":[47.6564048,-122.2783838],
"406 comstock pl":[47.630845,-122.348812],
"4401 sw edmunds st":[47.559196,-122.388439],
"4406 38th av sw":[47.5643797,-122.3797631],
"503 n 36th st":[47.6514594,-122.3521964],
"5500 university way ne":[47.6686495,-122.3127047],
"551 n 137th st":[47.7282725,-122.3512299],
"5711 latona av ne":[47.670481,-122.325871],
"6023 41st av ne":[47.672849,-122.283927],
"6801 perimeter rd s":[47.5423152,-122.3083871],
"6th av \/ madison st":[47.6070145,-122.3306952],
"900 w emerson st":[47.652385,-122.36893],
"9053 37th av s":[47.5219662,-122.2862868],
"944 n 84th st":[47.690057,-122.345296],
"ballard av nw \/ nw ione pl":[47.6651029,-122.381664],
"n 39th st \/ whitman av n":[47.6541352,-122.3459697],
"nw 54th st \/ nw market st":[47.6685573,-122.3948402],
"sb i5 at i90":[47.601669,-122.324897]
}