{
"10628 59th av s":[47.5052326,-122.2591527],
"11758 meridian av n":[47.71572,-122.333744],
"1238 s king st":[47.5983498,-122.3154801],
"13711 32nd av ne":[47.728626,-122.294409],
"14388 30th av ne":[47.7330404,-122.296496],
"1571 parkside dr e":[47.634202,-122.291692],
"16th av ne \/ ne 82nd st":[47.6885068,-122.3111198],
"1828 yale av":[47.6182184,-122.3304682],
"1st av n \/ blaine st":[47.6348715,-122.3556196],
"2420 31st av w":[47.640265,-122.396623],
"2814 21st av s":[47.5778763,-122.3051276],
"341 nw 54th st":[47.667681,-122.362659],
"5050 8th av ne":[47.6664313,-122.3190412],
"5401 26th av ne":[47.6679939,-122.2995636],
"6229 wilson av s":[47.546386,-122.264],
"6543 49th av sw":[47.543759,-122.39572],
"6843 55th av ne":[47.6788213,-122.269233],
"7026-7041 sylvan way sw":[47.5401714,-122.3675617],
"723 w dravus st":[47.6482714,-122.3673017],
"7470 corliss av n":[47.684708,-122.330094],
"808 33rd av e":[47.626529,-122.289151],
"8244 northrop pl sw":[47.529165,-122.3882],
"906 nw 54th st":[47.668111,-122.369015],
"9250 22nd av sw":[47.519563,-122.361458],
"9529 evanston av n":[47.6987349,-122.3512652],
"9th av ne \/ ne 70th st":[47.6794822,-122.3187437],
"convention pl \/ 9th av":[47.6125056,-122.3311618],
"ne 64th st \/ 9th av ne":[47.6749907,-122.3187052],
"sw brandon st \/ delridge way sw":[47.5537256,-122.3629421]
}