{
"0 - 0 nb i5 at 130":[47.719838,-122.324131],
"1006 15th av e":[47.6278737,-122.3121756],
"1009 broadway":[47.6114078,-122.3208426],
"11424 woodley av s":[47.500252,-122.242213],
"11449 70th pl s":[47.5004813,-122.2472636],
"115 18th av e":[47.6189899,-122.309207],
"12322 22nd av ne":[47.7181601,-122.305562],
"1415 elliott av w":[47.6306455,-122.37407],
"1501 franklin av e":[47.6322819,-122.3249968],
"1520 franklin av e":[47.6326743,-122.3248155],
"1735 25th av":[47.6175039,-122.30035],
"1948 occidental av s":[47.5835082,-122.3328718],
"2018 1st av n":[47.637126,-122.355241],
"2109 nob hill av n":[47.637696,-122.351094],
"212 12th av e":[47.6204178,-122.3169109],
"2317 nw 80th st":[47.6866706,-122.3861807],
"2332 s orcas st":[47.5512225,-122.3025892],
"2442 6th av w":[47.640828,-122.36454],
"302 s brandon st":[47.5543235,-122.3306888],
"3205 24th av w":[47.6487112,-122.3876497],
"3221 25th av s":[47.5744007,-122.3009079],
"3403 hunter blvd s":[47.572286,-122.285418],
"3630 courtland pl s":[47.570675,-122.286893],
"41st av sw \/ fauntleroy way sw":[47.5454115,-122.3844393],
"420 n 70th st":[47.6798341,-122.3533955],
"4216 ne 123rd st":[47.717445,-122.282293],
"4233 1st av nw":[47.6586984,-122.3575587],
"600 9th av":[47.6058676,-122.3246614],
"6300 california av sw":[47.5466773,-122.3871834],
"6528 mcarthur ct sw":[47.5442537,-122.3680903],
"6724 shaffer av s":[47.5419117,-122.2946128],
"6839 44th av ne":[47.6787584,-122.2815846],
"710 n 90th st":[47.69442,-122.349401],
"805 10th av":[47.6119279,-122.319248],
"816 lake washington blvd s":[47.595194,-122.288641],
"869 nw 85th st":[47.6905469,-122.3680452],
"8741 palatine av n":[47.693549,-122.357054],
"912 alaskan way":[47.6031509,-122.3379077],
"9533 14th av nw":[47.6988988,-122.3743606],
"9734 61st av s":[47.514475,-122.2566947],
"ellis av s \/ s elizabeth st":[47.5448131,-122.3186224],
"marion st \/ 8th av":[47.607226,-122.3278214],
"melrose av \/ pike st":[47.6139385,-122.3278157],
"ne 115th st \/ 40th av ne":[47.7118748,-122.285284]
}