{
"1029 ne 69th st":[47.6785744,-122.3161179],
"10540 11th av nw":[47.706337,-122.36983],
"10722 3rd av nw":[47.707648,-122.360424],
"1108 w blaine st":[47.634935,-122.372123],
"116 nw 130th st":[47.723497,-122.359056],
"12359 14th av ne":[47.7192612,-122.3140491],
"13040 1st av ne":[47.7243099,-122.3285334],
"13205 15th av ne":[47.7249795,-122.3126731],
"13755 densmore av n":[47.730324,-122.338693],
"1427 harvard av":[47.6133872,-122.3221219],
"1619 42nd av e":[47.633957,-122.278938],
"16217 6th av ne":[47.746587,-122.322987],
"2000 boylston av e":[47.6371814,-122.3235051],
"3247 20th av w":[47.6498996,-122.3823947],
"3831 17th av sw":[47.5692211,-122.3562263],
"3915 43rd av s":[47.5682964,-122.2798377],
"3928 s graham st":[47.5466329,-122.2820932],
"3939 sw 107th st":[47.507138,-122.383286],
"5130 s director st":[47.522157,-122.268537],
"5138 s garden loop rd":[47.5130057,-122.269766],
"5233 m l king jr way s":[47.554287,-122.289926],
"5247 fauntleroy way sw":[47.5543293,-122.381613],
"5315 latona av ne":[47.667665,-122.325868],
"7520 31st av nw":[47.6837191,-122.3965964],
"8136 17th av sw":[47.52897,-122.356028],
"842 ne 123rd st":[47.717889,-122.319019],
"8530 19th av nw":[47.6915216,-122.3808247],
"8th av w \/ w bertona st":[47.6504613,-122.3674251],
"9026 17th av sw":[47.5220407,-122.3558929],
"9028 12th av ne":[47.69478,-122.314559],
"brooklyn av ne \/ ne pacific st":[47.6536348,-122.3144852],
"e union st \/ 31st av":[47.6129362,-122.2925564],
"roosevelt way ne \/ ne 102nd st":[47.7022066,-122.3177145],
"s mcclellan st \/ 26th av s":[47.5783446,-122.2992733],
"w emerson pl \/ 19th av w":[47.6543126,-122.3813216]
}