{
"13231 aurora av n":[47.7246385,-122.3459561],
"13741 15th av ne":[47.7295882,-122.3145134],
"1506 5th av":[47.6109955,-122.3351004],
"1910 nw 100th st":[47.701968,-122.381734],
"1916 17th av s":[47.585807,-122.310383],
"1928 10th av w":[47.6368096,-122.3699546],
"2026 s lane st":[47.5968473,-122.3050931],
"2200 n northlake way":[47.6471184,-122.3333044],
"2325 nw 97th st":[47.6994929,-122.386379],
"2436 nw 56th st":[47.669579,-122.3894091],
"24th av e \/ e louisa st":[47.6424483,-122.3021182],
"2529 yale av e":[47.642795,-122.327446],
"2625-2698 east montlake pl e":[47.6436999,-122.3041673],
"2630 west viewmont way w":[47.644164,-122.409252],
"2914 9th av w":[47.646377,-122.369054],
"3406 fremont av n":[47.6498083,-122.3494631],
"3839 39th av s":[47.568587,-122.284296],
"4023 aikins av sw":[47.5678286,-122.4069914],
"4327 ne 55th st":[47.668558,-122.280943],
"5518 34th av ne":[47.6690969,-122.2911448],
"7732 16th av sw":[47.5326643,-122.3547257],
"7739 1st av s":[47.5336984,-122.3370456],
"7th av \/ university st":[47.6096504,-122.3316507],
"8310 greenwood av n":[47.6895049,-122.354948],
"927 s homer st":[47.5505048,-122.3190874],
"9703 51st av s":[47.5141202,-122.2703569],
"9734 33rd av sw":[47.515652,-122.374105],
"9830 42nd av sw":[47.514785,-122.385625],
"e prospect st \/ 41st av e":[47.6286322,-122.2799791],
"nb i5 at ne 145 st":[47.72959,-122.324067],
"s waite st \/ 20th av s":[47.5802638,-122.3065845],
"w howe st \/ magnolia blvd w":[47.6358843,-122.4050856]
}