{
"101 nickerson st":[47.6484111,-122.3554114],
"11515 9th av ne":[47.712703,-122.319733],
"11th av sw turn rd":[47.5174211,-122.3492905],
"1525 18th av e":[47.6332399,-122.3089954],
"1700 nw 57th st":[47.6701911,-122.3789139],
"2036 nw 63rd st":[47.6745739,-122.3837675],
"2803 sw trenton st":[47.5245189,-122.3690268],
"330 ne 55th st":[47.668789,-122.3241586],
"3303 cheasty blvd s":[47.573884,-122.299938],
"3431 e florence ct":[47.618896,-122.287714],
"3520 26th av sw":[47.572191,-122.3649822],
"401 cedar st":[47.6178408,-122.3477445],
"4100 ne 55th st":[47.6685415,-122.282379],
"4114 12th av s":[47.5666811,-122.3168821],
"4511 ne 93rd st":[47.695942,-122.279314],
"4700 41st av sw":[47.5610459,-122.3841038],
"5308 sw genesee st":[47.565148,-122.400719],
"544 n 79th st":[47.6864369,-122.3504758],
"5703 ne 57th st":[47.669821,-122.266696],
"6045 18th av sw":[47.546949,-122.357525],
"6065 5th av ne":[47.6740711,-122.3236353],
"6528 22nd av nw":[47.676851,-122.383959],
"6801 42nd av s":[47.541317,-122.281149],
"7337 39th av sw":[47.536404,-122.38246],
"7813 meridian av n":[47.68644,-122.333433],
"7930 rainier av s":[47.5307965,-122.2694964],
"8034 beacon av s":[47.529953,-122.2876187],
"8106 22nd av sw":[47.529789,-122.361421],
"8626 26th av ne":[47.691303,-122.299993],
"florentia st \/ fremont br":[47.6468797,-122.3497537],
"n 65th st \/ east green lake way n":[47.6759911,-122.3326812],
"ne 45th pl \/ ne blakeley st":[47.6619549,-122.2915054],
"ravenna av ne \/ ne 73rd st":[47.6812439,-122.303933],
"sb i5 cd to 4":[47.594932,-122.32084],
"shilshole av nw \/ 14th av nw":[47.6609546,-122.3736317]
}