{
"10015 40th av ne":[47.701604,-122.285721],
"106 ne 59th st":[47.6717727,-122.3278191],
"1119 m l king jr way s":[47.59243,-122.298146],
"1546 magnolia blvd w":[47.634031,-122.400584],
"1920 sw brandon st":[47.5537292,-122.3587818],
"2026 ne 120th st":[47.7159514,-122.3061105],
"23rd av w \/ thorndyke av w":[47.6405093,-122.3863566],
"2922 s fontanelle st":[47.5360206,-122.2949323],
"3232 ne 97th st":[47.699553,-122.291843],
"3439 9th av w":[47.6516997,-122.3691088],
"401 n 117th st":[47.7141466,-122.3541606],
"4452 39th av sw":[47.563118,-122.381092],
"4525 51st av ne":[47.662052,-122.272789],
"5051 s barton pl":[47.5201269,-122.2707974],
"506 maynard av s":[47.5980699,-122.3247823],
"5622 42nd av sw":[47.551385,-122.385225],
"5775 s eddy st":[47.544692,-122.258707],
"5th av w \/ w howe st":[47.6359425,-122.3636356],
"6245 43rd av ne":[47.675315,-122.282559],
"6329 high point dr sw":[47.5468459,-122.3690862],
"6524 31st av ne":[47.676536,-122.293736],
"7318 4th av s":[47.5367917,-122.329256],
"7902 37th av sw":[47.53184,-122.37902],
"809 ne 60th st":[47.6720328,-122.3196126],
"8134 8th av sw":[47.529108,-122.345111],
"wb sr 520":[47.636021,-122.227911]
}