{
"10845 34th av sw":[47.50518,-122.375022],
"111 pine st":[47.6098548,-122.3402992],
"13731 3rd av nw":[47.729597,-122.361594],
"13th av e \/ e harrison st":[47.6219665,-122.3157073],
"1408 sunset av sw":[47.591132,-122.388976],
"14324 19th av ne":[47.732884,-122.308235],
"1716 nw 89th st":[47.6941374,-122.3798111],
"1717 nw 58th st":[47.6707451,-122.3797854],
"1800 terry av":[47.6158987,-122.3323744],
"1908 23rd av s":[47.585977,-122.302552],
"2016 ne 61st st":[47.6728053,-122.3057534],
"213 14th av e":[47.6202162,-122.3143321],
"3103 21st av s":[47.57565,-122.305735],
"3600 stone way n":[47.6509448,-122.3422428],
"3650 phinney av n":[47.6537426,-122.3542532],
"3757 rainier av s":[47.5697799,-122.2913889],
"4034 31st av s":[47.5670291,-122.2917797],
"4135 brooklyn av ne":[47.6579493,-122.3147579],
"4435 s camano pl":[47.527188,-122.276486],
"46th av sw \/ sw college st":[47.582997,-122.3905562],
"4803 s mayflower st":[47.5539274,-122.2723805],
"4818 s spencer st":[47.547955,-122.271753],
"4849 delridge way sw":[47.5578519,-122.363459],
"516 broadway e":[47.62361,-122.3205862],
"5264 brooklyn av ne":[47.6682648,-122.3138288],
"5536 25th av ne":[47.6696,-122.300301],
"5900 whitman av n":[47.6649928,-122.3460556],
"5938 26th av sw":[47.548984,-122.364957],
"6003 3rd av nw":[47.6726217,-122.3609854],
"6107 beacon av s":[47.547458,-122.301334],
"6319 38th av sw":[47.546024,-122.380868],
"6816 37th av ne":[47.678138,-122.287869],
"700 s trenton st":[47.525035,-122.32527],
"737 12th av e":[47.6263955,-122.3171873],
"8045 31st av nw":[47.68808,-122.397364],
"8523 interlake av n":[47.6911557,-122.3404591],
"9245 18th av sw":[47.519673,-122.3582425],
"9251 11th av sw":[47.5194924,-122.3496728],
"s forest st \/ 1st av s":[47.5777276,-122.3342004],
"sherwood rd nw \/ nw culbertson dr":[47.7321019,-122.3701468],
"vine st \/ 2nd av":[47.6159119,-122.348825]
}