{
"10160 holman rd nw":[47.7027363,-122.3600162],
"103 nw 140th st":[47.730357,-122.3586936],
"1244 n 44th st":[47.6599806,-122.3427124],
"17th av \/ e jefferson st":[47.6061831,-122.3102421],
"1st av & pine st":[47.6098221,-122.3409415],
"303 s king st":[47.5983802,-122.3302241],
"3248 s edmunds st":[47.558807,-122.2894892],
"3954 1st av ne":[47.6553125,-122.327576],
"426 s cloverdale st":[47.5270129,-122.329467],
"430 28th av s":[47.598213,-122.295908],
"4319 sw brandon st":[47.553683,-122.387917],
"4722 30th av s":[47.5600855,-122.29338],
"4875 20th av s":[47.558485,-122.307263],
"52nd av s \/ s alaska st":[47.5606426,-122.2681944],
"5643 36th av sw":[47.5507083,-122.3779291],
"6258 53rd av ne":[47.675462,-122.269962],
"6320 60th av ne":[47.6748016,-122.2635088],
"6355 sand point way ne":[47.6748903,-122.2643737],
"6559 beach dr sw":[47.543437,-122.397116],
"7509 40th av ne":[47.6833699,-122.285538],
"7582 45th av sw":[47.533989,-122.389988],
"800 nw 45th st":[47.6614717,-122.3661843],
"8914 lake city way ne":[47.6937664,-122.3051692],
"8th av ne \/ ne 64th st":[47.674991,-122.320056],
"916 nw 57th st":[47.670391,-122.369506],
"920 21st av e":[47.6274946,-122.3043818],
"9215 24th av nw":[47.696547,-122.387892],
"9249 8th av nw":[47.697436,-122.36643],
"e mcgilvra st \/ 37th av e":[47.6413014,-122.2852061],
"sw myrtle st \/ california av sw":[47.5399273,-122.3872847],
"wb i90 exp at midspan":[47.589708,-122.2681289]
}