{
"10418 20th av ne":[47.704219,-122.306699],
"10446 64th av s":[47.506811,-122.2532436],
"1240 sw orchard st":[47.538465,-122.352204],
"1701 ne 104th st":[47.703752,-122.309452],
"1820 16th av":[47.6182575,-122.3110575],
"1933 46th av sw":[47.585848,-122.390844],
"2000 3rd av":[47.6128244,-122.3410175],
"2419 10th av w":[47.6401726,-122.3703479],
"2533 shoreland dr s":[47.5811707,-122.2857344],
"317 30th av":[47.604707,-122.294053],
"3220 cheasty blvd s":[47.5743941,-122.2990636],
"33rd av s \/ s brandon st":[47.5534507,-122.2904577],
"4110 42nd av ne":[47.658825,-122.282387],
"5044 38th av ne":[47.66623,-122.286543],
"548 n 73rd st":[47.682026,-122.350475],
"5722 juneau ter s":[47.5504845,-122.2855074],
"601 w roy st":[47.625806,-122.364789],
"7818 fauntleroy way sw":[47.532576,-122.392282],
"823 ne 90th st":[47.6937957,-122.3193008],
"8510 10th av s":[47.526948,-122.319914],
"921 12th av e":[47.627226,-122.317152],
"9216 roosevelt way ne":[47.696365,-122.317254],
"931 n 77th st":[47.6845516,-122.3458117],
"9702 9th av nw":[47.7003259,-122.368427],
"sw admiral way \/ sw lander st":[47.5794207,-122.3941112],
"sw spokane st \/ 11th av sw":[47.5715275,-122.3475407]
}