{
"1008 8th av":[47.6081713,-122.3286507],
"1116 nw 58th st":[47.6711053,-122.3715588],
"12023 bartlett av ne":[47.716296,-122.284274],
"13718 27th av ne":[47.72893,-122.298869],
"1446 ne boat st":[47.6507602,-122.3125459],
"1810 e lynn st":[47.6397405,-122.3083557],
"2120 n 122nd st":[47.718587,-122.333649],
"2384 ne 90th st":[47.694092,-122.301935],
"2405 s spencer st":[47.5475843,-122.3004409],
"2423 s spencer st":[47.547496,-122.299713],
"2463 26th av e":[47.641409,-122.298984],
"3043 alki av sw":[47.577518,-122.417498],
"3127 s oregon st":[47.562859,-122.2918929],
"3208 nw 64th st":[47.6750453,-122.3988536],
"35th av sw \/ sw raymond st":[47.548318,-122.3763691],
"3610 60th av sw":[47.571888,-122.409245],
"3834 52nd av sw":[47.5692738,-122.3984919],
"4027 leary way nw":[47.6567893,-122.3629594],
"417 28th av s":[47.5986339,-122.296604],
"4303 sw donovan st":[47.525848,-122.387728],
"4712 35th av s":[47.5601523,-122.2884717],
"4801 airport way s":[47.5597742,-122.3232873],
"4th av w \/ w blaine st":[47.634756,-122.3623296],
"5000 phinney av n":[47.6651775,-122.3542136],
"5021 lake washington blvd s":[47.5565352,-122.2622453],
"616 e pine st":[47.6154192,-122.3238049],
"6200 3rd av nw":[47.6742374,-122.3607199],
"6522 52nd av ne":[47.6764429,-122.2715459],
"717 denny way":[47.6185438,-122.3430896],
"8208 39th av ne":[47.688727,-122.286071],
"8531 24th av nw":[47.691485,-122.387966],
"mount rainier dr s \/ s hanford st":[47.5752544,-122.2849435],
"sw juneau st \/ fauntleroy way sw":[47.5502432,-122.3824286],
"sw thistle st \/ 37th av sw":[47.5283434,-122.3793387],
"w mercer pl \/ w mercer st":[47.6246523,-122.3638178]
}