{
"0 - 0 sb i5 cd to dearborn":[47.595832,-122.321371],
"11028 31st av sw":[47.503788,-122.371921],
"1155 alaskan way s":[47.6048002,-122.3393927],
"14002 courtland pl n":[47.730631,-122.337708],
"14050 22nd av ne":[47.7310609,-122.30521],
"1422 n 47th st":[47.663084,-122.339612],
"1423 madrona dr":[47.6127819,-122.2825294],
"1746 s shelton st":[47.5580466,-122.3083963],
"2021 ne 75th st":[47.6828966,-122.3057357],
"2305 n 65th st":[47.675736,-122.330492],
"2324 ne 130th st":[47.7231949,-122.303476],
"2703 ne 123rd st":[47.7172642,-122.2989484],
"32nd av ne \/ ne 75th st":[47.6830498,-122.2936916],
"3504 e spruce st":[47.603809,-122.287802],
"3601 nw 67th st":[47.676861,-122.404064],
"3933 asotin pl ne":[47.6542582,-122.3108334],
"39th av sw \/ sw forest st":[47.5783003,-122.3812978],
"425 queen anne av n":[47.6231596,-122.3569861],
"4510 41st av sw":[47.5625031,-122.384112],
"4541 w sheridan st":[47.669863,-122.414601],
"4721 16th av ne":[47.6637755,-122.311107],
"5208 cloverdale pl s":[47.5280148,-122.2673845],
"5733 27th av ne":[47.670985,-122.298848],
"5933 48th av s":[47.5486829,-122.272971],
"5th av ne \/ ne 100th st":[47.7013215,-122.3231278],
"6400 aurora av n":[47.6752961,-122.3469838],
"6515 21st av nw":[47.676416,-122.383543],
"7549 se 29 st":[47.584112,-122.2385163],
"8032 seaview av nw":[47.6862702,-122.40272],
"ne 120th st \/ 14th av ne":[47.7157968,-122.3139337],
"s jackson st \/ 23rd av s":[47.5992807,-122.3022178]
}