{
"10008 7th av nw":[47.702934,-122.363981],
"1046 ne 97th st":[47.6996512,-122.315822],
"1110 n 44th st":[47.6601321,-122.3440623],
"1119 21st av s":[47.5925505,-122.305889],
"13010 10th av nw":[47.723675,-122.368982],
"14045 midvale av n":[47.7307817,-122.343976],
"1415 post al":[47.6085349,-122.3405203],
"1505 broadway":[47.6143037,-122.3209494],
"1622 14th av":[47.615994,-122.313725],
"1708 lake washington blvd":[47.616796,-122.281418],
"1820 25th av":[47.6183347,-122.2993637],
"2202 n 45th st":[47.6616805,-122.3323125],
"2721 sw barton st":[47.5210335,-122.3674946],
"2814 sw adams st":[47.5663183,-122.3688451],
"2853 34th av w":[47.6465397,-122.4013032],
"2nd av sw turn rp \/ highland park way sw":[47.5396536,-122.3363436],
"3821 45th av sw":[47.569538,-122.389843],
"4403 45th av sw":[47.564606,-122.389881],
"4430 47th av s":[47.5631353,-122.2742167],
"447 26th av e":[47.6239767,-122.2987598],
"454 ne thornton pl":[47.7030149,-122.3249149],
"500 boren av":[47.6195506,-122.3358925],
"5225 delridge way sw":[47.554298,-122.363371],
"5259 17th av ne":[47.6681389,-122.309938],
"5319 m l king jr way s":[47.553614,-122.289736],
"5722 s prentice st":[47.50845,-122.260207],
"6353 ne radford dr":[47.6744142,-122.2605653],
"6415 29th av s":[47.544846,-122.296128],
"6733 15th av sw":[47.54187,-122.354149],
"6739 16th av sw":[47.5416971,-122.3552858],
"7261 west green lake dr n":[47.6822805,-122.3419449],
"8040 26th av nw":[47.6880169,-122.3894752],
"8330 wabash av s":[47.528858,-122.268659],
"8515 14th av s":[47.5268106,-122.3151627],
"9105 24th av nw":[47.6953494,-122.3878121],
"e thomas st \/ e madison st":[47.6213901,-122.2992429],
"station 36":[47.5712145,-122.328374]
}