{
"10015 35th av sw":[47.513259,-122.376685],
"1106 26th av s":[47.5927099,-122.298772],
"11636 54th av s":[47.4981004,-122.2658972],
"13552 16th av ne":[47.7280919,-122.310688],
"14021 28th av ne":[47.730831,-122.298288],
"1504 dexter av n":[47.6326824,-122.3422616],
"1532 1st av w":[47.6332453,-122.3582861],
"1826 s king st":[47.598576,-122.307746],
"2030 13th av w":[47.6376304,-122.3735238],
"221 1st av s":[47.6001712,-122.3344463],
"2500 lake park dr s":[47.581281,-122.287663],
"3 avenue\/lenora street":[47.6131786,-122.3422005],
"3624 37th av w":[47.653041,-122.40434],
"3907 s angel pl":[47.54439,-122.282892],
"4004 s bozeman st":[47.5322929,-122.2817363],
"4413 39th av s":[47.5636618,-122.2841765],
"4436 52nd av sw":[47.563709,-122.398483],
"4774 s bond st":[47.5144344,-122.2708464],
"621 harvard av e":[47.6249016,-122.3222754],
"623 18th av e":[47.625099,-122.308951],
"6409 ellis av s":[47.545169,-122.318869],
"7036 19th av ne":[47.680555,-122.307413],
"7208 east green lake dr n":[47.6806268,-122.3257876],
"730 harvard av e":[47.626032,-122.322046],
"7542 2nd av ne":[47.684433,-122.326596],
"7559 22nd av nw":[47.6848802,-122.3845797],
"9261 delridge way sw":[47.519452,-122.357466],
"9325 rainier av s":[47.5196442,-122.2665317],
"9516 40th av ne":[47.69811,-122.284655],
"dayton av n \/ n 101st st":[47.7021812,-122.3527313],
"e madison st \/ 31st av e":[47.6260178,-122.29244],
"n 107th st \/ whitman av n":[47.706534,-122.34606],
"w ruffner st \/ w manor pl":[47.6522799,-122.3928947]
}