{
"10232 63rd av s":[47.508738,-122.254357],
"10743 56th av s":[47.503686,-122.263608],
"12300 30th av ne":[47.7177706,-122.2962007],
"28th av ne \/ ne 117th st":[47.7140304,-122.2975293],
"3032 ne 85th st":[47.690442,-122.294614],
"33rd av s \/ s lucile st":[47.5525032,-122.2904272],
"3410 4th av s":[47.5731071,-122.3289316],
"3533 s holden st":[47.533525,-122.286647],
"37th av s \/ s hudson st":[47.557045,-122.2861405],
"3920 s orcas st":[47.55143,-122.28257],
"3931 s orcas st":[47.55098,-122.282031],
"4129 aurora av n":[47.6575394,-122.3477057],
"4514 3rd av nw":[47.662,-122.360461],
"5308 wallingford av n":[47.667532,-122.336074],
"5925 39th av sw":[47.5494778,-122.3821479],
"6000 california av sw":[47.5482681,-122.3868135],
"6274 19th av ne":[47.674645,-122.307329],
"6403 beacon av s":[47.545194,-122.300638],
"6557 48th av ne":[47.677455,-122.277244],
"6th av nw \/ nw 85th st":[47.6906341,-122.3632941],
"7016 22nd av nw":[47.6801003,-122.3840208],
"734 bellevue av e":[47.626085,-122.326221],
"7701 20th av ne":[47.684995,-122.30705],
"7711 6th av nw":[47.68517,-122.363605],
"815 36th av e":[47.626643,-122.287235],
"815 pike st":[47.6120582,-122.3319879],
"e lake washington blvd \/ eb sr520 to montlake":[47.6409245,-122.2976714]
}