{
"1025 ne 130th st":[47.7224315,-122.3170444],
"10400 renton av s":[47.5080531,-122.2561085],
"10425 20th av ne":[47.704716,-122.307331],
"11th av nw \/ nw 103rd st":[47.7033596,-122.3700777],
"13228 35th av ne":[47.725387,-122.289701],
"1626 n 47th st":[47.6630494,-122.3378991],
"1761 s shelton st":[47.557732,-122.3078],
"1985 gilman dr w":[47.6374712,-122.3724627],
"200 27th av s":[47.6007169,-122.2976393],
"2101 3rd av":[47.6131842,-122.3422446],
"2152 7th av w":[47.639287,-122.365901],
"226 mercer st":[47.6245821,-122.3519924],
"24th av e \/ e harrison st":[47.6226531,-122.3011185],
"2623 e madison st":[47.6222179,-122.2979955],
"2816 w crockett st":[47.6376139,-122.3937881],
"3041 california av sw":[47.5757609,-122.3871053],
"32nd av ne \/ ne 137th st":[47.7281994,-122.2936257],
"3325 sw 112th pl":[47.502934,-122.375286],
"4110 aurora av n":[47.6569786,-122.3472497],
"421 university st":[47.6084697,-122.3342516],
"4734 2nd av ne":[47.664189,-122.326882],
"4740 49th av sw":[47.55999,-122.394525],
"4819 s orchard st":[47.5381371,-122.2717956],
"4820 sw alaska st":[47.561387,-122.394541],
"5300 28th av s":[47.554513,-122.296521],
"5477 beach dr sw":[47.552333,-122.399833],
"6638 carleton av s":[47.5431144,-122.3214926],
"6th av s \/ s brandon st":[47.5541269,-122.3269094],
"7213 sycamore av nw":[47.681157,-122.35874],
"7722 35th av sw":[47.5329877,-122.3766121],
"925 n 82nd st":[47.688165,-122.346017],
"9418 45th av sw":[47.518235,-122.390778],
"n 85th st \/ greenwood av n":[47.6905908,-122.3552674],
"sw genesee st \/ glenn way sw":[47.5647612,-122.3908318],
"woodlawn av n \/ n 40th st":[47.6556598,-122.3386477]
}