{
"1016 w nickerson st":[47.6542545,-122.3704717],
"102 nw 43rd st":[47.6593479,-122.3576962],
"10411 67th av s":[47.5077651,-122.2503766],
"116 n 182nd st":[47.761421,-122.35769],
"12245 north park av n":[47.7190859,-122.3497126],
"123 queen anne av n":[47.6193539,-122.3571577],
"1835 e yesler way":[47.6016692,-122.3084604],
"1903 9th av w":[47.6361067,-122.3692471],
"2010 n 82nd st":[47.688906,-122.333852],
"2352 n 61st st":[47.6730938,-122.328676],
"2603 magnolia ln w":[47.6442787,-122.4152375],
"2921 s walden st":[47.5725951,-122.2949062],
"3002 34th av w":[47.647007,-122.400481],
"301 e thomas st":[47.620662,-122.327496],
"3033 california av sw":[47.576116,-122.3871305],
"3251 44th av sw":[47.57417,-122.388453],
"3713 sw sullivan st":[47.5274348,-122.3799698],
"3752 e marion st":[47.6105702,-122.2852511],
"37th av sw \/ sw admiral way":[47.5810059,-122.3776656],
"3958 s pilgrim st":[47.5159329,-122.28209],
"4317 sw raymond st":[47.5483642,-122.3880545],
"4322 sw roxbury st":[47.5180689,-122.388627],
"4624 eastern av n":[47.6633258,-122.3287653],
"4th av s \/ edgar martinez dr s":[47.5903397,-122.3292539],
"5024 42nd av s":[47.5562511,-122.2803837],
"58th av ne \/ ne 77th st":[47.6846623,-122.2657012],
"602 2nd av":[47.6026127,-122.3323631],
"603 s main st":[47.6000203,-122.3261801],
"6747 37th av s":[47.5412652,-122.2862714],
"6828 vista av s":[47.5415038,-122.3000572],
"7308 28th av sw":[47.537094,-122.368178],
"9726 11th av nw":[47.700824,-122.369672],
"leary way nw \/ nw 43rd st":[47.6589574,-122.3647088],
"seneca st \/ hubbell pl":[47.6090338,-122.3306131],
"virginia st \/ denny way":[47.6185159,-122.3329677]
}