{
"0 - 0 wb wsea frwy at east marginal":[47.571584,-122.340063],
"10006 mary av nw":[47.701791,-122.375056],
"1021 sw henderson st":[47.5228077,-122.348642],
"10511 23rd av ne":[47.705205,-122.304653],
"117 n 105th st":[47.704894,-122.357287],
"13215 35th av ne":[47.724966,-122.291329],
"1712 45th av sw":[47.5876307,-122.3886409],
"1744 dexter av n":[47.635232,-122.341796],
"223 1st av n":[47.6204747,-122.355812],
"2358 nw 73rd st":[47.6814983,-122.3869063],
"308 ne 65th st":[47.6760633,-122.3253926],
"320 nw 46th st":[47.6623917,-122.3616507],
"3209 s portland st":[47.5328581,-122.2903658],
"3506 e schubert pl":[47.617389,-122.287919],
"35th av w \/ w lawton st":[47.6634707,-122.4025527],
"3837 17th av sw":[47.568949,-122.356227],
"4243 university way ne":[47.6595708,-122.3132095],
"44th av sw \/ sw stevens st":[47.5770081,-122.3880108],
"501 wellington av":[47.60667,-122.285674],
"514 19th av e":[47.6237945,-122.3069736],
"5446 37th av sw":[47.552406,-122.37861],
"6048 34th av ne":[47.6735715,-122.2908739],
"626 n 64th st":[47.675569,-122.350209],
"7703 17th av nw":[47.685186,-122.379254],
"7757 20th av sw":[47.532012,-122.359477],
"801 e denny way":[47.6187245,-122.322182],
"806 nw 83rd st":[47.6892637,-122.36641],
"850 republican st":[47.6238738,-122.3404102],
"8722 25th av nw":[47.692836,-122.388341],
"8724 mary av nw":[47.693228,-122.375055],
"9308 46th av s":[47.518702,-122.2739375],
"9447 12th av sw":[47.5178087,-122.3509804],
"galer st \/ nob hill av n":[47.6323159,-122.3507765],
"n 49th st \/ greenwood av n":[47.6643167,-122.3554354],
"nw 92nd st \/ 8th av nw":[47.6960765,-122.3660079],
"sb i5 exp to pike":[47.6127755,-122.3309888],
"sw roxbury st \/ 35th av sw":[47.5174885,-122.3768887]
}