{
"11355 28th av ne":[47.711455,-122.298685],
"14009 35th av ne":[47.7304301,-122.2910091],
"14th av s \/ s plum st":[47.5855388,-122.3146769],
"15th av ne \/ ne northgate way":[47.7085379,-122.3124325],
"2013 terry av":[47.6173538,-122.3358727],
"2303 walnut av sw":[47.5833262,-122.3829569],
"25th av w \/ gilman av w":[47.6576709,-122.3886918],
"3043 ne 140th st":[47.7299148,-122.2943689],
"3423 west viewmont way w":[47.6510671,-122.4100262],
"354 crockett st":[47.6375728,-122.3503606],
"4003 2nd av ne":[47.6556964,-122.3270533],
"4411 bagley av n":[47.660746,-122.333071],
"5002 meridian av n":[47.6651847,-122.33345],
"515 5th av w":[47.6239118,-122.3633299],
"5315 ballard av nw":[47.6666269,-122.3838008],
"5508 23rd av s":[47.552977,-122.303734],
"555 northgate mall":[47.7062086,-122.3258737],
"6350 beach dr sw":[47.545292,-122.397624],
"6833 34th av ne":[47.678536,-122.29209],
"7502 28th av nw":[47.683249,-122.392677],
"8522 11th av nw":[47.691349,-122.370079],
"9016 fauntleroy way sw":[47.5229952,-122.392195],
"9210 47th av sw":[47.5210089,-122.3919817],
"s weller st \/ 12th av s":[47.5974999,-122.3173125],
"sb i5 boeing access rd":[47.509965,-122.283363],
"summit av & madison st":[47.6102711,-122.3229052],
"sw juneau st \/ delridge way sw":[47.5500936,-122.3629962]
}