{
"11315 sunnyside av n":[47.711367,-122.330326],
"11800 m l king jr way s":[47.497097,-122.2702769],
"1244 ne 96th st":[47.698785,-122.312826],
"12600 8th av ne":[47.720619,-122.320511],
"1623 n 50th st":[47.664784,-122.338072],
"1831 n 53rd st":[47.667003,-122.334962],
"2405 e denny way":[47.6188186,-122.3008008],
"2553 ne 106th pl":[47.705544,-122.299081],
"2603 queen anne av n":[47.6434564,-122.3571237],
"2636 29th av w":[47.644333,-122.393871],
"3508 w bertona st":[47.650651,-122.402798],
"4010 ne 92nd st":[47.695454,-122.284661],
"4027 fremont av n":[47.6561977,-122.3503437],
"40th av ne \/ ne 85th st":[47.6901849,-122.2853487],
"4214 1st av nw":[47.6581959,-122.356914],
"423 2nd av et  s":[47.6014235,-122.3320612],
"453 25th av e":[47.624198,-122.300163],
"4726 15th av ne":[47.6638738,-122.3116215],
"5006 37th av ne":[47.66513,-122.28762],
"507 n 137th st":[47.728005,-122.352819],
"511 e pike st":[47.6139307,-122.324914],
"511 olive way":[47.6128562,-122.3362519],
"5217 delridge way sw":[47.5544066,-122.3633028],
"5878 ne park point dr":[47.6773294,-122.2644985],
"5th av n \/ taylor av n":[47.6348854,-122.3476387],
"6100 26th av nw":[47.6733333,-122.3899009],
"6412 8th av ne":[47.6750954,-122.3200346],
"6649 flora av s":[47.542734,-122.320813],
"7530 26th av nw":[47.6840366,-122.3894586],
"80 virginia st":[47.6104316,-122.3434551],
"8014 dibble av nw":[47.687449,-122.366923],
"8th av \/ bell st":[47.6180249,-122.340496],
"909 18th av":[47.610701,-122.309252],
"9202 39th av s":[47.5212362,-122.2833963],
"9223 3rd av nw":[47.696782,-122.361077],
"9725 32nd av sw":[47.515842,-122.373704],
"9729 4th av ne":[47.6993561,-122.3242483],
"ne 42nd st \/ 8th av ne":[47.6575162,-122.3198051]
}