{
"100 s jackson st":[47.5992706,-122.3341379],
"10129 34th av sw":[47.5120562,-122.3753577],
"111 fairview av n":[47.618661,-122.3343078],
"11556 17th av ne":[47.7137981,-122.3095605],
"12609 blakely pl nw":[47.721223,-122.372823],
"1426 elliott av w":[47.6312159,-122.3733629],
"1515 5th av w":[47.632818,-122.3640187],
"18th av s \/ s state st":[47.5877506,-122.3094887],
"2027 s washington st":[47.600577,-122.305133],
"20th av ne \/ ne 77th st":[47.6848598,-122.3067209],
"2201 sunset av sw":[47.5840836,-122.3965915],
"26th av s \/ s washington st":[47.6008712,-122.298935],
"2715 49th av sw":[47.5787876,-122.3944508],
"2737 53rd av sw":[47.5780876,-122.4005864],
"300 lakeside av s":[47.599835,-122.28549],
"3212 e cherry st":[47.6080987,-122.2907955],
"3244 48th av sw":[47.574421,-122.393013],
"3253 w commodore way":[47.6644246,-122.3991382],
"3811 renton av s":[47.569488,-122.295687],
"3818 s orcas st":[47.5514409,-122.284196],
"4241 28th av w":[47.6589418,-122.3931063],
"4343 31st av w":[47.6595248,-122.3975815],
"4504 ne tulane pl":[47.670338,-122.279074],
"4630 43rd av s":[47.560768,-122.279103],
"4747 s victor st":[47.510093,-122.272136],
"635 nw 77th st":[47.684505,-122.364924],
"6726 56th av s":[47.5416564,-122.2631809],
"7316 33rd av nw":[47.682207,-122.399463],
"7345 16th av sw":[47.535959,-122.355375],
"8th av nw \/ nw 61st st":[47.6730813,-122.3661051],
"9252 16th av sw":[47.5198098,-122.3547954],
"9336 37th av s":[47.5185686,-122.2856764],
"9732 waters av s":[47.5147405,-122.2552202],
"sb i5 to columbian":[47.574458,-122.320215],
"wallingford av n \/ n 88th st":[47.6923378,-122.3364498]
}