{
"11535 26th av ne":[47.713139,-122.300742],
"12036 36th av ne":[47.716634,-122.288883],
"1204 ne 105th pl":[47.7054789,-122.314106],
"1626 25th av":[47.616132,-122.299705],
"2020 airport way s":[47.5850046,-122.3209475],
"2031 federal av e":[47.638152,-122.319345],
"210 nw 145th st":[47.7341353,-122.3603819],
"2420 thorndyke pl w":[47.6403964,-122.3873477],
"2901 s jackson st":[47.5989913,-122.2947162],
"3002 24th av w":[47.646733,-122.386982],
"31st av sw \/ sw juneau st":[47.5501438,-122.3723019],
"3413 19th av s":[47.572654,-122.307027],
"3851 letitia av s":[47.568245,-122.290971],
"5012 sw genesee st":[47.565725,-122.396758],
"5622 45th av sw":[47.5514425,-122.389455],
"5733 36th av ne":[47.671327,-122.289453],
"6545 47th av ne":[47.677131,-122.278247],
"6609 fauntleroy way sw":[47.544098,-122.390359],
"6749 earl av nw":[47.67909,-122.39222],
"7711 8th av nw":[47.6854764,-122.3663692],
"7735 27th av nw":[47.6859646,-122.3911825],
"810 w emerson st":[47.6518884,-122.368593],
"8115 aurora av n":[47.6880211,-122.3448526],
"853 nw elford dr":[47.727191,-122.368653],
"901 4th av":[47.6054383,-122.3326037],
"n 117th st \/ 1st av nw":[47.7141707,-122.3581743]
}