{
"11822 56th pl s":[47.4966871,-122.2679225],
"1400 s weller st":[47.5975011,-122.312752],
"1433 nw 64th st":[47.6750479,-122.375308],
"1505 15th av s":[47.589719,-122.314114],
"1726 nw 59th st":[47.6718077,-122.3801242],
"2702 rainier av s":[47.5791245,-122.2986823],
"2722 33rd av s":[47.5789301,-122.290535],
"2815 22nd av s":[47.577886,-122.304642],
"301 26th av s":[47.6001655,-122.2990659],
"3424 24th av s":[47.572318,-122.301402],
"3721 27th pl w":[47.654017,-122.391965],
"3825 57th av sw":[47.5696269,-122.405278],
"3933 eastern av n":[47.6552804,-122.3293609],
"3rd av nw \/ nw 41st st":[47.6563394,-122.3608236],
"4820 s brandon st":[47.553583,-122.271719],
"4872 29th av s":[47.5587423,-122.2954983],
"5000 4th av s":[47.5579472,-122.3294691],
"533 s royal brougham way":[47.5923722,-122.3263618],
"5500 sw campbell pl":[47.5789385,-122.4025634],
"610 36th av e":[47.6253578,-122.2868074],
"6117 48th av s":[47.54719,-122.27298],
"6238 sycamore av nw":[47.675284,-122.358158],
"6532 27th av ne":[47.676771,-122.298091],
"7548 13th av nw":[47.684672,-122.372386],
"821 ne ravenna blvd":[47.6725851,-122.3196071],
"8355 15th av nw":[47.6903875,-122.3772705],
"8543 17th av nw":[47.691845,-122.379265],
"9104 1st av ne":[47.695146,-122.328082],
"9225 14th av sw":[47.520185,-122.353199],
"9343 marcus av s":[47.5178532,-122.2750187],
"battery st \/ elliott av":[47.6128085,-122.349539],
"lake washington blvd e \/ e madison st":[47.6260276,-122.2924232],
"midvale av n \/ n 46th st":[47.6621451,-122.3437852],
"ne 100th st \/ 21st av ne":[47.7011788,-122.3058491],
"s judkins st \/ 14th av s":[47.59154,-122.314851],
"woodlawn av n \/ n 38th ct":[47.6531713,-122.3386624]
}