{
"10332 rainier av s":[47.5109083,-122.2397326],
"10401 17th av ne":[47.7040998,-122.3099812],
"105 nw 101st st":[47.7019779,-122.358532],
"10815 renton av s":[47.503094,-122.251493],
"1106 cherry st":[47.6075258,-122.3228785],
"14019 20th av ne":[47.730828,-122.307663],
"1801 minor av":[47.6168585,-122.3305689],
"1911 e pine st":[47.6151242,-122.3069507],
"1916 31st av s":[47.5857827,-122.2926792],
"2200 e madison st":[47.6189492,-122.3031313],
"25th av \/ e fir st":[47.6026661,-122.2999628],
"2815 patten pl w":[47.6452356,-122.386931],
"3262 belvidere av sw":[47.5737484,-122.3788817],
"3601 sw kenyon st":[47.531742,-122.37823],
"3956 sw arroyo dr":[47.5035049,-122.383633],
"3rd av & cedar st":[47.6171365,-122.3488946],
"4050 41st av s":[47.566388,-122.281467],
"4056 ne 86th st":[47.691097,-122.282979],
"4227 sw donovan st":[47.5252873,-122.3860177],
"45th av ne \/ ne 55th st":[47.6690219,-122.2794606],
"5021 s barton pl":[47.519847,-122.270363],
"5710 28th av ne":[47.670342,-122.296947],
"6014 35th pl nw":[47.6726554,-122.4023441],
"6303 california av sw":[47.5465223,-122.3872237],
"6321 65th av ne":[47.6742617,-122.2585524],
"6804 39th av ne":[47.6778061,-122.2859967],
"6856 54th av ne":[47.6792299,-122.269918],
"6909 ellis av s":[47.540615,-122.320335],
"7329 27th av sw":[47.536532,-122.367486],
"8012 36th av ne":[47.6871013,-122.2893009],
"8824 40th av sw":[47.523741,-122.382796],
"9012 dayton av n":[47.6947096,-122.352321],
"949 n 92nd st":[47.6956343,-122.3454497],
"greenwood av n":[47.730765,-122.355564],
"sw 108th st \/ 34th av sw":[47.5064099,-122.3746131]
}