{
"1138 broadway  e":[47.629721,-122.320942],
"11752 38th av ne":[47.715235,-122.286892],
"11762 riviera pl ne":[47.716217,-122.277703],
"13026 25th av ne":[47.723809,-122.301515],
"1303 ne 45th st":[47.6611709,-122.314016],
"17 valley st":[47.626036,-122.35594],
"2025 14th av s":[47.5850893,-122.3153664],
"2105 5th av":[47.6144471,-122.3410102],
"2210 e louisa st":[47.64268,-122.303167],
"3020 ne 45th st":[47.6621364,-122.2951365],
"311 12th av e":[47.6215198,-122.3170179],
"3135 34th av s":[47.5756749,-122.290162],
"3300 e olive st":[47.6166783,-122.289922],
"405 10th av e":[47.6221543,-122.3199374],
"42nd av s \/ s andover st":[47.5679197,-122.2807477],
"4700 brooklyn av ne":[47.663397,-122.313904],
"511 w comstock st":[47.6302836,-122.3636976],
"6717 20th av nw":[47.678268,-122.382479],
"710 n 94th st":[47.697198,-122.349398],
"711 broadway   e":[47.6253675,-122.3215046],
"7730 17th av nw":[47.6859431,-122.3786106],
"829 23rd av":[47.6098009,-122.3027635],
"8633 9th av sw":[47.5254652,-122.3471382],
"9355 53rd av s":[47.5174001,-122.2665341],
"seward park av s \/ s orcas st":[47.5510987,-122.2621864],
"wb wsea frwy to spokane":[47.571714,-122.322064]
}