{
"10200 aurora av n":[47.7029006,-122.3445552],
"10314 15th av nw":[47.703848,-122.376314],
"1100 alaskan way s":[47.6045046,-122.3391041],
"11353 8th av ne":[47.711869,-122.321078],
"1255 n 45th st":[47.6613734,-122.3429031],
"13057 30th av ne":[47.724496,-122.296733],
"14th av s \/ 15th av s":[47.5926381,-122.3146635],
"1500 38th av":[47.614151,-122.284593],
"168 27th av":[47.603254,-122.297532],
"1801 s mcclellan st":[47.5785572,-122.3091179],
"216 15th av e":[47.6198977,-122.3127075],
"21st av nw \/ nw 83rd st":[47.6887178,-122.3832438],
"27th pl w \/ w manor pl":[47.6531047,-122.3911871],
"2828 nw 74th st":[47.682603,-122.394266],
"3409 62nd av sw":[47.573757,-122.412489],
"3506 47th av ne":[47.65421,-122.276682],
"3533 sw 105th st":[47.5089146,-122.3773184],
"3615 bella vista av s":[47.571128,-122.283986],
"3640 s lucile st":[47.5528737,-122.2869537],
"3905 w bertona st":[47.65019,-122.406907],
"4228 stone way n":[47.65894,-122.3420128],
"4831 s graham st":[47.545899,-122.2711693],
"6314 7th av s":[47.5459266,-122.3245087],
"6722 park point way ne":[47.6776985,-122.265456],
"7016 38th av ne":[47.6799445,-122.2868643],
"707 37th av":[47.608186,-122.286441],
"7912 7th av s":[47.531612,-122.32518],
"800 n 50th st":[47.6651072,-122.3488535],
"8120 7th av sw":[47.5294365,-122.3438586],
"8413 25th av sw":[47.5278391,-122.3645092],
"9200 olson pl sw":[47.520914,-122.3362149],
"9275 42nd av s":[47.5188109,-122.2808639],
"s mead st \/ 42nd av s":[47.5504419,-122.2807877],
"warren av n \/ blaine st":[47.6348718,-122.3543961]
}