{
"0 nb i5 exp to 103":[47.698391,-122.329585],
"11235 evanston av n":[47.711585,-122.351898],
"11308 8th av ne":[47.71085,-122.320039],
"1172 republican st":[47.6232372,-122.3332692],
"11912 stendall pl n":[47.715468,-122.33975],
"1250 nw 120th st":[47.715809,-122.373954],
"153 highland dr":[47.629515,-122.353742],
"1562 ne 140th st":[47.7302906,-122.3129404],
"1742 s hinds st":[47.573234,-122.309344],
"1918 ne 107th st":[47.7068352,-122.3072852],
"203 23rd av":[47.6036854,-122.302774],
"2210 11th av w":[47.6390688,-122.3712408],
"2419 sw barton st":[47.520786,-122.364023],
"2726 ne 92nd st":[47.69596,-122.297528],
"2822 e thomas st":[47.621538,-122.295056],
"2919 s dawson st":[47.555161,-122.294824],
"311 nw 79th st":[47.685975,-122.361255],
"3228 magnolia blvd w":[47.6495292,-122.4137686],
"3815 14th av s":[47.5693614,-122.3150996],
"3835 s edmunds st":[47.558417,-122.2838728],
"3928 meridian av n":[47.655149,-122.333465],
"39th av s \/ s holden st":[47.533357,-122.2832983],
"404 ne thornton pl":[47.7029219,-122.3249145],
"416 randolph av":[47.605641,-122.285325],
"41st av e \/ e mcgilvra st":[47.6406973,-122.2795746],
"511 lake washington blvd":[47.606243,-122.283848],
"5224 rainier av s":[47.5552732,-122.282748],
"5300 26th av nw":[47.667741,-122.3900892],
"5416 39th av w":[47.668306,-122.408348],
"5635 40th av w":[47.670482,-122.409727],
"5981 high point dr sw":[47.548855,-122.3689366],
"6324 30th av sw":[47.5463132,-122.3704241],
"644 nw 48th st":[47.663865,-122.365943],
"7045 54th av ne":[47.680717,-122.2698133],
"7116 woodlawn av ne":[47.6802243,-122.3243447],
"7201 greenwood av n":[47.6808876,-122.3556091],
"814 e thomas st":[47.6210933,-122.3216261],
"8319 renton av s":[47.528711,-122.278445],
"8536 11th av nw":[47.691623,-122.370079],
"california av sw \/ sw donald st":[47.59191,-122.3861492],
"n 102nd st \/ greenwood av n":[47.702917,-122.3554166],
"s lane st \/ 12th av s":[47.5967169,-122.3172437],
"w nickerson st \/ 20th av w":[47.6558145,-122.3826108],
"w sea br wb - 6th av s rp":[47.571642,-122.325777]
}