{
"10465 maplewood pl sw":[47.508224,-122.39174],
"10540 greenwood av n":[47.7062142,-122.3550938],
"10726 north park av n":[47.707347,-122.348369],
"1107 e thomas st":[47.6209532,-122.317846],
"12023 35th av ne":[47.716279,-122.291879],
"13004 14th pl ne":[47.723663,-122.312989],
"1727 31st av":[47.6172463,-122.2923787],
"1753 nw 63rd st":[47.674325,-122.381149],
"2507 sw chicago ct":[47.532369,-122.365612],
"2512 18th av s":[47.580522,-122.309464],
"2630 43rd av w":[47.644036,-122.411938],
"2800-2999 ne 127th st":[47.7210814,-122.2963275],
"3410 21st av w":[47.650727,-122.382931],
"3530 interlake av n":[47.6501131,-122.3410902],
"4233 eastern av n":[47.658964,-122.32937],
"467 newton st":[47.636333,-122.347484],
"5431 46th av sw":[47.5529862,-122.3913753],
"5728 ne 71st st":[47.680178,-122.266893],
"5800 lake washington blvd s":[47.5502607,-122.2578765],
"6000 1st av s":[47.5482551,-122.3340676],
"6512 24th av ne":[47.676236,-122.301265],
"6702 fauntleroy way sw":[47.5429914,-122.3896514],
"813 ne 78th st":[47.685082,-122.319527],
"83 s king st":[47.5981458,-122.3345507],
"9237 college way n":[47.697059,-122.335547],
"denny way \/ aurora av n fr battery\/6th":[47.6174782,-122.3435426],
"east marginal way s \/ ellis av s":[47.5386655,-122.3206164],
"sb i5 to 50":[47.665696,-122.322864],
"sunnyside av n \/ n 42nd st":[47.6579498,-122.330212]
}