{
"102 nw 46th st":[47.66257,-122.358036],
"10440 alderbrook pl nw":[47.7046478,-122.3647109],
"1250 ne cowlitz rd":[47.654745,-122.3106695],
"1429 4th av":[47.6098984,-122.3366542],
"1538 ne 107th st":[47.7067087,-122.3109443],
"1712 ne 86th st":[47.6914779,-122.308546],
"1862 e hamlin st":[47.645806,-122.306444],
"1925 33rd av s":[47.5852688,-122.291088],
"2336 25th av s":[47.581636,-122.3000276],
"2369 eastlake av e":[47.6416528,-122.3259069],
"2404 26th av w":[47.640242,-122.390044],
"2815 27th av w":[47.6451414,-122.3919341],
"3326 17th av s":[47.573228,-122.311043],
"34th av s \/ s spokane st":[47.5715665,-122.2899246],
"3939 sw rose st":[47.528962,-122.383633],
"400 minor av n":[47.6221649,-122.3328658],
"4121 4th av ne":[47.657534,-122.3245458],
"4310 29th av s":[47.5637449,-122.2962265],
"4617 sw maple way":[47.541105,-122.3923509],
"4840 s holden st":[47.533954,-122.270771],
"564 mcgraw st":[47.639787,-122.345019],
"617 5th av w":[47.6250768,-122.3635229],
"6366 california av sw":[47.5459577,-122.3871974],
"6523 sw admiral way":[47.5759493,-122.4152659],
"7138 45th av s":[47.537743,-122.27632],
"7429 keen way n":[47.6836074,-122.3414271],
"7544 39th av ne":[47.684358,-122.285976],
"7710 bagley av n":[47.6854829,-122.3312074],
"818 ne 89th st":[47.6933188,-122.3194809],
"8639 fauntleroy way sw":[47.5256619,-122.393136],
"9055 39th av sw":[47.52128,-122.382443],
"9315 55th av s":[47.518492,-122.264281],
"9453 24th av sw":[47.5177101,-122.3632301],
"corwin pl s \/ s dearborn st":[47.595824,-122.3140616],
"lakeview blvd e \/ e newton st":[47.6367849,-122.3234533],
"nb i5 to sr 522":[47.682398,-122.318261],
"ne 143rd st \/ 30th av ne":[47.7319624,-122.2965379],
"s eddy st \/ beacon av s":[47.5453837,-122.3000172]
}