{
"11045 35th av ne":[47.709687,-122.291108],
"1113 summit av":[47.61106,-122.3236587],
"12520 12th av ne":[47.720093,-122.315027],
"1325 s hudson st":[47.556913,-122.314948],
"1401 23rd av s":[47.589693,-122.302888],
"1410 western av":[47.6077223,-122.3405091],
"2013 dexter av n":[47.636997,-122.34336],
"2101 sw myrtle st":[47.538816,-122.359711],
"2109 e alder st":[47.6043305,-122.3046159],
"2232 waverly way e":[47.639534,-122.287687],
"226 summit av e":[47.6205391,-122.3249759],
"2334 48th av sw":[47.582301,-122.39252],
"3256 magnolia blvd w":[47.650251,-122.413868],
"370 thomas st":[47.6212284,-122.3499804],
"3816 ne 97th st":[47.699528,-122.287215],
"48th av sw \/ sw andover st":[47.5684664,-122.3934569],
"5022 9th av ne":[47.6656623,-122.3182107],
"5130 leary av nw":[47.6656494,-122.3804648],
"5324 8th av ne":[47.6678939,-122.319184],
"5407 sw beach drive ter":[47.5583622,-122.4006711],
"65th av s \/ s cooper st":[47.5116463,-122.2523373],
"728 12th av":[47.6088304,-122.3165969],
"7301 32nd av sw":[47.537191,-122.374276],
"7504 aurora av n":[47.683528,-122.3441007],
"7th av s \/ s donovan st":[47.5256269,-122.3255899],
"8329 17th av nw":[47.68966,-122.379262],
"9106 50th av s":[47.522126,-122.270972],
"934 20th av e":[47.627853,-122.305675],
"ne 68th st \/ 48th av ne":[47.6776131,-122.2769185],
"triton dr nw \/ nw neptune pl":[47.7016263,-122.3896881]
}