{
"10109 greenwood av n":[47.7025239,-122.355803],
"1104 lakeside av s":[47.593223,-122.287275],
"11556 6th av nw":[47.71401,-122.363178],
"1315 nw 85th st":[47.690418,-122.373547],
"1514 sw holden st":[47.533762,-122.35472],
"2260 12th av w":[47.640446,-122.3723056],
"2303 western av":[47.6128036,-122.3477429],
"2510 25th av w":[47.641491,-122.388564],
"30th av ne \/ ne 127th st":[47.721094,-122.2963136],
"317 35th av":[47.6049149,-122.2882791],
"3219 30th av w":[47.649309,-122.396012],
"3240 15th av w":[47.6498649,-122.3757898],
"3421 35th av s":[47.5717354,-122.2891577],
"3426 belvidere av sw":[47.5723121,-122.3789434],
"4003 sw 98th st":[47.5153729,-122.383622],
"4118 sw hill st":[47.58552,-122.384717],
"4158 california av sw":[47.5648475,-122.386571],
"4464 37th av sw":[47.5630356,-122.3785278],
"4635 s holly st":[47.54222,-122.27379],
"46th av s \/ s warsaw st":[47.5433593,-122.2753993],
"5007 47th av s":[47.556758,-122.274696],
"501 5th av s":[47.5983697,-122.3276692],
"523 e denny way":[47.6182795,-122.3241728],
"5334 16th av s":[47.5536805,-122.3120697],
"601 s myrtle st":[47.5392098,-122.3254342],
"6017 31st av ne":[47.672727,-122.294635],
"6425 65th av ne":[47.6755663,-122.2585524],
"6517 36th av sw":[47.5441556,-122.3780871],
"659 s jackson st":[47.5990518,-122.3245451],
"7311 20th av nw":[47.6817654,-122.3824048],
"7319 east marginal way s":[47.5367122,-122.3173107],
"8th av nw \/ nw 125th st":[47.7196533,-122.3663645],
"902 nw 96th st":[47.6994569,-122.3689183],
"903 columbia st":[47.6070198,-122.3259354],
"9129 23rd av nw":[47.6957639,-122.385936],
"914 nw 61st st":[47.673308,-122.369478],
"nb i5 exp fr cherry st":[47.606481,-122.329197],
"nickerson turn rd \/ emerson nickerson rp":[47.6543078,-122.3756352],
"s mount baker blvd \/ rainier av s":[47.5758802,-122.2962445]
}