{
"10554 riviera pl ne":[47.705681,-122.274869],
"1100 n 35th st":[47.6498164,-122.3437844],
"13405 35th av ne":[47.7259249,-122.291305],
"1401 post al":[47.6085247,-122.3405315],
"145 s king st":[47.5981223,-122.3323066],
"1501 ne 45th st":[47.6612556,-122.3117969],
"157 galer st":[47.6322116,-122.3542416],
"2004 n 143rd st":[47.7325521,-122.3350395],
"24th av e \/ e lynn st":[47.6395386,-122.3020545],
"2503 4th av n":[47.6416759,-122.349951],
"2812 13th av s":[47.5781873,-122.3156696],
"2814 thorndyke av w":[47.6451702,-122.3824842],
"3015 20th av s":[47.576487,-122.307065],
"35th av sw \/ sw southern st":[47.5297432,-122.3766428],
"3718 41st av ne":[47.6563841,-122.2839212],
"3833 interlake av n":[47.6537213,-122.3415275],
"433 lake washington blvd e":[47.6231763,-122.2866471],
"4400 beach dr sw":[47.564842,-122.406357],
"4620 sw holgate st":[47.5870335,-122.3913384],
"4720 47th av ne":[47.663786,-122.276914],
"5016 7th av ne":[47.6654743,-122.3203846],
"7720 31st av sw":[47.533018,-122.372149],
"817 nw 118th st":[47.7145887,-122.3668724],
"8402 delridge way sw":[47.5281257,-122.3601137],
"8820 15th av ne":[47.69277,-122.311864],
"941 nw 125th st":[47.719399,-122.369452],
"9753 63rd av s":[47.513778,-122.255021],
"roosevelt way ne \/ ne 94th st":[47.6967471,-122.3175791]
}