{
"100 denny way":[47.6188193,-122.3552447],
"10000 48th av ne":[47.701379,-122.27611],
"10030 51st av s":[47.5101763,-122.2697223],
"1014 34th av e":[47.627894,-122.287772],
"11042 1st av ne":[47.709669,-122.3284363],
"11250 56th av s":[47.498739,-122.262351],
"12041 pinehurst way ne":[47.7169725,-122.3111861],
"12th av s\/s jackson":[47.5992046,-122.3172348],
"1330 willard av w":[47.6307846,-122.3656748],
"13341 3rd av ne":[47.7262337,-122.3264908],
"1467 nw 56th st":[47.6694357,-122.3758623],
"153 14th av":[47.6028491,-122.3145919],
"1531 utah av s":[47.5893515,-122.3359115],
"2031 nw 58th st":[47.6709018,-122.3834714],
"2734 58th av sw":[47.578437,-122.406345],
"3008 nw market st":[47.6686474,-122.3961828],
"3140 franklin av e":[47.6498351,-122.3209175],
"3156 fuhrman av e":[47.650018,-122.319431],
"3225 nw 62nd st":[47.673688,-122.399618],
"3431 59th av sw":[47.5725366,-122.4085427],
"3901 e blaine st":[47.6343869,-122.282258],
"4066 sw prince st":[47.5825473,-122.3836077],
"410 9th av":[47.6041153,-122.3234128],
"4133 50th av s":[47.565434,-122.271102],
"4310 13th av s":[47.5649501,-122.3156252],
"4628 s holly st":[47.5429024,-122.2740053],
"6006 3rd av nw":[47.672648,-122.360429],
"6232 4th av nw":[47.675197,-122.361524],
"6551 48th av ne":[47.677294,-122.27724],
"712 22nd av":[47.608452,-122.303425],
"8059 loyal way nw":[47.6876884,-122.3948642],
"911 14th av":[47.610749,-122.314512],
"broad st \/ aurora av sb off rp":[47.6236685,-122.3442587],
"summit av \/ university st":[47.6124055,-122.3248654]
}