{
"1200 s plum st":[47.5855595,-122.3172686],
"12250 greenwood av n":[47.7192126,-122.3551416],
"14332 24th av ne":[47.7334072,-122.3033177],
"1510 nw 52nd st":[47.66666,-122.376843],
"1556 30th av w":[47.633337,-122.395395],
"165 16th av e":[47.619205,-122.3114475],
"1709 n 137th st":[47.728446,-122.337697],
"1748 12th av s":[47.5870419,-122.317021],
"2483 birch av n":[47.6417288,-122.3464521],
"3013 w government way":[47.661062,-122.39673],
"310 s washington st":[47.6010247,-122.3296631],
"317 e pine st":[47.6152119,-122.3271637],
"3318 harbor av sw":[47.5732844,-122.3708428],
"3545 sw austin st":[47.534654,-122.378604],
"3724 walnut av sw":[47.5704694,-122.3833017],
"3820 sw orchard st":[47.5378731,-122.3800024],
"3920 burke av n":[47.654972,-122.334696],
"4107 2nd av nw":[47.6567576,-122.3588191],
"4234 e madison st":[47.636411,-122.2774705],
"5020 ravenna av ne":[47.6655816,-122.3032186],
"521 n 102nd st":[47.7026879,-122.3517113],
"555 ne 117th st":[47.713783,-122.321294],
"6 av s \/ s andover st":[47.5680444,-122.3267569],
"6046 lake shore dr s":[47.547306,-122.258041],
"7510 26th av ne":[47.6834778,-122.2993799],
"7961 46th av s":[47.5297811,-122.2747681],
"8036 19th av nw":[47.6880288,-122.3807848],
"8188 15th av ne":[47.6885028,-122.3121865],
"9055 17th av sw":[47.521278,-122.356743],
"94 pike st":[47.6088847,-122.3403957],
"alaskan way s \/ s king st":[47.5983076,-122.3354687],
"e denny way \/ 31st av e":[47.6188911,-122.2923057],
"rainier av s & s charles st":[47.5940732,-122.310157],
"s bradford st \/ airport way s":[47.568941,-122.3226995]
}