{
"1024 washington pl e":[47.6281856,-122.2929129],
"108 nw 58th st":[47.6710243,-122.3583048],
"1139 18th av e":[47.629828,-122.308988],
"12043 33rd av ne":[47.7167337,-122.2930479],
"1322 n 76th st":[47.6838721,-122.3406334],
"15th av ne & ne 125th st":[47.7194391,-122.3126829],
"1724 31st av":[47.6172465,-122.2921353],
"2104 16th av e":[47.638543,-122.31002],
"2156 boyer av e":[47.639113,-122.309237],
"2221 e spruce st":[47.603318,-122.302689],
"2438 nw 58th st":[47.6711288,-122.3893119],
"26th av ne \/ ne 54th st":[47.6679884,-122.2995449],
"2814 s brandon st":[47.5537634,-122.2960904],
"29th av w \/ w barrett st":[47.6468424,-122.3942501],
"326 30th av":[47.605013,-122.293365],
"3305 23rd av s":[47.5738748,-122.3035508],
"3596-3599 chelan av sw":[47.5725916,-122.3611257],
"3740 e john st":[47.6200459,-122.2843791],
"4002 34th av sw":[47.567748,-122.37479],
"415 m l king jr way s":[47.598774,-122.297835],
"4700 delridge way sw":[47.5610679,-122.362838],
"4747 47th av sw":[47.5597942,-122.3922215],
"4th av ne \/ ne 97th st":[47.6991508,-122.3243563],
"50 yesler way":[47.6017682,-122.3357922],
"5029 roosevelt way ne":[47.6658979,-122.3176703],
"5523 29th av ne":[47.6691969,-122.296532],
"5600 beacon av s":[47.5511372,-122.3017975],
"5720 38th av ne":[47.6709869,-122.286547],
"6318 29th av sw":[47.5464945,-122.3698078],
"6825 weedin pl ne":[47.6786867,-122.3222415],
"7515 15th av sw":[47.5349659,-122.3542316],
"8300 dallas av s":[47.5290111,-122.3189201],
"9216 37th av s":[47.520863,-122.285635],
"9824 41st av ne":[47.700876,-122.283411],
"e yesler way \/ 27th av s":[47.6016643,-122.2978559],
"halladay st \/ 6th av n":[47.6422416,-122.3460792],
"s estelle st \/ rainier av s":[47.5719297,-122.2932391],
"university st \/ 7th av":[47.6096504,-122.3316507]
}