{
"1215 n 48th st":[47.663357,-122.342981],
"1313 16th av s":[47.591122,-122.313341],
"14816 9th pl ne":[47.736809,-122.318555],
"1727 harbor av sw":[47.587098,-122.378967],
"2128 n 117th st":[47.714429,-122.332876],
"2303 n 82nd st":[47.688424,-122.330775],
"2538 14th av w":[47.641816,-122.374482],
"26th av ne \/ ne 55th st":[47.6685229,-122.299545],
"28th av s \/ s graham st":[47.5462797,-122.2968635],
"2920 w boston st":[47.638331,-122.395262],
"3100 s mount baker blvd":[47.577149,-122.292749],
"33rd av s \/ s oregon st":[47.5628317,-122.2909877],
"5101 wallingford av n":[47.665908,-122.3366493],
"5121 s roxbury st":[47.516616,-122.26832],
"5531 21st av s":[47.5524629,-122.3065616],
"5711 ne 57th st":[47.669783,-122.266397],
"6717 12th av ne":[47.6778048,-122.315924],
"7024 17th av nw":[47.6802741,-122.3786472],
"7249 west green lake dr n":[47.6821718,-122.3424205],
"7403 6th av nw":[47.6826878,-122.3636221],
"7917 renton av s":[47.5309996,-122.2785292],
"845 ne 95th st":[47.6974916,-122.3183776],
"9524 6th av nw":[47.698689,-122.362984],
"queen anne av n \/ w smith st":[47.6414386,-122.3569196],
"s college st \/ rainier av s":[47.5827687,-122.3014997],
"sw willow st \/ california av sw":[47.5422787,-122.3872585]
}