{
"13526 meridian av n":[47.7277897,-122.334167],
"1611 e olive way":[47.6190457,-122.3248208],
"1623 6th av w":[47.6342559,-122.3654313],
"2205 airport way s":[47.5836941,-122.3214237],
"2401 s columbian way":[47.559681,-122.302688],
"302 18th av":[47.604552,-122.308642],
"3514 sw 98th st":[47.5157818,-122.3773254],
"3612 24th av w":[47.652581,-122.387039],
"4800 53rd av s":[47.559253,-122.266543],
"5523 university way ne":[47.669295,-122.3132771],
"5748 ne 62nd st":[47.6737382,-122.2641154],
"5967 wilson av s":[47.547965,-122.263703],
"701 ne northlake way":[47.6543284,-122.3205139],
"823 nw 53rd st":[47.6668873,-122.3672735],
"8420 greenwood av n":[47.6904587,-122.3549938]
}