{
"1834 ne 96th st":[47.6989222,-122.3072888],
"2105 n 105th st":[47.7050323,-122.3345307],
"2149 n 117th st":[47.7138887,-122.3318908],
"2246 nw 61st st":[47.673328,-122.386774],
"2635 prosch av w":[47.644064,-122.374489],
"3014 e howell st":[47.617797,-122.292727],
"3018 17th av s":[47.576197,-122.310399],
"327 n 78th st":[47.685274,-122.354086],
"3300 34th av s":[47.573635,-122.28959],
"3314 sw hinds st":[47.5730475,-122.3747765],
"3716 s angeline st":[47.559699,-122.2851973],
"4012 s willow st":[47.5408447,-122.2819558],
"413 w republican st":[47.6232939,-122.3625832],
"417 w newell st":[47.643839,-122.363062],
"4402 sw alaska st":[47.5611494,-122.3886258],
"4420 s warsaw st":[47.5435471,-122.2771151],
"4827 s holly st":[47.542222,-122.271591],
"5459 sw jacobsen rd":[47.560832,-122.402969],
"5513 18th av s":[47.553005,-122.310192],
"5629 airport way s":[47.551361,-122.319283],
"601 harvard av e":[47.6242743,-122.3219973],
"6310 49th av sw":[47.546365,-122.3948655],
"642 nw 79th st":[47.686421,-122.365153],
"7214 2nd av nw":[47.6811999,-122.359145],
"7316 20th av ne":[47.681724,-122.306292],
"740 n 68th st":[47.678949,-122.348213],
"8500 sand point way ne":[47.690343,-122.266746],
"8644 34th av sw":[47.525148,-122.3749595],
"8855 interlake av n":[47.6940376,-122.340531],
"916 25th av":[47.610523,-122.299751],
"e yesler way \/ 21st av s":[47.6016698,-122.3050508],
"ravenna av ne \/ ne 105th st":[47.7047763,-122.2975307],
"stewart st & denny way":[47.6184955,-122.3306944]
}