{
"11538 evanston av n":[47.7135279,-122.351154],
"11714 5th av ne":[47.714614,-122.322937],
"1212 s donovan st":[47.525843,-122.316968],
"12230 aurora av n":[47.7187851,-122.3444396],
"14047 meridian av n":[47.731862,-122.3346],
"1520 melrose av":[47.6146609,-122.3275815],
"2231 11th av w":[47.6395614,-122.3717976],
"2330 3rd av":[47.6155698,-122.3456226],
"2420 westview dr w":[47.6401821,-122.370559],
"2500 30th av w":[47.641294,-122.395245],
"2509 montavista pl w":[47.641479,-122.4050977],
"2625 ne 49th st":[47.6642168,-122.2994184],
"3017 ne 98th st":[47.699968,-122.295323],
"30th av sw \/ sw roxbury st":[47.5174242,-122.3713981],
"3405 e mercer st":[47.624781,-122.287909],
"3938 s juneau st":[47.549943,-122.281727],
"4012 39th av s":[47.5674686,-122.2836649],
"4300 pend oreille rd ne":[47.6592222,-122.3033618],
"4519 sw graham st":[47.5465759,-122.3908882],
"4820 49th av s":[47.558738,-122.27156],
"4915 ne 60th st":[47.673094,-122.274997],
"6021 30th av sw":[47.5501421,-122.3709709],
"6110 9th av nw":[47.6735778,-122.3685126],
"816 ne ravenna blvd":[47.6735629,-122.3195007],
"8838 32nd av sw":[47.523515,-122.373599],
"9th av nw \/ nw 42nd st":[47.6578073,-122.3672985],
"e pine st \/ 16th av":[47.6152309,-122.3114723],
"nb i5 at 65":[47.670323,-122.321644],
"waters av s \/ s bangor st":[47.5063893,-122.2488881]
}