{
"0 - 0 eb sr520 fr lake washington":[47.644945,-122.291116],
"0 - 0 sb i5 fr northgate eb":[47.705825,-122.330184],
"1004 s cloverdale st":[47.526701,-122.319919],
"111 27th av s":[47.6012569,-122.298202],
"119 m l king jr way e":[47.619483,-122.296442],
"11th av nw \/ nw 122nd st":[47.7178641,-122.3703635],
"12510 6th av nw":[47.720055,-122.363268],
"12550 9th av nw":[47.721078,-122.367334],
"12733 4th av nw":[47.722447,-122.362688],
"1410 11th av w":[47.6314628,-122.3713005],
"1470 minor av":[47.6130553,-122.326965],
"14th av ne \/ ne 82nd st":[47.6885291,-122.313459],
"1618 bellevue av":[47.6157793,-122.3264624],
"1716 s hanford st":[47.575307,-122.309909],
"2422 w lynn st":[47.6393299,-122.3885271],
"2644 46th av sw":[47.579911,-122.39026],
"2715 w fort st":[47.6610841,-122.3917319],
"4259 8th av nw":[47.6588373,-122.3670167],
"5218 s brandon st":[47.553572,-122.267328],
"5407 23rd av s":[47.5535921,-122.3042868],
"604 1st av":[47.6021779,-122.3340966],
"6508 53rd av ne":[47.67608,-122.270201],
"6556 sycamore av nw":[47.6776167,-122.3582393],
"7029 dibble av nw":[47.680466,-122.3676],
"751 s michigan st":[47.5464747,-122.3243399],
"9117 view av nw":[47.696016,-122.402102],
"939 federal av e":[47.6280038,-122.3194118],
"9710 woodlawn av n":[47.7000293,-122.33842],
"9th av \/ hubbell pl":[47.6115309,-122.3301756],
"ne 59th st \/ roosevelt way ne":[47.6714756,-122.3173564],
"ne 90th st \/ latona av ne":[47.6940744,-122.3257692],
"ne 92nd st \/ ne 94th st":[47.6507684,-122.2165918],
"stone av n \/ n 49th st":[47.6643003,-122.3421008]
}