{
"101 nw 47th st":[47.6630496,-122.3580477],
"10533 valmay av nw":[47.705926,-122.378554],
"11475 35th av sw":[47.499549,-122.376479],
"12320 riviera pl ne":[47.718158,-122.278354],
"13717 2nd av nw":[47.7292722,-122.3599193],
"1509 shenandoah dr e":[47.632225,-122.28968],
"1711 ne 125th st":[47.719112,-122.309447],
"1957 26th av e":[47.637426,-122.299757],
"2031 3rd av":[47.6128579,-122.3420541],
"2124 n 62nd st":[47.6739008,-122.3324526],
"2125 westlake av n":[47.6390012,-122.3416341],
"2336 18th av s":[47.581855,-122.309111],
"2457 53rd av sw":[47.5808646,-122.4005429],
"3851 e boston st":[47.637859,-122.283508],
"4126 49th av s":[47.56563,-122.271609],
"4214 stone way n":[47.6586084,-122.3419597],
"4244 7th av ne":[47.6587687,-122.3205273],
"4410 latona av ne":[47.6606331,-122.3248228],
"4410 sw fontanelle st":[47.53718,-122.389148],
"4520 ne 86th st":[47.6904929,-122.279084],
"46th av s \/ s chicago st":[47.5326274,-122.2753095],
"5265 shilshole av nw":[47.666378,-122.3876486],
"6020 30th av s":[47.547426,-122.2933831],
"7126 beacon av s":[47.5383358,-122.2945981],
"7217 greenwood av n":[47.6812915,-122.3556416],
"8016 fauntleroy way sw":[47.5309839,-122.392342],
"9251 35th av sw":[47.5195689,-122.3772384],
"9517 1st av nw":[47.6983,-122.3584521],
"alaskan e rdwy way \/ union st":[47.6068987,-122.3413317]
}