{
"1026 madison st":[47.609367,-122.3255529],
"10705 61st av s":[47.5041803,-122.257557],
"108 gallery av s":[47.6012115,-122.3284898],
"111 13th av e":[47.6191975,-122.3158698],
"12017 32nd av ne":[47.716186,-122.294493],
"1231 westlake av n":[47.630646,-122.341402],
"13281 aurora av n":[47.7267973,-122.3457958],
"141 n 81st st":[47.68745,-122.356117],
"16th av s \/ s weller st":[47.5974941,-122.3115883],
"2230 7th ave":[47.6174212,-122.340896],
"2348 california av sw":[47.581634,-122.3862531],
"2407 nw neptune pl":[47.7003978,-122.3879337],
"2600 magnolia blvd w":[47.6431121,-122.4138878],
"2728 61st av sw":[47.578475,-122.410291],
"2800 westlake av n":[47.645264,-122.347909],
"3429 59th av sw":[47.5726609,-122.4086],
"3657 12th av w":[47.653867,-122.3725577],
"3rd av nw \/ nw 112th st":[47.7104149,-122.3608544],
"4146 42nd av ne":[47.659813,-122.282384],
"4301 sw donald st":[47.5918121,-122.3865014],
"4515 s henderson st":[47.5233029,-122.275809],
"4518 w cramer st":[47.669309,-122.413736],
"4808 13th av s":[47.559845,-122.315742],
"4th av s \/ s atlantic st":[47.5902817,-122.3288347],
"5054 ivanhoe pl ne":[47.666149,-122.270697],
"515 minor av n":[47.623527,-122.3330228],
"5217 s myrtle st":[47.538678,-122.266414],
"5739 25th av ne":[47.671244,-122.300927],
"5910 59th av ne":[47.67179,-122.264256],
"5th av ne \/ ne 73rd st":[47.6816188,-122.3228803],
"6012 19th av s":[47.5481596,-122.3083692],
"621 broadway  e":[47.6249558,-122.3212863],
"6515 16th av ne":[47.676288,-122.311198],
"6803 weedin pl ne":[47.6781209,-122.3217633],
"7043 14th av sw":[47.53975,-122.353018],
"705 5th av s":[47.5963907,-122.3283289],
"707 3rd av":[47.6035251,-122.3321311],
"7166 beacon av s":[47.5377,-122.293035],
"7309 28th av nw":[47.682035,-122.393349],
"8102 21st av ne":[47.6872339,-122.305131],
"8452 beacon av s":[47.526276,-122.287391],
"nb i5 fr spokane":[47.571428,-122.325101],
"s juneau st \/ rainier av s":[47.5497095,-122.2771163]
}