{
"10325 lake shore blvd ne":[47.703708,-122.27541],
"10452 47th av sw":[47.509148,-122.3905823],
"11751 exeter av ne":[47.715026,-122.281595],
"1223 spring st":[47.610789,-122.323751],
"14327 interlake av n":[47.733118,-122.34162],
"1923 7th av":[47.6147766,-122.3373639],
"211 22nd av e":[47.620578,-122.303962],
"2726 sw macarthur ln":[47.5504609,-122.3695721],
"3007 11th av w":[47.647124,-122.371857],
"3857 24th av w":[47.655732,-122.387823],
"4415 26th av sw":[47.564252,-122.365857],
"4820 terrace dr ne":[47.6638387,-122.285214],
"5224 33rd av s":[47.5544828,-122.29025],
"5910 dayton av n":[47.6721691,-122.3526152],
"7303 33rd av s":[47.536878,-122.290377],
"7722 32nd av sw":[47.5330222,-122.373508],
"7912 wolcott av s":[47.531191,-122.268458],
"922 25th av":[47.6107258,-122.3000952],
"9516 7th av nw":[47.6983782,-122.3644381],
"elliott av w \/ w prospect st":[47.6284678,-122.3708765],
"fauntleroy way sw \/ sw cloverdale st":[47.5267826,-122.3927381],
"mcgilvra blvd e \/ e madison st":[47.6333718,-122.2815784],
"pike st & boren av":[47.6134658,-122.328912]
}