{
"11338 36th av ne":[47.711287,-122.288934],
"115 raye st":[47.6430987,-122.354792],
"119 n 74th st":[47.682326,-122.357006],
"12202 1st av nw":[47.718049,-122.357938],
"1224 n 137th st":[47.728922,-122.342566],
"13700 stone av n":[47.7286979,-122.3423013],
"1621 4th av w":[47.634211,-122.3627407],
"1905 4th av":[47.6122996,-122.3390499],
"1949 5th av w":[47.637379,-122.364034],
"212 17th av s":[47.6003844,-122.3099506],
"2251 ne blakeley st":[47.664769,-122.3030204],
"2318 belvidere av sw":[47.582848,-122.37916],
"2366 beacon av s":[47.5820122,-122.3150828],
"2525 ne 95th st":[47.697308,-122.300352],
"3022 18th av s":[47.5763075,-122.3085934],
"3032 22nd av w":[47.647538,-122.384284],
"306 s river st":[47.5438623,-122.3303806],
"3615 2nd av nw":[47.6537603,-122.359097],
"36th av w \/ w barrett st":[47.6468227,-122.4036127],
"4111 55th av sw":[47.5662853,-122.4031448],
"4316 university way ne":[47.6602363,-122.3131534],
"4501 california av sw":[47.5627949,-122.3871093],
"4912 greenwood av n":[47.664731,-122.3551152],
"5402 20th av s":[47.5537813,-122.3070761],
"5958 31st av s":[47.548133,-122.292284],
"5th av ne \/ ne 80th st":[47.6867991,-122.3229468],
"601 aurora av n":[47.624988,-122.344087],
"6016 24th av nw":[47.6729453,-122.3872072],
"616 23rd av e":[47.624961,-122.302078],
"657 nw 87th st":[47.69189,-122.3657606],
"6919 heights av sw":[47.5416094,-122.3847678],
"8042 19th av ne":[47.687952,-122.307562],
"8106 13th av sw":[47.529872,-122.351383],
"8805 27th av ne":[47.6925669,-122.299112],
"ne campus pkwy \/ roosevelt way ne":[47.6560178,-122.3178414],
"russell av nw \/ 20th av nw":[47.6678784,-122.3821492],
"w highland dr \/ 2nd av w":[47.6295761,-122.3591991]
}