{
"1041 ne 92nd st":[47.695565,-122.31582],
"10821 valmay av nw":[47.707614,-122.377591],
"1151 n 91st st":[47.6947465,-122.342263],
"1155 n 130th st":[47.7229204,-122.3424915],
"11736 aurora av n":[47.7151435,-122.344475],
"1227 ne 135th st":[47.726501,-122.314227],
"12270 ashworth av n":[47.7191511,-122.3392438],
"14th av s \/ s director st":[47.5222092,-122.3150386],
"1551 grandview pl e":[47.6337946,-122.3122409],
"1553 s angeline st":[47.5601879,-122.310923],
"1618 n 55th st":[47.668935,-122.33702],
"1810 e republican st":[47.6233079,-122.3081426],
"1830 3rd av":[47.6114314,-122.3393118],
"2111 wolfe pl w":[47.6381159,-122.399311],
"2114 western av":[47.6116461,-122.3450801],
"2300 31st av s":[47.5824995,-122.2929759],
"2305 42nd av sw":[47.5827557,-122.3853889],
"2536 westlake av n":[47.6431737,-122.3440738],
"3040 nw 59th st":[47.6718364,-122.3973961],
"307 3rd av s":[47.599699,-122.330652],
"310 ne 50th st":[47.665197,-122.32494],
"3425 stone way n":[47.649302,-122.3430168],
"349 nw 112th st":[47.710039,-122.36293],
"3609 sw roxbury st":[47.517211,-122.378565],
"3707 42nd av s":[47.570383,-122.281061],
"4237 28th av w":[47.6588222,-122.3931276],
"502 minor av n":[47.6233051,-122.332824],
"5114 green lake way n":[47.666159,-122.3397819],
"714 n 46th st":[47.662375,-122.349381],
"8320 12th av nw":[47.68937,-122.3713082],
"8th av ne \/ ne 78th st":[47.6853077,-122.3202334],
"9415 21st av sw":[47.5187151,-122.3608535],
"beacon av s \/ s stevens st":[47.5769339,-122.3100325],
"e cherry st \/ temple pl":[47.6080014,-122.2967679],
"galer st \/ westlake av n":[47.6325435,-122.3408745],
"illinois av \/ texas way":[47.6648859,-122.4109543],
"n 44th st \/ dayton av n":[47.6602264,-122.3520545],
"w marginal turn rd \/ sw spokane st":[47.571386,-122.3580524],
"warren av n \/ raye st":[47.6432519,-122.3545069],
"wilson av s \/ s farrar st":[47.5555816,-122.2701773],
"woodlawn av n \/ n 34th st":[47.6480522,-122.3387272]
}