{
"10221 59th av s":[47.509121,-122.259771],
"114 james st":[47.6022704,-122.3330815],
"14023 interlake av n":[47.731238,-122.3415109],
"1504 6th av":[47.611567,-122.3345451],
"153 yesler way":[47.6017022,-122.3326852],
"1542 ne 140th st":[47.7302914,-122.3129728],
"1711 25th av":[47.616801,-122.300452],
"2106 s holgate st":[47.5863406,-122.3052769],
"2107 16th av s":[47.5842486,-122.3123502],
"2512 12th av w":[47.6411592,-122.3722832],
"2547 ne 134th st":[47.725224,-122.299912],
"2601 nw 92nd st":[47.69578,-122.389765],
"307 nw 84th st":[47.6896158,-122.3611271],
"3107 w government way":[47.6610139,-122.397739],
"3116 fuhrman av e":[47.6490829,-122.3185771],
"35th av sw \/ sw holden st":[47.5333596,-122.3766275],
"3601 6th av s":[47.57102,-122.326735],
"36th av ne \/ ne blakeley st":[47.661524,-122.28922],
"3854 29th av w":[47.655722,-122.394204],
"3911 bagley av n":[47.654755,-122.333008],
"4529 47th av sw":[47.5621404,-122.3924984],
"45th av sw \/ sw dakota st":[47.5665983,-122.3895191],
"4606 41st av s":[47.561087,-122.281436],
"5107 s orchard st":[47.5381228,-122.2696827],
"5207 37th av ne":[47.666936,-122.288283],
"5223 s hudson st":[47.556835,-122.267099],
"5712 60th av ne":[47.6703798,-122.2630441],
"6041 27th av ne":[47.67342,-122.2987989],
"6539 47th av ne":[47.676969,-122.278242],
"6820 17th av ne":[47.678271,-122.30951],
"7108 44th av s":[47.538533,-122.277697],
"724 n 84th st":[47.690056,-122.348752],
"7335 18th av ne":[47.682224,-122.309177],
"8014 18th av nw":[47.6873472,-122.3797827],
"900 alaskan way":[47.6030655,-122.3378303],
"909 21st av e":[47.627167,-122.305157],
"911 s doris st":[47.549487,-122.3201632],
"ne blakeley st \/ ravenna pl ne":[47.6662796,-122.3010685],
"nw 90th st \/ 8th av nw":[47.6942684,-122.3660038],
"rainier av s \/ s frontenac st":[47.5398384,-122.2710165],
"s orcas st \/ m l king jr way s":[47.5512364,-122.2879341],
"sw genesee st \/ beach dr sw":[47.5648748,-122.4070412]
}