{
"0 - 0 sb i5 to corson":[47.559045,-122.321742],
"1101 e alder st":[47.6043422,-122.3180917],
"11520 36th av ne":[47.712427,-122.2889],
"1437 22nd av":[47.6140374,-122.3036427],
"1819 n 51st st":[47.665556,-122.335482],
"2127 4th av n":[47.6381263,-122.3495084],
"2212 morley pl w":[47.638256,-122.405275],
"2517 lake washington blvd e":[47.6422397,-122.2985781],
"2937 utah av s":[47.576474,-122.3353654],
"3040 28th av w":[47.6480279,-122.392529],
"3225 ne 145th st":[47.7337618,-122.2931799],
"400 - 499 n 85th st":[47.69059,-122.353685],
"4011 ne 68th st":[47.677427,-122.284414],
"4213 s kenyon st":[47.5312865,-122.2799967],
"446 n 36th st":[47.6520308,-122.3534591],
"4732 16th av ne":[47.6640946,-122.3104898],
"6212 51st av s":[47.5464868,-122.2696586],
"9014 22nd av sw":[47.5223559,-122.3615082],
"911 ne 71st st":[47.6800052,-122.3181276],
"9240 30th av sw":[47.519836,-122.370968],
"9340 23rd av nw":[47.697466,-122.384958],
"9808 33rd av sw":[47.515324,-122.374061],
"dayton av n \/ n 85th st":[47.6905985,-122.3526013],
"sb i5 at e marginal":[47.5074353,-122.2856578]
}