{
"100 s lander st":[47.5798278,-122.3341917],
"1010 w newell st":[47.6444953,-122.3707126],
"10315 36th av ne":[47.7034502,-122.2897247],
"11539 12th av ne":[47.713336,-122.315535],
"12032 33rd av ne":[47.716509,-122.292471],
"1902 10th av w":[47.6360937,-122.3701093],
"19th av nw \/ nw 85th st":[47.6905947,-122.3811095],
"2261 ne 62nd st":[47.673488,-122.303286],
"2700 23rd av s":[47.5791639,-122.3033048],
"2909 16th av s":[47.577343,-122.312437],
"3106 s ferdinand st":[47.5580646,-122.2921582],
"3419 59th av sw":[47.5729772,-122.4085037],
"3821 38th av s":[47.5691113,-122.2850215],
"4028 34th av w":[47.656728,-122.40045],
"4556 14th av s":[47.56182,-122.314496],
"5225 37th av s":[47.5546125,-122.2864123],
"5256 rainier av s":[47.5548439,-122.2818271],
"5275 california av sw":[47.5541893,-122.3873967],
"535 federal av e":[47.6241563,-122.3190724],
"546 ne ravenna blvd":[47.6766335,-122.3221838],
"5516 23rd av s":[47.552788,-122.303736],
"5950 1st av s":[47.5494013,-122.3341543],
"6407 woodland pl n":[47.6756502,-122.348012],
"705 2nd av w":[47.625951,-122.359707],
"819 25th av":[47.609625,-122.300532],
"820 33rd av e":[47.626858,-122.289148],
"843 nw 54th st":[47.6678945,-122.3681155],
"9050 35th av sw":[47.5215326,-122.3767163],
"9404 58th av s":[47.517974,-122.2602248],
"9621 california av sw":[47.51684,-122.387911],
"ne 95th st \/ roosevelt way ne":[47.6976632,-122.3175764],
"valley general hospital":[47.4428556,-122.2140812]
}