{
"101 1st av n":[47.6414895,-122.3556289],
"10330 midvale av n":[47.704143,-122.342953],
"10414 alderbrook pl nw":[47.7040157,-122.3651109],
"10724 38th av ne":[47.707251,-122.287725],
"10903 whitman av n":[47.708184,-122.346473],
"1221 ne 61st st":[47.672075,-122.314767],
"13030 linden av n":[47.724356,-122.34685],
"1535 pike pl":[47.6088327,-122.340797],
"2111 e union st":[47.612708,-122.304381],
"220 n 117th st":[47.7142662,-122.3558474],
"2212 13th av s":[47.5832793,-122.3156269],
"2330 43rd av e":[47.6400464,-122.2770556],
"3009 14th av s":[47.576489,-122.315052],
"3215 w bertona st":[47.650197,-122.399],
"3816 25th av w":[47.6545781,-122.3886727],
"4133 42nd av ne":[47.6594849,-122.283115],
"4245 university way ne":[47.6596096,-122.3134541],
"5021 47th av s":[47.5563953,-122.2746409],
"5231 20th av ne":[47.6673918,-122.3065068],
"5506 4th av nw":[47.6689371,-122.3615607],
"555 aloha st":[47.6270178,-122.3458931],
"6306 beach dr sw":[47.5463169,-122.3986447],
"712 ne 40th st":[47.6560293,-122.3202187],
"807 w nickerson st":[47.652326,-122.368059],
"8114 13th av sw":[47.5296319,-122.3514297],
"8921 25th pl ne":[47.693733,-122.301187],
"9037 8th av nw":[47.695391,-122.36642],
"9117 25th av ne":[47.695333,-122.301834],
"9245 10th av sw":[47.5196453,-122.3482583],
"east stevens way ne \/ ne skagit ln":[47.6580447,-122.3050377],
"nw 122nd st \/ 10th av nw":[47.7178663,-122.3695826],
"s donovan st \/ 10th av s":[47.5256117,-122.3202434]
}