{
"1109 fairview av n":[47.6288761,-122.3307309],
"1311 e spruce st":[47.6033629,-122.3149391],
"14720 aurora av n":[47.7361434,-122.3446346],
"1503 25th av":[47.61431,-122.300393],
"1832 yale av":[47.6182868,-122.3306038],
"2101 beacon av s":[47.5843962,-122.3182836],
"2353 22nd av s":[47.5814334,-122.3045873],
"2422 queen anne av n":[47.640293,-122.356517],
"2857 34th av w":[47.646667,-122.401391],
"2nd av n \/ howe st":[47.6357199,-122.3531651],
"2nd av w \/ w raye st":[47.6432476,-122.3595364],
"30th av s \/ s mcclellan st":[47.5783472,-122.2941572],
"3319 lafayette av s":[47.5734478,-122.3105798],
"4027 sw trenton st":[47.5240538,-122.3841731],
"4144 55th av sw":[47.565406,-122.402505],
"4743 ballard av nw":[47.6635246,-122.3802183],
"4819 47th av sw":[47.558768,-122.392616],
"520 n 120th st":[47.716182,-122.352102],
"5300 denver av s":[47.5548937,-122.3249909],
"5525 20th av s":[47.5526092,-122.3076804],
"5620 35th av sw":[47.551271,-122.3759234],
"5750 30th av ne":[47.6717927,-122.2947283],
"6719 ellis av s":[47.541606,-122.320016],
"6906 40th av sw":[47.540997,-122.382897],
"6906 carleton av s":[47.540956,-122.321883],
"6th av nw \/ nw bowdoin pl":[47.6551971,-122.3635699],
"7047 east marginal way s":[47.539645,-122.323084],
"7525 8th av nw":[47.684061,-122.3664175],
"809 nw 63rd st":[47.6745297,-122.3666391],
"815 sw henderson st":[47.522584,-122.346093],
"848 nw market st":[47.668934,-122.368388],
"8633 8th av sw":[47.525457,-122.345848],
"9011 dayton av n":[47.694634,-122.353041],
"904 e highland dr":[47.630708,-122.3209],
"915 n 102nd st":[47.702669,-122.346666],
"934 n 77th st":[47.684975,-122.345562],
"boyer av e \/ 21st av e":[47.6373472,-122.3060312],
"ravenna av ne \/ ne 63rd st":[47.6747977,-122.3037952],
"s hanford st \/ rainier av s":[47.574954,-122.295574],
"s nevada st \/ m l king jr way s":[47.5644399,-122.2957699]
}