{
"0 nb i5 to 145":[47.732946,-122.323505],
"10134 holman rd nw":[47.70268,-122.358984],
"1100 3rd av":[47.6066839,-122.3345258],
"11239 3rd av ne":[47.7103681,-122.3260383],
"1124 nw 56th st":[47.6695915,-122.3720266],
"120 northgate pz":[47.7086816,-122.3283361],
"15 w boston st":[47.6381469,-122.357715],
"15757 densmore av n":[47.744894,-122.33902],
"1617 ne 75th st":[47.682839,-122.310124],
"1st av nw \/ nw 39th st":[47.6541548,-122.3571824],
"2116 4th av":[47.614418,-122.341721],
"2502 ne 82nd st":[47.688675,-122.30137],
"328 ne northgate way":[47.7087743,-122.3249349],
"4104 sw 107th st":[47.507652,-122.384591],
"4123 woodland park av n":[47.657338,-122.345058],
"4124 fremont av n":[47.6574846,-122.3496215],
"4305 s webster st":[47.5350547,-122.2790716],
"4815 3rd av nw":[47.6641563,-122.3609654],
"5007 delridge way sw":[47.5571076,-122.362924],
"5031 17th av ne":[47.6658039,-122.3094346],
"5044 wilson av s":[47.5558334,-122.2700382],
"5231 s pearl st":[47.556049,-122.266812],
"5435 beach dr sw":[47.5530804,-122.3985666],
"5628 36th av sw":[47.551118,-122.377306],
"6058 49th av sw":[47.5470269,-122.3951568],
"711 bellevue av e":[47.6255542,-122.3270979],
"8010 31st av ne":[47.687031,-122.294621],
"8122 green lake dr n":[47.6882695,-122.3426343],
"9119 cyrus av nw":[47.6956075,-122.3994576],
"913 10th av e":[47.6272533,-122.3206672],
"9262 51st av s":[47.5193089,-122.2697369],
"9714 woodlawn av n":[47.7001356,-122.338744],
"s willow st \/ 37th av s":[47.5406152,-122.2862382],
"shaffer av s \/ s morgan st":[47.544377,-122.2947414],
"whitman av n \/ green lake way n":[47.6622042,-122.3463529]
}