{
"1019 1st av":[47.6052416,-122.3367917],
"10517 35th av ne":[47.7056986,-122.2915313],
"1115 12th av":[47.6120593,-122.3171066],
"11808 31st pl ne":[47.7144984,-122.2950436],
"130 nickerson st":[47.6493324,-122.3558984],
"21st av sw \/ sw webster st":[47.5354769,-122.3601281],
"2623 ne 46th st":[47.6617465,-122.2989752],
"2822 fairview av e":[47.646453,-122.326154],
"2918 w mcgraw st":[47.6397261,-122.3951276],
"2956 e republican st":[47.6238725,-122.293328],
"3025 sw 106th st":[47.507925,-122.371865],
"3164 ne 83rd st":[47.689003,-122.292296],
"3218 35th av w":[47.649307,-122.401916],
"336 nw 54th st":[47.6681359,-122.362252],
"36 cedar st":[47.6146612,-122.3521089],
"3636 ashworth av n":[47.651577,-122.339764],
"366 prospect st":[47.629136,-122.349309],
"405 broadway e":[47.6058641,-122.3208303],
"4137 52nd av sw":[47.565553,-122.3992434],
"4811 47th av sw":[47.558987,-122.392611],
"4928 erskine way sw":[47.5579916,-122.3883132],
"542 n 75th st":[47.683518,-122.350575],
"6100 beacon av s":[47.5477576,-122.3007137],
"6336 hampton rd s":[47.5455545,-122.2601999],
"706 n 78th st":[47.6856903,-122.3495235],
"7060 lincoln park way sw":[47.5398815,-122.3946513],
"7335 23rd av nw":[47.6823415,-122.385368],
"7511 jones av nw":[47.6835483,-122.3867345],
"7735 seward park av s":[47.53292,-122.267206],
"8133 8th av sw":[47.5291216,-122.345753],
"9003 view av nw":[47.694113,-122.401324],
"927 n northlake way":[47.6484829,-122.3460885],
"9412 5th av ne":[47.697181,-122.322751],
"s bailey st \/ flora av s":[47.5475795,-122.31893],
"sw brace point dr \/ california av sw":[47.5209551,-122.3880987]
}