{
"10337 bedford ct nw":[47.704686,-122.384344],
"109 s main st":[47.5999205,-122.3336377],
"1122 24th av":[47.612284,-122.301033],
"1607 s hanford st":[47.574894,-122.311991],
"1625 m l king jr way":[47.5888615,-122.2979224],
"28th av sw \/ sw dakota st":[47.5668927,-122.3680903],
"3009 22nd av s":[47.576349,-122.304644],
"3115 s willow st":[47.540645,-122.2907311],
"3301 aurora av n":[47.64344,-122.3473179],
"3600 s myrtle pl":[47.5372405,-122.2866666],
"3805 ne 92nd st":[47.695035,-122.287608],
"4006 sw 107th st":[47.50764,-122.383262],
"511 e harrison st":[47.6218615,-122.3248176],
"5208 18th av sw":[47.5554345,-122.3570354],
"5325 roosevelt way ne":[47.6679057,-122.317625],
"5424 ballard av nw":[47.6683942,-122.3854961],
"5711 ne 63rd st":[47.6741132,-122.2645265],
"6200 southcenter blvd":[47.4631345,-122.2555662],
"6251 26th av ne":[47.675417,-122.299905],
"7320 military rd s":[47.5360114,-122.2960581],
"7752 19th av ne":[47.6864028,-122.3075314],
"8200 35th av ne":[47.688813,-122.2901886],
"8414 46th av sw":[47.528172,-122.391261],
"8924 8th av ne":[47.6937737,-122.3200583],
"9527 palatine av n":[47.6986707,-122.3570117],
"airport way s \/ s alaska st":[47.5611934,-122.3231087],
"s judkins st \/ 32nd av s":[47.5921276,-122.2913086]
}