{
"0 - 0 nb i5 at spring":[47.608344,-122.330587],
"10570 15th av nw":[47.707212,-122.376261],
"1129 22nd av e":[47.6295138,-122.3038886],
"1210 4th av":[47.6079365,-122.3342518],
"1314 s hill st":[47.5845605,-122.3158999],
"1315 e marion st":[47.610185,-122.314725],
"13271 15th av ne":[47.725175,-122.3126668],
"1433 sw donovan st":[47.525343,-122.354326],
"1611 4th av":[47.6112354,-122.3376331],
"17th av \/ e union st":[47.6129019,-122.3101624],
"2609 38th av w":[47.6434132,-122.406219],
"2701 rainier av s":[47.5789578,-122.2994279],
"2801 14th av w":[47.644963,-122.37525],
"316 nw 86th st":[47.691561,-122.361485],
"3239 nw market st":[47.6686116,-122.4001297],
"3410 35th av s":[47.572078,-122.288532],
"415 31st av e":[47.6229647,-122.2923672],
"4220 e lynn st":[47.639263,-122.277494],
"4315 bagley av n":[47.6595777,-122.3328785],
"4715 brooklyn av ne":[47.663661,-122.3142402],
"4809 s juneau st":[47.549551,-122.2721624],
"5108 46th av s":[47.55579,-122.275037],
"514 ne 85th st":[47.6904077,-122.3224416],
"5200 9th av nw":[47.6664333,-122.3685746],
"5816 ann arbor av ne":[47.672543,-122.275355],
"5953 corson av s":[47.5491131,-122.3209937],
"6035 31st av sw":[47.5475577,-122.3720559],
"608 nw market st":[47.6688197,-122.3645473],
"6311 brooklyn av ne":[47.6745187,-122.3146782],
"6340 atlas pl sw":[47.545671,-122.397628],
"7219 rainier av s":[47.5379041,-122.2709682],
"7807 11th av ne":[47.685549,-122.316652],
"8206 19th av ne":[47.6887608,-122.3076],
"9306 48th av s":[47.5187973,-122.2728784],
"958 16th av e":[47.6285373,-122.3109031],
"99 yesler way":[47.6015707,-122.334394],
"belvidere av sw \/ sw lander st":[47.57928,-122.3791681],
"e fir st \/ 12th av":[47.6026856,-122.3167898],
"fairmount av sw \/ sw prince st":[47.5830431,-122.3810622],
"s jackson st \/ 16th av s":[47.5992237,-122.3115777]
}