{
"10027 51st av sw":[47.512993,-122.395532],
"1017 w mcgraw st":[47.6393768,-122.3710802],
"10400 greenwood av n":[47.70462,-122.354995],
"11711 greenwood av n":[47.714685,-122.356156],
"1211 n 50th st":[47.664783,-122.343162],
"1830 broadway":[47.618568,-122.320432],
"202 s main st":[47.6001263,-122.3312307],
"2531 30th av w":[47.642173,-122.396015],
"2555 ne 107th st":[47.706516,-122.29918],
"2801 20th av s":[47.5785477,-122.3070088],
"2820 14th av w":[47.6453948,-122.3749838],
"3030 36th av w":[47.6478233,-122.4033323],
"3125 34th av s":[47.576005,-122.290158],
"3209 s orcas st":[47.5508352,-122.2911892],
"3623 densmore av n":[47.651183,-122.337877],
"3730 sw 107th st":[47.507588,-122.379483],
"3821 36th av sw":[47.569349,-122.377826],
"4065 sw barton st":[47.521704,-122.385623],
"430 25th av s":[47.598296,-122.299659],
"4642 s frontenac st":[47.54004,-122.273573],
"5051 bowen pl s":[47.555514,-122.277851],
"514 w smith st":[47.6415944,-122.3643364],
"530 w olympic pl":[47.6271458,-122.3645461],
"5308 green lake way n":[47.667418,-122.33972],
"5930 38th av sw":[47.549225,-122.380012],
"6013 20th av nw":[47.672799,-122.382423],
"602 s jackson st":[47.5993779,-122.3260851],
"6900 30th av s":[47.5406058,-122.2930318],
"8031 44th av ne":[47.6875868,-122.281518],
"812 n 46th st":[47.662377,-122.347964],
"812 n 47th st":[47.6630936,-122.3479679],
"8600 16th av sw":[47.5265044,-122.3550479],
"9005 palatine av n":[47.69451,-122.357064],
"9416 20th av ne":[47.6971903,-122.3065299],
"9440 37th av sw":[47.51805,-122.379151],
"corliss av n \/ n 145th st":[47.7341158,-122.3316027],
"marion st \/ boren av":[47.6086199,-122.3245046],
"mercer st \/ 4th av n":[47.6245712,-122.3489012],
"ne 55th st \/ princeton av ne":[47.6692198,-122.2758536],
"s lander st \/ 5th av s":[47.579813,-122.3275705],
"w garfield st \/ elliott bay trl":[47.6335685,-122.3869875],
"yesler way \/ broadway":[47.6016979,-122.3207688]
}