{
"10229 66th av s":[47.5088702,-122.2514772],
"11238 renton av s":[47.5019149,-122.249082],
"1350 e fir st":[47.6027714,-122.31485],
"1423 25th av e":[47.632027,-122.300672],
"1606 sw webster st":[47.5356603,-122.3553934],
"1701 sw graham st":[47.546377,-122.356218],
"1736 s horton st":[47.5741862,-122.3093914],
"1944 4th av w":[47.637296,-122.361909],
"199 e blaine st":[47.6345483,-122.326455],
"24th av w \/ w ruffner st":[47.6521432,-122.3874261],
"2617 14th av w":[47.643514,-122.375244],
"2801 ne 130th st":[47.7227369,-122.2967172],
"319 westlake av n":[47.6215098,-122.3388501],
"4514 8th av ne":[47.6618484,-122.3192334],
"5106 s adams st":[47.5654759,-122.2689808],
"5203 sw pritchard st":[47.579589,-122.39923],
"5212 28th av s":[47.555021,-122.296552],
"5617 s prentice st":[47.508046,-122.2622736],
"6538 51st av s":[47.5431718,-122.269521],
"6723 murray av sw":[47.542497,-122.393826],
"7224 1st av s":[47.5376076,-122.3330289],
"7515 beacon av s":[47.5348368,-122.2906578],
"8137 11th av sw":[47.5289724,-122.3495724],
"8808 dibble av nw":[47.693142,-122.366943],
"9023 meridian av n":[47.694821,-122.334191],
"9200 ashworth av n":[47.696159,-122.339367],
"934 n 78th st":[47.6857118,-122.3456791],
"9753 61st av s":[47.513654,-122.257363],
"9925 rainier av s":[47.51253,-122.250069],
"s plummer st \/ 8th av s":[47.5941648,-122.3224693]
}