{
"1015 2nd av":[47.6053664,-122.3357972],
"1026 ne 65th st":[47.676065,-122.3163866],
"11703 stendall pl n":[47.7147239,-122.340789],
"12015 1st av ne":[47.7163726,-122.3291182],
"1220 boylston av":[47.61282,-122.3233054],
"1503 28th av w":[47.6325689,-122.39338],
"153 madrona pl e":[47.619919,-122.285359],
"1716 e fir st":[47.6028537,-122.3093884],
"1717 n 82nd st":[47.6885347,-122.3368118],
"1819 38th av e":[47.635222,-122.284439],
"18th av nw \/ nw 85th st":[47.6905967,-122.3800309],
"2070 n 78th st":[47.686211,-122.333252],
"20th av s \/ s orcas st":[47.551156,-122.3073735],
"2100 ne 85th st":[47.690561,-122.30551],
"2107 thorndyke av w":[47.637937,-122.388732],
"2307 broadway e":[47.639842,-122.321678],
"2812 nw 93rd st":[47.697003,-122.39363],
"3029 nw 56th st":[47.669304,-122.3970567],
"3516 ne 75th st":[47.683251,-122.289756],
"37th av sw \/ sw manning st":[47.5711883,-122.3782075],
"3808 ashworth av n":[47.6530114,-122.3399177],
"4140 21st av sw":[47.565361,-122.359823],
"452 boston st":[47.63843,-122.3480198],
"4615 ne 73rd st":[47.6813656,-122.2780246],
"5510 m l king jr way s":[47.5522913,-122.2882252],
"7006 43rd av ne":[47.679713,-122.282551],
"7300 perimeter rd s":[47.5367614,-122.3019482],
"7700 fauntleroy way sw":[47.5339929,-122.3923035],
"8048 24th av nw":[47.6882486,-122.3872356],
"829 nw market st":[47.668397,-122.367532],
"8305 17th av nw":[47.688977,-122.379259],
"8714 fremont av n":[47.6925792,-122.3497948],
"8916 25th av ne":[47.693567,-122.301185],
"9022 36th av s":[47.522552,-122.286812],
"9222 2nd av nw":[47.696737,-122.359008],
"9600 60th av s":[47.5165595,-122.2580534],
"airport way s \/ s norfolk st":[47.5138113,-122.2881512],
"belmont av & e pine st":[47.6152297,-122.3244633]
}