{
"106 12th av e":[47.61909,-122.316573],
"1245 10th av e":[47.6319322,-122.3213125],
"12723 25th av ne":[47.7218142,-122.3021232],
"1325 e jefferson st":[47.6060085,-122.3143681],
"1337 s snoqualmie st":[47.561533,-122.3144035],
"1348 alaskan way":[47.6068716,-122.3412825],
"1620 lake washington blvd":[47.6159829,-122.2811076],
"1900 3rd av":[47.6118901,-122.3396137],
"2030 fairview av e":[47.637686,-122.32915],
"2310 franklin av e":[47.640081,-122.324334],
"2437 nw 63rd st":[47.674334,-122.389307],
"2639 47th av sw":[47.5800949,-122.3922629],
"3207 sw morgan st":[47.544465,-122.374207],
"3528 w lawton cir":[47.6654259,-122.4031693],
"4215 s trenton st":[47.524007,-122.27992],
"4660 ne 89th st":[47.693261,-122.275227],
"4828 s holden st":[47.5339529,-122.271318],
"502 12th av e":[47.6232434,-122.3167346],
"5216 41st av sw":[47.55511,-122.383817],
"5224 19th av ne":[47.6666342,-122.3067576],
"5510 15th av s":[47.553069,-122.313138],
"58th av sw \/ sw lander st":[47.5794337,-122.4061803],
"5903 31st av sw":[47.5499349,-122.3726369],
"7403 48 ave s":[47.5356907,-122.272894],
"7516 18th av nw":[47.6838124,-122.3796939],
"7932 5th av sw":[47.5309093,-122.341252],
"8015 greenwood av n":[47.6874299,-122.3556732],
"824 mcgilvra blvd e":[47.626448,-122.28108],
"8515 35th av ne":[47.6906196,-122.2911432],
"8541 12th av nw":[47.691839,-122.371821],
"918 18th av e":[47.62747,-122.30825],
"9223 fremont av n":[47.696711,-122.3502562],
"latona av ne \/ east green lake dr n":[47.681658,-122.3274885],
"n 49th st \/ burke av n":[47.6642982,-122.3351406],
"nw vernon pl \/ shilshole av nw":[47.6659237,-122.3840683],
"rainier av s & s graham st":[47.546022,-122.2759704],
"s chicago st \/ rainier av s":[47.5326261,-122.2699672]
}