{
"10641 sand point way ne":[47.706137,-122.279367],
"1521 7th av w":[47.6330098,-122.3668018],
"1525 10th av":[47.614883,-122.319703],
"1620 s jackson st":[47.599451,-122.310543],
"20 s spokane st":[47.5714639,-122.3237028],
"22nd av ne \/ ne 54th st":[47.6679849,-122.3044839],
"2629 s angeline st":[47.559522,-122.298215],
"3200 ne 137th st":[47.728498,-122.29326],
"3256 ne 85th st":[47.6902251,-122.2913393],
"356 nw 87th st":[47.692283,-122.363111],
"3600 24th av s":[47.572065,-122.30141],
"3810 woodlawn av n":[47.653534,-122.338313],
"3906 wallingford av n":[47.654609,-122.335981],
"4036 ne 88th st":[47.6925417,-122.2837438],
"4054 52nd av sw":[47.5668982,-122.3985183],
"409 pike st":[47.6102314,-122.3362774],
"41 w cremona st":[47.649289,-122.359457],
"4107 renton av s":[47.5659375,-122.2931398],
"4521 california av sw":[47.5622543,-122.3871426],
"4617 lake washington blvd s":[47.56119,-122.267564],
"519 23rd av e":[47.6236728,-122.3024221],
"527 fairview av n":[47.624024,-122.3348418],
"6030 51st pl s":[47.548103,-122.268581],
"725 21st av":[47.6088499,-122.3054091],
"815 13th av":[47.6096858,-122.3157139],
"8340 13th av nw":[47.689914,-122.372382],
"903 western av":[47.6036987,-122.3368772],
"9900 myers way s":[47.5141618,-122.3303476],
"e howell st \/ 30th av":[47.6176108,-122.2935149],
"elliott bay trl \/ 20th av w":[47.6419139,-122.3820016],
"mary av nw \/ nw 67th st":[47.6778275,-122.376177],
"mount view dr s \/ s alaska st":[47.5616488,-122.2971781],
"s hanford st \/ m l king jr way s":[47.5744964,-122.2969461],
"sw roxbury st \/ delridge way sw":[47.5174246,-122.355162],
"yakima av s \/ s judkins st":[47.592158,-122.2944402]
}