{
"- 0 nb i5 off ramp to albro":[47.5445572,-122.3058387],
"11623 meridian av n":[47.713709,-122.334517],
"13348 11th av ne":[47.726188,-122.316395],
"1900 e aloha st":[47.6270111,-122.3070247],
"2600 s walker st":[47.5836534,-122.2990381],
"2659 34th av w":[47.644856,-122.401418],
"2802 35th av w":[47.645169,-122.4019672],
"3407 33rd av w":[47.650763,-122.399773],
"3714 60th av sw":[47.5706599,-122.409233],
"4210 8th av ne":[47.6580432,-122.319576],
"4303 7th av ne":[47.659612,-122.321162],
"554 ne 100th st":[47.701567,-122.320912],
"5971 18th av sw":[47.5480723,-122.3573905],
"6016 46th av s":[47.5476211,-122.2751514],
"6030 50th av ne":[47.6730026,-122.2738182],
"6244 50th av ne":[47.675204,-122.27357],
"6439 sand point way ne":[47.6756845,-122.2635615],
"6530 cleopatra pl nw":[47.676964,-122.36523],
"6542 29th av s":[47.5431539,-122.295566],
"6837 49th av ne":[47.6786693,-122.276034],
"73 yesler way":[47.6015514,-122.3354851],
"9748 57th av s":[47.513649,-122.261726],
"n 38th st \/ densmore av n":[47.6531519,-122.3374765],
"ne 115th st \/ alton av ne":[47.7118787,-122.2843455],
"pike & terry":[47.6130013,-122.3299498],
"s cloverdale st \/ island dr s":[47.5268556,-122.2612404]
}