{
"1141 nw 61st st":[47.6730773,-122.3731136],
"130 ne 133rd st":[47.7252054,-122.3275597],
"1411 e ward st":[47.6274424,-122.3138834],
"1528 37th av":[47.6148786,-122.2857339],
"1743 1st av s":[47.5868616,-122.3347025],
"1903 aurora av n":[47.6331907,-122.3435784],
"1910 e republican st":[47.6232397,-122.3066923],
"2115 california av sw - park admiral":[47.584842,-122.386788],
"2407 7th av w":[47.6398409,-122.366599],
"2419 s dawson":[47.555914,-122.301003],
"2625 yale ter e":[47.6439875,-122.3266579],
"2661 36th av sw":[47.579842,-122.377334],
"2827 nw 75th st":[47.682903,-122.3942624],
"3055 nw 67th st":[47.6771476,-122.3980699],
"329 n 81st st":[47.687441,-122.354023],
"3610 albion pl n":[47.6509765,-122.3444267],
"411 prospect st":[47.6287533,-122.3483013],
"4418 eastern av n":[47.6608077,-122.3289569],
"4820 s chicago st":[47.532917,-122.271681],
"5514 sw lander pl":[47.579285,-122.403146],
"615 1st av":[47.6021823,-122.334276],
"6416 fremont av n":[47.6758878,-122.3497436],
"740 bellevue pl e":[47.626266,-122.3276154],
"835 s sullivan st":[47.527062,-122.321317],
"8820 12th av ne":[47.692827,-122.314584],
"918 e john st":[47.6200595,-122.3197966],
"s norfolk st \/ renton av s":[47.5133218,-122.2642515]
}