{
"10753 dayton av n":[47.7084352,-122.3528118],
"11716 23rd pl ne":[47.714467,-122.303327],
"11723 bartlett av ne":[47.714219,-122.284241],
"1203 e olive st":[47.616263,-122.3166345],
"12360 35th av ne":[47.719051,-122.290366],
"1633 36th av":[47.616202,-122.287346],
"1720 15th av e":[47.6347864,-122.3132181],
"1915 21st av s":[47.5859813,-122.3059479],
"2324 34th av s":[47.581739,-122.289497],
"2409 sw findlay st":[47.5517845,-122.3634993],
"323 w garfield st":[47.633336,-122.362122],
"4105 ne 120th st":[47.715547,-122.283445],
"5032 40th av sw":[47.5564949,-122.3825552],
"5405 sw edmunds st":[47.5594648,-122.4016804],
"5625 38th av sw":[47.551226,-122.380715],
"6450 29th av sw":[47.5450794,-122.3691598],
"6814 31st av sw":[47.5417507,-122.3722719],
"7160 18th av sw":[47.537404,-122.356956],
"7363 woodlawn av ne":[47.681845,-122.326566],
"7414 28th av nw":[47.6828705,-122.3926696],
"812 16th av":[47.609667,-122.311139],
"9025 beacon av s":[47.521629,-122.284096],
"9742 arrowsmith av s":[47.515032,-122.2540452],
"e spring st \/ 23rd av":[47.6115966,-122.3027222],
"eb i90 exp at west highrise":[47.590188,-122.288634],
"fauntleroy way sw \/ sw oregon st":[47.5628801,-122.3792887],
"ne 75th st \/ 21st av ne":[47.6830493,-122.3053433]
}