{
"10033 densmore av n":[47.702409,-122.338149],
"11060 2nd av ne":[47.7094377,-122.3272919],
"1500 - 1599 grandview pl e":[47.632331,-122.311924],
"1600 ne grant ln":[47.6549417,-122.309122],
"1632 11th av w":[47.634568,-122.371393],
"1729 12th av s":[47.5874709,-122.3175868],
"1824 broadway":[47.6183324,-122.320829],
"1936 harbor av sw":[47.586547,-122.3764203],
"1949 12th av w":[47.6373523,-122.3731514],
"1st av \/ warren pl":[47.6178756,-122.3541531],
"2017 e mcgraw st":[47.6400379,-122.304655],
"2301 s jackson st":[47.5984936,-122.301533],
"2857 s holden st":[47.5335589,-122.293662],
"32nd av nw \/ nw 67th st":[47.6772903,-122.3983713],
"3732 sw 99th st":[47.5149494,-122.3806705],
"3904 e boston st":[47.638292,-122.282603],
"4020 ne 65th st":[47.6759558,-122.283902],
"4203 brooklyn av ne":[47.6585235,-122.3147464],
"4342 36th av w":[47.659642,-122.403252],
"4351 5th av nw":[47.6600325,-122.362935],
"4524 17th av ne":[47.6620192,-122.3091362],
"5110 s willow st":[47.540947,-122.269329],
"6320 32nd av s":[47.545568,-122.29095],
"6500 roosevelt way ne":[47.6760385,-122.3170627],
"6921 38th av sw":[47.5400459,-122.380804],
"715 23rd av s":[47.5960309,-122.3025493],
"7336 18th av nw":[47.6824522,-122.3797088],
"735 belmont pl e":[47.626575,-122.324608],
"7556 34th av ne":[47.684671,-122.291276],
"9043 46th av s":[47.5220569,-122.274612],
"909 m l king jr way":[47.6103217,-122.2965283],
"935 federal av e":[47.6278426,-122.3194354],
"9800 35th av sw":[47.5156012,-122.3766253],
"pike hill climb \/ pike st":[47.6083568,-122.3411236],
"sw 106th st \/ 35th av sw":[47.5081926,-122.3759486]
}