{
"109 ne 59th st":[47.671344,-122.327729],
"124 pike st":[47.6091691,-122.3392157],
"1708 45th av sw":[47.587751,-122.388587],
"2030 26th av e":[47.6388192,-122.2991022],
"225 cedar st":[47.6167812,-122.3488846],
"323 lake washington blvd":[47.6042517,-122.2840921],
"3838 evanston av n":[47.653846,-122.350902],
"40th av sw \/ sw 100th st":[47.5137599,-122.3832236],
"4131 41st av s":[47.565171,-122.282054],
"4202 4th av nw":[47.6579778,-122.361842],
"4415 49th av s":[47.563601,-122.272365],
"4970 s rose st":[47.5291309,-122.2709223],
"507 westlake av n":[47.6235522,-122.3388449],
"5734 sw admiral way":[47.576892,-122.4068],
"5816 oberlin av ne":[47.671747,-122.276542],
"6535 30th av sw":[47.543673,-122.370275],
"7344 35th av sw":[47.5360472,-122.3762079],
"750 n 80th st":[47.6871067,-122.3476696],
"7501 35th av sw":[47.5353639,-122.3769425],
"807 ne 62nd st":[47.6733259,-122.3194315],
"9200 - 9285 2nd av sw":[47.521244,-122.336301],
"9255 16th av sw":[47.5194721,-122.3554745],
"9619 roosevelt way ne":[47.6992425,-122.317863],
"lake city way ne \/ 31st av ne":[47.7189532,-122.2953431],
"n 49th st \/ woodlawn av n":[47.6642997,-122.3391407],
"nw 56th st \/ 17th av nw":[47.669442,-122.378887]
}