{
"10126 51st av sw":[47.512288,-122.393958],
"11051 alton av ne":[47.7097855,-122.2836331],
"11241 evanston av n":[47.711737,-122.3519],
"11739 33rd pl ne":[47.7145269,-122.292435],
"13327 12th av ne":[47.725567,-122.315719],
"14820 ne redmond way":[47.6760194,-122.1423295],
"1761 sturgus av s":[47.5873368,-122.3119583],
"20th av s \/ s state st":[47.587729,-122.306251],
"217 broadway   e":[47.6204389,-122.3213047],
"2211 alaskan way":[47.6111974,-122.349378],
"2572 4th av w":[47.6427509,-122.361851],
"26th av s \/ s college st":[47.5829324,-122.2990379],
"3415 33rd av sw":[47.5725001,-122.3744855],
"35th av sw \/ sw monroe st":[47.5311865,-122.3766424],
"3616 arapahoe pl w":[47.6528759,-122.4086802],
"3617 corliss av n":[47.65096,-122.331865],
"3800 s myrtle st":[47.5389093,-122.284198],
"3817 22nd av sw":[47.5696129,-122.361477],
"3924 24th av s":[47.568533,-122.301476],
"3rd av \/ university st":[47.6077609,-122.3359793],
"4225 brooklyn av ne":[47.6590135,-122.314747],
"4529 ne 55th st":[47.6690573,-122.2783082],
"4541 11th av s":[47.5622419,-122.3189714],
"4549 34th av s":[47.5614466,-122.2901939],
"4821 48th av s":[47.558728,-122.273585],
"4927 51st av s":[47.557407,-122.269808],
"50 s washington st":[47.6008982,-122.3348271],
"5118 2nd av nw":[47.6663828,-122.3584954],
"6750 26th av nw":[47.679124,-122.389421],
"701 4th av":[47.604017,-122.331502],
"743 n 85th st":[47.690343,-122.347947],
"7706 15th av ne":[47.685149,-122.311798],
"7933 30th av sw":[47.530912,-122.371626],
"9041 greenwood av n":[47.6954743,-122.3557647],
"n 43rd st \/ woodland park av n":[47.6591935,-122.3446073],
"w howe st \/ 35th av w":[47.6359,-122.40118]
}