{
"100 - 199 occidental av s":[47.6017067,-122.3327718],
"14043 19th av ne":[47.731516,-122.309052],
"1423 3rd av":[47.609235,-122.3378858],
"1717 nw 97th st":[47.6995109,-122.379324],
"1st av s \/ s horton st":[47.5743954,-122.3342904],
"200 lake washington blvd e":[47.6201239,-122.2802737],
"2227 e lake washington blvd":[47.6439212,-122.3025001],
"2319 n 65th st":[47.6757719,-122.3299315],
"2514 30th av s":[47.580516,-122.293823],
"26th av e \/ e aloha st":[47.6266603,-122.2987115],
"2727 alaskan way":[47.6140782,-122.3534721],
"3200 nw 57th st":[47.670211,-122.3983344],
"415 29th av e":[47.622904,-122.295128],
"4316 sw charlestown st":[47.5704172,-122.3876139],
"5126 woodlawn av n":[47.6663508,-122.3384489],
"5240 39th av s":[47.55447,-122.283063],
"5311 ne 62nd st":[47.6732189,-122.269794],
"6000 phinney av n":[47.6726083,-122.3540598],
"6418 29th av s":[47.5448155,-122.2955487],
"6549 25th av ne":[47.677252,-122.300947],
"6750-6798 aurora av n":[47.6786453,-122.3456077],
"725 17th av":[47.608821,-122.310609],
"7357 alonzo av nw":[47.683031,-122.374995],
"8038 burke av n":[47.688011,-122.335202],
"828 nw carkeek park rd":[47.711626,-122.367057],
"9251 38th av s":[47.519889,-122.285173],
"9402 9th av sw":[47.5189789,-122.3464352],
"9541 14th av nw":[47.6990679,-122.3743905],
"e pike st & broadway":[47.6140896,-122.3207916],
"henderson pl sw \/ 8th av sw":[47.5209751,-122.3454701],
"n 82nd st \/ stroud av n":[47.6886799,-122.3343426]
}