{
"116 16th av":[47.602227,-122.311176],
"15th av e \/ e galer st":[47.6323411,-122.3125026],
"1917 3rd av n":[47.6362951,-122.352206],
"2005 43rd av e":[47.6372,-122.277518],
"22nd av s \/ s orcas st":[47.5511043,-122.3051383],
"2310 sw alaska st":[47.561326,-122.362047],
"2393 nw 90th st":[47.6938866,-122.3873494],
"2427 29th av w":[47.6404075,-122.3942177],
"2533 28th av w":[47.642181,-122.393336],
"2999 harvard av e":[47.6478268,-122.322134],
"30th av sw \/ sw henderson st":[47.5228458,-122.371306],
"323 n 84th st":[47.689613,-122.354248],
"3810 34th av w":[47.6544579,-122.4004569],
"3917 corliss av n":[47.654866,-122.331814],
"3rd av n \/ nickerson st":[47.6468784,-122.3513079],
"4106 sw kenyon st":[47.532417,-122.385097],
"416 m l king jr way s":[47.5992152,-122.2973868],
"4700 51st pl sw":[47.561064,-122.397945],
"4845 s holly st":[47.542215,-122.270762],
"550 columbia st":[47.6053754,-122.3299255],
"5709 s upland rd":[47.547995,-122.261314],
"6245 52nd av ne":[47.675007,-122.271879],
"721 n 63rd st":[47.6743748,-122.3489233],
"7723 32nd av nw":[47.6856269,-122.398636],
"7775 seward park av s":[47.5318474,-122.2667997],
"8336 17th av nw":[47.6898259,-122.378616],
"8336 21st av nw":[47.6897975,-122.3829526],
"9006 3rd av sw":[47.5227623,-122.3389611],
"902 n 102nd st":[47.7029034,-122.3470591],
"leary av nw \/ 20th av nw":[47.6666758,-122.3821475],
"ne 60th st \/ 32nd av ne":[47.6721487,-122.2932273],
"nw 67th st \/ 21st av nw":[47.6777126,-122.383206],
"sw monroe st \/ fauntleroy way sw":[47.5315606,-122.3926866],
"wallingford av n \/ n 49th st":[47.6643005,-122.3363968]
}