{
"0 - 0 sb i5 fr northgate wb":[47.709559,-122.331332],
"1001 queen anne av n":[47.62827,-122.357107],
"10549 dayton av n":[47.706556,-122.353132],
"1056 s sullivan st":[47.5274633,-122.3177847],
"107 20th av e":[47.618751,-122.306464],
"1423 1st av":[47.6083351,-122.3399145],
"1527 14th av s":[47.5890848,-122.315166],
"1722 n 80th st":[47.6870888,-122.336801],
"1819 nw central pl":[47.666724,-122.380382],
"1904 47th av sw":[47.586632,-122.391362],
"2106 30th av s":[47.584225,-122.293754],
"2135 47th av sw":[47.5843882,-122.3921232],
"2143 n 130th st":[47.722722,-122.332399],
"2222 15th av w":[47.6394428,-122.3757941],
"2708 60th av sw":[47.5791609,-122.4093213],
"2845 14th av w":[47.646163,-122.375255],
"3031 nw 59th st":[47.6714399,-122.396982],
"3528 6th av w":[47.6521694,-122.3641672],
"38th av sw \/ sw kenyon st":[47.5320588,-122.3806738],
"4008 m l king jr way s":[47.5678259,-122.295786],
"419 11th av":[47.6058049,-122.318343],
"4921 48th av s":[47.557552,-122.273575],
"5152 s creston st":[47.5075069,-122.267642],
"523 n 46th st":[47.6619976,-122.3517653],
"5860 seaview av nw":[47.6709122,-122.4048574],
"6315 28th av s":[47.545765,-122.297927],
"823 w fulton st":[47.645598,-122.368634],
"8741 2nd av nw":[47.69383,-122.359737],
"9050 11th av sw":[47.521279,-122.348905],
"9432 12th av sw":[47.518186,-122.350219],
"9519 4th av ne":[47.6982643,-122.3247336],
"9731 sand point way ne":[47.700327,-122.278077],
"asotin pl ne \/ west stevens way ne":[47.6542585,-122.3104051],
"beacon av s \/ s juneau st":[47.5500525,-122.3014651],
"eb sr520 at montlake blvd":[47.643417,-122.308528],
"ellis av s \/ s angelo st":[47.5470672,-122.3179231],
"midvale av n \/ n 39th st":[47.654129,-122.3434478],
"n 52nd st \/ wallingford av n":[47.6665003,-122.3363882],
"w mcgraw st \/ 10th av w":[47.6395836,-122.3702951]
}