{
"10017 13th av nw":[47.7020533,-122.3730397],
"10020 31st av sw":[47.51311,-122.371464],
"1008 s warsaw st":[47.5441831,-122.3195405],
"10101 32nd av sw":[47.5127934,-122.3732582],
"10320 38th av ne":[47.703596,-122.287709],
"12035 pinehurst way ne":[47.716792,-122.311418],
"13527 meridian av n":[47.7276669,-122.334606],
"1515 23rd av s":[47.58892,-122.303122],
"1728 s dawson st":[47.556038,-122.309406],
"2015 ne 52nd st":[47.666231,-122.305862],
"2112 s spokane st":[47.572155,-122.303834],
"2616 e interlaken blvd":[47.6335486,-122.2991457],
"3302 37th pl s":[47.573607,-122.286286],
"3329 bella vista av s":[47.5728534,-122.2841551],
"3831 carr pl n":[47.653701,-122.3395008],
"4123 2nd av s":[47.566448,-122.3320195],
"4212 dayton av n":[47.658119,-122.351754],
"4238 12th av s":[47.565377,-122.3172612],
"431 n bowdoin pl":[47.6544893,-122.3531626],
"4421 francis av n":[47.660815,-122.353738],
"4646 s willow st":[47.5408787,-122.2733179],
"4740 airport way s":[47.5601304,-122.3230293],
"5101 ravenna av ne":[47.665867,-122.303759],
"5264 46th av sw":[47.554837,-122.390368],
"7109 woodlawn av ne":[47.6802369,-122.324814],
"7355 13th av nw":[47.683005,-122.372885],
"8545 4th av ne":[47.691699,-122.324741],
"9422 delridge way sw":[47.5186137,-122.3560513],
"9578 1 av ne":[47.7003496,-122.3279341],
"9823 44th av sw":[47.514971,-122.389036],
"burke gilman trl \/ ne 65th st":[47.675737,-122.2665651],
"e highland dr \/ mcgilvra blvd e":[47.629748,-122.2813369],
"post al \/ seneca st":[47.6059472,-122.3381623],
"s lane st \/ lake washington blvd s":[47.5966633,-122.289036]
}