{
"10014 48th av ne":[47.701707,-122.276105],
"1230 ne 95th st":[47.6976561,-122.3133535],
"12517 33rd av ne":[47.7198224,-122.2929972],
"1406 e thomas st":[47.6213331,-122.3142279],
"1702 ne 98th st":[47.7004775,-122.3092727],
"204 broadway  e":[47.6201398,-122.3205856],
"2069 mcgilvra blvd e":[47.6389756,-122.2811314],
"2334 n 122nd st":[47.717326,-122.32935],
"3008 21st av s":[47.57635,-122.30505],
"3319 ne 140th st":[47.7299489,-122.2914991],
"3733 s perry st":[47.51465,-122.284542],
"400 w highland dr":[47.629805,-122.362038],
"4229 west marginal way sw":[47.5643713,-122.3534376],
"4320 burke av n":[47.659766,-122.334625],
"4325 9th av ne":[47.6602574,-122.3189437],
"4414 phinney av n":[47.660713,-122.353955],
"4414 s webster st":[47.535479,-122.277314],
"4900 3rd av nw":[47.6647106,-122.3607834],
"4th av nw \/ holman rd nw":[47.7016345,-122.3621612],
"5903 rainier av s":[47.5495688,-122.277456],
"625 4th av w":[47.6253853,-122.3622883],
"6500 greenwood av n":[47.6760631,-122.3551097],
"6519 s bangor st":[47.506201,-122.251478],
"6731 30th av s":[47.5417786,-122.2938077],
"700 nw 100th pl":[47.701647,-122.365029],
"815 1st av":[47.603587,-122.3355704],
"8421 24th av sw":[47.52762,-122.363581],
"8815 se 40th st":[47.5741658,-122.2209498],
"9036 1st av nw":[47.695334,-122.357628],
"911 nw 56th st":[47.6692579,-122.3690904],
"9221 31st av sw":[47.5204055,-122.3728304],
"n 100th st \/ aurora av n":[47.7014398,-122.3445543],
"n 39th st \/ phinney av n":[47.6541558,-122.35446],
"ne northgate way \/ 8th av ne":[47.7085803,-122.3205543],
"stone way n \/ n 45th st":[47.6613886,-122.3421534],
"terry av \/ madison st":[47.6088747,-122.3262466]
}