{
"0 - 0 nb i5 to lake city":[47.67769,-122.320387],
"10303 61st av s":[47.5084469,-122.258596],
"10808 27th av ne":[47.707685,-122.29903],
"14429 3rd av nw":[47.733924,-122.361713],
"1932 bonair dr sw":[47.585767,-122.395841],
"212 e edgar st":[47.6446398,-122.3253757],
"2200 e lake washington blvd":[47.6431717,-122.2985699],
"227 n 117th st":[47.7139911,-122.3558825],
"2454 wickstrom pl sw":[47.581015,-122.401802],
"3212 arapahoe pl w":[47.6490859,-122.408627],
"3242 45th av sw":[47.574381,-122.389009],
"35 s main st":[47.6000463,-122.3353063],
"3552 sw ocean view dr":[47.501838,-122.378161],
"4422 francis av n":[47.6609057,-122.3529492],
"4520 s findlay st":[47.552129,-122.277107],
"4812 s bateman st":[47.5472017,-122.2720674],
"4822 38th av sw":[47.558514,-122.379704],
"5528 15th av ne":[47.669307,-122.311567],
"5546 22nd av s":[47.551981,-122.304815],
"5602 ne 59th st":[47.6716405,-122.2681201],
"5616 ne 60th st":[47.6722502,-122.267007],
"6410 s hazel st":[47.5055451,-122.2529193],
"7001 seaview av nw":[47.680967,-122.4072],
"7103 35th av sw":[47.539074,-122.377099],
"7308 29th av sw":[47.537075,-122.369436],
"8213 ashworth av n":[47.689171,-122.339535],
"9093 matthews av ne":[47.694122,-122.276682],
"ashworth av n \/ n 88th st":[47.6923465,-122.3391407],
"e madison st \/ 43rd av e":[47.6363811,-122.2771171],
"linden av n \/ n 77th st":[47.684767,-122.3472012],
"ne northlake way \/ 2nd av ne":[47.6536149,-122.32685]
}