{
"13341 15th av ne":[47.7263297,-122.3131394],
"1411 4th av":[47.6093029,-122.3363133],
"1500 franklin av e":[47.6322731,-122.3249616],
"1518 w dravus st":[47.6486862,-122.3770831],
"1540 n 120th st":[47.7159487,-122.3390026],
"17th av nw \/ nw 87th st":[47.6924259,-122.3789444],
"2115 westlake av n":[47.6386593,-122.3414897],
"2330 6th av":[47.6171698,-122.3429998],
"2700 e yesler way":[47.601889,-122.297538],
"3102 portage bay pl e":[47.6491825,-122.3183478],
"3207 33rd av s":[47.574913,-122.291258],
"3415 36th av sw":[47.5726309,-122.377394],
"3700 california av sw":[47.5710417,-122.3864435],
"3828 53rd av sw":[47.569444,-122.399712],
"3918 12th av s":[47.56843,-122.31691],
"3918 15th pl w":[47.6556182,-122.3775242],
"4025 41st av s":[47.567122,-122.282092],
"4759 w roberts way":[47.653718,-122.417987],
"4826 s bateman st":[47.547203,-122.271535],
"5607 12th av ne":[47.669759,-122.315517],
"5821 ne park point dr":[47.6770675,-122.2647643],
"6500 ne windermere rd":[47.6703973,-122.2578072],
"6560 roosevelt way ne":[47.6762833,-122.3173491],
"6616 park point way ne":[47.6763135,-122.2652474],
"6828 beacon av s":[47.541245,-122.298352],
"7317 10th av nw":[47.681999,-122.369715],
"7757 airport way s":[47.5375694,-122.3025463],
"7914 45th av s":[47.531023,-122.27571],
"843 nw 50th st":[47.6648468,-122.3681576],
"8840 wallingford av n":[47.6935158,-122.3363911],
"9051 sand point way ne":[47.6940528,-122.2745906],
"9545 4th av nw":[47.699181,-122.362471],
"ne 145th st\/4th av ne":[47.7340697,-122.3260892],
"ne 73rd st \/ 35th av ne":[47.6812317,-122.2904181],
"rainier av s \/ s fisher pl":[47.5213886,-122.2699992],
"w garfield st \/ 10th av w":[47.6335352,-122.3704046]
}