{
"10406 8th av nw":[47.704212,-122.365763],
"10734 38th av ne":[47.707547,-122.287705],
"11550 bartlett av ne":[47.713621,-122.283481],
"12038 2nd av ne":[47.717034,-122.327108],
"1214 25th av e":[47.6307487,-122.2999341],
"12321 11th av ne":[47.7182923,-122.3164326],
"124 31st av e":[47.619694,-122.291998],
"1500 ne 143rd st":[47.7321398,-122.3126924],
"2100 alki av sw":[47.5858721,-122.3982921],
"2210 westlake av":[47.618378,-122.3380607],
"2400 4th av s":[47.5819733,-122.3290569],
"2423 alaskan way":[47.6125079,-122.3506152],
"2712 ne 113th st":[47.71034,-122.298487],
"2713 ne 94th st":[47.696336,-122.298166],
"2921 17th av s":[47.577022,-122.311054],
"301 pine st":[47.6107319,-122.3386884],
"318 2nd av s":[47.5994213,-122.331345],
"3202 s portland st":[47.5331985,-122.2904962],
"324 27th av e":[47.622197,-122.296774],
"3917 bagley av n":[47.654871,-122.333007],
"4819 47th av s":[47.5587639,-122.274842],
"5209 56th av s":[47.5545137,-122.263243],
"5215 38th av ne":[47.66716,-122.287172],
"6300 ne 74th st":[47.6821297,-122.2617107],
"645 nw 79th st":[47.685971,-122.36531],
"6753 7th av nw":[47.679305,-122.36482],
"700 w olympic pl":[47.6281388,-122.3672614],
"7322 17th av nw":[47.6820458,-122.3786041],
"7520 36th av ne":[47.6836982,-122.2894114],
"8356 18th av nw":[47.6903521,-122.3797483],
"9203 matthews av ne":[47.694957,-122.277745],
"9236 26th av nw":[47.697169,-122.389344],
"9432 15th av sw":[47.5182396,-122.3537765],
"e olive way \/ e denny way":[47.6184919,-122.3256445],
"loyal way nw \/ 32nd av nw":[47.6903817,-122.3983234],
"s bayview st \/ 13th av s":[47.5809946,-122.3160673],
"sw holden st \/ delridge way sw":[47.5336924,-122.360434]
}