{
"10533 palatine av n":[47.706082,-122.357169],
"10620 55th av s":[47.5054469,-122.264425],
"1103 e boston st":[47.6382655,-122.3175862],
"12036 32nd av ne":[47.7167583,-122.2939806],
"1219 nw woodbine way":[47.706567,-122.372166],
"13410 greenwood av n":[47.7266391,-122.3551172],
"1400 nw 63rd st":[47.6746666,-122.3739652],
"1414 6th av n":[47.6319,-122.344457],
"1416 western av":[47.607773,-122.3405564],
"1431 n 54th st":[47.6677349,-122.3386861],
"15th av e \/ e ward st":[47.6276367,-122.31258],
"18 w mercer st":[47.6248054,-122.3576454],
"1915 1st av s":[47.5854717,-122.3347037],
"2119 3rd av":[47.6135781,-122.342931],
"216 26th av e":[47.620754,-122.298193],
"2433 nw 60th st":[47.672147,-122.389158],
"2513 34th av w":[47.6416899,-122.4013404],
"3017 32nd av w":[47.6474216,-122.3985865],
"36th av ne \/ ne 110th st":[47.7083565,-122.2893808],
"406 16th av e":[47.622355,-122.31097],
"415 26th av s":[47.5987614,-122.298977],
"4200 sw genesee st":[47.5646878,-122.3854645],
"4343 9th av ne":[47.6606918,-122.3190702],
"4726 thackeray pl ne":[47.663965,-122.325813],
"4832 s spencer st":[47.547951,-122.271279],
"5230 12th av ne":[47.6673372,-122.3148863],
"5231 ballard av nw":[47.6660763,-122.3832076],
"5403 32nd av s":[47.553315,-122.291884],
"5511 15th av s":[47.5521398,-122.3156083],
"6016 39th av ne":[47.672708,-122.285504],
"622 s washington st":[47.601089,-122.3255766],
"6617 rainier av s":[47.5429229,-122.2731506],
"709 s kenyon st":[47.5319561,-122.3250028],
"8111 27th av sw":[47.529679,-122.3675169],
"8536 2nd av ne":[47.691411,-122.326662],
"935 e denny way":[47.6187465,-122.3193206],
"eastlake av \/ denny way":[47.6185344,-122.3291281],
"republican st \/ aurora av n":[47.6232645,-122.3440448],
"sb i5 to ne 45 st":[47.662069,-122.322926],
"sw 104th st \/ 35th av sw":[47.5099909,-122.3758791]
}