{
"11336 alton av ne":[47.7111156,-122.2839669],
"1200 7th av w":[47.6296256,-122.3664383],
"12509 lake city way ne":[47.7195591,-122.2951545],
"1300 12th av":[47.6125864,-122.3167627],
"13033 15th av ne":[47.7239429,-122.3126988],
"13552 15th pl ne":[47.728113,-122.311711],
"1400 broadway":[47.6131064,-122.3204055],
"1409 ne 65th st":[47.6756092,-122.312639],
"1440 n 128th st":[47.7228664,-122.3406031],
"203 30th av":[47.603672,-122.294048],
"2100 n 128th st":[47.722276,-122.333888],
"2101 3rd av w":[47.6378973,-122.3612376],
"2301 aurora av n":[47.6388166,-122.3454607],
"2900 5th av s":[47.5244043,-122.3282157],
"3608 ne 80th st":[47.686889,-122.289095],
"416 5th av":[47.6028077,-122.3283598],
"4312 ne 87th st":[47.691795,-122.281869],
"4701 sw juneau st":[47.5500613,-122.3926255],
"4825 s findlay st":[47.5516859,-122.271465],
"5117 rainier av s":[47.5556697,-122.2838949],
"5143 s ruggles st":[47.50812,-122.268063],
"519 n 40th st":[47.6552246,-122.3516996],
"6004 ne keswick dr":[47.667969,-122.263096],
"6502 34th av nw":[47.675944,-122.400732],
"6504 sw stevens st":[47.5772211,-122.4153135],
"6513 sunnyside av n":[47.6764267,-122.3298923],
"6531 36th av sw":[47.543745,-122.378197],
"7563 19th av sw":[47.534118,-122.35855],
"830 s orcas st":[47.5499994,-122.3218984],
"8615 8th av s":[47.5260357,-122.322953],
"900 jefferson st":[47.6048683,-122.3240973],
"9347 marcus av s":[47.5177639,-122.2749485],
"9702 densmore av n":[47.699748,-122.337328],
"ne 133rd st \/ 27th av ne":[47.7247359,-122.2991112]
}