{
"115 prefontaine pl s":[47.6011964,-122.3296385],
"1260 mercer st":[47.6244682,-122.3307688],
"1517 bellevue av":[47.6147345,-122.3271554],
"206 ne 92nd st":[47.69618,-122.326728],
"2535 airport way s":[47.5801488,-122.3217539],
"307 18th av e":[47.6207493,-122.3090526],
"3643 courtland pl s":[47.5702541,-122.2875327],
"3950 s ferdinand st":[47.55807,-122.281297],
"4222 s othello st":[47.5372749,-122.2796446],
"4351 14th av s":[47.5638351,-122.3151238],
"5801 2nd av s":[47.5534132,-122.3323983],
"58th av ne \/ ne 65th st":[47.675743,-122.2669006],
"8005 12th av nw":[47.687155,-122.371715],
"9320 55th av s":[47.518341,-122.263637],
"9808 63rd av s":[47.513047,-122.254354],
"9811 california av sw":[47.515287,-122.387773],
"duwamish av s access rd \/ sw klickitat wy acc rd":[47.5706968,-122.3478135],
"sw fontanelle st \/ fauntleroy way sw":[47.5370064,-122.3919445]
}