{
"- 0 sb i5 at 75":[47.757283,-122.328773],
"102 lakeside av":[47.6018288,-122.2852482],
"10717 aurora av n":[47.7072373,-122.3447381],
"1200 e denny way":[47.6187827,-122.3169176],
"12015 1st av nw":[47.7164799,-122.358605],
"13701 lake city way ne":[47.7284865,-122.292856],
"1608 n 45th st":[47.6616004,-122.338687],
"2109 52nd av sw":[47.584976,-122.3972],
"2210 19th av e":[47.639083,-122.306951],
"2305 ne 135th st":[47.7263912,-122.302931],
"2633 nw 56th st":[47.6693032,-122.391496],
"3311 35th av s":[47.5734164,-122.2891264],
"3401 e pike st":[47.6140111,-122.2891011],
"34th av ne \/ ne 80th st":[47.6866615,-122.2916701],
"419 ne 88th st":[47.691953,-122.323611],
"4th av \/ seneca st":[47.6074897,-122.3342094],
"500 3rd av":[47.6021179,-122.3307533],
"558 n 72nd st":[47.6812035,-122.3501418],
"5608 49th av sw":[47.5517619,-122.394655],
"7300 57th av ne":[47.681284,-122.266668],
"7309 27th av nw":[47.68166,-122.391166],
"7342 18th av nw":[47.6825809,-122.3797217],
"8543 15th av nw":[47.6918743,-122.3771281],
"9017 8th av sw":[47.5222163,-122.3454973],
"9401 delridge way sw":[47.5191902,-122.3568311],
"s webster st \/ 37th av s":[47.5356329,-122.3792814],
"sw 102nd st \/ 35th av sw":[47.5119704,-122.3761537]
}