{
"100 lake washington blvd":[47.6017746,-122.2870475],
"1000 - 1130 ne northgate way":[47.708558,-122.317293],
"1123 nw 62nd st":[47.673585,-122.372406],
"13215 42nd av ne":[47.725108,-122.282941],
"1409 nw 70th st":[47.6794234,-122.3744578],
"14314 phinney av n":[47.7328059,-122.353857],
"1436 e ward st":[47.6278148,-122.3128488],
"148 n 130th st":[47.7232521,-122.3574561],
"1545 ne 76th st":[47.683686,-122.310067],
"1600 n 49th st":[47.6644644,-122.3389176],
"17201 8th av ne":[47.754026,-122.3218],
"2307 walnut av sw":[47.583197,-122.383054],
"2436 e aloha st":[47.626883,-122.299434],
"266 ne 45th st":[47.6615029,-122.3253932],
"3203 s holden st":[47.5335449,-122.290586],
"3208 35th av s":[47.5748773,-122.2884772],
"326 23rd av e":[47.622219,-122.302124],
"3439 42nd av w":[47.651313,-122.410976],
"3457 44th av sw":[47.572179,-122.388499],
"34th av nw \/ nw 72nd st":[47.6809335,-122.4010815],
"3915 s hudson st":[47.556759,-122.282856],
"4575 texas way w":[47.6617387,-122.4055503],
"4729 s juneau st":[47.5495524,-122.2728953],
"4828 33rd av ne":[47.664191,-122.292045],
"4846 delridge way sw":[47.5578764,-122.3628753],
"5420 22nd av nw":[47.6684938,-122.3844119],
"5510 25th av ne":[47.6688463,-122.3002669],
"6011 california av sw":[47.5480658,-122.3875645],
"7035 25th av nw":[47.680576,-122.389018],
"8735 phinney av n":[47.693425,-122.354335],
"9580 1st av ne":[47.7004546,-122.3279261]
}