{
"0 - 0 sb i5 at michigan":[47.559045,-122.321742],
"10018 32nd av sw":[47.513088,-122.372653],
"10055 41st av ne":[47.702557,-122.284681],
"1019 4th av s":[47.5930853,-122.3290278],
"10404 m l king jr way s":[47.5088978,-122.2782449],
"10738 bartlett av ne":[47.7078863,-122.2809151],
"11010 19th av ne":[47.7087685,-122.3081083],
"11532 4th av ne":[47.713225,-122.324399],
"12301 stone av n":[47.7188196,-122.3424346],
"12511 37th av ne":[47.71972,-122.289328],
"15th av ne \/ ne 55th st":[47.6685149,-122.311892],
"1601 e calhoun st":[47.640792,-122.310476],
"1633 windermere dr e":[47.634313,-122.290504],
"1758 ne 62nd st":[47.673178,-122.3075308],
"20th av w \/ w dravus st":[47.6484554,-122.3820449],
"2100 california av sw":[47.585123,-122.385967],
"22nd av nw \/ nw 83rd st":[47.6887201,-122.384338],
"2615 sw trenton st":[47.5243914,-122.3661023],
"2627 eastlake av e":[47.6440798,-122.3261507],
"2834 15th av w":[47.6459587,-122.3757981],
"3308 s juneau st":[47.549976,-122.290061],
"3405 25th av s":[47.572817,-122.300909],
"3540 stone way n":[47.6504001,-122.3423456],
"3624 34th av w":[47.6530551,-122.4008849],
"3707 sw sullivan st":[47.527422,-122.379758],
"3901 s cloverdale st":[47.5260981,-122.2834592],
"418 broadway e":[47.6225838,-122.320618],
"4407 s graham st":[47.545756,-122.277712],
"5325 s hazel st":[47.5045209,-122.266362],
"56th av s \/ s prentice st":[47.5082471,-122.2630739],
"6400 seaview av nw":[47.675119,-122.4061384],
"6543 44th av ne":[47.67707,-122.281312],
"7005 26th av ne":[47.679578,-122.299903],
"7345 47th av ne":[47.682868,-122.277851],
"7350 33rd av s":[47.535521,-122.289663],
"7559 30th av ne":[47.684774,-122.296287],
"773 31st av":[47.609133,-122.292938],
"8341 28th av nw":[47.6898849,-122.393434],
"8720 fauntlee crest sw":[47.52485,-122.386476],
"8802 rainier av s":[47.5237521,-122.274225],
"9501 ashworth av n":[47.6979785,-122.3399332],
"9853 41st av sw":[47.5141306,-122.3848519],
"m10 fire":[47.6038212,-122.3241757],
"n pacific st \/ bagley av n":[47.6487346,-122.332698],
"ne 65th st \/ 38th av ne":[47.6757867,-122.2869215],
"s mead st \/ east marginal way s":[47.5512161,-122.3357974],
"stone way n \/ n 48th st":[47.6635836,-122.3411721]
}