{
"1002 e spruce st":[47.6037075,-122.3191496],
"118 broadway  e":[47.6190298,-122.3208368],
"1202 ne 98th st":[47.700614,-122.314723],
"1218 e jefferson st":[47.6062141,-122.3159872],
"12353 8th av ne":[47.7192281,-122.3211059],
"126 n 77th st":[47.684967,-122.356793],
"13046 35th av ne":[47.7243495,-122.2903266],
"13th av s \/ s bennett st":[47.5549277,-122.3161221],
"13th av s \/ s winthrop st":[47.5759961,-122.3160268],
"1520 summit av":[47.6147705,-122.3251966],
"1616 bigelow av n":[47.633714,-122.347984],
"18th av sw \/ sw holden st":[47.5336902,-122.357732],
"1909 nw 92nd st":[47.695273,-122.381202],
"233 nw 53rd st":[47.6675141,-122.3598136],
"2526 ne 135th st":[47.72684,-122.30019],
"2719 california av sw":[47.5787052,-122.3869595],
"3111 w mcgraw st":[47.6392745,-122.3975925],
"3333 59th av sw":[47.57444,-122.408576],
"3669 francis av n":[47.653997,-122.3537154],
"3701 e garfield st":[47.6332359,-122.285032],
"3817 42nd av s":[47.569225,-122.281064],
"3902 ne 115th st":[47.712145,-122.286379],
"3rd av nw \/ nw 137th st":[47.7287484,-122.3609416],
"4067 24th pl s":[47.566369,-122.301707],
"4224 33rd av w":[47.658478,-122.399139],
"5147 ne latimer pl":[47.6571915,-122.2711968],
"520 24th av s":[47.59739,-122.3009103],
"6047 41st av ne":[47.6735147,-122.283858],
"6742 shaffer av s":[47.5414725,-122.2945369],
"7299 airport way s":[47.5431942,-122.3091699],
"7325 blake pl sw":[47.537332,-122.39117],
"8111 10th av s":[47.530079,-122.320509],
"8115 4th av ne":[47.6880604,-122.3245581],
"8415 roosevelt way ne":[47.690076,-122.317966],
"8522 stone av n":[47.6912898,-122.3408766],
"8600 seward park av s":[47.5267654,-122.2649219],
"9115 23rd av ne":[47.6951639,-122.304207],
"9232 4th av nw":[47.6970674,-122.361692],
"e seneca st \/ e madison st":[47.6122055,-122.3182823],
"e thomas st \/ summit av e":[47.620834,-122.3252955],
"ne ravenna blvd \/ university way ne":[47.670988,-122.3130406]
}