{
"0 - 0 nb sr99 to western":[47.6109,-122.345539],
"10714 lakeside av ne":[47.7082369,-122.276102],
"1118 nw 62nd st":[47.673907,-122.3723001],
"1121 m l king jr way s":[47.592337,-122.298065],
"120 ne 58th st":[47.671067,-122.327246],
"12046 35th av ne":[47.716853,-122.2910868],
"1403 e alder st":[47.6041707,-122.3139225],
"1413 queen anne av n":[47.631735,-122.356984],
"15th av s \/ s lucile st":[47.5534465,-122.3134789],
"1851 mcgilvra blvd e":[47.6360531,-122.281187],
"1919 queen anne av n":[47.636623,-122.357343],
"1947 14th av e":[47.637308,-122.3150065],
"2919 s adams st":[47.5651915,-122.2937227],
"3200 s genesee st":[47.5645583,-122.2921492],
"321 27th av e":[47.6220673,-122.2974225],
"3252 64th av sw":[47.574399,-122.414299],
"32nd av e \/ lake washington blvd e":[47.6249536,-122.2910284],
"3417 s king st":[47.5979564,-122.2883911],
"4241 ne 73rd st":[47.6813943,-122.2818852],
"4330 brooklyn av ne":[47.6607189,-122.3142959],
"4730 s juneau st":[47.549926,-122.272842],
"514 crockett st":[47.6376429,-122.3462804],
"5300 29th av s":[47.554462,-122.2954105],
"5345 sw admiral way":[47.578058,-122.401426],
"5703 airport way s":[47.5511359,-122.3190748],
"5803 renton av s":[47.55035,-122.285146],
"6300 19th av ne":[47.674919,-122.307328],
"6314 17th av sw":[47.5460781,-122.355643],
"63rd av ne \/ ne 57th st":[47.6699551,-122.2609628],
"6526 21st av sw":[47.544035,-122.359007],
"6851 44th av ne":[47.679077,-122.281593],
"7002 24th av ne":[47.679558,-122.301418],
"800 ne 55th st":[47.668821,-122.31988],
"8446 46th av s":[47.526499,-122.274326],
"8702 sand point way ne":[47.692578,-122.269135],
"911 25th av s":[47.594203,-122.300438],
"fremont av n \/ n 91st st":[47.6949335,-122.3499315],
"n 43rd st \/ evanston av n":[47.6589637,-122.3509951],
"n 46th st \/ burke av n":[47.6621404,-122.3351582],
"ne 94th st \/ 15th av ne":[47.6967094,-122.312109]
}