{
"10247 marine view dr sw":[47.510697,-122.389679],
"11603 marine view dr sw":[47.498906,-122.377442],
"13505 15th pl ne":[47.7268305,-122.3123275],
"1510 cherrylane av s":[47.5892892,-122.3127514],
"1520 california av sw":[47.5896837,-122.3858501],
"1700 nw 64th st":[47.6754517,-122.3792166],
"20 w mercer st":[47.6245965,-122.3569679],
"2003 nw 85th st":[47.690399,-122.382401],
"2011 30th av w":[47.637092,-122.396],
"2106 7th av":[47.6158909,-122.3388407],
"3131 ne 145th st":[47.733762,-122.2942092],
"3719 s burns st":[47.51634,-122.285054],
"3800 6th av s":[47.5691339,-122.3267467],
"4019 42nd av s":[47.567316,-122.281073],
"4052 55th av sw":[47.567081,-122.402515],
"5418 s brandon st":[47.5534485,-122.2649647],
"6420 beach dr sw":[47.5445927,-122.3978171],
"7032 2nd av nw":[47.680566,-122.359146],
"8226 ashworth av n":[47.68957,-122.3387856],
"8819 8th av sw":[47.5240579,-122.345824],
"9001 lake city way ne":[47.6943964,-122.3060243],
"905 20th av":[47.610682,-122.306693],
"belmont av e \/ e denny way":[47.6184947,-122.323987],
"sb sr509 fr michigan":[47.545542,-122.333346],
"stone way n \/ n 41st st":[47.6566515,-122.3423701],
"sunnyside av n \/ n 130th st":[47.7231794,-122.330281]
}