{
"1102 airport way s":[47.5937179,-122.3247784],
"1217 6th av w":[47.630149,-122.3649],
"12706 10th av ne":[47.721506,-122.317812],
"13015 23rd av ne":[47.723455,-122.304977],
"2121 n 137th st":[47.7284615,-122.333299],
"215 boylston av e":[47.6203731,-122.3233266],
"221 nw 100th st":[47.701284,-122.360214],
"2340 19th av s":[47.5817127,-122.3078055],
"2420 s judkins st":[47.592334,-122.300184],
"2538 9th av w":[47.641866,-122.368542],
"2580 56th av sw":[47.579537,-122.4037227],
"2714 fairview av e":[47.644992,-122.327107],
"2818 23rd av s":[47.5777875,-122.3030918],
"2859 w government way":[47.6610828,-122.394409],
"3217 sw raymond st":[47.547761,-122.374124],
"4714 s dawson st":[47.555459,-122.273728],
"4811 s mead st":[47.550193,-122.27213],
"49th av s \/ s gazelle st":[47.5125576,-122.2721816],
"501 n 45th st":[47.6612808,-122.3517136],
"53rd av s \/ s fletcher st":[47.5190176,-122.2661879],
"5435 california av sw":[47.5528051,-122.3870548],
"6025 25th av ne":[47.67292,-122.300933],
"7535 15th av nw":[47.6842436,-122.3772219],
"900 e pine st":[47.615505,-122.320383],
"broadway & e union st":[47.6129622,-122.3208238],
"nb i5 fr olive wy":[47.61735,-122.328159]
}