{
"0 - 0 sb i5 at 80":[47.683721,-122.322734],
"1000 s elmgrove st":[47.5301431,-122.3480344],
"102 ne 64th st":[47.6753125,-122.3279039],
"1029 ne 127th st":[47.721004,-122.316849],
"105 2nd av n":[47.6187306,-122.3528881],
"10514 durland av ne":[47.70508,-122.276654],
"11023 37th av sw":[47.503982,-122.379289],
"12032 3rd av nw":[47.7169698,-122.3606109],
"156 21st av e":[47.6200744,-122.3047389],
"1722 alaskan way s":[47.5874266,-122.3394245],
"1735 28th av s":[47.587243,-122.297343],
"1760 26th av e":[47.6356735,-122.2992226],
"1911 nw 75th st":[47.6830519,-122.3816686],
"2909 28th av w":[47.646108,-122.393312],
"3201 s charles st":[47.5944531,-122.2912557],
"3622 22nd av w":[47.6528724,-122.3844036],
"3714 37th av s":[47.570241,-122.285749],
"403 32nd av":[47.605316,-122.291904],
"5001 roosevelt way ne":[47.6649374,-122.3174231],
"5261 rainier av s":[47.5541421,-122.2824597],
"5421 s roxbury st":[47.516639,-122.264506],
"5427 ne penrith rd":[47.666711,-122.268949],
"5511 21st av s":[47.5530117,-122.3065521],
"5935 21st av sw":[47.549097,-122.360301],
"6208 kirkwood pl n":[47.673564,-122.33498],
"6907 57th av ne":[47.678704,-122.267345],
"7100 beach dr sw":[47.5392153,-122.3962776],
"729 n 66th st":[47.6766974,-122.3486932],
"8001 14th av ne":[47.6868336,-122.3135646],
"811 ne 68th st":[47.677809,-122.319549],
"8246 15th av ne":[47.689867,-122.311897],
"8720 43rd pl sw":[47.525499,-122.387755],
"8854 delridge way sw":[47.523159,-122.359998],
"8th av nw \/ nw 70th st":[47.6795657,-122.3661185],
"9115 stone av n":[47.6953393,-122.3421205],
"922 mcgilvra blvd e":[47.627564,-122.280153],
"9548 wallingford av n":[47.699166,-122.336157],
"n 100th st \/ linden av n":[47.7014438,-122.347326],
"nb i5 fr albro":[47.5488009,-122.3118147],
"ne 86th st \/ roosevelt way ne":[47.6912794,-122.3176141],
"nw 59th st \/ 24th av nw":[47.6716485,-122.3875966]
}