{
"0 - 0 nb i5 exp to lake city":[47.682137,-122.318804],
"15518 interlake av n":[47.742085,-122.340855],
"1852 41st av e":[47.6364848,-122.2793529],
"2326 w thurman st":[47.6559543,-122.3871129],
"2411 n 77th st":[47.684857,-122.328768],
"2519 ne 92nd st":[47.695444,-122.300636],
"3224 california av sw":[47.5747863,-122.3867531],
"3404 sw manning st":[47.5713567,-122.3751817],
"3835 35th av w":[47.6551273,-122.4026572],
"4014 ne 75th st":[47.6832081,-122.2844382],
"4450 ne 94th st":[47.696808,-122.281163],
"5302 s alaska st":[47.5607884,-122.2666498],
"6013 17th av nw":[47.672802,-122.379221],
"6121 36th av nw":[47.6735044,-122.4038963],
"6221 17th av ne":[47.6744524,-122.309979],
"6326 15th av ne":[47.6755449,-122.3116126],
"666 5th av n":[47.6250526,-122.3475237],
"7016 34th av ne":[47.6799374,-122.2911703],
"710 26th av":[47.6085795,-122.2988316],
"810 pike st":[47.6124615,-122.3316894],
"8102 latona av ne":[47.687702,-122.325399],
"8th av \/ denny way":[47.6185428,-122.3413172],
"9243 college way n":[47.697218,-122.335548],
"9317 lima ter s":[47.518954,-122.259552],
"963 13th av e":[47.62824,-122.316016],
"highland park way sw \/ west marginal way s":[47.5380176,-122.334367],
"nb i5 fr 1 av ne":[47.7091328,-122.3291525],
"nw 75th st \/ 11th av nw":[47.6832656,-122.3704167],
"s graham st \/ m l king jr way s":[47.5460206,-122.2856802],
"swift av s \/ mars av s":[47.5429153,-122.3035596]
}