{
"10015 8th av nw":[47.7020709,-122.366457],
"1015 nw 83rd st":[47.6886023,-122.3701274],
"10326 11th av nw":[47.704188,-122.369687],
"116 2nd av et s":[47.601574,-122.3318701],
"14054 wallingford av n":[47.732071,-122.336413],
"1412 nw 61st st":[47.6733177,-122.3742623],
"1528 ne 117th st":[47.7141337,-122.3114288],
"1600 s dakota st":[47.5672554,-122.3126843],
"1652 10th av e":[47.634596,-122.319777],
"1820 e mcgraw st":[47.640497,-122.307976],
"1833 26th av":[47.618629,-122.298865],
"1917 eastlake av e":[47.6363638,-122.3261561],
"1934 45th av sw":[47.585735,-122.38866],
"2001 ne 91st st":[47.6948481,-122.3068461],
"2128 n 62nd st":[47.6738896,-122.3322724],
"2201 e madison st":[47.6180276,-122.3037395],
"2311 15th av s":[47.582574,-122.313776],
"2500 lake washington blvd s":[47.5809491,-122.2847565],
"2555 queen anne av n":[47.642991,-122.357214],
"2700 15th av s":[47.5794631,-122.3133854],
"2915 1st av s":[47.577178,-122.334707],
"3018 ne 87th st":[47.691875,-122.295117],
"3321 25th av s":[47.5733279,-122.300967],
"3808 15th av ne":[47.6529042,-122.3125514],
"3811 s rose st":[47.529416,-122.284313],
"3818 w parkmont pl":[47.641584,-122.4077028],
"4153 39th av sw":[47.5649678,-122.381892],
"4220 ne 65th st":[47.675951,-122.282622],
"4515 41st av s":[47.562419,-122.282],
"4557 11th av ne":[47.6618283,-122.3165867],
"4914 45th av s":[47.557645,-122.276489],
"564 lee st":[47.6315977,-122.3454986],
"712 s orcas st":[47.55117,-122.3238],
"7731 13th av sw":[47.5333585,-122.352009],
"7747 16th av ne":[47.686279,-122.311387],
"807 nw 97th st":[47.699897,-122.36655],
"8117 delridge way sw":[47.5295204,-122.3609524],
"8149 28th av sw":[47.5286031,-122.3688286],
"e spruce st \/ 15th av":[47.6035155,-122.3128726],
"harris pl s \/ s hanford st":[47.5750757,-122.3023185],
"linden av n \/ n 102nd st":[47.7028911,-122.3473367],
"ne 66th st \/ roosevelt way ne":[47.6765532,-122.317367],
"sb sr509 at 2":[47.534707,-122.334902]
}