{
"1315 e republican st":[47.6229565,-122.3150021],
"141 nw 74th st":[47.682319,-122.359804],
"1617 california av sw":[47.5887559,-122.386648],
"1624 10th av w":[47.6343492,-122.3699866],
"1700 e fir st":[47.6027746,-122.3099171],
"1919 ne naomi pl":[47.6733382,-122.3068622],
"2310 n 82nd st":[47.688849,-122.330484],
"24th av w \/ w armour st":[47.6446188,-122.3876132],
"2622 46th av sw":[47.580459,-122.39024],
"26th av s \/ s mcclellan st":[47.5783446,-122.2992733],
"3041 ne 91st st":[47.69449,-122.293966],
"3114 s dakota st":[47.5663685,-122.2917371],
"3521 s leschi pl":[47.5996531,-122.2870411],
"3537 sw southern st":[47.529559,-122.378367],
"3835 whitman av n":[47.653748,-122.346331],
"3836 49th av sw":[47.569145,-122.394404],
"4223 thackeray pl ne":[47.658419,-122.326552],
"4521 sw seattle st":[47.589127,-122.389815],
"4755 12th av ne":[47.6647168,-122.3152497],
"5100 s fountain st":[47.504034,-122.269743],
"5111 columbia dr s":[47.556264,-122.306258],
"5229 s farrar st":[47.5553359,-122.266889],
"5232 36th av sw":[47.55463,-122.377234],
"5256 university way ne":[47.6680928,-122.3126992],
"5500 roosevelt way ne":[47.668761,-122.3170321],
"6020 sw admiral way":[47.5759158,-122.4103978],
"6512 41st av sw":[47.5443799,-122.384084],
"6525 43rd av s":[47.5434592,-122.2800237],
"7533 ravenna av ne":[47.684021,-122.304397],
"7910 35th av sw":[47.5314952,-122.3766216],
"801 marion st":[47.60722,-122.3278003],
"9040 4th av nw":[47.695471,-122.361644],
"linden av n \/ n 90th st":[47.6941973,-122.3472351],
"pine\/nagle":[47.6152408,-122.320016]
}