{
"10511 midvale av n":[47.7054181,-122.3437209],
"10709 greenwood av n":[47.7071942,-122.3558143],
"1118 5th av":[47.6079151,-122.3328066],
"11233 59th av s":[47.4991969,-122.2599146],
"1125 nw 46th st":[47.6621875,-122.3710208],
"1135 20th av e":[47.629705,-122.306369],
"11741 luther av s":[47.4978314,-122.2615476],
"1322 lakeview blvd e":[47.6313699,-122.32361],
"134 n 136th st":[47.728499,-122.356726],
"13525 lake city way ne":[47.7271632,-122.2929593],
"1412 summit av":[47.6133915,-122.3252063],
"1516 9th av":[47.6127528,-122.331357],
"1703 bellevue av":[47.6172251,-122.327119],
"1902 15th av s":[47.586228,-122.312989],
"298 w boston st":[47.638389,-122.3609242],
"3013 sw admiral way":[47.572345,-122.372587],
"329 n 76th st":[47.683795,-122.353892],
"347 nw 51st st":[47.665493,-122.362662],
"3752 w lawton st":[47.665368,-122.407888],
"410 1st av s":[47.5989083,-122.3339425],
"4135 woodlawn av n":[47.657852,-122.338977],
"4214 s dawson st":[47.5554089,-122.2799892],
"4326 29th av w":[47.658959,-122.393916],
"4425 powell pl s":[47.563763,-122.3192552],
"4450 winslow pl n":[47.6607379,-122.346406],
"4827 37th av sw":[47.558416,-122.379191],
"4978 19th av s":[47.5569587,-122.3076911],
"5307 ravenna av ne":[47.6673873,-122.303637],
"5814 17th av s":[47.5507355,-122.31078],
"5911 s carver st":[47.518016,-122.259072],
"7145 55th av s":[47.537523,-122.265],
"8010 25th av nw":[47.6871713,-122.3883883],
"8431 42nd av s":[47.526893,-122.281181],
"9216 california av sw":[47.5208184,-122.3874782],
"959 22nd av":[47.611747,-122.304069],
"halladay st \/ birch av n":[47.6422545,-122.346404],
"n 102nd st \/ evanston av n":[47.7028999,-122.350856],
"nw 122nd st \/ 3rd av nw":[47.7178213,-122.360947],
"western av \/ wall st":[47.6140403,-122.349592]
}