{
"1315 ne 40th st":[47.6553405,-122.3143375],
"13511 36th av ne":[47.7267836,-122.2898893],
"13549 aurora av n":[47.7280637,-122.3459242],
"14326 37th av ne":[47.732754,-122.28803],
"1645 21st av":[47.616655,-122.305254],
"1703 harbor av sw":[47.5879007,-122.379729],
"229 broadway e":[47.6208128,-122.3210796],
"2300 w boston st":[47.6385967,-122.3865318],
"2334 federal av e":[47.640594,-122.318683],
"2500 39th av e":[47.6409969,-122.2825552],
"2681-2761 aurora av n":[47.643076,-122.3470793],
"3041 3rd av w":[47.647857,-122.361271],
"314 boren av":[47.619524,-122.3358926],
"3409 nw 70th st":[47.6792569,-122.4016221],
"3rd av & cherry st":[47.6034911,-122.3320556],
"404 nw 110th st":[47.7089223,-122.3623134],
"4232 tamarack dr s":[47.564494,-122.29365],
"515 queen anne av n":[47.6237933,-122.3570157],
"57 etruria st":[47.6475261,-122.3552315],
"6056 ne kelden pl":[47.669703,-122.26177],
"6773 beach dr sw":[47.541209,-122.397874],
"7019 holly park dr s":[47.5390221,-122.2882116],
"801 e pike st":[47.6139152,-122.3218304],
"8700 airport way s":[47.5258076,-122.2942332],
"900 - 949 s stevens st":[47.576894,-122.32137],
"9024 12th av ne":[47.694647,-122.314561],
"beacon av s \/ s holgate br":[47.585711,-122.3190804],
"broad st \/ mercer st":[47.6244898,-122.3423525],
"sw 104th st \/ 42nd av sw":[47.5100789,-122.3857592],
"wb i90 east of i5":[47.594576,-122.317924]
}