{
"0 wb sr520 to sb i5":[47.636676,-122.323292],
"1011 w raye st":[47.6429883,-122.3705991],
"10330 meridian av n - outpatient medical center":[47.7045734,-122.3324113],
"1132 23rd av e":[47.629601,-122.302026],
"14333 30th av ne":[47.7329117,-122.2967684],
"2043 43rd av e":[47.6382855,-122.277542],
"217 nw 105th st":[47.7049188,-122.3602311],
"2401 11th av w":[47.6396619,-122.3718489],
"2624 26th av w":[47.644285,-122.389851],
"2720 ne 95th st":[47.6977477,-122.2978342],
"2912 alki av sw":[47.5781339,-122.4139339],
"2914 19th av s":[47.577305,-122.307685],
"3047 belvidere av sw":[47.5760836,-122.3795397],
"307 westlake av n":[47.6212896,-122.3388603],
"312 ne 85th st":[47.690629,-122.324899],
"3330 m l king jr way s":[47.5734891,-122.2966939],
"3432 14th av s":[47.572997,-122.314389],
"4020 sw henderson st":[47.522793,-122.384068],
"4404 ne 105th st":[47.704866,-122.280679],
"6717 37th av nw":[47.6775305,-122.4047846],
"7021 2nd av nw":[47.680236,-122.359755],
"713 e olive st":[47.6161831,-122.3228076],
"7359 beacon av s":[47.5356198,-122.2918431],
"7408 48th av s":[47.5355884,-122.2723626],
"900 golf dr s":[47.5929497,-122.3148412],
"9545 49th av ne":[47.6989919,-122.275664],
"9621 58th av s":[47.516402,-122.261439],
"east marginal way s \/ carleton av s":[47.5398221,-122.3225592],
"mercer st \/ 3rd av n":[47.6245657,-122.3514792],
"nw 65th st \/ 7th av nw":[47.6759795,-122.364486]
}