{
"1111 broadway e":[47.629077,-122.321592],
"1359 w armour st":[47.6448989,-122.374618],
"1720 ne 179th st":[47.759651,-122.310903],
"1747 nw 62nd st":[47.6735989,-122.380955],
"1921 terry av":[47.6164323,-122.333871],
"202 19th av e":[47.619939,-122.306999],
"2036 boyer av e":[47.637844,-122.306545],
"22nd av s \/ s atlantic st":[47.5895764,-122.3038948],
"2321 43rd av e":[47.639786,-122.277489],
"2516 elliott av":[47.6137698,-122.3511444],
"2611 western av":[47.6148208,-122.3511053],
"2614 34th av w":[47.643848,-122.400513],
"2823 35th av w":[47.6457594,-122.4026855],
"2987 s webster st":[47.5350709,-122.2914489],
"29th av \/ e columbia st":[47.6090068,-122.2949241],
"3216 belvidere av sw":[47.57502,-122.3789169],
"3317 ne 45th pl":[47.6622772,-122.2905498],
"3439 40th av w":[47.651644,-122.408216],
"4012 2nd av nw":[47.656036,-122.3587619],
"4051 sw concord st":[47.522983,-122.384883],
"5110 19th av s":[47.5562692,-122.3077241],
"520 14th av e":[47.6238219,-122.314324],
"5262 mithun pl ne":[47.6673673,-122.2824783],
"6003 s hazel st":[47.5041749,-122.258031],
"6056 38th av sw":[47.546729,-122.380077],
"6431 24th av s":[47.544488,-122.302556],
"812 n motor pl":[47.6588258,-122.3480035],
"8603 12th av sw":[47.526327,-122.350935],
"909 5th av":[47.6063473,-122.3319422],
"9239 21st av sw":[47.519899,-122.3608101],
"9354 forest ct sw":[47.5182828,-122.3853643],
"9415 7th av sw":[47.518637,-122.344538],
"nb i5 cd fr 4":[47.592469,-122.325159],
"ne 124th st \/ 42nd av ne":[47.718251,-122.2832213]
}