{
"1052 e thomas st":[47.6211136,-122.3186134],
"1100 e pike st":[47.614266,-122.3178327],
"11087 arroyo beach pl sw":[47.502257,-122.385904],
"111 w harrison st":[47.6219434,-122.3585831],
"12729 30th av ne":[47.722081,-122.296838],
"140 28th av":[47.6028601,-122.295715],
"1513 western av":[47.6098557,-122.3429915],
"1537 nw 65th st":[47.6758447,-122.377941],
"15th av s \/ swift av s":[47.5499224,-122.3130094],
"1738 nw 62nd st":[47.67405,-122.38054],
"20th av sw \/ sw cambridge st":[47.5191958,-122.3591721],
"2340 n 63rd st":[47.6746344,-122.3291078],
"2400 6th av s":[47.5812739,-122.3253643],
"2410 24th av e":[47.6396581,-122.3015598],
"2504 sw portland ct":[47.5333536,-122.3649769],
"2571 5th av w":[47.6426283,-122.3639431],
"2848 s holden st":[47.5339367,-122.2939298],
"3030 ne 130th st":[47.723144,-122.295069],
"3043 63rd av sw":[47.576941,-122.413696],
"30th av sw \/ sw cloverdale st":[47.526464,-122.3712505],
"3538 s morgan st":[47.5444827,-122.287138],
"4012 sw arroyo ct":[47.5042337,-122.3837207],
"4020 44th av sw":[47.5677507,-122.3880914],
"4234 phinney av n":[47.6587081,-122.3540099],
"4264 33rd av w":[47.6595096,-122.399324],
"48th av sw \/ sw niesz ct":[47.582995,-122.392889],
"517 w pleasant pl":[47.6425498,-122.3644175],
"518 1st av n":[47.6238934,-122.35541],
"5215 37th av sw":[47.555136,-122.379317],
"5334 8th av ne":[47.6681702,-122.3195014],
"5529 wallingford av n":[47.6695753,-122.3368011],
"5801 28th av nw":[47.6710744,-122.3931204],
"5952 wilson av s":[47.548321,-122.262994],
"6237 s fountain st":[47.502956,-122.253465],
"6350 40th av sw":[47.545087,-122.382789],
"722 n 68th st":[47.678953,-122.348913],
"7733 26th av nw":[47.685947,-122.39011],
"7949 28th av sw":[47.530414,-122.368919],
"8 s idaho st":[47.5648844,-122.342631],
"8821 32nd av sw":[47.5240102,-122.3743484],
"920 northgate mall":[47.7062086,-122.3258737],
"9241 greenwood av n":[47.6972709,-122.3557953],
"9409 8th av sw":[47.51881,-122.345823],
"9600 myers way s":[47.5145776,-122.3305975],
"ne pacific st\/ne 40 st":[47.6554787,-122.3231994],
"s bush pl \/ hiawatha pl s":[47.592714,-122.3078186],
"sw cambridge st \/ 26th av sw":[47.5191947,-122.3658903]
}