{
"1030 7th av s":[47.5937642,-122.3237547],
"10306 midvale av n":[47.703485,-122.342945],
"128 30th av":[47.602492,-122.293361],
"129 belmont av e":[47.6193048,-122.3242576],
"14825 15th av ne":[47.7372897,-122.3128518],
"1507 2nd av":[47.6095025,-122.3391288],
"1717 ne 63rd st":[47.674562,-122.308926],
"1908 minor av":[47.617816,-122.3321776],
"2401 ne 123rd st":[47.7172886,-122.303038],
"2728 46th av sw":[47.5785068,-122.3904154],
"307 22nd av s":[47.6002591,-122.3033072],
"3411 nw 67th st":[47.676764,-122.401623],
"36th av sw \/ sw henderson st":[47.5228759,-122.3780365],
"3828 52nd av sw":[47.5694189,-122.3984907],
"402 s dawson st":[47.5575253,-122.3262575],
"4214 15th av ne":[47.6618335,-122.311987],
"424 19th av e":[47.6229871,-122.3070207],
"4333 fremont av n":[47.6599312,-122.350326],
"522 29th av s":[47.597326,-122.294739],
"5409 ne 58th st":[47.670607,-122.2697129],
"5505 s fletcher st":[47.518747,-122.26363],
"551 1st av s":[47.5971646,-122.3342828],
"5979 high point dr sw":[47.549099,-122.3688824],
"6511 ellis av s":[47.544445,-122.319102],
"6550 16th av ne":[47.677287,-122.310561],
"7741 12th av sw":[47.5328065,-122.350896],
"8036 41st av ne":[47.687758,-122.283912],
"8100 49th av s":[47.530214,-122.2715531],
"838 hiawatha pl s":[47.5948825,-122.3093282],
"9231 8th av nw":[47.6969279,-122.3663136],
"9533 2nd av nw":[47.6988259,-122.359789],
"lake city way ne \/ ne 117th st":[47.7142155,-122.2982216],
"spokane turn rd \/ sw spokane st":[47.5714096,-122.3700988]
}