{
"1011 mercer st":[47.624548,-122.3366904],
"10713 whitman av n":[47.70706,-122.346458],
"12507 lake city way ne":[47.7195284,-122.2951721],
"12700 aurora av n":[47.721489,-122.3445073],
"12749 10th av ne":[47.722791,-122.318846],
"1403 14th av s":[47.5900914,-122.3148825],
"1516 21st av s":[47.588997,-122.304833],
"154 lake washington blvd e":[47.619184,-122.280544],
"1624 e mcgraw st":[47.640514,-122.309606],
"1918 1st av":[47.6108196,-122.341902],
"2022 warren av n":[47.637259,-122.3541243],
"2312 n 39th st":[47.654473,-122.3307151],
"2623 e helen st":[47.627921,-122.297652],
"2626 25th av w":[47.64435,-122.388491],
"2740 49th av sw":[47.5781289,-122.393869],
"2907 s holly st":[47.5425471,-122.2954654],
"2939 s willow st":[47.5406118,-122.2942051],
"2942 s fontanelle st":[47.5360025,-122.2936591],
"29th av s \/ s washington st":[47.6008668,-122.2949511],
"3033 ne 86th st":[47.690713,-122.294612],
"3111 27th av s":[47.5754443,-122.2985836],
"325 ne 59th st":[47.671321,-122.324356],
"3336 york rd s":[47.572845,-122.2868876],
"3903 sw forest st":[47.5781359,-122.3815901],
"3943 sw 97th st":[47.516284,-122.384045],
"3944 s angeline st":[47.559682,-122.281472],
"4101 4th av s":[47.566971,-122.329898],
"4116 sw holden st":[47.5338373,-122.3854658],
"43rd av e \/ e howe st":[47.6357417,-122.2771673],
"4700 12 av ne":[47.6634765,-122.3149357],
"4824 sw dawson st":[47.5558159,-122.394751],
"5071 delridge way sw":[47.555485,-122.363357],
"5300 47th av s":[47.5543236,-122.2741937],
"5950 32nd av sw":[47.5489382,-122.3736717],
"620 s industrial way":[47.566814,-122.325964],
"6204 seaview av nw":[47.6732518,-122.4063367],
"621 s lane st":[47.5963114,-122.3253223],
"6424 32nd av s":[47.54483,-122.291134],
"6436 31st av sw":[47.5448963,-122.3709226],
"707 n 75th st":[47.683085,-122.349435],
"7070 8th av nw":[47.6816381,-122.3656708],
"821 n 97th st":[47.6996219,-122.347689],
"9040 burke av n":[47.695402,-122.334612],
"9750 m l king jr way s":[47.5135529,-122.2784043],
"9820 23rd av nw":[47.701048,-122.384968],
"e denny way \/ boylston av e":[47.6185456,-122.3234381],
"east marginal way s \/ s alaska st":[47.5603021,-122.3394594],
"n 35th st \/ interlake av n":[47.6492245,-122.3413814],
"nb i5 at revenna bv":[47.66933,-122.321692],
"ne 55th st \/ ravenna av ne":[47.6686969,-122.3039011],
"s weller st \/ 10th av s":[47.597508,-122.319646]
}