{
"0 - 0 nb sr509 at kenyon":[47.5319694,-122.3297917],
"12045 north park av n":[47.7172919,-122.3496414],
"12312 33rd av ne":[47.7178445,-122.2927303],
"12563 corliss av n":[47.7209469,-122.3304318],
"14 s idaho st":[47.5648577,-122.3417997],
"14032 wayne pl n":[47.73147,-122.334981],
"1619 e alder st":[47.604127,-122.31039],
"20th av ne \/ lake city way ne":[47.6912175,-122.3068837],
"2212 5th av n":[47.6386935,-122.3468733],
"2682 ne village ln - northface":[47.662444,-122.2980601],
"3203 nw 64th st":[47.674567,-122.398637],
"3335 west laurelhurst dr ne":[47.6531216,-122.278823],
"3608 26th pl w":[47.6524682,-122.3883643],
"4203 11th av ne":[47.6585066,-122.3169178],
"4700 15th av ne":[47.6630918,-122.3119723],
"503 17th av e":[47.623404,-122.310402],
"6240 s fountain st":[47.503436,-122.253328],
"806 n 44th st":[47.660265,-122.348203],
"8242 30th av ne":[47.689638,-122.295759],
"867 e gwinn pl":[47.6475406,-122.3192112],
"9201 palatine av n":[47.696217,-122.357081],
"dayton av n \/ n 62nd st":[47.6738787,-122.3528534]
}