{
"10051 dibble av nw":[47.703009,-122.3678],
"10220 38th av sw":[47.5113418,-122.3802151],
"11446 70th pl s":[47.5006174,-122.2466827],
"12741 30th av ne":[47.7222279,-122.2963519],
"1419 elliott av w":[47.6306712,-122.3742139],
"14th av s \/ s spokane st":[47.5715522,-122.3147977],
"15th av ne \/ ne 89th st":[47.6930722,-122.3121821],
"1700 summit av":[47.616515,-122.325222],
"1920 s walker st":[47.5838212,-122.3072443],
"2442 nw market st":[47.6688862,-122.3894083],
"2509 e cherry st":[47.6078399,-122.2994955],
"2518 e mcgraw st":[47.640473,-122.29948],
"2529 perkins ln w":[47.6417379,-122.414988],
"2560 28th av w":[47.642637,-122.392567],
"32nd av ne \/ ne 89th st":[47.6931111,-122.2933663],
"4044 46th av sw":[47.5670893,-122.3903861],
"420 w lee st":[47.6313483,-122.3627827],
"4300 aurora av n":[47.6599664,-122.3469987],
"4406 29th av w":[47.659779,-122.394679],
"4532 east laurel dr ne":[47.6618477,-122.2693716],
"57th av s \/ beacon av s":[47.4968051,-122.2610521],
"6445 ne windermere rd":[47.669605,-122.257924],
"6740 26th av nw":[47.678919,-122.389417],
"6940 37 ave s":[47.53933,-122.285466],
"8th av w \/ w barrett st":[47.646847,-122.368102],
"936 sw holden st":[47.5342573,-122.3488041],
"lake city way ne \/ ne 96th st ext":[47.6984796,-122.3048758],
"ne 61st st \/ sand point way ne":[47.6728347,-122.2670085]
}