{
"10122 3rd av nw":[47.702894,-122.360381],
"11046 greenwood av n":[47.7100269,-122.355065],
"11201 greenwood av n":[47.7106828,-122.3557842],
"12202 8th av nw":[47.718007,-122.365946],
"12547 lake city way ne":[47.7206681,-122.2947306],
"1610 s lander st":[47.579474,-122.3119671],
"2002 9th av":[47.6166942,-122.3360337],
"3421 fremont pl n":[47.6505295,-122.3500265],
"3715 walnut av sw":[47.570752,-122.383905],
"3rd av nw \/ nw 48th st":[47.6636478,-122.3607995],
"4507 48th av sw":[47.5626758,-122.3937846],
"517 queen anne av n":[47.6238284,-122.3567383],
"525 bellevue av e":[47.6239163,-122.3269484],
"5448 wilson av s":[47.5521848,-122.2667066],
"5516 4th av s":[47.5528791,-122.3290509],
"5722 ashworth av n":[47.670889,-122.338683],
"6200 15th av nw":[47.6740727,-122.3759304],
"624 14th av e":[47.625011,-122.314304],
"6510 roosevelt way ne":[47.6762981,-122.3170405],
"756 n 72nd st":[47.681298,-122.347447],
"8624 seward park av s":[47.526022,-122.264473],
"8902 fauntleroy way sw":[47.5240403,-122.3923552],
"fairview av n \/ aloha st":[47.6272213,-122.332799],
"spokane":[47.5715483,-122.3259639]
}