{
"1012 s henderson st":[47.5230762,-122.3195883],
"10665 63rd av s":[47.5048105,-122.2551096],
"1204 stewart st":[47.6179231,-122.3318213],
"1214 w raye st":[47.6431382,-122.37338],
"12205 9th av ne":[47.716987,-122.319667],
"1245 23rd av e":[47.631582,-122.30265],
"13051 27th av ne":[47.724401,-122.29958],
"1408 22nd av":[47.6134112,-122.3034209],
"168 s jackson st":[47.5993087,-122.3320145],
"2120 6th av":[47.6155982,-122.3403315],
"2218 3rd av w":[47.639051,-122.360544],
"2450 6th av n":[47.6404319,-122.3445477],
"3202 fuhrman av e":[47.6502932,-122.3197402],
"3224 nw 68th st":[47.6783806,-122.3995622],
"3411 60th av sw":[47.573742,-122.409879],
"400 10th ave - first hill apts":[47.6054412,-122.3190416],
"4000 sw edmunds st":[47.5592898,-122.3828238],
"4116 37th av sw":[47.565925,-122.378375],
"4427 s kenyon st":[47.531312,-122.277063],
"4625 s gazelle st":[47.5123387,-122.2745793],
"48th av s \/ lake washington blvd s":[47.5687039,-122.2732613],
"5401 s roxbury st":[47.5166762,-122.2651781],
"5416 21st av s":[47.5536429,-122.3059619],
"556 n 66th st":[47.6771055,-122.3501762],
"616 29th av e":[47.6247159,-122.2952233],
"7724 12th av sw":[47.533249,-122.350199],
"925 20th av":[47.611121,-122.306682],
"9417 38th av s":[47.5176814,-122.2851829],
"9703 2nd av nw":[47.6998279,-122.359798],
"delmar dr e \/ 14th av e":[47.6396779,-122.313669],
"n 145th st \/ ashworth av n":[47.7341345,-122.3396832],
"spring st \/ 1st av":[47.6053954,-122.3369169],
"summit av e \/ belmont av e":[47.6264562,-122.3252992]
}