{
"10000 39th av sw":[47.513548,-122.38158],
"10027 holman rd nw":[47.7017063,-122.3621452],
"11754 15th av ne":[47.7150694,-122.3125151],
"12046 roosevelt way ne":[47.717138,-122.317676],
"13501 wingard ct n":[47.7277739,-122.351647],
"13540 lake city way ne":[47.7276115,-122.2918618],
"15th av ne \/ ne 104th st":[47.703958,-122.3123892],
"1813 n 53rd st":[47.6670289,-122.3357128],
"1910 10th av e":[47.636287,-122.319765],
"2227 ne 80th st":[47.686252,-122.303445],
"303 23rd av e":[47.6215199,-122.302762],
"3211 42nd av w":[47.648972,-122.411091],
"337 nw 74th st":[47.6823121,-122.3622761],
"35th av ne \/ ne 80th st":[47.6866723,-122.290576],
"3839 45th av sw":[47.568993,-122.389843],
"4100 rainier av s":[47.565841,-122.288045],
"43rd av s \/ s webster st":[47.5352133,-122.2793834],
"4757 48th av sw":[47.559505,-122.393942],
"5800 m l king jr way s":[47.5500086,-122.2873267],
"7055 beach dr sw":[47.5391434,-122.3964651],
"7224 1st av nw":[47.681525,-122.357046],
"7733 58th av ne":[47.685634,-122.266515],
"8324 fauntleroy way sw":[47.528941,-122.392367],
"8524 4th av ne":[47.6911658,-122.3240264],
"8700 corliss av n":[47.69182,-122.330694],
"8856 35th av sw":[47.5230974,-122.3766539],
"8th av \/ madison st":[47.6079464,-122.3284636],
"9401 38th av s":[47.5181029,-122.2851736],
"e boston st \/ harvard av e":[47.6383914,-122.3224004],
"fremont av n \/ burke gilman trl":[47.6482334,-122.349774],
"kelsey ln sw \/ sw barton st":[47.5210325,-122.3610724],
"nw 79th st \/ 3rd av nw":[47.6862034,-122.3606267],
"s findlay st \/ m l king jr way s":[47.5519792,-122.2882948]
}