{
"1025 ne 155th st":[47.741,-122.317136],
"10417 56th av s":[47.50765,-122.263493],
"1129 16th av":[47.612373,-122.311855],
"1459 e mercer st":[47.624098,-122.3131872],
"14800 interlake av n":[47.735963,-122.34069],
"1526 25th av":[47.6149322,-122.2997945],
"1527 7th av":[47.6120678,-122.3337936],
"2006 28th av s":[47.5851554,-122.2963915],
"2015 ne 140th st":[47.730071,-122.3065032],
"2212 4th av n":[47.6387181,-122.3491905],
"2501 15th av w":[47.6436042,-122.3785235],
"2519 ne 115th st":[47.7120472,-122.3009194],
"2600 beacon av s":[47.5795416,-122.3124616],
"2707 37th av sw":[47.578976,-122.378424],
"298 yesler way":[47.6017322,-122.3303063],
"305 n 138th st":[47.7296202,-122.3551428],
"3619 w fulton st":[47.645769,-122.4045426],
"3648 13th av w":[47.6535785,-122.3733108],
"3910 walla walla rd ne":[47.6530511,-122.3003742],
"4001 ne 95th st":[47.697195,-122.285014],
"4123 55th av sw":[47.56605,-122.403151],
"4204 s kenny st":[47.5491081,-122.2804996],
"47th\/ryan":[47.5068992,-122.2749066],
"5209 ballard av nw":[47.6656131,-122.3826643],
"5265 16th av ne":[47.6682603,-122.3110012],
"6711 24th av nw":[47.6780808,-122.3875664],
"7008 17th av sw":[47.540779,-122.355737],
"7012 44th av s":[47.5393981,-122.2777964],
"731 18th av":[47.608979,-122.309197],
"817 w nickerson st":[47.6526044,-122.3682497],
"8817 interlake av n":[47.6929699,-122.3405618],
"dexter av n \/ nickerson st":[47.6461347,-122.3496984],
"tallman av nw \/ nw ione pl":[47.6665401,-122.3792175]
}