{
"10019 63rd av s":[47.5110021,-122.2550311],
"10301 61st av s":[47.508657,-122.258512],
"11508 32nd av ne":[47.7121939,-122.293554],
"11740 16th av ne":[47.715127,-122.3108749],
"11742 2nd av nw":[47.7155149,-122.3592326],
"12056 hiram pl ne":[47.7173176,-122.2995477],
"12563 11th av nw":[47.721339,-122.370783],
"12726 phinney av n":[47.722234,-122.353804],
"133 nw 77th st":[47.684515,-122.359467],
"13th av s \/ s brandon st":[47.5541925,-122.3161325],
"1701 19th av s":[47.588291,-122.308727],
"212 blaine st":[47.6350363,-122.3525036],
"2619 4th av n":[47.6436165,-122.3502907],
"2828 27th av w":[47.645435,-122.391246],
"3113 s ferdinand st":[47.55764,-122.291915],
"3202 64th av sw":[47.575794,-122.414259],
"3419 sw cambridge st":[47.51908,-122.376279],
"3519 ne 45th st":[47.6609254,-122.2894257],
"3807 s thistle st":[47.527672,-122.284321],
"3903 s hudson st":[47.556896,-122.2832292],
"3954 evanston av n":[47.6548298,-122.350804],
"403 n 45th st":[47.6612643,-122.3541526],
"412 ne 72nd st":[47.6808332,-122.3241114],
"4152 29th av s":[47.5652892,-122.2971744],
"4216 sw findlay st":[47.552319,-122.386366],
"4312 sw holgate st":[47.587,-122.387126],
"4507 s holly st":[47.5422683,-122.2760785],
"4610 s holly st":[47.542812,-122.274884],
"5101 rainier av s":[47.5559841,-122.2839894],
"5229 19th av ne":[47.6672445,-122.307474],
"524 ne 100th st":[47.7014891,-122.3219465],
"5627 brooklyn av ne":[47.6702787,-122.3144064],
"6325 32nd av s":[47.545358,-122.291862],
"6419 s hazel st":[47.505155,-122.2524],
"6500 east marginal way s":[47.5448765,-122.3311559],
"6511 4th av nw":[47.676386,-122.361802],
"6539 51st av ne":[47.67691,-122.273287],
"6820 oswego pl ne":[47.678545,-122.322709],
"7833 12th av ne":[47.686314,-122.315329],
"8450 10th av sw":[47.5268092,-122.3477307],
"e republican st \/ malden av e":[47.6231081,-122.3136131],
"fs02":[47.5997869,-122.3319776],
"ne blakeley st \/ 25th av ne":[47.6662944,-122.3005906],
"wsb-wb spok-nr rp":[47.571714,-122.322064]
}