{
"10115 marine view dr sw":[47.512368,-122.391362],
"10300 linden av n":[47.7036198,-122.3473202],
"10334 rainier av s":[47.511049,-122.239618],
"11310 lake city way ne":[47.7109627,-122.2998771],
"1149 nw 56th st":[47.6694344,-122.3728217],
"11th av nw \/ nw 46th st":[47.6621998,-122.3707953],
"1204 ne 105th st":[47.7048966,-122.3148055],
"12546 33rd av ne":[47.720825,-122.291915],
"2128 4th av w":[47.63863,-122.361892],
"2302 n 140th st":[47.730714,-122.331309],
"2421 nw market st":[47.6684011,-122.388651],
"3014 12th av s":[47.576385,-122.31697],
"3426 23rd av w":[47.6511946,-122.385729],
"403 w mcgraw st":[47.6394052,-122.3625898],
"4108 renton av s":[47.565939,-122.292513],
"4400 s snoqualmie st":[47.5613103,-122.2795212],
"5565 20th av s":[47.5514865,-122.3076108],
"5622 23 av sw":[47.551253,-122.361265],
"5756 29th av ne":[47.672001,-122.295888],
"6042 7th av nw":[47.6736069,-122.364739],
"6058 lanham pl sw":[47.547123,-122.3733555],
"6100 ravenna av ne":[47.673079,-122.303393],
"6534 26th av ne":[47.67689,-122.299198],
"6802 beacon av s":[47.542014,-122.298656],
"7010 20th av ne":[47.679796,-122.306245],
"7910 30th av sw":[47.531541,-122.370848],
"7936 seward park av s":[47.530769,-122.264365],
"7955 20th av sw":[47.5302269,-122.359483],
"7967 46th av s":[47.529624,-122.274935],
"8020 26th av nw":[47.6874855,-122.3894951],
"806 21st av":[47.609339,-122.304658],
"812 nw 56th st":[47.6696418,-122.3668936],
"818 ne 42nd st":[47.6575272,-122.3191373],
"901 21st av":[47.6102429,-122.3055986],
"925 4th av n":[47.6276145,-122.3488887],
"9435 18th av sw":[47.518169,-122.358251],
"eb i90 fr rainier s":[47.592655,-122.309066],
"s lucile st \/ airport way s":[47.5536452,-122.3215273]
}