{
"103 denny way":[47.6185705,-122.3549683],
"10th av s \/ s donovan st":[47.5256117,-122.3202434],
"10th av s \/ s king st":[47.5983467,-122.3196407],
"1211 ne 56th st":[47.669298,-122.314454],
"1836 25th av":[47.6187103,-122.2995616],
"1922 34th av w":[47.636714,-122.39964],
"2400 nw 61st st":[47.6732742,-122.3878702],
"2552 warren av n":[47.6429892,-122.3542308],
"2712 ne 91st st":[47.695055,-122.298147],
"3251 30th av w":[47.650137,-122.396008],
"4313 sw graham st":[47.5466769,-122.3878735],
"4607 s austin st":[47.534494,-122.275048],
"519 lake washington blvd":[47.606543,-122.283826],
"5216 18th av sw":[47.555199,-122.356732],
"5432 30th av sw":[47.552747,-122.3709413],
"5749 ne 61st st":[47.672613,-122.264087],
"6838 43rd av ne":[47.678745,-122.281985],
"715 e pine st":[47.614884,-122.322716],
"7729 29th av nw":[47.6857789,-122.39477],
"825 ne 128th st":[47.7221509,-122.319624],
"8345 39th av s":[47.528225,-122.284016],
"908 12th av e":[47.62681,-122.316493],
"pine st\/post alley":[47.6095786,-122.3414869],
"s fidalgo st \/ 1st av s":[47.5504572,-122.3342032]
}