{
"10011 51st av s":[47.51059,-122.27063],
"16th av s \/ s king st":[47.5983289,-122.3115737],
"1710 36th av s":[47.5872586,-122.2866677],
"1818 harvard av":[47.6182448,-122.321838],
"2036 ne 135th pl":[47.727758,-122.3061028],
"2143 n northgate way":[47.7086469,-122.3321],
"2413 s norman st":[47.5926712,-122.3005163],
"2509 s edmunds st":[47.55928,-122.299846],
"2525 eastlake av e":[47.6429579,-122.3259063],
"2842 nw 62nd st":[47.673933,-122.394831],
"3049 59th av sw":[47.5762731,-122.4084858],
"3167 5th av s":[47.5556406,-122.3283793],
"4115 50th av ne":[47.658853,-122.274263],
"4129 s othello st":[47.5370208,-122.2807462],
"4634 s holden st":[47.533956,-122.273705],
"4900 9th av nw":[47.664585,-122.368286],
"548 26th av":[47.607583,-122.298569],
"5906 47th av sw":[47.550078,-122.392078],
"5920 sw stevens st":[47.577912,-122.409164],
"6007 sw admiral way":[47.5756398,-122.4098869],
"6732 21st av nw":[47.678665,-122.382893],
"7702 57th av ne":[47.684627,-122.266672],
"8456 7th av sw":[47.526612,-122.343824],
"8516 18th av nw":[47.6911946,-122.3797677],
"912 nw 57th st":[47.670391,-122.369304],
"f s 39":[47.721285,-122.2973707],
"ne 100th st \/ 35th av ne":[47.7011255,-122.2906862],
"w lee st \/ 8th pl w":[47.6311278,-122.3676442],
"yale av e \/ e newton st":[47.6368249,-122.3271154]
}