{
"11344 durland av ne":[47.7122918,-122.2802708],
"11600 stone av n":[47.7133281,-122.3421351],
"14040 riviera pl ne":[47.7312359,-122.281892],
"14321 bagley av n":[47.73293,-122.333356],
"1500 california av sw":[47.5905838,-122.3861746],
"1514 24th av":[47.614687,-122.3010732],
"1519 nw 90th st":[47.694424,-122.377741],
"1700 24th av s":[47.5879509,-122.300727],
"17th av ne \/ ne 50th st":[47.6648779,-122.3094525],
"2120 w emerson pl":[47.655766,-122.3838032],
"2212 28th av w":[47.638827,-122.392678],
"2423 nw 64th st":[47.67508,-122.388743],
"3130 alaskan way":[47.6148113,-122.3546241],
"3604 61st av sw":[47.572057,-122.4105694],
"3904 linden av n":[47.65438,-122.348202],
"4036 sw henderson st":[47.522627,-122.38481],
"4505 51st pl sw":[47.5627209,-122.3982025],
"4611 s mead st":[47.5501822,-122.2747837],
"4813 s findlay st":[47.5516754,-122.2720031],
"4816 s garden st":[47.537842,-122.271787],
"4th av \/ lenora st":[47.6138508,-122.3413566],
"5023 46th av s":[47.556313,-122.275719],
"51st av s \/ s fletcher st":[47.5190304,-122.2699915],
"6104 14th av nw":[47.67338,-122.37317],
"8206 california av sw":[47.52977,-122.386973],
"824 e pike st":[47.6142519,-122.3210061],
"8808 delridge way sw":[47.5243552,-122.3602134],
"9039 36th av s":[47.521848,-122.287839],
"9110 1st av ne":[47.6953073,-122.3281043],
"9555 1st av nw":[47.69944,-122.358343]
}