{
"10648 riviera pl ne":[47.7069937,-122.2749932],
"11013 20th av ne":[47.708888,-122.306527],
"11536 dayton av n":[47.713491,-122.352477],
"11867 56th pl s":[47.495699,-122.267514],
"1604 taylor av n":[47.633366,-122.3456964],
"2232 federal av e":[47.639407,-122.318688],
"22nd av s \/ s mcclellan st":[47.5783498,-122.3043505],
"2502 s washington st":[47.6008789,-122.2998326],
"2503 s raymond st":[47.548369,-122.299639],
"2707 broadway e":[47.6447816,-122.3212294],
"2919 s raymond st":[47.547833,-122.294519],
"29th av s \/ s dawson st":[47.5554026,-122.2956615],
"3115 ne 83rd st":[47.688614,-122.294342],
"31st av ne \/ ne 82nd st":[47.6880859,-122.2949539],
"32nd av s \/ s hanford st":[47.5755186,-122.2921791],
"3637 38th av w":[47.653404,-122.406083],
"3661 50th av ne":[47.655975,-122.273816],
"3810 14th av s":[47.5694174,-122.3147267],
"399 e pine st":[47.6152024,-122.3268176],
"4116 36th av sw":[47.565965,-122.377054],
"4415 sw hudson st":[47.55726,-122.389285],
"5100 lake washington blvd s":[47.5559719,-122.2618556],
"5620 m l king jr way s":[47.5516307,-122.2879293],
"6032 29th av ne":[47.673135,-122.296098],
"615 36th av e":[47.625493,-122.287252],
"8024 beacon av s":[47.530294,-122.287489],
"nw 85th st \/ 15th av nw":[47.6906124,-122.3768097],
"s forest st \/ 19th av s":[47.5778547,-122.3080187],
"sb i5 at ne 92 st":[47.6959305,-122.3296031]
}