{
"11718 roosevelt way ne":[47.7145955,-122.3175851],
"11818 55th av s":[47.4966877,-122.2640453],
"12058 8th av nw":[47.717739,-122.365825],
"1500 ne pacific st":[47.6529675,-122.3124924],
"1916 1st av":[47.6106669,-122.3419031],
"1917 17th av s":[47.585785,-122.311136],
"2030 s ferdinand st":[47.5581672,-122.3056506],
"2104 n 106th st":[47.7059868,-122.3332254],
"2336 viewmont way w":[47.6391789,-122.4013747],
"2515 31st av w":[47.641598,-122.397356],
"2801 3rd av s":[47.5789615,-122.3300024],
"3512 s austin st":[47.534657,-122.287491],
"425 3rd av":[47.6019292,-122.3308813],
"4711 sand point way ne":[47.663816,-122.284431],
"4949 24th av s":[47.55671,-122.302532],
"5021 37th av ne":[47.6655765,-122.2882399],
"522 n 59th st":[47.6719183,-122.3518129],
"5716 38th av ne":[47.670859,-122.286545],
"6230 6th av nw":[47.675149,-122.363685],
"6300 sand point way ne":[47.674584,-122.264006],
"6538 40th av ne":[47.676949,-122.284544],
"8048 16th av nw":[47.6882755,-122.3775821],
"909 e union st":[47.612717,-122.32027],
"920 n 97th st":[47.6996445,-122.346385],
"9335 53rd av s":[47.517941,-122.266605],
"e pine st \/ 20th av":[47.6152784,-122.3062054],
"eb i90 exp at midspan":[47.589708,-122.2681289],
"keystone pl n \/ n 55th st":[47.6686813,-122.3329624],
"linden av n \/ n 39th st":[47.6541423,-122.3485799],
"n 73rd st \/ fremont av n":[47.6818111,-122.3498638]
}