{
"105 w john st":[47.619663,-122.3583387],
"12523 greenwood av n":[47.7206746,-122.355546],
"1504 3rd av":[47.6098883,-122.3379013],
"1602 taylor av n":[47.633271,-122.345584],
"1821 23rd av e":[47.6364169,-122.3025123],
"2052 mcgilvra blvd e":[47.6384516,-122.2804236],
"2123 montvale ct w":[47.6386098,-122.4014863],
"2707 45th av sw":[47.5790549,-122.389734],
"2804 nw 93rd st":[47.697004,-122.393174],
"2809 mount rainier dr s":[47.5781167,-122.2879837],
"3600 sw admiral way":[47.5802755,-122.3766878],
"3603 lakewood av s":[47.5710004,-122.2818467],
"3824 sw morgan st":[47.5449444,-122.3814894],
"4 w crockett st":[47.6373347,-122.3573735],
"4004 56th av sw":[47.568365,-122.403539],
"4105 stone way n":[47.6569053,-122.342672],
"4400 26th av sw":[47.5647042,-122.3654077],
"4731 38th av sw":[47.560086,-122.380502],
"505 boylston av e":[47.6233794,-122.3233726],
"521 queen anne av n":[47.6239613,-122.3570864],
"5220 11th av ne":[47.667089,-122.3160308],
"5401 beach dr sw":[47.554101,-122.400059],
"5507 11th av ne":[47.6688689,-122.316552],
"5652 32nd av sw":[47.550406,-122.37324],
"6251 38th av ne":[47.6754926,-122.2871713],
"6314 34th av sw":[47.546206,-122.374686],
"6621 flora av s":[47.543484,-122.320572],
"6813 27th av ne":[47.6780127,-122.2987266],
"7923 11th av sw":[47.531135,-122.349705],
"813 n 44th st":[47.659837,-122.348077],
"8251 42nd av ne":[47.68986,-122.283659],
"900 6th av n":[47.6272637,-122.3449339],
"9002 lake city way ne":[47.6940558,-122.3050951],
"9428 m l king jr way s":[47.5179023,-122.2793658],
"9530 aurora av n":[47.6982933,-122.3440867],
"duwamish av s br \/ east marginal way s":[47.5693692,-122.340246],
"sw klickitat way \/ 11th av sw":[47.5710126,-122.3487164]
}