{
"102 occidental av s":[47.6014492,-122.332583],
"118 w mercer st":[47.6248041,-122.3590195],
"124 ne 59th st":[47.6717859,-122.3270249],
"1535 ne 143rd st":[47.7321116,-122.3122312],
"156 nw 76th st":[47.6841703,-122.3603827],
"2116 13th av s":[47.5839965,-122.3156206],
"2316 n 128th st":[47.722588,-122.33012],
"2338 ne 94th st":[47.6968273,-122.302516],
"2809 w elmore pl":[47.6569831,-122.3933045],
"3215 ne 45th pl":[47.6615256,-122.2919371],
"410 elliott av w":[47.6225852,-122.362867],
"4210 ashworth av n":[47.658364,-122.339402],
"4403 gilman av w":[47.659622,-122.391712],
"4447 39th av sw":[47.563296,-122.38189],
"5635 s bangor st":[47.505904,-122.261552],
"5705 airport way s":[47.5508499,-122.3189302],
"6752 17th av nw":[47.679234,-122.378587],
"710 26th av s":[47.596364,-122.298391],
"8009 7th av s":[47.530782,-122.326463],
"9753 lake shore blvd ne":[47.700862,-122.274151],
"9818 5th av ne":[47.700916,-122.322795],
"sw spokane st \/ sw avalon way":[47.5717533,-122.3707831]
}