{
"10249 56th av s":[47.5082639,-122.263621],
"10610 32nd av sw":[47.507926,-122.373033],
"11159 luther av s":[47.500231,-122.265843],
"1122 30th av":[47.6123571,-122.2934032],
"1130 14th av":[47.61251,-122.313745],
"115 ne 112th st":[47.709945,-122.3285371],
"11901 stendall pl n":[47.715519,-122.340458],
"1638 ne 140th st":[47.7302877,-122.3128175],
"203 w highland dr":[47.6295644,-122.3592392],
"2232 1st av n":[47.6387833,-122.3555677],
"2608 nw 60th st":[47.6723611,-122.3904112],
"2928 s othello st":[47.5368423,-122.2939591],
"304 25th av":[47.6045395,-122.2999311],
"4005 sw donovan st":[47.525036,-122.3834256],
"40th av sw \/ sw dawson st":[47.5556075,-122.3828733],
"4120 47th av s":[47.565786,-122.274122],
"4204 sw thistle st":[47.5287166,-122.3864077],
"4547 brooklyn av ne":[47.6626449,-122.3142574],
"5501 sw winthrop st":[47.576464,-122.403513],
"5603 42nd av sw":[47.551944,-122.385958],
"6345 high point dr sw":[47.5463982,-122.368979],
"6519 dibble av nw":[47.6766477,-122.3676312],
"6803 ravenna av ne":[47.6778325,-122.3038805],
"701 n 63rd st":[47.674363,-122.34972],
"7337 20th av ne":[47.682373,-122.307038],
"7615 latona av ne":[47.684066,-122.325993],
"8325 28th av nw":[47.6894621,-122.3933633],
"8345 11th av nw":[47.6900913,-122.3706571],
"9109 17th av ne":[47.695124,-122.309786],
"airport way s \/ s nevada st":[47.5650907,-122.3239306],
"densmore av n \/ n 95th st":[47.6977915,-122.3376131],
"mason rd ne \/ jefferson rd ne":[47.6524712,-122.303897],
"s edmunds st \/ mount view dr s":[47.5597936,-122.2958879]
}