{
"10015 holman rd nw":[47.7018876,-122.3629589],
"1019 alki av sw":[47.5950075,-122.3874318],
"1100 5th av n":[47.629183,-122.347237],
"1100 n 88th st":[47.6923935,-122.3445156],
"128 n 81st st":[47.6878776,-122.3567818],
"1327 mercer st":[47.6242648,-122.3300972],
"1515 s pearl st":[47.556498,-122.3127045],
"1744 nw market st":[47.6689466,-122.38086],
"1811 e calhoun st":[47.640795,-122.308363],
"1817 25th av e":[47.6355578,-122.3008631],
"1920 harvard av e":[47.636556,-122.322092],
"1st av w \/ w howe st":[47.635966,-122.3582856],
"2306 n 56th st":[47.6695674,-122.3301354],
"2328 nw 96th st":[47.699204,-122.386633],
"2336 20th av s":[47.581846,-122.306499],
"2449 e lake washington blvd":[47.643836,-122.29973],
"264 e newton st":[47.63693,-122.323939],
"2912 s nevada st":[47.5642998,-122.296306],
"3004 s norman st":[47.5934479,-122.2930468],
"3017 nw 85th st":[47.690376,-122.396661],
"3202 nw 60th st":[47.6723191,-122.3986175],
"3239 perkins ln w":[47.6498172,-122.4162658],
"4021 34th av sw":[47.5672417,-122.3753466],
"4035 midvale av n":[47.656398,-122.343895],
"456 mcgilvra blvd e":[47.624252,-122.283868],
"4th av ne \/ east green lake dr n":[47.6811234,-122.3266856],
"510 n 76th st":[47.684245,-122.351896],
"5325 s prentice st":[47.5077489,-122.266447],
"6405 9th av ne":[47.675198,-122.319096],
"7006 55th av ne":[47.679705,-122.268655],
"7013 28th av ne":[47.679847,-122.297786],
"7504 18th av nw":[47.6834142,-122.3799845],
"7540 m l king jr way s":[47.5341217,-122.2805031],
"8311 11th av nw":[47.689179,-122.370726],
"8433 31st av sw":[47.527294,-122.372973],
"900 madison st":[47.6089511,-122.3268446],
"901 20th av s":[47.594375,-122.306555],
"9215 greenwood av n":[47.696521,-122.355775],
"e denny way \/ e olive way":[47.6184919,-122.3256445],
"ne 60th st \/ 9th av ne":[47.6725868,-122.3187296],
"ne 69th st \/ 8th av ne":[47.6787735,-122.3200634],
"nw 47th st \/ leary way nw":[47.6629228,-122.368565],
"s holden st \/ renton av s":[47.5333754,-122.2789262]
}