{
"102 ne 59th st":[47.671785,-122.328006],
"12722 roosevelt way ne":[47.7218935,-122.3211772],
"1400 nw norcross way":[47.7083909,-122.3745258],
"1419 ne 80th st":[47.6866025,-122.3125542],
"14433 3rd av nw":[47.7339362,-122.3609526],
"2014 ne 70th st":[47.679438,-122.3058814],
"2210 42nd av sw":[47.583629,-122.384712],
"2615 e howell st":[47.6174585,-122.297874],
"2677 belvidere av sw":[47.579454,-122.379496],
"3023 w galer st":[47.631905,-122.396749],
"303 w comstock st":[47.630277,-122.360871],
"3036 13th av w":[47.6478086,-122.3732958],
"3614 e john st":[47.620389,-122.286267],
"4030 sw concord st":[47.5235694,-122.3844062],
"4150 15th av s":[47.565719,-122.313058],
"4511 ravenna av ne":[47.661527,-122.302705],
"4715 25th av ne":[47.6635306,-122.3012567],
"4821 43rd av s":[47.5586937,-122.2797339],
"500 w roy st":[47.6259274,-122.3635005],
"5258 cloverdale pl s":[47.528531,-122.266644],
"5637 brooklyn av ne":[47.67056,-122.31446],
"604 n 127th st":[47.7216033,-122.351321],
"6512 40th av sw":[47.544356,-122.382799],
"6614 east green lake way n":[47.67775,-122.33155],
"6806 34th av ne":[47.677857,-122.291305],
"723 n 80th st":[47.686735,-122.348873],
"7551 12th av nw":[47.6848359,-122.3716827],
"8110 16th av sw":[47.529628,-122.354735],
"9316 renton av s":[47.5185224,-122.2709346],
"9850 palatine av n":[47.7013081,-122.3567231],
"burke gilman trl \/ pend orielle rd ne":[47.6601474,-122.301824],
"ne 41st st \/ 11th av ne":[47.6568731,-122.3166946],
"russell av nw \/ nw central pl":[47.6667982,-122.380921]
}