{
"0 - 0 westwood village ct sw":[47.521694,-122.366641],
"100-149 s washington st":[47.6008957,-122.3340975],
"12706 lake city way ne":[47.7213619,-122.2938531],
"13057 8th av nw":[47.724933,-122.366771],
"13502 42nd av ne":[47.72656,-122.282393],
"1701 ne 80th st":[47.686507,-122.30978],
"1822 14th av":[47.6183212,-122.313947],
"200 seneca st":[47.6065994,-122.3364348],
"2201 s charles st":[47.5943619,-122.303071],
"2203 1st av s":[47.5838134,-122.3347026],
"2321 franklin av e":[47.640356,-122.325023],
"2430 26th av w":[47.640913,-122.390025],
"2608 s king st":[47.5982268,-122.2981822],
"303 w blaine st":[47.634548,-122.361232],
"3212 e morley way":[47.630154,-122.290234],
"3262 conkling pl w":[47.649623,-122.369175],
"335 ne 94th st":[47.696527,-122.325356],
"3717 sw raymond st":[47.5482489,-122.3800401],
"3815 46th av sw":[47.569741,-122.391159],
"4104 37th av s":[47.566004,-122.285766],
"4105 13th av s":[47.567009,-122.31633],
"4229 sunnyside av n":[47.658847,-122.330495],
"4241 23rd av w":[47.658898,-122.3862586],
"4308 s morgan st":[47.544469,-122.279338],
"4314 15th av s":[47.564853,-122.313074],
"4566 s barton st":[47.5212857,-122.2747739],
"505 w roy st":[47.6256069,-122.3636208],
"5135 s bangor st":[47.505374,-122.268868],
"5207 latona av ne":[47.6666784,-122.3258823],
"5456 31st av sw":[47.552107,-122.371888],
"6309 36th av sw":[47.546204,-122.378141],
"6323 20th av ne":[47.6755176,-122.3065377],
"816 ne 190th st":[47.7673457,-122.3205833],
"8337 dibble av nw":[47.6902226,-122.367543],
"9038 34th av sw":[47.5217067,-122.3750929],
"917 n 75th st":[47.683089,-122.345541],
"9625 55th av s":[47.5160546,-122.2644099],
"9721 20th av ne":[47.700064,-122.307178],
"e spruce st \/ 20th av":[47.6035141,-122.3063525],
"keystone pl n \/ n 54th st":[47.6679493,-122.3325071],
"n 55th st \/ keystone pl n":[47.6686813,-122.3329624],
"sw ocean view dr \/ 37th av sw":[47.5013028,-122.378395]
}