{
"10749 stone av n":[47.7083559,-122.3429689],
"110 n 81st st":[47.6878772,-122.357428],
"1127 30th av s":[47.5924383,-122.2936516],
"1150 17th av e":[47.630159,-122.309535],
"11th av sw \/ sw spokane st":[47.5715275,-122.3475408],
"1237 ne 100th st":[47.700998,-122.313258],
"13739 28th av ne":[47.729339,-122.298206],
"1501 ne 115th st":[47.7119765,-122.3120586],
"1530 nw 46th st":[47.6623389,-122.3778812],
"1556 nw 56th st":[47.6696238,-122.3786395],
"15th av ne \/ lake city way ne":[47.687515,-122.312174],
"164 26th av":[47.603147,-122.298587],
"1730 nw greenbrier way":[47.705853,-122.379243],
"2111 ne 62nd st":[47.673178,-122.304958],
"2373 minor av e":[47.6419097,-122.3285942],
"2736 westlake av n":[47.6444362,-122.3459121],
"2914 16th av s":[47.5772443,-122.3117576],
"2919 ne 53rd st":[47.666884,-122.295842],
"29th av s \/ s webster st":[47.5352726,-122.294361],
"301 22nd av e":[47.6213763,-122.3040908],
"3314 4th av s":[47.5738187,-122.3288039],
"3415 s lane st":[47.596435,-122.288113],
"3746 sw 100th st":[47.514012,-122.381174],
"4104 32nd av sw":[47.566325,-122.372608],
"469 n 36th st":[47.6515724,-122.3526724],
"6239 sycamore av nw":[47.6753519,-122.358766],
"63rd av sw \/ sw admiral way":[47.5759464,-122.41334],
"6705 alonzo av nw":[47.678084,-122.375448],
"7515 bagley av n":[47.6838904,-122.3319031],
"801 pike st":[47.612063,-122.3321934],
"8813 20th av ne":[47.692518,-122.30715],
"alamo pl s \/ s spokane st":[47.5719001,-122.3096435],
"beacon av s \/ 55th av s":[47.4987238,-122.2644127],
"brooklyn av ne \/ ne 41st st":[47.6568453,-122.3144214],
"lawtonwood rd \/ w cramer st":[47.6690182,-122.4132712],
"sw cloverdale st \/ 18th av sw":[47.5264982,-122.3577511],
"w barrett st \/ 34th av w":[47.6468324,-122.4009267]
}