{
"0 - 0 nb i5 at roanoke":[47.644694,-122.322443],
"100 melrose av e":[47.6190708,-122.3274949],
"10048 9th av nw":[47.7030109,-122.368349],
"10234 56th av s":[47.5087241,-122.2626861],
"11020 19th av ne":[47.709115,-122.30776],
"11030 5th av ne - merrill gardens at northgate pl":[47.7095584,-122.3227087],
"11233 woodley av s":[47.501776,-122.242891],
"1218 lakeview blvd e":[47.630251,-122.324365],
"125 25th av e":[47.6197083,-122.3001172],
"1714 1st av s":[47.5876531,-122.333939],
"1905 8th av n":[47.6360029,-122.3417551],
"1910 12th av w":[47.636422,-122.372408],
"2108 n 128th st":[47.722273,-122.333614],
"2508 s orcas st":[47.5512299,-122.300021],
"2911 s court st":[47.570442,-122.295106],
"299 yesler way":[47.6017069,-122.3303068],
"3708 sw holden st":[47.533688,-122.379707],
"3922 woodlawn av n":[47.655012,-122.338289],
"400-499 s michigan st":[47.5453514,-122.3295597],
"4509 california av sw":[47.562611,-122.3870654],
"4554 ne 41st st":[47.6598619,-122.278041],
"4815 26th av sw":[47.558825,-122.365919],
"4905 s rose st":[47.528985,-122.271484],
"4930 s holly st":[47.542595,-122.270256],
"5000 sw stevens st":[47.577746,-122.395629],
"523 harvard av e":[47.6238475,-122.3220034],
"617 ne ravenna blvd":[47.6750109,-122.3218518],
"61st av s \/ s fountain st":[47.503046,-122.2573222],
"6211 43rd av ne":[47.674355,-122.282601],
"7953 2nd av s":[47.5307495,-122.331413],
"8629 beacon av s":[47.525202,-122.288015],
"8855 ashworth av n":[47.694031,-122.339517],
"dayton av n \/ n 80th st":[47.6869373,-122.3525841],
"terminal 5 access rp":[47.5723312,-122.3598378]
}