{
"1101 1st av w":[47.6289479,-122.3581664],
"1101 jefferson st":[47.6057822,-122.3218902],
"11395 5th av ne":[47.711799,-122.3243816],
"12316 32nd av ne":[47.7178229,-122.2936258],
"18th av e \/ e highland dr":[47.6306293,-122.3084843],
"200 s king st":[47.5983122,-122.3315683],
"2227 ne 82nd st":[47.68829,-122.303303],
"2505 13th av w":[47.6408779,-122.3738641],
"2507 4th av":[47.6167695,-122.3468694],
"2657 alki av sw":[47.5799051,-122.408329],
"2720 alki av sw":[47.5789901,-122.410378],
"2809 sw graham st":[47.5471459,-122.3696164],
"3029 21st av s":[47.5761139,-122.305788],
"3317 s brandon st":[47.5534408,-122.2896552],
"347 nw 84th st":[47.6896134,-122.3626276],
"411 2nd av et s":[47.6012603,-122.3319743],
"4400 lake washington blvd s":[47.5628561,-122.2681812],
"4615 42nd av s":[47.561196,-122.281053],
"5 av ne\/ne 70 st":[47.6794339,-122.322705],
"504 20th av":[47.6063789,-122.305961],
"5040 41st av sw":[47.5562401,-122.3838668],
"5106 27th av ne":[47.666678,-122.298155],
"5504 brooklyn av ne":[47.668744,-122.3138268],
"5745 31st av ne":[47.6716679,-122.294199],
"6728 carleton av s":[47.541598,-122.321984],
"7017 greenwood av n":[47.6801687,-122.3556485],
"716 n 67th st":[47.678049,-122.349174],
"7239 sand point way ne":[47.681395,-122.2645513],
"725 n 76th st":[47.683822,-122.348715],
"822 ne northgate way":[47.7093362,-122.3192524],
"8556 mary av nw":[47.692288,-122.374947],
"8650 32nd av sw":[47.5249176,-122.3736914],
"9229 cyrus av nw":[47.696041,-122.400803],
"9804 49th av sw":[47.514896,-122.393885],
"montlake br":[47.646819,-122.304611],
"n 39th st \/ woodland park av n":[47.6537568,-122.3440836],
"s forest st \/ 6th av s":[47.5777476,-122.3259076],
"terry av \/ terrace st":[47.6045952,-122.3223349]
}