{
"10608 california av sw":[47.507954,-122.38671],
"1102 hiawatha pl s":[47.5926823,-122.3074436],
"122 ne 130th st":[47.7234089,-122.327944],
"1221 5th av s":[47.5959027,-122.3277517],
"1463 elliott av w":[47.6317002,-122.3749903],
"17th av e \/ e harrison st":[47.6220789,-122.3100349],
"2337 n 137th st":[47.7284176,-122.3298201],
"2619 e aloha st":[47.6266399,-122.2977674],
"3234 nw 60th st":[47.6724318,-122.400039],
"3600 1st av s":[47.5716275,-122.3341363],
"3900 rainier vista ne":[47.6538217,-122.3078124],
"4103 51st av sw":[47.566489,-122.397892],
"4706 49th av sw":[47.560882,-122.394564],
"4832 s lucile st":[47.552835,-122.271112],
"5649 34th av sw":[47.5505011,-122.3753525],
"6548 4th av nw":[47.6773742,-122.3612327],
"6716 46th av sw":[47.542704,-122.391536],
"6810 42nd av s":[47.5411969,-122.280496],
"7207 46th av s":[47.538092,-122.275725],
"7330 20th av ne":[47.682207,-122.306288],
"746 n 68th st":[47.678948,-122.347929],
"7933 17th av sw":[47.5308909,-122.3567867],
"8718 19th av nw":[47.6929919,-122.380784],
"900 ne 66th st":[47.6765685,-122.3180283],
"915 ne boat st":[47.65387,-122.3185361],
"9302 beacon av s":[47.5188923,-122.2763239],
"interlaken dr e \/ e interlaken blvd":[47.6373852,-122.3094867],
"s michigan st \/ 7th av s":[47.5465427,-122.3250364],
"sw thistle st \/ 11th av sw":[47.5283187,-122.3493054]
}