{
"10023 valmay av nw":[47.702227,-122.379959],
"10740 greenwood av n":[47.7080486,-122.3550804],
"1104 19th av e":[47.6288977,-122.3072561],
"1110 cherry st":[47.6074408,-122.3226454],
"11717 lake city way ne":[47.7153677,-122.2978824],
"11719 38th av ne":[47.714281,-122.287801],
"13400 linden av n":[47.7260615,-122.3477552],
"15 ward st":[47.627791,-122.355964],
"2420 s holgate st":[47.5863308,-122.3013317],
"2749 sw macarthur ln":[47.5498964,-122.3689667],
"2816 20th av s":[47.5781699,-122.3063931],
"3225 nw 56th st":[47.6692833,-122.3995048],
"3400 s thistle st":[47.528341,-122.2893144],
"3521 sw thistle st":[47.5277079,-122.377787],
"3808 47th av ne":[47.656048,-122.276691],
"3909 ne surber dr":[47.656129,-122.286479],
"4321 28th av s":[47.563633,-122.2987112],
"4905 ne park pl":[47.683249,-122.274908],
"5606 s augusta st":[47.5002921,-122.2622214],
"5717 37th av ne":[47.670914,-122.288336],
"5905 s dawson st":[47.5547955,-122.2612068],
"6506 37th av sw":[47.5444392,-122.3788138],
"6525 37th av ne":[47.676567,-122.287993],
"7532 43rd av s":[47.534232,-122.278653],
"8004 greenwood av n":[47.6871347,-122.3550317],
"8323 27th av nw":[47.6896827,-122.3911058],
"907 14th av":[47.610639,-122.314452],
"9210 23rd av ne":[47.696125,-122.303886],
"9428 58th av s":[47.5173661,-122.2601663],
"9802 44th av ne":[47.7003,-122.280994]
}