{
"0 4th av s":[47.597461,-122.328972],
"10745 densmore av n":[47.708176,-122.3378044],
"11757 2nd av nw":[47.715827,-122.359946],
"12th av ne \/ ne 130th st":[47.7230703,-122.3153899],
"13021 42nd av ne":[47.72342,-122.284238],
"14025 35th av ne":[47.7308272,-122.2910231],
"15 av nw \/nw 57 st":[47.6701768,-122.3762086],
"1748 s hanford st":[47.5752066,-122.3087192],
"1901 m l king jr way s":[47.5857709,-122.2985769],
"1912 18th av s":[47.585991,-122.309076],
"2110 47th av sw":[47.585059,-122.39142],
"2419 s graham st":[47.5461604,-122.3012673],
"2508 s andover st":[47.568359,-122.3000082],
"300 s lander st":[47.5798195,-122.3299681],
"3110 franklin av e":[47.649051,-122.321421],
"318 m l king jr way e":[47.621925,-122.295745],
"3523 sw ida st":[47.533904,-122.377821],
"3536 ne 120th st":[47.715708,-122.289951],
"4902 sw hudson st":[47.557722,-122.395214],
"5026 sand point way ne":[47.6656595,-122.2816866],
"512 2nd av":[47.6021457,-122.3319011],
"5400 23rd av sw":[47.553576,-122.361444],
"6526 shaffer av s":[47.5435594,-122.2945918],
"7111 linden av n":[47.680686,-122.347532],
"7556 9th av ne":[47.684727,-122.318321],
"9409 13th av sw":[47.518817,-122.35207],
"9th av \/ cherry st":[47.6062708,-122.3254026],
"ne 63rd st \/ 9th av ne":[47.6741678,-122.3186906],
"ne 91st st \/ 8th av ne":[47.6949392,-122.3203232],
"raye st \/ aurora av n":[47.643023,-122.34724],
"westlake east rdwy av n":[47.6337482,-122.3401908]
}