{
"0 - 0 nb i5 cd at i90":[47.589961,-122.320533],
"0 - 0 sb i5 to 50":[47.665696,-122.322864],
"1016 ne 91st st":[47.695171,-122.316782],
"1546 nw 56th st":[47.6694848,-122.3783127],
"1706 s angeline st":[47.560727,-122.309956],
"1806 8th av":[47.6142488,-122.3342536],
"2121 4th av":[47.6144238,-122.3423684],
"2515 10th av e":[47.6423365,-122.3200492],
"30 union st":[47.6071993,-122.3406517],
"3920 2nd av ne":[47.6550562,-122.3267879],
"4004 31st av s":[47.567766,-122.29202],
"4126 41st av sw":[47.565653,-122.383753],
"4930 25th av s":[47.557614,-122.300035],
"5503 ne 58th st":[47.6701852,-122.2687295],
"6009 32nd av s":[47.547646,-122.291884],
"6334 45th av sw":[47.5457561,-122.3899673],
"6635 carleton av s":[47.5433082,-122.3217348],
"8359 11th av nw":[47.6904411,-122.3706117],
"8606 35th av ne":[47.691293,-122.29031],
"9613 aurora av n":[47.6991331,-122.3451679],
"e harrison st \/ 37th av e":[47.6224861,-122.2858126],
"military rd s \/ s austin st":[47.5344575,-122.2949117],
"ne 94th st \/ roosevelt way ne":[47.6967471,-122.3175791],
"sw henderson st \/ 16th av sw":[47.522864,-122.3551038]
}