{
"10037 interlake av n":[47.702461,-122.3409748],
"1024 ne 127th st":[47.7214771,-122.3166561],
"1115 n 85th st":[47.6903757,-122.3435929],
"1222 s charlestown st":[47.5700655,-122.31633],
"1223 21st av e":[47.6312894,-122.305097],
"13523 linden av n":[47.72719,-122.3477229],
"1400 w dravus st":[47.6484889,-122.37492],
"1411 sw holden st":[47.5338122,-122.3533059],
"1618 n 45th st":[47.6615536,-122.3382252],
"1723 nw 61st st":[47.6728671,-122.3798363],
"1807 e jefferson st":[47.6058692,-122.3084846],
"1900 minor av":[47.6176253,-122.3318605],
"2207 e marion st":[47.6098514,-122.3033214],
"2303 perkins ln w":[47.637679,-122.410264],
"2723 4th av s":[47.5790733,-122.3296767],
"3120 37th pl s":[47.5757949,-122.2863462],
"3rd av ne \/ ne 125th st":[47.7195065,-122.3262152],
"4140 sw holden st":[47.533866,-122.386499],
"42nd av sw \/ sw walker st":[47.5839804,-122.3850518],
"4331 9th av ne":[47.6603626,-122.3189589],
"4531 11th av s":[47.5625656,-122.318955],
"5206 35th av sw":[47.555311,-122.375838],
"5214 15th av ne":[47.6668915,-122.3118934],
"5518 21st av s":[47.552776,-122.305912],
"603 nw 84th st":[47.6896293,-122.3635381],
"6413 14th av nw":[47.675371,-122.3735478],
"6750 12th av nw":[47.679386,-122.3716151],
"7777 detroit av sw":[47.532625,-122.338221],
"8844 interlake av n":[47.693646,-122.339928],
"900 39th av e":[47.627181,-122.282467],
"9213 25th av sw":[47.5205953,-122.3648388],
"923 e madison st":[47.6113344,-122.320335],
"harvard av e \/ e lynn st":[47.6395507,-122.3223362],
"n 135th st \/ linden av n":[47.7269134,-122.3477013]
}