{
"10271 32nd av sw":[47.510154,-122.37293],
"13519 30th av ne":[47.727089,-122.296791],
"1612 n 55th st":[47.668936,-122.337324],
"1910 n northgate way":[47.708198,-122.3350954],
"1st av w \/ w newell st":[47.6441141,-122.3581991],
"2142 dexter av n":[47.638833,-122.343602],
"2212 nw 87th st":[47.6920809,-122.3845053],
"2316 22nd av s":[47.582385,-122.303887],
"2325 ne 103rd st":[47.70281,-122.303234],
"2706 46th av sw":[47.579064,-122.390291],
"306 21st av":[47.6045785,-122.3050347],
"337 n 102nd st":[47.7026897,-122.353743],
"3452 61st av sw":[47.5725308,-122.4104806],
"3905 sw 109th st":[47.505604,-122.381927],
"4007 ne 105th st":[47.704417,-122.285043],
"40th av sw \/ sw 106th st":[47.5082515,-122.3829132],
"4417 s dawson st":[47.5552131,-122.2777298],
"4573 53rd av sw":[47.5614362,-122.3999871],
"469 nw bowdoin pl":[47.6547251,-122.3626029],
"4707 49th av sw":[47.560887,-122.395267],
"48th av s \/ s director st":[47.5223576,-122.2728459],
"5025 ne laurelcrest ln":[47.6548791,-122.2734323],
"5206 s morgan st":[47.544462,-122.266708],
"7803 8th av ne":[47.685459,-122.320489],
"7th av ne \/ ne northlake pl":[47.655052,-122.320859],
"802 33rd av e":[47.626365,-122.289152],
"8465 seward park av s":[47.5265935,-122.2651192],
"8510 8th av s":[47.5269497,-122.3226847],
"9695 rainier av s":[47.516737,-122.254928],
"nw ione pl \/ leary av nw":[47.665633,-122.3809155]
}