{
"10700 lake city way ne":[47.7067007,-122.3016045],
"11105 beacon av s":[47.5009764,-122.2683927],
"1426 lake washington blvd s":[47.5891371,-122.288912],
"14295 sherwood rd nw":[47.733258,-122.366566],
"14314 meridian av n":[47.7327579,-122.333865],
"1617 n 55th st":[47.668451,-122.337658],
"1706 19th av s":[47.588151,-122.308054],
"223 nw 56th st":[47.669375,-122.36012],
"2519 montavista pl w":[47.6417131,-122.4053098],
"2909 1st av":[47.6171034,-122.353042],
"3207 w mcgraw st":[47.6393311,-122.3987443],
"3215 s portland st":[47.5329093,-122.2900043],
"3736 sw rose st":[47.5293264,-122.3809922],
"3817 e crockett st":[47.6371554,-122.2831576],
"4405 ne 60th st":[47.6718649,-122.280501],
"4738 11th av ne":[47.6643343,-122.3160275],
"5608 8th av nw":[47.669768,-122.365826],
"7004 15th av nw":[47.6797316,-122.376515],
"7015 32nd av nw":[47.6798906,-122.3986523],
"7334 18th av ne":[47.682288,-122.30852],
"7701 - 7729 sb sr99 at holden":[47.5341585,-122.3322451],
"7909 m l king jr way s":[47.5312723,-122.2808129],
"8415 24th av sw":[47.5277823,-122.3635815],
"8435 47th av s":[47.5267989,-122.273804],
"9727 fremont av n":[47.7004201,-122.3503329],
"aurora av n \/ n 40th st":[47.655409,-122.3472305],
"james st \/ 6th av":[47.6041596,-122.3280807],
"n 122nd st \/ evanston av n":[47.7177769,-122.3515734],
"s holgate st \/ rainier av s":[47.5863251,-122.304246]
}