{
"10354 12th av nw":[47.70501,-122.37105],
"105 nw 54th st":[47.667979,-122.357732],
"12514 evanston av n":[47.720081,-122.351245],
"1500 queen anne av n":[47.6324598,-122.3566624],
"1501 42nd av e":[47.6323409,-122.278836],
"1607 nw 85th st":[47.6905885,-122.3783382],
"17628 ashworth av n":[47.757411,-122.339907],
"1906 22nd av e":[47.636513,-122.305601],
"2400 n 77th st":[47.6850749,-122.3293502],
"2405 n 65th st":[47.675721,-122.329085],
"2419 nw 57th st":[47.669959,-122.388502],
"2nd av ne \/ ne northgate way":[47.7086636,-122.3273083],
"3238 w dravus st":[47.6486449,-122.3993274],
"3631 phinney av n":[47.6531418,-122.354692],
"3926 midvale av n":[47.654943,-122.3432965],
"4191 gilman av w":[47.6575012,-122.3889956],
"4518 40th av sw":[47.562296,-122.382422],
"4519 41st av sw":[47.562283,-122.384532],
"4520 sw walker st":[47.5842085,-122.3901658],
"4813 sw dawson st":[47.5554602,-122.3942909],
"4847 s gazelle st":[47.5122299,-122.2707945],
"528 24th av s":[47.5971601,-122.300801],
"5402 39th av w":[47.667904,-122.408495],
"5417 32nd av nw":[47.66809,-122.398639],
"620 nw bright st":[47.6602948,-122.3649046],
"7123 36th av sw":[47.5389296,-122.378645],
"716 32nd av":[47.608547,-122.291197],
"7721 crest dr ne":[47.685319,-122.274435],
"8013 25th av nw":[47.6872479,-122.3890408],
"8044 20th av ne":[47.68798,-122.306458],
"8045 45th av ne":[47.6879459,-122.280424],
"912 nw 77th st":[47.68531,-122.368894],
"9251 14th av sw":[47.519547,-122.3531956],
"dayton av n \/ n 60th st":[47.6724619,-122.3528548],
"east marginal way s \/ s spokane st":[47.5713397,-122.3397529],
"n 44th st \/ woodlawn av n":[47.6603213,-122.3385673],
"n 56th st \/ kirkwood pl n":[47.6690099,-122.3317112],
"nw 45th st \/ 14th av nw":[47.6614537,-122.3736746]
}