{
"1016 madison st":[47.6093067,-122.3257824],
"10412 8th av ne":[47.7044292,-122.3201752],
"12520 greenwood av n":[47.7201371,-122.3551052],
"12th av ne \/ ne 61st st":[47.6724203,-122.3156732],
"13014 28th av ne":[47.7235331,-122.2976992],
"1331 alaskan way":[47.6059083,-122.3404446],
"1507 ne 103rd st":[47.702896,-122.3118677],
"1514 shenandoah dr e":[47.632362,-122.289047],
"1608 nw 85th st":[47.6906136,-122.3784113],
"1764 nw 56th st":[47.6694695,-122.3806329],
"1811 n 95th st":[47.697594,-122.3358242],
"1921 8th av w":[47.6366101,-122.3676683],
"2103 s brandon st":[47.5539498,-122.3060005],
"2120 rainier av s":[47.5839502,-122.3020424],
"2207 14th av s":[47.58341,-122.315073],
"2501 w halladay st":[47.642108,-122.389363],
"2716 19th av s":[47.579049,-122.307636],
"2811 nw 72nd st":[47.6808042,-122.3936128],
"3310 s dose ter":[47.583785,-122.290112],
"3523 sw charlestown st":[47.5699505,-122.3770898],
"4716 s morgan st":[47.54482,-122.272809],
"5037 44th av s":[47.555941,-122.278885],
"5051 51st av sw":[47.5560227,-122.3980419],
"519 ne 84th st":[47.689449,-122.322055],
"5535 seaview av nw":[47.669365,-122.40475],
"5618 40th av w":[47.6701488,-122.4090916],
"6037 fauntleroy way sw":[47.5473284,-122.3834238],
"608 nw 95th st":[47.69811,-122.363898],
"6406 29th av s":[47.544998,-122.295496],
"7637 46th av s":[47.533628,-122.275661],
"820 nw 96th st":[47.6992354,-122.3675427],
"8th ave nene 105":[47.7049305,-122.3204849],
"9004 fauntleroy way sw":[47.523273,-122.392396],
"9061 delridge way sw":[47.5211715,-122.3590005],
"e union st \/ 27th av":[47.6129407,-122.2974743],
"s barton st \/ renton av s":[47.5211064,-122.2737948]
}