{
"10047 40th av ne":[47.702424,-122.285747],
"10817 12th av nw":[47.708107,-122.371229],
"11223 palatine av n":[47.711115,-122.357217],
"11549 north park av n":[47.713813,-122.349375],
"12560 ashworth av n":[47.72141,-122.339247],
"1300 w nickerson st":[47.655621,-122.3747343],
"13th av e \/ e denny way":[47.6187868,-122.315596],
"1701 aurora av n":[47.6389712,-122.3455579],
"2017 23rd av w":[47.6375191,-122.3864418],
"2038 nw 58th st":[47.671136,-122.3839],
"2111 nw 65th st":[47.675764,-122.383822],
"2553 21st av w":[47.6423735,-122.3835439],
"316 florentia st":[47.6471262,-122.350565],
"320 n 85th st":[47.690873,-122.3542658],
"32nd av nw \/ nw 70th st":[47.6794647,-122.3983871],
"3421 sw roxbury st":[47.5171337,-122.3764226],
"3631 greenwood av n":[47.653447,-122.355865],
"3726 sw austin st":[47.535163,-122.380505],
"3727 meridian av n":[47.6527793,-122.3341604],
"3922 s morgan st":[47.544074,-122.282279],
"4411 woodland park av n":[47.660411,-122.344896],
"4722 47th av sw":[47.5603068,-122.3918714],
"5161 s 117th st":[47.497664,-122.268007],
"6011 4th av ne":[47.6726669,-122.32476],
"6500 seward park av s":[47.544111,-122.263749],
"6515 s ryan st":[47.5095556,-122.2516505],
"6706 flora av s":[47.5420131,-122.3204456],
"700 6 ave s":[47.5962137,-122.3259499],
"7153 34th av sw":[47.537635,-122.375606],
"7314 4th av ne":[47.6813659,-122.3260275],
"7749 18th av sw":[47.532232,-122.358127],
"7th av nw \/ nw 62nd st":[47.6741739,-122.3650212],
"9605 waters av s":[47.5162059,-122.25793],
"n 115th st \/ aurora av n":[47.7123297,-122.3447961],
"ne 61st st \/ brooklyn av ne":[47.6721529,-122.314181],
"ne 65th st \/ 29th av ne":[47.6757772,-122.2962693],
"seneca st \/ 4th av":[47.6074897,-122.3342094]
}