{
"1009 summit av e":[47.6276138,-122.3256745],
"10800 renton av s":[47.503118,-122.250712],
"11514 16th av ne":[47.712643,-122.310717],
"1214 s weller st":[47.5976304,-122.3165265],
"13050 aurora av n":[47.7238425,-122.3432351],
"1514 nw 59th st":[47.6718327,-122.3770099],
"1535 19th av s":[47.588934,-122.308739],
"16th av s \/ s lucile st":[47.5534469,-122.3122974],
"1912 pike pl":[47.6100976,-122.3425483],
"2007 e alder st":[47.6041586,-122.3059136],
"206 17th av":[47.60372,-122.309771],
"2384 yale av e":[47.6418766,-122.3270842],
"2647 e aloha st":[47.626422,-122.296635],
"3018 4th av w":[47.6472369,-122.361813],
"3101 s frontenac st":[47.539765,-122.291364],
"3402 alamo pl s":[47.572954,-122.309302],
"3914 leary way nw":[47.6547384,-122.3602494],
"406 occidental av s":[47.5989408,-122.3326458],
"445 36th av":[47.6067244,-122.2874624],
"501 elliott av w":[47.6230013,-122.3645451],
"5571 kenwood pl n":[47.670245,-122.335781],
"5600 ann arbor av ne":[47.6702588,-122.2745285],
"5602 39th av w":[47.6696839,-122.408215],
"610 nw 82nd st":[47.6885884,-122.3639142],
"6531 woodlawn av n":[47.6769239,-122.3314069],
"7720 39th av sw":[47.532871,-122.381608],
"827 31st av s":[47.5949324,-122.2929736],
"9004 11th av nw":[47.6945,-122.369662],
"911 pine st":[47.6132566,-122.3313416],
"9200 6th av nw":[47.6960618,-122.3633176],
"9844 47th av sw":[47.514014,-122.392236],
"9944 beacon av s":[47.511298,-122.2719388],
"boylston av \/ seneca st":[47.6121547,-122.323116],
"eastlake av e \/ e shelby st":[47.6473848,-122.3245181],
"rainier av s \/ 52nd av s":[47.5198549,-122.2673703]
}