{
"1028 23rd av e":[47.6282939,-122.302034],
"10327 12th av ne":[47.703873,-122.315386],
"10522 2nd av nw":[47.705772,-122.359069],
"1131 25th av":[47.6125479,-122.3003794],
"11550 4th av nw":[47.7138268,-122.3619104],
"12354 lake city way ne":[47.7187181,-122.2953507],
"14307 23rd pl ne":[47.732754,-122.305062],
"1806 3rd av n":[47.6351335,-122.3516943],
"2326 6th av":[47.6173598,-122.3427244],
"2342 alki av sw":[47.5824715,-122.4020574],
"2519 15th av s":[47.5804625,-122.3136895],
"2840 31st av w":[47.645817,-122.396556],
"3025 36th av sw":[47.576622,-122.377365],
"3106 e olive st":[47.6166085,-122.2919992],
"3109 s dakota st":[47.565971,-122.292043],
"3402 6th av s":[47.5715344,-122.3259392],
"3818 50th av sw":[47.5696567,-122.3958139],
"3909 s burns st":[47.516289,-122.283708],
"4161 east stevens way ne":[47.657028,-122.3048016],
"4508 34th av s":[47.5625209,-122.28961],
"4508 s genesee st":[47.564312,-122.276463],
"4722 26th av sw":[47.560411,-122.365136],
"4772 34th av ne":[47.664408,-122.290942],
"4835 s chicago st":[47.5324094,-122.2711523],
"503 randolph av":[47.606185,-122.285981],
"5323 s hazel st":[47.5048409,-122.2664646],
"5558 39th av ne":[47.6701786,-122.2854772],
"6009 california av sw":[47.5481336,-122.3871855],
"6408 m l king jr way s":[47.5450204,-122.2847487],
"6526 41st av sw":[47.54397,-122.384088],
"7400 sand point way ne":[47.6829455,-122.2597761],
"7518 27th av nw":[47.6837056,-122.3904606],
"800 w fulton st":[47.646106,-122.367719],
"bagley av n \/ n 45th st":[47.6613834,-122.3325453],
"belmont av e \/ e mercer st":[47.6242998,-122.3240284],
"corgiat dr s \/ s graham st":[47.5472005,-122.3105861],
"n 36th st \/ interlake av n":[47.6505284,-122.3413647],
"nb sr99 at 14":[47.521162,-122.318493]
}