{
"10509 stone av n":[47.7054136,-122.3422665],
"11228 56th av s":[47.499342,-122.262055],
"1411 taylor av n":[47.6317665,-122.3466288],
"1534 nw 63rd st":[47.6747603,-122.377716],
"1925 s orcas st":[47.55077,-122.307501],
"1st av nw \/ nw 92nd st":[47.696039,-122.3580233],
"2305 1st av":[47.6134743,-122.3469457],
"2620 36th av w":[47.643827,-122.403262],
"3318 8th av w":[47.6498149,-122.367232],
"3532 sw ida st":[47.5343307,-122.3781057],
"3710 sw southern st":[47.530051,-122.379919],
"3924 sw 107th st":[47.507635,-122.382591],
"4119 35th av sw":[47.565842,-122.376524],
"4215 36th av w":[47.6577306,-122.4036026],
"44th av sw \/ sw dakota st":[47.5665902,-122.3880967],
"4745 17th av ne":[47.6645754,-122.309946],
"4811 13th av s":[47.559815,-122.316431],
"519 n 102nd st":[47.7026847,-122.3518961],
"520 s brandon st":[47.5544101,-122.3273377],
"5718 sw spokane st":[47.5724283,-122.4063449],
"6235 22nd av ne":[47.6744082,-122.304732],
"9417 12th av sw":[47.5187,-122.350968],
"9518 9th av nw":[47.6983263,-122.368698],
"9663 41st av s":[47.5161019,-122.281744],
"ne 92nd st \/ 15th av ne":[47.6958052,-122.3121166]
}