{
"10440 42nd av sw":[47.508908,-122.385318],
"10th av sw\/sw roxbury st":[47.5173231,-122.3479769],
"1128 22nd av e":[47.6294684,-122.3031694],
"113 mcgraw st":[47.6397933,-122.354867],
"11516 5th av ne":[47.712722,-122.322957],
"1207 e newton st":[47.63702,-122.317023],
"1515 4th av s":[47.5892229,-122.3291615],
"1532 42nd av sw":[47.5894917,-122.3846198],
"2018 nw 57th st":[47.670406,-122.383089],
"2040 nw 64th st":[47.67551,-122.383898],
"210 23rd av e":[47.6205732,-122.3021837],
"2102 9th av":[47.6177874,-122.3381433],
"2235 1st av n":[47.6394302,-122.3556098],
"2511 ne 65th st":[47.675581,-122.300011],
"2714 ne 103rd st":[47.703257,-122.2980144],
"2843 nw 69th st":[47.678523,-122.394852],
"312 nw 85th st":[47.6908439,-122.3614631],
"4742 38th av ne":[47.6633222,-122.2869094],
"5132 26th av ne":[47.667341,-122.299234],
"6025 lake shore dr s":[47.5477688,-122.2592495],
"610 e olive st":[47.6163658,-122.324007],
"6842 25th av ne":[47.6788674,-122.3003872],
"7050 32nd av s":[47.5391411,-122.290599],
"7322 46th av s":[47.536255,-122.275053],
"7343 16th av nw":[47.6825789,-122.378185],
"7709 19th av ne":[47.6852105,-122.3080787],
"7901 delridge way sw":[47.5315009,-122.3618191],
"9650 m l king jr way s":[47.515398,-122.27709],
"9743 holman rd nw":[47.701139,-122.3645536],
"airport wy s off rp \/ s boeing access rd":[47.5073648,-122.2888726],
"broadway e \/ e denny way":[47.618751,-122.3208466],
"nw 65th st \/ 5th av nw":[47.6759796,-122.3624785],
"s atlantic st \/ airport way s":[47.5903084,-122.3226381],
"sb i5 at andover":[47.568089,-122.3206685]
}