{
"10310 45th av ne":[47.703255,-122.27971],
"1227 ne 90th st":[47.693731,-122.313711],
"13214 35th av ne":[47.725104,-122.289912],
"133 broadway e":[47.6197406,-122.3212689],
"137 n 77th st":[47.6845209,-122.35634],
"13714 3rd av nw":[47.729124,-122.360539],
"1400 utah st":[47.660864,-122.4302673],
"141 22nd av e":[47.619629,-122.303978],
"1532 pike pl":[47.6088695,-122.3408025],
"1630 12th av":[47.6156746,-122.3165062],
"1815 n 54th st":[47.667726,-122.335713],
"2016 n 78th st":[47.6855617,-122.3352856],
"2138 n 135th st":[47.727084,-122.332665],
"2219 n 145th st":[47.73382,-122.332139],
"2310 46th av sw":[47.582634,-122.390172],
"3119 w commodore way":[47.6638823,-122.3979042],
"3272 fuhrman av e":[47.6514218,-122.3207513],
"4109 3rd av nw":[47.6573892,-122.360836],
"4315 woodland park av n":[47.6600664,-122.3448639],
"48th av s \/ s lucile st":[47.552637,-122.2726465],
"4902 12th av s":[47.5585252,-122.3168699],
"5058 m l king jr way s":[47.555397,-122.2897161],
"5202 s brighton st":[47.5417867,-122.26696],
"619 nw 85th st":[47.6906276,-122.3642546],
"682 s holgate st":[47.5864297,-122.3240184],
"7030 23rd av ne":[47.680266,-122.302512],
"7315 4th av ne":[47.68164,-122.326418],
"7530 37th av ne":[47.6840051,-122.2883682],
"801 ne 42nd st":[47.6570914,-122.3189601],
"8257 interlake av n":[47.6903472,-122.3407725],
"830 s thistle st":[47.5284059,-122.321346],
"918 29th av s":[47.5938336,-122.2951721],
"9242 15th av sw":[47.5197743,-122.3537538],
"9252 15th av sw":[47.519552,-122.353524],
"9257 51st av s":[47.519477,-122.270346],
"linden av n \/ n 65th st":[47.6760724,-122.3483357],
"m l king jr way \/ e marion st":[47.6100021,-122.2962431]
}