{
"10000 55th av s":[47.5124077,-122.2646986],
"1119 30th av":[47.612287,-122.294112],
"1120 17th av":[47.612203,-122.309795],
"13th av s \/ s mcclellan st":[47.5786417,-122.3160086],
"1515 e jefferson st":[47.605938,-122.312048],
"1855 e yesler way":[47.6016684,-122.3082086],
"1st av w \/ w highland dr":[47.6295749,-122.357904],
"208 10th av":[47.603855,-122.319034],
"2209 e thomas st":[47.6212134,-122.3030809],
"2356 17th av s":[47.5813325,-122.3105459],
"2420 30th av w":[47.6401929,-122.395258],
"301 32nd av e":[47.6215207,-122.2914571],
"3013 s austin st":[47.534241,-122.292806],
"3211 39th av w":[47.64905,-122.407153],
"3561 s brandon st":[47.5532169,-122.286417],
"3732 woodlawn av n":[47.6529984,-122.3383937],
"4708 ne 45th st":[47.66157,-122.276734],
"5425 ballard av nw":[47.66792,-122.3856732],
"5533 17th av s":[47.5524485,-122.3114436],
"5733 38th av ne":[47.671304,-122.287228],
"5933 47th av sw":[47.549208,-122.392845],
"6521 24th av ne":[47.676415,-122.3019069],
"6723 beacon av s":[47.542267,-122.299715],
"7 s main st":[47.6000461,-122.3353269],
"7907 11th av sw":[47.531601,-122.349708],
"800 3rd av":[47.6042112,-122.332694],
"800-999 s king st":[47.5983631,-122.3214195],
"8059 ridge dr ne":[47.6878529,-122.275691],
"8554 54th av ne":[47.69209,-122.270873],
"sand point way ne \/ ne 61st st":[47.6728347,-122.2670085],
"sb i5 at ne 65 st":[47.670539,-122.322214],
"sw hudson st \/ 35th av sw":[47.5574084,-122.3762556],
"thomas st \/ warren av n":[47.6209307,-122.3541151]
}