{
"120 ne 51st st":[47.665948,-122.327327],
"1300 e olive way":[47.616662,-122.3279044],
"14003 41st av ne":[47.730219,-122.284988],
"1510 ne san juan rd":[47.6496918,-122.3120879],
"1720 15th av":[47.617117,-122.3123688],
"319 seneca st":[47.6073051,-122.334409],
"336 n 84th st":[47.6900368,-122.3536289],
"4032 44th av sw":[47.567433,-122.387714],
"412 olive way":[47.61252,-122.3381184],
"431 15th av e":[47.6229432,-122.3128121],
"4311 roosevelt way ne":[47.6597629,-122.3177632],
"4921 ne 65th st":[47.6755319,-122.274539],
"5451 ballard av nw":[47.668483,-122.3860861],
"5533 s holly st":[47.5423142,-122.2631805],
"6715 23rd av sw":[47.542385,-122.362896],
"7210 12th av sw":[47.5380997,-122.3504166],
"7210 6th av nw":[47.6810789,-122.36303],
"726 22nd av e":[47.6260113,-122.3032207],
"7514 11th av nw":[47.683773,-122.370097],
"7542 14th av ne":[47.684291,-122.312884],
"7732 17th av sw":[47.5326697,-122.3560644],
"7850 east green lake dr n":[47.685757,-122.3363914],
"815 nw 120th st":[47.715784,-122.367024],
"8336 16th av nw":[47.689829,-122.377567],
"9247 interlake av n":[47.6973772,-122.3411124],
"942 federal av e":[47.628049,-122.318823],
"duwamish av s \/ duwamish av s access rd":[47.5704852,-122.3416728],
"e shelby st \/ east park dr e":[47.6463564,-122.3015842],
"e thomas st \/ m l king jr way e":[47.6213433,-122.2961009],
"m l king jr way s \/ s plum st":[47.585485,-122.2981147],
"meridian av n \/ n 54th st":[47.6679482,-122.3336687]
}