{
"100 seneca st":[47.6061352,-122.337562],
"1008 s trenton st":[47.524933,-122.319898],
"1110 taylor av n":[47.629367,-122.345709],
"13046 9th av nw":[47.724643,-122.367448],
"14039 36th av ne":[47.7312535,-122.2899715],
"1432 nw 64th st":[47.6754106,-122.3753121],
"1521 31st av":[47.614769,-122.2926993],
"1522 28th av w":[47.633037,-122.392722],
"1560 29th av w":[47.633487,-122.393934],
"15th av w \/ w ruffner st":[47.6521751,-122.3761862],
"1617 e denny way":[47.6185131,-122.3106809],
"1722 ne 56th st":[47.6696524,-122.3084739],
"210 10th av":[47.6038916,-122.3193865],
"2405 s grand st":[47.5868293,-122.3013575],
"2436 s graham st":[47.546579,-122.3010001],
"2700-2723 24th av e":[47.6449753,-122.3015262],
"2817 ne 145th st":[47.7337881,-122.2977153],
"2819 ne 113th st":[47.709828,-122.296934],
"2915 fairmount av sw":[47.5777969,-122.382421],
"2931 1st av s":[47.5766033,-122.334688],
"326 northgate mall":[47.7062086,-122.3258737],
"3403 22nd av w":[47.650483,-122.38505],
"3527 nw 67th st":[47.676806,-122.403212],
"3805 bagley av n":[47.653327,-122.332943],
"40th av e \/ e blaine st":[47.6345827,-122.2820045],
"4438 39th av s":[47.562962,-122.283556],
"4517 44th av sw":[47.5623541,-122.3881425],
"4815 evanston av n":[47.6640277,-122.3518316],
"5111 keystone pl n":[47.666174,-122.331675],
"546 28th av":[47.6074304,-122.2955633],
"6910 29th av ne":[47.6793054,-122.2963325],
"7209 17th av sw":[47.537861,-122.356482],
"7331 35th av s":[47.536047,-122.288936],
"8320 fauntleroy way sw":[47.529065,-122.392365],
"8720 13th av nw":[47.693075,-122.372366],
"9445 4th av sw":[47.517772,-122.340566],
"e denny way \/ m l king jr way":[47.6188993,-122.2961163]
}