{
"1011 e madison st":[47.6117218,-122.3188585],
"1110 e harrison st":[47.6221325,-122.3170533],
"139 29th av":[47.602838,-122.295255],
"1427 n 45th st":[47.6611735,-122.3394665],
"1706 nw 59th st":[47.6718371,-122.3794227],
"1805 15th av w":[47.63509,-122.3765728],
"18th av s \/ s lucile st":[47.553429,-122.3098745],
"2027 11th av e":[47.638039,-122.318292],
"214 ne northgate way":[47.708673,-122.3268112],
"2200 - 2399 nw 58th st":[47.670913,-122.385314],
"2324 n 57th st":[47.670374,-122.330027],
"302 nw 79th st":[47.686425,-122.36085],
"3425 33rd av w":[47.651277,-122.399787],
"34th av nw \/ nw 60th st":[47.6721685,-122.401087],
"4480 fauntleroy way sw":[47.5633139,-122.3782755],
"59th av s \/ waters av s":[47.5175742,-122.2593411],
"5th av sw \/ sw cambridge st":[47.5191083,-122.3415933],
"7316 13th av nw":[47.681994,-122.372232],
"7341 52nd av ne":[47.682457,-122.272067],
"7704 57th av ne":[47.684807,-122.26671],
"8206 ashworth av n":[47.689012,-122.338728],
"8443 48th av s":[47.52659,-122.272727],
"8620 3rd av nw":[47.6920778,-122.3603202],
"910 e pike st":[47.614336,-122.320105],
"945 w emerson st":[47.652994,-122.3708387],
"9817 31st av sw":[47.515071,-122.372346],
"e aloha st \/ 18th av e":[47.626855,-122.3086441],
"e harrison st \/ belmont av e":[47.6219887,-122.3240331],
"hamlet av s \/ seward park av s":[47.5244993,-122.2646501],
"madison st \/ boren av":[47.6093131,-122.3251981],
"n 88th st \/ nesbit av n":[47.6923752,-122.3434589],
"ne 125th st \/ 36th av ne":[47.71924,-122.2893349],
"pike st \/ convention pl":[47.6125056,-122.3311618]
}