{
"1012 w raye st":[47.6432536,-122.3708111],
"11034 2nd av ne":[47.7091077,-122.3273041],
"11116 beacon av s":[47.5011836,-122.2682678],
"14900 1st av ne":[47.7378784,-122.3283336],
"1514 nw 52nd st":[47.666661,-122.377031],
"1521 nw 60th st":[47.6721865,-122.3772102],
"1619 9th av":[47.6139434,-122.3328139],
"1725 30th av":[47.617273,-122.293902],
"180 denny way":[47.6188189,-122.3532143],
"1844 24th av e":[47.6365397,-122.3012562],
"1845 15th av e":[47.6357691,-122.3136177],
"2209 e north st":[47.6437946,-122.3033719],
"2231 3rd av":[47.6144138,-122.3443401],
"2609 nw 96th st":[47.6983869,-122.389865],
"26th av sw \/ sw thistle st":[47.5282725,-122.3658428],
"2737 60th av sw":[47.578303,-122.409745],
"2908 28th av w":[47.646091,-122.392531],
"2934 nw 96th st":[47.6993395,-122.3956117],
"311 ward st":[47.6278535,-122.3509424],
"3314 43rd av ne":[47.652982,-122.279377],
"3874 montlake blvd ne":[47.6530025,-122.3029302],
"4032 47th av s":[47.566636,-122.274128],
"41st av sw \/ sw 100th st":[47.5137653,-122.3846062],
"4200 fremont av n":[47.6579284,-122.3497626],
"4322 whitman av n":[47.660298,-122.34524],
"4506 california av sw":[47.5625857,-122.3867661],
"4810 sw niesz ct":[47.583184,-122.393392],
"5530 17th av s":[47.5524836,-122.3107788],
"5961 51st av s":[47.548749,-122.270241],
"6073 50th av ne":[47.6738351,-122.274134],
"7301 aurora av n":[47.6819365,-122.344555],
"7525 1st av ne":[47.6840059,-122.328624],
"9029 17th av sw":[47.521951,-122.3568195],
"919 n 91st st":[47.694691,-122.346217]
}