{
"0 sb i5 at yesler":[47.601669,-122.324897],
"101 5th av s":[47.6014959,-122.3276698],
"10418 35th av sw":[47.509379,-122.375516],
"10430 55th av s":[47.5070685,-122.2645353],
"1100 13th av":[47.6115524,-122.3154243],
"1110 e pine st":[47.6155037,-122.3174926],
"11759 evanston av n":[47.715798,-122.351963],
"1301 e yesler way":[47.6011701,-122.3155687],
"1614 s stevens st":[47.577078,-122.311297],
"172 23rd av":[47.6033598,-122.302262],
"1760 16th av s":[47.5873515,-122.3124106],
"1803 nw 83rd st":[47.688522,-122.380232],
"19th av s \/ s holgate st":[47.5863407,-122.3081672],
"2839 nw 67th st":[47.677099,-122.394643],
"3217 ne 145 st":[47.7334166,-122.2929499],
"3222 lafayette av s":[47.5744,-122.309904],
"3223 s graham st":[47.545837,-122.290473],
"3929 s cloverdale st":[47.52581,-122.282349],
"3933 bagley av n":[47.6552919,-122.3328592],
"4150 airport way s":[47.5666457,-122.32266],
"4745 w roberts way":[47.653322,-122.417852],
"4811 2nd av nw":[47.6640129,-122.3590986],
"5151 ne 55th st":[47.668231,-122.271143],
"519 bellevue av e":[47.623748,-122.326877],
"5755 sw admiral way":[47.5760859,-122.407197],
"5813 9th av nw":[47.6713061,-122.3688556],
"5833 57th av ne":[47.6712569,-122.2670583],
"603 n 101st st":[47.701948,-122.350766],
"6221 greenwood av n":[47.674469,-122.355667],
"6557 35th av sw":[47.543024,-122.376913],
"6th av s \/ s massachusetts st":[47.5882304,-122.3259825],
"8022 18th av ne":[47.687419,-122.308627],
"8115 20th av sw":[47.529599,-122.359485],
"8725 41st av sw":[47.524256,-122.384915],
"9422 18th av sw":[47.518443,-122.357445],
"9602 42nd av ne":[47.698808,-122.282231],
"carleton av s \/ east marginal way s":[47.5398221,-122.3225592],
"east montlake pl e \/ 22nd av e":[47.6435658,-122.3037313],
"interlake av n \/ n 45th st":[47.6613838,-122.3406583],
"n 50th st \/ midvale av n":[47.6650393,-122.3437226],
"nb i5 exp to nb i5":[47.698391,-122.329583],
"s findlay st \/ 7th av s":[47.5526296,-122.3238664],
"university way ne \/ ne 45th st":[47.661282,-122.3131454]
}