{
"1002 e seneca st":[47.6124361,-122.3191283],
"10222 55th av s":[47.508815,-122.264286],
"10692 riviera pl ne":[47.707879,-122.27509],
"11264 57th av s":[47.498319,-122.260634],
"12221 palatine av n":[47.718461,-122.357756],
"12340 sand point way ne":[47.7184839,-122.284202],
"1514 2nd av":[47.6095532,-122.3391311],
"1902 ne 65th st":[47.6759685,-122.3074022],
"1928 2nd av":[47.6115076,-122.3413155],
"1990 magnolia blvd w":[47.63781,-122.407356],
"2327 18th av s":[47.5821309,-122.309864],
"2445 perkins ln w":[47.63975,-122.413459],
"2501 ne 55th st":[47.668321,-122.300333],
"3221 36th av sw":[47.574893,-122.377403],
"3261 w bertona st":[47.6504553,-122.3992831],
"3626 1st av nw":[47.653722,-122.357325],
"3829 43rd av ne":[47.6567295,-122.2818291],
"3932 woodland park av n":[47.655028,-122.34432],
"4025 42nd av s":[47.567151,-122.28107],
"4033 sunnyside av n":[47.656541,-122.330516],
"5001 s thistle st":[47.5276865,-122.2712064],
"611 n 100th st":[47.701253,-122.350317],
"701 westlake av n":[47.6259365,-122.3391167],
"8500 nesbit av n":[47.6905783,-122.3432312],
"900 3rd av":[47.6049222,-122.3333597],
"9322 14th av s":[47.5193667,-122.3141305],
"blaine st \/ warren av n":[47.6348718,-122.3543961],
"denny way \/ 5th av":[47.6185763,-122.3473775],
"n 102nd st \/ dayton av n":[47.702917,-122.3527422],
"s chicago st \/ renton av s":[47.5325241,-122.2785936],
"s royal brougham way \/ airport way s":[47.5924517,-122.3238692]
}