{
"0 nb i5 exp at 85":[47.677663,-122.320566],
"11066 5th av ne":[47.7105788,-122.3223863],
"1136 s albro pl":[47.5464394,-122.3170827],
"1528 s dawson st":[47.555929,-122.312038],
"1533 western av - heritage house":[47.9370256,-122.3082198],
"2730 32nd av s":[47.578659,-122.291599],
"2805 rainier av s":[47.5780239,-122.2983276],
"2806 nw 69th st":[47.6789552,-122.3934308],
"28th av s \/ s holgate st":[47.5863352,-122.2968959],
"3241 48th av sw":[47.574464,-122.393778],
"3600 whitman av n":[47.6509528,-122.3456447],
"4026 sw henderson st":[47.522742,-122.384299],
"4217 sw brandon st":[47.5538689,-122.3857702],
"4415 gilman av w":[47.659796,-122.391959],
"4422 2nd av ne":[47.660868,-122.326929],
"4500 rainier av s":[47.5628064,-122.2877967],
"4615 s chicago st":[47.532334,-122.274486],
"4901 15th av nw":[47.664594,-122.3766027],
"5321 s bangor st":[47.505625,-122.266638],
"5327 25th av s":[47.554103,-122.300746],
"5928 34th ct s":[47.548996,-122.289539],
"5958 18th av sw":[47.54845,-122.356545],
"612 w mcgraw st":[47.6395938,-122.3656642],
"706 s donovan st":[47.525846,-122.3251715],
"8011 densmore av n":[47.6873604,-122.3379726],
"810 stewart st":[47.6150484,-122.3352727],
"839 ne 96th st":[47.6983109,-122.318703],
"8834 rainier av s":[47.5236844,-122.2699658],
"910 6th av n":[47.6274994,-122.3446788],
"evanston av n \/ n 145th st":[47.7341254,-122.3517738],
"lake dell av \/ 32nd av":[47.6021888,-122.2912322],
"ne 123rd st \/ 5th av ne":[47.7176709,-122.3235423],
"ne 130th st \/ 20th av ne":[47.7229808,-122.3072906],
"ne 70th st \/ 39th av ne":[47.6794173,-122.2860767],
"ne 95th st \/ 8th av ne":[47.6976922,-122.3203357],
"s alaska st \/ 44th av s":[47.5605426,-122.2781924],
"s jackson st \/ maynard av s":[47.5991907,-122.3250552]
}