{
"10340 38th av ne":[47.704089,-122.287732],
"10701 68th av s":[47.505377,-122.249692],
"10738 evanston av n":[47.7080087,-122.3511519],
"1104 howell st":[47.6163906,-122.3311707],
"11504 riviera pl ne":[47.713213,-122.276686],
"12528 37th av ne":[47.72004,-122.288242],
"155 aloha st":[47.6270279,-122.3537132],
"1702 11th av s":[47.5881169,-122.318123],
"1800 sw orchard st":[47.538981,-122.3578136],
"203 nw 112th st":[47.7101617,-122.3597608],
"22nd av e \/ e republican st":[47.6231927,-122.303572],
"2527 royal ct e":[47.6426292,-122.2997075],
"2676 alki av sw":[47.5793382,-122.4091333],
"2828 nw market st":[47.66855,-122.3948555],
"328 15th av e":[47.6214579,-122.3123043],
"3421 60th av sw":[47.5734031,-122.409795],
"3501 s main st":[47.6000138,-122.2874408],
"3735 bagley av n":[47.6529901,-122.33295],
"3821 s eddy st":[47.5453093,-122.2838497],
"3909 s orcas st":[47.550987,-122.282927],
"4008 42nd av s":[47.567274,-122.280401],
"4035 cascadia av s":[47.566847,-122.283223],
"4126 california av sw":[47.565636,-122.3867708],
"4159 41st av s":[47.564514,-122.282041],
"4526 55th av ne":[47.662034,-122.267791],
"4728 38th av ne":[47.662962,-122.287038],
"520 n 45th st":[47.6615888,-122.3518412],
"5551 35th av ne":[47.669991,-122.290566],
"5936 42nd av sw":[47.549165,-122.385289],
"6224 sycamore av nw":[47.67501,-122.35816],
"7124 seward park av s":[47.5381413,-122.2670042],
"8242 bagley av n":[47.689911,-122.331798],
"8427 1st av s":[47.527351,-122.335693],
"922 n 85th st":[47.6908071,-122.346146],
"9611 37th av sw":[47.517063,-122.379923],
"pend oreille rd ne \/ 25th av ne":[47.6604962,-122.3009713]
}