{
"10402 42nd av ne":[47.703913,-122.282421],
"1185 broadway e":[47.6302084,-122.3215647],
"12553 19th av ne":[47.7209319,-122.3094847],
"13011 10th av nw":[47.723673,-122.369744],
"1514 westlake av":[47.6107847,-122.3369936],
"1823 n 85th st":[47.6902714,-122.3354178],
"1938 fairview av e":[47.6365545,-122.3282805],
"2203 s ferdinand st":[47.5573913,-122.3048814],
"2600 boylston av e":[47.6449741,-122.323344],
"3039 s dakota st":[47.565785,-122.294298],
"3045 42nd av w":[47.6481769,-122.411089],
"3222 21st av s":[47.5743776,-122.304901],
"3433 38th av sw":[47.572172,-122.380663],
"3731 s othello st":[47.5370145,-122.2852461],
"3816 sw 106th st":[47.5084917,-122.3804669],
"4114 51st av s":[47.565965,-122.269102],
"4122 sw elmgrove st":[47.530958,-122.385741],
"4206 s morgan st":[47.5444309,-122.2804248],
"4345 university way ne":[47.6611394,-122.3134598],
"456 lynn st":[47.6392743,-122.3479784],
"5001 ne 50th st":[47.6640258,-122.2732757],
"568 mcgraw st":[47.639685,-122.344988],
"5950 49th av sw":[47.5488584,-122.3947962],
"625 nw 82nd st":[47.6882037,-122.3645127],
"7002 17th av ne":[47.6796109,-122.309636],
"716 ne 42nd st":[47.6577241,-122.3200034],
"7273 38th av s":[47.5372722,-122.2846804],
"7345 9th av nw":[47.682757,-122.368662],
"8024 mary av nw":[47.68764,-122.375079],
"915 32nd av":[47.6108544,-122.2917825],
"9408 45th av sw":[47.518514,-122.390837],
"e interlaken blvd \/ interlaken dr e":[47.6373852,-122.3094867],
"madison st \/ 8th av":[47.6079464,-122.3284636],
"n northlake pl \/ n northlake way":[47.6468852,-122.3385076],
"stone av n \/ stendall dr n":[47.7144983,-122.3421615]
}