{
"0 5th av \/ university st":[47.608691,-122.333759],
"10302 dibble av nw":[47.7035121,-122.3670483],
"1121 bigelow av n":[47.6294786,-122.3520571],
"11522 24th av ne":[47.712732,-122.302697],
"1425 5th av n":[47.6320454,-122.3478308],
"14322 burke av n":[47.733025,-122.335618],
"1520 colorado av s":[47.5900347,-122.3367608],
"1524 ne 140th st":[47.7302921,-122.3130019],
"1531 4th av":[47.6108695,-122.337696],
"1608 2nd av":[47.6103169,-122.3398251],
"1616 n 97th st":[47.6997464,-122.3379711],
"2140 n 112th st":[47.70958,-122.3317563],
"2156 n 63rd st":[47.6746216,-122.3311197],
"219 e garfield st":[47.6335506,-122.3248872],
"2829 nw 56th st":[47.669233,-122.394094],
"317 ne 81st st":[47.687309,-122.324834],
"3238 ne 86th st":[47.6911429,-122.291838],
"349 w nickerson st":[47.6512155,-122.3626496],
"3535 s dawson st":[47.5549416,-122.287801],
"3714 34th av sw":[47.570763,-122.374633],
"3804 e terrace st":[47.605235,-122.284176],
"4100 46th av sw":[47.5665857,-122.3907807],
"42nd av sw \/ sw genesee st":[47.564675,-122.3854506],
"4844 delridge way sw":[47.557929,-122.362508],
"506 ne 79th st":[47.686262,-122.322544],
"5115 s brandon st":[47.553145,-122.2692],
"5211 beach dr sw":[47.555365,-122.400117],
"5902 s fountain st":[47.5031381,-122.2592387],
"617 s nevada st":[47.5650382,-122.3253782],
"6707 16th av sw":[47.5426073,-122.3552718],
"6800 27th av ne":[47.6777439,-122.298116],
"813 2nd av n":[47.6268644,-122.3530157],
"8167 perimeter rd s":[47.5290252,-122.296456],
"9060 burke av n":[47.6958099,-122.3342604],
"950 n 107th st":[47.7067255,-122.3456858],
"e alder st \/ 20th av":[47.6043237,-122.3063478],
"fire station 5":[47.6036411,-122.338769],
"fremont way n \/ n 39th st":[47.6541266,-122.3499466],
"ne 120th st \/ bartlett av ne":[47.7155742,-122.2838616],
"ne 85th st \/ 35th av ne":[47.6902155,-122.2907252],
"ne 97th st \/ 35th av ne":[47.6992889,-122.2905896]
}