{
"1116 w ewing st":[47.6568571,-122.371356],
"11344 38th av ne":[47.711422,-122.287567],
"1205 ne 65th st":[47.6756399,-122.3154311],
"1434 10th av w":[47.6321343,-122.3704012],
"14th av nw \/ nw 92nd st":[47.6960659,-122.374097],
"1541 ne brockman pl":[47.723213,-122.3114352],
"2001 eastlake av e":[47.636929,-122.32626],
"2232 nw 61st st":[47.673327,-122.386247],
"2318 nw 83rd st":[47.6888861,-122.3862867],
"2835 s alaska pl":[47.5606615,-122.2953308],
"2838 cascadia av s":[47.5777519,-122.284333],
"313 ne 45th st":[47.6611778,-122.3244846],
"3213 w lynn st":[47.639016,-122.3990985],
"3242 nw 61st st":[47.673233,-122.400324],
"327 n 104th st":[47.7041394,-122.3541507],
"3423 22nd av w":[47.6510808,-122.3847027],
"4022 e madison st":[47.6343773,-122.2801132],
"417 n 63rd st":[47.674378,-122.353469],
"4244 williams av w":[47.6589159,-122.3921894],
"4543 50th av sw":[47.561689,-122.396631],
"4800 s director st":[47.5223694,-122.2728294],
"5122 s myrtle st":[47.539167,-122.268848],
"5907 44th av s":[47.5494145,-122.2783109],
"614 nw 74th st":[47.6827173,-122.3640515],
"6300 east green lake way n":[47.674572,-122.3341556],
"6306 45th av sw":[47.546439,-122.389623],
"713 m l king jr way s":[47.596241,-122.297909],
"721 30th av":[47.6086839,-122.294053],
"7245 ledroit ct sw":[47.537939,-122.394927],
"7314 33rd av s":[47.536546,-122.289537],
"7500 m l king jr way s":[47.5345801,-122.2804189],
"7927 20th av sw":[47.531064,-122.35948],
"e seneca st \/ broadway ct":[47.6121783,-122.3198598],
"nw 75th st \/ 13th av nw":[47.6832522,-122.372739],
"renton av s \/ s orcas st":[47.5512218,-122.2850446],
"s irving st \/ 24th av s":[47.5912265,-122.3011958],
"s othello st \/ bowlyn pl s":[47.5369652,-122.2656086]
}