{
"10236 34th av sw":[47.510801,-122.374547],
"104 1st av s":[47.601369,-122.333786],
"106 29th av":[47.6019608,-122.2949011],
"10730 53rd av s":[47.5039122,-122.2675066],
"1170 alki av sw":[47.5945662,-122.3877134],
"1206 n 85th st":[47.6905845,-122.3419401],
"14202 evanston av n":[47.7318179,-122.351253],
"1500 12th av":[47.6141082,-122.3168258],
"1527 15th av":[47.6150801,-122.3131042],
"1718 e john st":[47.6196925,-122.3091709],
"1806 14th av s":[47.5867404,-122.3146766],
"19th av nw \/ nw 95th st":[47.6982429,-122.3808292],
"2028 nw 62nd st":[47.674054,-122.383494],
"2471 s edmunds st":[47.559321,-122.30141],
"24th av e \/ e thomas st":[47.6213714,-122.3011517],
"24th av sw \/ sw trenton st":[47.5246853,-122.3631567],
"2648 west viewmont way w":[47.644657,-122.409245],
"2729 nob hill av n":[47.6452841,-122.3507739],
"3044 20th av s":[47.575649,-122.306178],
"3045 perkins ln w":[47.648061,-122.416854],
"3212 s portland st":[47.533269,-122.290184],
"3832 s edmunds st":[47.5586638,-122.2840331],
"401 n 36th st":[47.6519983,-122.3541339],
"5055 ivanhoe pl ne":[47.666012,-122.2714],
"507 ne 84th st":[47.6894784,-122.3225228],
"5114 sw grayson st":[47.582259,-122.39808],
"5424 26th av sw":[47.552943,-122.365208],
"5506 canfield pl n":[47.6690253,-122.3349323],
"601 1st av":[47.6017321,-122.3342721],
"7017 california av sw":[47.540165,-122.387734],
"7152 shinkle pl sw":[47.5385865,-122.3668754],
"7207 s taft st":[47.51025,-122.2433586],
"751 ne 59th st":[47.6713322,-122.3205487],
"8456 14th av s":[47.5270202,-122.3148628],
"8564 greenwood av n":[47.6918494,-122.3550172],
"8841 dibble av nw":[47.694019,-122.367695],
"9658 53rd av s":[47.515113,-122.266212],
"n 47th st \/ wallingford av n":[47.6628836,-122.3364144],
"n motor pl \/ winslow pl n":[47.658673,-122.346701],
"queen anne av n \/ thomas st":[47.6209374,-122.3567279],
"s donovan st \/ 12th av s":[47.5256029,-122.317588]
}