{
"10784 68th av s":[47.503065,-122.24928],
"12335 lake city way ne":[47.7184364,-122.2960663],
"13702 riviera pl ne":[47.7283479,-122.281398],
"14344 35th av ne":[47.7332372,-122.2907559],
"14348 30th av ne":[47.7327566,-122.2965064],
"144 28th av":[47.60299,-122.29566],
"1510 nw market st":[47.6686798,-122.3768599],
"1550 3rd av s":[47.5892827,-122.3299557],
"1638 s lane st":[47.596856,-122.309917],
"24th av s \/ s jackson st":[47.5992883,-122.3011372],
"311 s brandon st":[47.5539464,-122.3304823],
"3450 38th av sw":[47.57162,-122.379996],
"3927 w barrett st":[47.646997,-122.408162],
"41st av s \/ s snoqualmie st":[47.5612687,-122.2816582],
"4226 50th av s":[47.5644622,-122.2704803],
"508 union st":[47.6100174,-122.3344491],
"517 n 72nd st":[47.6810472,-122.3517123],
"5234 16th av sw":[47.555168,-122.354213],
"637 s lucile st":[47.553,-122.324649],
"6510 26th av nw":[47.676219,-122.389371],
"6613 rainier av s":[47.5429449,-122.273166],
"6728 holly ct sw":[47.5424355,-122.395706],
"8424 18th av sw":[47.527506,-122.357384],
"8451 42nd av sw":[47.5273934,-122.3850537],
"9136 23rd av nw":[47.696019,-122.385303],
"corliss av n \/ n 65th st":[47.6759641,-122.330837],
"duwamish river trl \/ sw spokane st":[47.5716273,-122.3593525],
"e howe st \/ franklin av e":[47.6358559,-122.3244466],
"m l king jr way s & s mcclellan st":[47.5783534,-122.2961658],
"s main st \/ alaskan way s":[47.6000567,-122.3355551],
"westlake av n \/ crockett st":[47.6380358,-122.3407974]
}