{
"10050 68th av s":[47.509915,-122.248002],
"12005 7th av nw":[47.716238,-122.365309],
"12024 28th av ne":[47.7164076,-122.2976186],
"12320 11th av ne":[47.718312,-122.3159188],
"1617 boyer av e":[47.633856,-122.2999782],
"1639 s weller st":[47.59724,-122.309875],
"1656 interlaken pl e":[47.634954,-122.303365],
"1802 17th av s":[47.5868155,-122.3104141],
"1817 7th av w":[47.635277,-122.366745],
"2100 n 53rd st":[47.6673746,-122.333348],
"2100 rainier av s":[47.5845102,-122.302814],
"211 18th av s":[47.6005664,-122.308972],
"2550 14th av w":[47.6406702,-122.3749872],
"2904 24th av w":[47.646003,-122.387236],
"30th av s \/ s lane st":[47.5966792,-122.2938767],
"3225 walnut av sw":[47.57471,-122.383877],
"3437 belvidere av sw":[47.572029,-122.379586],
"4214 s graham st":[47.546216,-122.280278],
"4323 sw graham st":[47.5465391,-122.3883709],
"507 11th av e":[47.6234309,-122.318124],
"5719 8th av nw":[47.6706737,-122.3662062],
"5760 sw admiral way":[47.5764334,-122.4076747],
"600 w crockett st":[47.6379401,-122.3651972],
"6412 east green lake way n":[47.675707,-122.3329599],
"806 ne 66th st":[47.6767732,-122.3197295],
"812 23rd av s":[47.5951745,-122.3019408],
"n 95th st \/ densmore av n":[47.6977915,-122.3376131],
"nb i5 at baily":[47.5490362,-122.3124906],
"sb i5 at forest":[47.5778098,-122.3194858]
}