{
"110 harvard av e":[47.6190982,-122.321925],
"11447 37th av sw":[47.5002208,-122.3772196],
"13500 riviera pl ne":[47.726568,-122.2807787],
"1405 6th av n":[47.6315344,-122.3449641],
"14th av nw \/ nw 56th st":[47.6694475,-122.3735145],
"1636 s lane st":[47.5966601,-122.3099793],
"1917 20th av s":[47.585796,-122.307222],
"208 nw 44th st":[47.6603815,-122.358816],
"2118 5th av w":[47.638383,-122.363234],
"2229 yale av e":[47.639178,-122.327588],
"2533 33rd av s":[47.579961,-122.29119],
"2640 nw 56th st":[47.6696827,-122.3919233],
"2756 ne 95th st":[47.697729,-122.296294],
"29th av s \/ s irving st":[47.5912764,-122.2954495],
"2nd av nw \/ nw 97th st":[47.6996706,-122.359395],
"317 nw 112th st":[47.710196,-122.36167],
"3416 39th av sw":[47.572603,-122.381063],
"3440 e huron st":[47.6023039,-122.28759],
"3716 s oregon st":[47.5629974,-122.2852709],
"400 s 43rd st":[47.6591084,-122.3541978],
"4004 33rd av w":[47.6562146,-122.3992169],
"4008 31st av s":[47.5676289,-122.292018],
"4411 dayton av n":[47.660575,-122.352408],
"5232 brooklyn av ne":[47.6674162,-122.3138889],
"5627 beach dr sw":[47.551358,-122.399597],
"5711 s dawson st":[47.5546252,-122.261826],
"738 n 94th st":[47.697228,-122.348093],
"7441 rockery dr s":[47.5353368,-122.2826401],
"7509 15th av nw":[47.6836099,-122.3770791],
"7515 m l king jr way s":[47.5360179,-122.2809578],
"7607 perimeter rd s":[47.5343614,-122.2995637],
"9849 arrowsmith av s":[47.512981,-122.252259],
"harvard av e \/ e olive way":[47.6198947,-122.3222042],
"s angeline st \/ s columbian way":[47.5606506,-122.3079805],
"sodo trl":[47.579809,-122.327396],
"virginia st \/ westlake av":[47.6103294,-122.3436776],
"western av \/ eagle st":[47.6170302,-122.3546963]
}