{
"10000 62nd av s":[47.511513,-122.255549],
"10119 4th av nw":[47.7031161,-122.362052],
"10717 roosevelt way ne":[47.7072282,-122.3178579],
"1224 sw webster st":[47.53619,-122.351742],
"12545 evanston av n":[47.720905,-122.352003],
"12th av nw \/ nw 100th st":[47.7015295,-122.3714213],
"1413 sw cambridge st":[47.519003,-122.353546],
"1500 arboretum pl e":[47.6338023,-122.2979166],
"1702 bradner pl s":[47.588159,-122.295625],
"1720 4th av s":[47.5875317,-122.3285102],
"1720 n 85th st":[47.690737,-122.337095],
"2208 n 59th st":[47.671809,-122.3314],
"232 1st av n":[47.620286,-122.354967],
"2501 sw trenton st":[47.5242396,-122.3650114],
"3200 sw morgan st":[47.5446994,-122.3737674],
"3722 29th av w":[47.653896,-122.393822],
"4101 beacon av s":[47.5671477,-122.3076871],
"5803 5th av nw":[47.671066,-122.36327],
"6722 fox av s":[47.5421734,-122.3293636],
"7322 31st av sw":[47.536689,-122.372173],
"8605 30th av ne":[47.6911478,-122.2963895],
"926 e fir st":[47.6030219,-122.3198597],
"9820 35th av sw":[47.5149696,-122.3762491],
"nb sr99 at batter st tunnel nb":[47.614027,-122.347754],
"nw 85th st \/ 11th av nw":[47.6906293,-122.3704175]
}