{
"102 pike st":[47.6090899,-122.3399138],
"11404 34th av sw":[47.501114,-122.375203],
"12003 36th av ne":[47.715711,-122.289585],
"1208 e pike st":[47.6142356,-122.3164121],
"1212 19th av e":[47.631079,-122.306854],
"12422 42nd av ne":[47.7190134,-122.2829461],
"1600 logan av w":[47.6331068,-122.4010769],
"1613 26th av":[47.6158016,-122.299162],
"1819 n 135 st":[47.7260638,-122.3379078],
"19th av \/ e pine st":[47.6152705,-122.3074444],
"2014 western av":[47.6106248,-122.3439002],
"2117 5th av":[47.6147282,-122.3412928],
"2424 nw neptune pl":[47.701135,-122.388252],
"2630 ne village ln":[47.6623838,-122.2989735],
"2645 harbor av sw":[47.5802234,-122.3730213],
"2711 elliott av":[47.6145174,-122.3524433],
"3023 3rd av w":[47.6473964,-122.3611736],
"3226 nw 69th st":[47.678894,-122.399564],
"3641 w commodore way":[47.665646,-122.405282],
"4201 e blaine st":[47.6343943,-122.2781209],
"4433 44th av sw":[47.563767,-122.388403],
"4811 ne 75th st":[47.682813,-122.276048],
"4th av \/ olive way":[47.6121914,-122.3385001],
"6025 lanham pl sw":[47.5471717,-122.3736404],
"6733 30th av s":[47.5417488,-122.2938079],
"711 e pike st":[47.613895,-122.3228795],
"7350 ravenna av ne":[47.682736,-122.303654],
"7556 31st av sw":[47.5338722,-122.372059],
"763 ne northlake way":[47.6544612,-122.3212801],
"824 21st av":[47.609814,-122.304655],
"900 m l king jr way s":[47.594311,-122.2978326],
"greenwood av n \/ n 82nd st":[47.6883947,-122.3552819],
"s warsaw st \/ carleton av s":[47.5442741,-122.321136]
}