{
"10236 33rd av sw":[47.510798,-122.373437],
"10409 20th av ne":[47.7042801,-122.3072796],
"11922 lakeside pl ne":[47.7162917,-122.278981],
"12014 80th av s":[47.495,-122.232662],
"12043 evanston av n":[47.717227,-122.351959],
"12th av sw \/ sw barton st":[47.5210059,-122.3506063],
"13331 23rd av ne":[47.72543,-122.304982],
"1400 alaskan way":[47.6074523,-122.3407476],
"1412 harvard av":[47.6138158,-122.3214419],
"14357 stone av n":[47.73389,-122.342695],
"14th av \/ e columbia st":[47.6092225,-122.3141471],
"2040 boyer av e":[47.63791,-122.306682],
"20th av sw \/ delridge way sw":[47.5218022,-122.3591347],
"2616 50th av sw":[47.5806657,-122.3950068],
"3019 sw thistle st":[47.528035,-122.372084],
"3201 airport way s":[47.5755608,-122.3214404],
"3223 21st av s":[47.5743576,-122.3054509],
"3408 20th av s":[47.5728091,-122.3053957],
"3739 s burns st":[47.516281,-122.284259],
"3832 33rd av w":[47.655141,-122.399146],
"4755 thackeray pl ne":[47.664735,-122.32646],
"5550 lake washington blvd s":[47.5509993,-122.2590029],
"5733 26th av ne":[47.6709699,-122.299903],
"5854 mckinley pl n":[47.672029,-122.334522],
"600 2nd av w":[47.6246041,-122.3593174],
"6046 27th av ne":[47.673542,-122.2982],
"6279 ellis av s":[47.5462711,-122.3184409],
"6627 s bangor st":[47.506149,-122.250082],
"6731 14th av nw":[47.678696,-122.374414],
"6911 california av sw":[47.541945,-122.387613],
"7913 m l king jr way s":[47.5311489,-122.2808113],
"802 nw 64th st":[47.6754958,-122.366253],
"806 19th av":[47.609444,-122.307318],
"806 26th av s":[47.595272,-122.298741],
"8528 dayton av n":[47.6914149,-122.3523888],
"8600 m l king jr way s":[47.5261116,-122.2790139],
"9247 2nd av nw":[47.6974305,-122.3597242],
"9436 11th av sw":[47.518019,-122.348871],
"nickerson st \/ westlake av n":[47.6460185,-122.3495027]
}