{
"1132 nw 62nd st":[47.6739818,-122.3727906],
"1522 e pike st":[47.6141235,-122.3118195],
"1533 nw blue ridge dr":[47.702104,-122.378171],
"17th av ne \/ ne 143rd st":[47.7321017,-122.310027],
"2121 sw cambridge st":[47.518723,-122.361444],
"2353 n 57th st":[47.669917,-122.328628],
"31st av ne \/ ne 145th st":[47.7337818,-122.2951269],
"4108 sw brandon st":[47.5540412,-122.384716],
"4154 48th av sw":[47.565048,-122.393093],
"4231 12th av ne":[47.659145,-122.3157751],
"4248 s eddy st":[47.54536,-122.27884],
"4667 lake washington blvd s":[47.560827,-122.266169],
"500 w nickerson st":[47.6515779,-122.3641495],
"5033 bowen pl s":[47.5560721,-122.277793],
"5041 pullman av ne":[47.669967,-122.27256],
"510 9th av":[47.6054276,-122.3246011],
"5200 ravenna av ne":[47.6664221,-122.3030049],
"615 s jackson st":[47.5991488,-122.3256329],
"666 s dearborn st":[47.5964706,-122.3241102],
"7513 forest dr ne":[47.684144,-122.276023],
"7753 32nd av s":[47.5328612,-122.2910036],
"7927 5th av sw":[47.531079,-122.342057],
"9300 sturtevant av s":[47.5186952,-122.2686568],
"9740 2nd av nw":[47.700989,-122.3590759],
"alaskan way \/ marion st":[47.6030518,-122.3378399],
"beacon av s \/ s eddy st":[47.5453837,-122.3000172],
"ne 52nd st \/ 12th av ne":[47.6664507,-122.3151964],
"nw ione pl \/ ballard av nw":[47.6651029,-122.381664],
"sw genesee st \/ 25th av sw":[47.5647311,-122.3643633]
}