{
"11320 17th av ne":[47.710924,-122.309477],
"12325 sand point way ne":[47.718053,-122.28468],
"13310 22nd av ne":[47.7251059,-122.305533],
"1426 broadway":[47.6137355,-122.3203355],
"1706 dexter av n":[47.634275,-122.342012],
"2122 3rd av w":[47.6379112,-122.3606657],
"2690 ne 49th st":[47.6643854,-122.2980324],
"2710 w manor pl":[47.653269,-122.3920136],
"2816 s hudson st":[47.5573849,-122.296018],
"3403 4th av s":[47.5736702,-122.3291038],
"35th av sw \/ sw dawson st":[47.5555984,-122.3762953],
"3630 renton av s":[47.5710007,-122.2956175],
"422 34th av s":[47.5984001,-122.2886916],
"4320 53rd av ne":[47.660074,-122.270696],
"515 howe st":[47.6355002,-122.3467591],
"6002 seaview av nw":[47.6721465,-122.4054159],
"601 s main st":[47.6000211,-122.3263485],
"6013 lanham pl sw":[47.5477873,-122.3738603],
"6230 28th av ne":[47.674925,-122.29716],
"6313 latona av ne":[47.6748652,-122.3257087],
"6559 35th av ne":[47.677005,-122.290988],
"6564 5th av s":[47.5444292,-122.3283441],
"6th av nw \/ nw 80th st":[47.6869217,-122.3632948],
"8807 fauntleroy way sw":[47.524724,-122.393705],
"904 16th av e":[47.627088,-122.3109],
"9250 29th av sw":[47.5193838,-122.3700105],
"945 n 104th st":[47.704114,-122.345394],
"s dawson st \/ 4th av s":[47.5556585,-122.3296134]
}