{
"10020 33rd av sw":[47.513097,-122.373762],
"10754 2nd av nw":[47.708567,-122.359104],
"119 w denny way":[47.6185347,-122.3581479],
"134 nw 74th st":[47.6827406,-122.3594711],
"2874 30th av w":[47.646672,-122.395193],
"301 e pike st":[47.6138793,-122.3274131],
"3511 s ronald dr":[47.518751,-122.287068],
"3600 ne 105th st":[47.7047903,-122.2894717],
"37th av sw \/ sw morgan st":[47.5447256,-122.3791315],
"3810 courtland pl s":[47.5694159,-122.286905],
"4036 19th av sw":[47.5672179,-122.357729],
"4550 50th av sw":[47.561475,-122.3959321],
"4821 46th av s":[47.558722,-122.276097],
"4832 s austin st":[47.535092,-122.271264],
"5020 35th av s":[47.556357,-122.288798],
"5448 kirkwood pl n":[47.6688736,-122.3312334],
"6200 airport way s":[47.548571,-122.3159307],
"6351 sand point way ne":[47.6748708,-122.2644013],
"6th av s \/ s orcas st":[47.5518558,-122.3268904],
"7053 27th av nw":[47.681016,-122.391164],
"724 n 143rd st":[47.7325701,-122.349177],
"7299 lake shore dr ne":[47.698142,-122.2740661],
"731 n 72nd st":[47.6808741,-122.3485229],
"7527 42nd av ne":[47.6838722,-122.2834494],
"8048 23rd av nw":[47.6882326,-122.3850813],
"807 n 40th st":[47.655203,-122.348197],
"9723 31st av sw":[47.515917,-122.372407],
"n 122nd st \/ burke av n":[47.7171297,-122.3355431],
"s snoqualmie st \/ 6th av s":[47.5619839,-122.3266707]
}