{
"100 republican st":[47.6234857,-122.3550295],
"10021 lake shore blvd ne":[47.7017882,-122.2744875],
"10342 aurora av n":[47.7045021,-122.3442374],
"10551 24th av ne":[47.7060628,-122.3025914],
"11356 20th av ne":[47.711919,-122.305957],
"11550 stone av n":[47.7139926,-122.3416433],
"12316 28th av ne":[47.7184161,-122.2973687],
"1612 46th av sw":[47.5889242,-122.3899456],
"1st av & virginia st":[47.6110608,-122.3426206],
"3018 s brighton st":[47.5414399,-122.2923327],
"3405 42nd av w":[47.650747,-122.411865],
"3571 s morgan st":[47.544044,-122.285843],
"3821 rainier av s":[47.5691035,-122.2904761],
"4005 wallingford av n":[47.6559151,-122.3365927],
"4028 53rd av sw":[47.56768,-122.400398],
"4237 s kenyon st":[47.5313228,-122.2790499],
"4426 36th av sw":[47.5634385,-122.3774523],
"5203 1st av nw":[47.666993,-122.357674],
"5307 12th av s":[47.554644,-122.317486],
"5920 s eastwood dr":[47.503886,-122.258519],
"6011 47th av s":[47.547699,-122.274658],
"6512 17th av nw":[47.676342,-122.378575],
"668 s king st":[47.5986063,-122.3241301],
"706 20th av":[47.608317,-122.306009],
"7620 e mercer way":[47.534472,-122.214388],
"7746 20th av nw":[47.6864032,-122.3818344],
"8637 wabash av s":[47.5258571,-122.2655311],
"8811 39th av sw":[47.524301,-122.382381],
"9212 39th av s":[47.521071,-122.283307],
"930 sw spokane st":[47.5714904,-122.3464445],
"9543 3rd av nw":[47.6991163,-122.3609721],
"9622 12th av nw":[47.699993,-122.371018],
"aurora av n \/ n 76th st":[47.6840495,-122.3445559],
"eastlake av e \/ stewart st":[47.619715,-122.329135],
"n 130th st \/ fremont av n":[47.7232276,-122.3503676],
"s graham st \/ 52nd av s":[47.5460795,-122.2671454]
}