{
"10500 5th av ne":[47.704973,-122.3230985],
"10504 lake city way ne":[47.7049903,-122.3015942],
"1124 pike st":[47.6140297,-122.3283488],
"1412 36th av":[47.613302,-122.286775],
"1818 nw 83rd st":[47.688919,-122.380886],
"2122 westlake av":[47.6173346,-122.3380644],
"2317 n 45th st":[47.6612404,-122.3305777],
"2545 ne 92nd st":[47.6955417,-122.2993609],
"2736 ne 92nd st":[47.695956,-122.297053],
"3208 16th av s":[47.57473,-122.312098],
"35th av s \/ s spencer st":[47.5475817,-122.2888552],
"3841 42nd av ne":[47.6573513,-122.2831224],
"3939 lake washington blvd s":[47.5678497,-122.2723293],
"4210 46th av s":[47.564932,-122.275373],
"5041 bowen pl s":[47.5557927,-122.2778419],
"5214 37th av ne":[47.667158,-122.287635],
"5817 57th av ne":[47.670858,-122.267146],
"6500 - 7198 aurora av n":[47.675935,-122.346782],
"672 s jackson st":[47.5993506,-122.3240912],
"6786 48th av sw":[47.540934,-122.39577],
"7501 11th av sw":[47.535343,-122.349606],
"7651-7698 east green lake dr n":[47.684375,-122.3350351],
"8003 earl av nw":[47.686909,-122.392248],
"821 9th av":[47.6074284,-122.3269108],
"845 s donovan st":[47.5253609,-122.321068],
"8903 17th av ne":[47.6932104,-122.3097526],
"ashworth av n \/ n 131st st":[47.7241664,-122.3395562],
"e yesler way \/ 23rd av":[47.60167,-122.3023209],
"n 122nd st \/ meridian av n":[47.7171298,-122.334152],
"nw 51st st \/ 6th av nw":[47.6657345,-122.3632609],
"nw central pl \/ tallman av nw":[47.6672554,-122.3800589],
"rainier av s \/ s hill st":[47.5845133,-122.3028371]
}