{
"0 nb sr99 at royal broughm":[47.5924023,-122.3358044],
"10225 55th av s":[47.508953,-122.265094],
"1124 howell st":[47.6168642,-122.3308971],
"1130 n 115th st":[47.712523,-122.3427755],
"11523 38th av ne":[47.712666,-122.288345],
"1201 university st":[47.6119174,-122.3255448],
"1311 s massachusetts st, beacon towers":[47.588207,-122.315429],
"1408 4th av":[47.609647,-122.335703],
"1428 nw 56th st":[47.6695981,-122.3747623],
"1724 s hanford st":[47.5750872,-122.309665],
"1731 13th av sw":[47.5868204,-122.3522342],
"1926 s waite st":[47.5802795,-122.3075062],
"1944 nw blue ridge dr":[47.705038,-122.38284],
"2311 32nd av s":[47.5820719,-122.29225],
"2317 nw 70th st":[47.679322,-122.386228],
"24th av e \/ e john st":[47.6201994,-122.3011789],
"2511 10th av w":[47.641056,-122.370415],
"2807 e ward st":[47.627007,-122.29614],
"3002 s nevada st":[47.5645492,-122.295466],
"3037 30th av w":[47.6479447,-122.3961002],
"3227 cheasty blvd s":[47.574269,-122.299844],
"3723 s chicago st":[47.532113,-122.284934],
"38th av ne \/ ne 75th st":[47.6830456,-122.2877769],
"410 n 59th st":[47.6719256,-122.3536991],
"4109 airport way s":[47.5666116,-122.3226994],
"4139 20th av sw":[47.565471,-122.359358],
"4412 s eddy st":[47.545352,-122.2775027],
"4600 sunnyside av n":[47.6628029,-122.329516],
"5300 wallingford av n":[47.667337,-122.336075],
"550 n 71st st":[47.680518,-122.350353],
"6035 39th av ne":[47.673205,-122.286119],
"6717 3rd av nw":[47.678324,-122.360812],
"7400 25th av ne":[47.6822691,-122.3003221],
"7507 37th av ne":[47.683312,-122.288703],
"7544 31st av nw":[47.6843713,-122.3965989],
"8139 4th av sw":[47.5289248,-122.3407424],
"820 nw 85th st":[47.6908844,-122.3669252],
"8907 2nd av ne":[47.6934175,-122.3273889],
"9046 greenwood av n":[47.695613,-122.354933],
"maynard av s \/ s dearborn st":[47.595824,-122.3250624],
"s pearl st \/ columbia dr s":[47.5565702,-122.3057603]
}