{
"10601 renton av s":[47.506045,-122.254654],
"11000 meridian av n":[47.708905,-122.3335115],
"11733 durland av ne":[47.7144819,-122.281547],
"1216 john st":[47.6196734,-122.3324459],
"1219 sw trenton st":[47.5245297,-122.3513344],
"1926 nw blue ridge dr":[47.705293,-122.38217],
"20th av ne \/ ne 65th st":[47.6757859,-122.3065192],
"211 nw 44th st":[47.6600533,-122.3588563],
"2321 nw 86th st":[47.690818,-122.386488],
"2339 ne 130th st":[47.7227225,-122.3028469],
"2400 nw 59th st":[47.6716613,-122.3876215],
"2584 40th av w":[47.642967,-122.408055],
"2811 franklin av e":[47.646106,-122.324511],
"3618 11th av w":[47.653211,-122.3712307],
"3700 west stevens way ne":[47.6520133,-122.3076],
"3948 s americus st":[47.560408,-122.2814388],
"409 31st av e":[47.622853,-122.29232],
"4301 sw hanford st":[47.5754645,-122.3871255],
"4321 linden av n":[47.6600464,-122.3486969],
"4436 49th av sw":[47.563675,-122.394392],
"4509 sw frontenac st":[47.5404307,-122.3909524],
"500 james st":[47.603947,-122.3285758],
"5543 17th av s":[47.5521602,-122.3114156],
"5616 35th av s":[47.5519781,-122.2892931],
"7337 7th pl sw":[47.5355685,-122.3453212],
"825 pike st":[47.6121675,-122.3319414],
"9220 15th av sw":[47.5203987,-122.3539558],
"n 56th st \/ 1st av ne":[47.6693663,-122.3282483]
}