{
"10461 57th av s":[47.506474,-122.261627],
"1104 nw 103rd st":[47.703556,-122.370339],
"11519 17th av ne":[47.712802,-122.310176],
"11861 31st pl ne":[47.7153635,-122.2964295],
"12011 evanston av n":[47.716388,-122.35197],
"14046 17th av ne":[47.7317091,-122.3097179],
"1417 n clogston way":[47.668246,-122.339179],
"210 15th av":[47.603902,-122.3126221],
"2201 n 105th st":[47.7050329,-122.3342347],
"2312 15th av s":[47.5825572,-122.3130861],
"2566 25th av w":[47.642856,-122.388563],
"3406 walnut av sw":[47.5729342,-122.3833115],
"3821 ne 45th st":[47.660977,-122.286069],
"405 e olive st":[47.6161916,-122.3264284],
"429 13th av e":[47.6228391,-122.3159206],
"4322 densmore av n":[47.6598479,-122.337044],
"4324 evanston av n":[47.659776,-122.350599],
"5215 beach dr sw":[47.5552529,-122.3997946],
"5625 s augusta st":[47.500014,-122.2613648],
"5935 47th av s":[47.5487193,-122.2742136],
"6109 6th av s":[47.5477037,-122.3264484],
"75th av s \/ rainier av s":[47.5109937,-122.2410804],
"7733 29th av ne":[47.6858536,-122.2969591],
"7948 14th av sw":[47.5304138,-122.3524945],
"900 28th av s":[47.594275,-122.2963153],
"904 7th av":[47.6072908,-122.3289396],
"9249 ashworth av n":[47.697194,-122.340124],
"940 26th av":[47.611265,-122.298451],
"9526 4th av ne":[47.698537,-122.32416],
"9621 57th av s":[47.516183,-122.262357],
"e martin st \/ fuhrman av e":[47.6500361,-122.3198646],
"ne 65th st \/ burke gilman trl":[47.675737,-122.2665651],
"republican st \/ 1st av n":[47.6232759,-122.3554297],
"s raymond st \/ 30th av s":[47.5480017,-122.2936577],
"s walker st \/ 15th av s":[47.5836945,-122.3134004]
}