{
"1007 25th av e":[47.6276769,-122.3006823],
"14033 28th av ne":[47.731165,-122.298327],
"1631 21st av":[47.616264,-122.305263],
"1907 sw andover st":[47.568119,-122.358456],
"2519 11th av w":[47.6412697,-122.3718534],
"2814 s alaska pl":[47.5610264,-122.2959276],
"3007 west viewmont way w":[47.647006,-122.409827],
"3112 alki av sw":[47.576659,-122.418415],
"3604 ne 143rd st":[47.732082,-122.289301],
"3906 ne 70th st":[47.679619,-122.285686],
"4045 38th av sw":[47.567029,-122.380484],
"421 n 42nd st":[47.657576,-122.353444],
"4412 california av sw":[47.5641973,-122.3863805],
"4516 9th av ne":[47.6614677,-122.3183933],
"4800 38th av sw":[47.5590029,-122.3800011],
"48th av s \/ s holden st":[47.5336623,-122.2726517],
"507 35th av s":[47.597586,-122.288095],
"5132 47th av ne":[47.666976,-122.2769932],
"6027 6th av nw":[47.673178,-122.364334],
"703 19th av":[47.60819,-122.30793],
"7054 18th av ne":[47.680999,-122.308494],
"726 broadway":[47.608984,-122.320341],
"753 harvard av e":[47.626524,-122.322834],
"7815 aurora av n":[47.6859803,-122.3447304],
"8304 30th av nw":[47.6888469,-122.3954657],
"8641 45th av s":[47.5248999,-122.2760824],
"8711 31st av nw":[47.692715,-122.397263],
"922 davis pl s":[47.59388,-122.307076],
"925 alaskan way":[47.6036169,-122.3385652],
"9520 40th av ne":[47.698037,-122.284973],
"9703 palatine av n":[47.699819,-122.357119],
"lake washington blvd \/ e james st":[47.6067949,-122.2834566],
"ne 41st st \/ 44th av ne":[47.6584235,-122.2801134],
"o - o sb i5 at 65":[47.670539,-122.322214]
}