{
"0 nb i5 to eb sr520":[47.638512,-122.322606],
"10618 durland av ne":[47.7059406,-122.2771198],
"11th av w \/ w nickerson st":[47.6547793,-122.3716522],
"14300 fremont av n":[47.7323011,-122.35048],
"2157 n 62nd st":[47.67344,-122.331169],
"2216 nw 67th st":[47.677848,-122.3851107],
"2515 crestmont pl w":[47.641507,-122.406872],
"2910 39th av sw":[47.577936,-122.381022],
"30th av sw \/ sw juneau st":[47.5501238,-122.3709522],
"3110 15th av s":[47.575591,-122.313001],
"4018 sw orchard st":[47.5390588,-122.3841686],
"4040 32nd av sw":[47.566732,-122.372367],
"428 16th av e":[47.6229632,-122.3109944],
"4435 51st av sw":[47.563771,-122.3979344],
"4644 s austin st":[47.5349108,-122.2734217],
"506 n 101st st":[47.7023899,-122.3523839],
"6046 beach dr sw":[47.5468959,-122.398135],
"6361 1st av s":[47.5453006,-122.3350955],
"7015 earl av nw":[47.6799382,-122.3921985],
"9506 ravenna av ne":[47.6976552,-122.3048482],
"grand av \/ madrona dr":[47.6160523,-122.2845204],
"madison st \/ 4th av":[47.6060794,-122.332905],
"n 54th st \/ woodlawn av n":[47.667943,-122.3384703],
"ne 127th st \/ 8th av ne":[47.7212869,-122.320859],
"s raymond st \/ 28th av s":[47.5481072,-122.2968778],
"thomas st \/ 9th av n":[47.6208701,-122.3397605]
}