{
"10530 valmay av nw":[47.706157,-122.377699],
"1065 summit av e":[47.62901,-122.325241],
"11628 2nd av nw":[47.713669,-122.359136],
"12332 36th av ne":[47.718306,-122.288778],
"13th av s \/ s lucile st":[47.5534625,-122.3161497],
"1400 s dean st":[47.5951762,-122.313331],
"144 n 130th st":[47.7232521,-122.3575106],
"14th av s \/ s grand st":[47.5869529,-122.3147653],
"1557 ne 135th st":[47.7264229,-122.311534],
"1606 8th av n":[47.6332769,-122.3408867],
"1607 palm av sw":[47.5891586,-122.3841485],
"1668 harbor av sw":[47.5889029,-122.3807696],
"17th av s \/ s jackson st":[47.5992312,-122.31029],
"1802 ne 80th st":[47.686841,-122.308706],
"1945 gilman dr w":[47.637228,-122.372426],
"2004 westlake av":[47.6153612,-122.3374028],
"2736 32nd av s":[47.578515,-122.2916],
"3250 portage bay pl e":[47.6515756,-122.3205112],
"3902 31st av s":[47.568806,-122.291994],
"3938 s edmunds st":[47.558877,-122.281773],
"4006 letitia av s":[47.567898,-122.290053],
"4015 memorial way ne":[47.6573738,-122.3097301],
"4601 phinney av n":[47.662386,-122.354346],
"48th av ne \/ ne 40th st":[47.657669,-122.2766826],
"4th av s \/ s fidalgo st":[47.5504308,-122.3295933],
"5209 brooklyn av ne":[47.6667721,-122.3144217],
"5816 s pilgrim st":[47.5154036,-122.2600465],
"6220 24th av ne":[47.6745829,-122.3016791],
"6623 fremont av n":[47.677653,-122.350271],
"6732 39th av sw":[47.541974,-122.381527],
"7521 30th av sw":[47.5348756,-122.3716045],
"7701 lakemont dr ne":[47.684538,-122.273372],
"7831 46th av s":[47.5317144,-122.2756078],
"7916 greenwood av n":[47.6868139,-122.355091],
"821 20th av s":[47.595276,-122.306534],
"8659 delridge way sw":[47.5249359,-122.360862],
"907 15th av":[47.61069,-122.313224],
"delridge way sw \/ sw elmgrove st":[47.5300787,-122.3604505],
"eb wsea frwy fr harbor island \/ eb wsea frwy at sr99":[47.5714802,-122.339597],
"gilman av w \/ w emerson pl":[47.6558678,-122.3864326],
"lotus av access rd \/ harbor av sw":[47.5826622,-122.3737515]
}