{
"1000 39th av e":[47.6275106,-122.2824398],
"1041 ne 94th st":[47.6965553,-122.3156959],
"1405 boylston av":[47.613157,-122.3233871],
"1561 s angeline st":[47.560007,-122.310706],
"1617 belmont av":[47.6157522,-122.3245053],
"2535 s graham st":[47.54612,-122.298913],
"2849 west viewmont way w":[47.646457,-122.409975],
"3017 60th av sw":[47.577153,-122.409778],
"3405 36th av sw":[47.572888,-122.377422],
"3619 magnolia blvd w":[47.652336,-122.412431],
"4128 tamarack dr s":[47.564494,-122.29365],
"4233 ne 74th st":[47.682051,-122.282285],
"4421 37th av sw":[47.56398,-122.379167],
"4512 ne 40th st":[47.65789,-122.278819],
"5517 seward park av s":[47.5520108,-122.2631711],
"6400 sand point way ne":[47.6751583,-122.263826],
"6th av & seneca st":[47.6084583,-122.3319893],
"7301 19th av sw":[47.5368872,-122.3590658],
"742 s southern st":[47.530038,-122.323688],
"7554 28th av sw":[47.534012,-122.368175],
"7717 10th av nw":[47.685697,-122.369666],
"8051 32nd av nw":[47.688239,-122.399174],
"8240 14th av ne":[47.6897204,-122.313262],
"9257 20th av sw":[47.5193875,-122.3594723],
"n 130th st \/ aurora av n":[47.7232383,-122.3449557],
"sb i5 exp at 50":[47.656039,-122.322484]
}