{
"10250 waters av s":[47.508495,-122.249562],
"1118 ne 47th st":[47.6632429,-122.315457],
"122 pike st":[47.6092565,-122.3393075],
"1308 w wheeler st":[47.640881,-122.374021],
"1521 16th av e":[47.632959,-122.311583],
"155 nw 59th st":[47.671408,-122.360075],
"1743 41st av sw":[47.586819,-122.384008],
"1802 n 38th st":[47.6533297,-122.3359127],
"1934 e lynn st":[47.6397825,-122.3057243],
"2001 s hill st":[47.5843665,-122.3065616],
"206 5th av s":[47.6006002,-122.3273722],
"2105 25th av s":[47.584247,-122.300707],
"217 29th av s":[47.600389,-122.29529],
"2503 28th av w":[47.641323,-122.393364],
"2571 4th av n":[47.6427069,-122.3495822],
"2900 s alaska st":[47.5609801,-122.2951895],
"307 14th av e":[47.621374,-122.3149028],
"3301 w barrett st":[47.6468155,-122.3996013],
"3905 55th av sw":[47.569165,-122.40337],
"411 n 44th st":[47.6600815,-122.3537056],
"4209 48th av s":[47.564938,-122.27363],
"4414 sw oregon st":[47.5631209,-122.3888936],
"4456 41st av sw":[47.5630268,-122.3837603],
"4511 sw massachusetts st":[47.587842,-122.389542],
"4530 38th av s":[47.5618894,-122.2846566],
"4617 47th av s":[47.561207,-122.274838],
"500 ne 145th st":[47.7340717,-122.3234555],
"541 s sullivan st":[47.527021,-122.326553],
"5508 s cloverdale st":[47.52697,-122.263451],
"623 nw 82nd st":[47.6881642,-122.364335],
"7102 34th av nw":[47.6803979,-122.400783],
"7751 26th av nw":[47.6864112,-122.3901167],
"8007 39th av sw":[47.531067,-122.382286],
"8621 14th av s":[47.5257625,-122.3153365],
"9001 2nd av ne":[47.694285,-122.327358],
"943 ne boat st":[47.6537774,-122.3182586],
"ne 100th st \/ 45th av ne":[47.7011519,-122.2800576],
"s main st \/ 3rd av s":[47.6000453,-122.3302817],
"western av \/ bay st":[47.6177937,-122.3559883]
}