{
"10347 densmore av n":[47.704471,-122.338021],
"1106 taylor av n":[47.6292023,-122.3459705],
"11232 dayton av n":[47.711511,-122.352471],
"1537 ne 96th st":[47.698254,-122.310528],
"1902 2nd av n":[47.6358826,-122.3528993],
"1910 n 39th st":[47.654505,-122.33453],
"2116 sw thistle st":[47.5284507,-122.3612814],
"218 w lee st":[47.6315451,-122.3600809],
"2317 n 54th st":[47.6676829,-122.328563],
"2547 57th av sw":[47.579782,-122.405538],
"3020 18th av s":[47.5761858,-122.3088313],
"3124 elliott av":[47.6180572,-122.3574769],
"3924 ne 135th st":[47.726692,-122.2858],
"400-blk cedar st":[47.6178083,-122.3480498],
"4001 airport way s":[47.567922,-122.3228952],
"4622 45th av s":[47.560982,-122.276663],
"4816 pullman av ne":[47.669379,-122.274973],
"4909 26th av s":[47.5581674,-122.2994891],
"5018 37th av sw":[47.556856,-122.378518],
"5034 51st av sw":[47.556456,-122.397413],
"5312 31st av s":[47.554192,-122.292352],
"5712 princeton av ne":[47.671082,-122.275955],
"5950 31st av sw":[47.548992,-122.371332],
"7100 43rd av s":[47.538478,-122.279038],
"801 23rd av s":[47.595372,-122.3025756],
"8032 35th av ne":[47.6876102,-122.2902687],
"8432 22nd av sw":[47.527302,-122.361435],
"9227 24th av nw":[47.6968069,-122.3878291],
"9927 47th av s":[47.5116868,-122.2742681],
"ballard br on rp":[47.662529,-122.3763701],
"banner way ne \/ ne 75th st":[47.6832197,-122.3206294],
"blanchard st \/ 4th av":[47.614599,-122.342636],
"lake city way ne \/ ne 91st st":[47.694837,-122.3056295],
"n motor pl \/ linden av n":[47.6586604,-122.348514],
"stone av n \/ n 85th st":[47.6905454,-122.3413009]
}