{
"12558 4th av nw":[47.721289,-122.361916],
"1722 14th av":[47.61716,-122.313897],
"1810 nw 65th st":[47.6766487,-122.3804995],
"1900 42nd av sw":[47.586604,-122.384608],
"2024 s ferdinand st":[47.5582939,-122.305832],
"207 w crockett st":[47.6369538,-122.3600341],
"2117 n 107th st":[47.706623,-122.333065],
"2117 n 51st st":[47.665539,-122.332902],
"2318 15th av s":[47.5824288,-122.31307],
"2345 w halladay st":[47.6419546,-122.3871468],
"2421 14th av s":[47.5812049,-122.3150592],
"2854 fairview av e":[47.6469867,-122.3257233],
"3022 nw 89th st":[47.6938247,-122.3966405],
"331 23rd av e":[47.622334,-122.302816],
"3502 43rd av ne":[47.653838,-122.280255],
"358 garfield st":[47.6333331,-122.3502677],
"3727 28th av w":[47.653897,-122.393278],
"426 ne maple leaf pl":[47.681984,-122.32458],
"4342 7th av ne":[47.6608059,-122.3206802],
"4617 s juneau st":[47.549022,-122.274696],
"4811 18th av sw":[47.558011,-122.357582],
"5717 s augusta st":[47.499953,-122.260161],
"6218 rainier av s":[47.546489,-122.27606],
"6730 greenwood av n":[47.6785989,-122.355284],
"7011 24th av nw":[47.679927,-122.387926],
"7224 2nd av s":[47.5385809,-122.331055],
"7310 35th av sw":[47.537034,-122.376172],
"7501 23rd av nw":[47.6833467,-122.3856418],
"820 virginia st":[47.6161391,-122.3363079],
"iago pl s \/ s chicago st":[47.5326084,-122.2821005],
"rainier av s & s walker st":[47.5836472,-122.3021929],
"s holly st \/ beacon av s":[47.5429114,-122.2995578],
"sw trenton st \/ 17th av sw":[47.5247069,-122.3564218]
}