{
"10136 holman rd nw":[47.702849,-122.358848],
"10214 12th av ne":[47.702561,-122.314713],
"1135 n 92nd st":[47.6953462,-122.3430183],
"1227 n 143rd st":[47.7323007,-122.3434404],
"14003 roslyn pl n":[47.73066,-122.341003],
"1515 2nd av":[47.6096941,-122.3393052],
"1711 ne 63rd st":[47.674602,-122.309156],
"1733 nw 59th st":[47.6714086,-122.3803208],
"2328 46th av sw":[47.5820859,-122.390192],
"2417 n 115th st":[47.712043,-122.32927],
"2960 4th av s":[47.5761947,-122.3283058],
"319 e pine st":[47.6150575,-122.3271236],
"3706 sw myrtle st":[47.539862,-122.379689],
"3930 leary way nw":[47.6550893,-122.3605328],
"4501 cascadia av s":[47.562719,-122.283144],
"4th av \/ terrace st":[47.6018152,-122.3290128],
"5320 roosevelt way ne":[47.6677271,-122.317121],
"5829 cowen pl ne":[47.6713513,-122.312895],
"6201 13th av s":[47.547739,-122.316431],
"6842 beacon av s":[47.5409549,-122.298165],
"714 n 36th st":[47.651482,-122.349111],
"9020 35th av sw":[47.5221167,-122.3763379],
"9284 50th av s":[47.5193439,-122.270793],
"e howell st \/ belmont av":[47.6177462,-122.3244962],
"nw 70th st \/ 3rd av nw":[47.6795767,-122.3604732],
"sw juneau st \/ 36th av sw":[47.5501575,-122.3776727]
}