{
"1000 e madison st":[47.6120527,-122.3191423],
"10426 65th av s":[47.507353,-122.252058],
"107 22nd av":[47.601967,-122.304116],
"12033 15th av ne":[47.7167738,-122.3128649],
"12227 1st av nw":[47.718632,-122.358624],
"12546 north park av n":[47.720947,-122.349053],
"13040 31st av ne":[47.724144,-122.294234],
"14200 roosevelt way n":[47.731559,-122.3402798],
"14325 35th av ne":[47.732753,-122.291416],
"2049 43rd av e":[47.6384264,-122.2775299],
"2155 westlake av n":[47.6414012,-122.3428383],
"2723 ne 110th st":[47.707866,-122.298111],
"3240 fuhrman av e":[47.651189,-122.320487],
"4023 fauntleroy way sw":[47.567163,-122.374231],
"4204 washington av w":[47.6581783,-122.4130883],
"4351 13th av s":[47.563829,-122.316402],
"4720 sw eddy st":[47.5460545,-122.3933931],
"4728 rainier av s":[47.5599366,-122.2857456],
"4918 28th av s":[47.5578159,-122.2965316],
"5100 6th av nw":[47.6659551,-122.3630676],
"5224 mithun pl ne":[47.6676846,-122.2825451],
"6241 3rd av nw":[47.675434,-122.361113],
"6716 47th pl sw":[47.5424739,-122.3927523],
"7340 22nd av nw":[47.682569,-122.383982],
"740 n 95th st":[47.6980103,-122.3479927],
"8230 35th av ne":[47.6892911,-122.2901031],
"8307 13th av nw":[47.6890461,-122.3730291],
"8410 39th av s":[47.5274863,-122.2833629],
"842 s cloverdale st":[47.5266743,-122.3210561],
"9012 corliss av n":[47.694196,-122.330767],
"9134 45th av sw":[47.521718,-122.389889],
"926 18th av":[47.6111859,-122.308525],
"broad st \/ westlake av n":[47.6257291,-122.3385894],
"lake washington blvd e \/ 36th av e":[47.6231329,-122.2865305],
"w dravus st \/ 14th av w":[47.6484762,-122.3749079]
}