{
"0 - 0 eb wsea frwy to nb i5":[47.571455,-122.320753],
"0 magnuson park acrd":[47.6825413,-122.2573184],
"10623 exeter av ne":[47.706221,-122.276611],
"110 10th av s":[47.6016085,-122.3195641],
"111 ne 80th st":[47.6863922,-122.3278965],
"12321 5th av ne":[47.7186367,-122.3237034],
"14020 35th av ne":[47.730922,-122.290627],
"1416 e olive way":[47.617588,-122.326584],
"1429 36th av":[47.613788,-122.287424],
"1507 s atlantic st":[47.5899739,-122.3129834],
"1718 44th av sw":[47.587455,-122.387241],
"1841 n 51st st":[47.665622,-122.3346368],
"2200-2299 s massachusetts st":[47.5884226,-122.3038688],
"2229 w halladay st":[47.641922,-122.386521],
"4021 23rd av sw":[47.567648,-122.362567],
"4416 s warsaw st":[47.5435919,-122.277304],
"5246 seward park av s":[47.553583,-122.263634],
"558 ne 80th st":[47.686985,-122.320506],
"5922 17th av sw":[47.549276,-122.355645],
"5961 36th av s":[47.548081,-122.288132],
"604 24th ave e":[47.624603,-122.30076],
"6043 lake shore dr s":[47.547519,-122.259436],
"6217 flora av s":[47.5470277,-122.3193616],
"625 5th av":[47.6038599,-122.3293704],
"6602 28th av s":[47.543426,-122.2966355],
"807 32nd av s":[47.5954345,-122.2917942],
"8415 island dr s":[47.528135,-122.261762],
"madrona dr \/ e pine st":[47.6152352,-122.2839134],
"ne 130th pl \/ 17th av ne":[47.7247448,-122.3108802]
}