{
"1101 lake washington blvd e":[47.6281034,-122.2939984],
"1205 e pike st":[47.6139306,-122.3164007],
"1451 alaskan way":[47.6075311,-122.3421235],
"1527 bellevue av":[47.6148982,-122.3268057],
"1701 18th av s":[47.588092,-122.310006],
"1817 40th av e":[47.635128,-122.28235],
"2 ave and yesler":[47.6017187,-122.3319834],
"2467 4th av n":[47.641306,-122.349955],
"2560 ne 98th st":[47.700512,-122.299099],
"3126 fuhrman av e":[47.6493167,-122.3187903],
"31st av w \/ w mcgraw st":[47.6395617,-122.397056],
"3311 9th av w":[47.649377,-122.368727],
"335 31st av e":[47.622344,-122.292327],
"3610 29th av w":[47.6526698,-122.3939039],
"37th av sw \/ sw juneau st":[47.5501785,-122.3790166],
"4018 36th av sw":[47.567738,-122.3770575],
"4113 25th av sw":[47.56611,-122.36469],
"4223 s thistle st":[47.5278734,-122.2799611],
"4423 s brandon st":[47.5531929,-122.27838],
"4928 43rd av s":[47.557296,-122.279098],
"5111 s avon st":[47.501138,-122.26985],
"528 21st av e":[47.624051,-122.304328],
"5311 9th av ne":[47.667452,-122.318738],
"5839 woodlawn av n":[47.672571,-122.336012],
"605 20th av":[47.6073159,-122.3066912],
"6239 corson av s":[47.5463395,-122.3225674],
"6351 5th av ne":[47.6756554,-122.323408],
"7035 19th av ne":[47.680493,-122.308069],
"7125 seward park av s":[47.538118,-122.267591],
"7153 35th av sw":[47.5376269,-122.3765942],
"8026 9th av nw":[47.6877194,-122.3680357],
"838 ne 83rd st":[47.689147,-122.318559],
"8426 10th av sw":[47.527463,-122.347648],
"856 e gwinn pl":[47.6480935,-122.3196049],
"9353 forest ct sw":[47.518327,-122.386029],
"9362 32nd av sw":[47.5180012,-122.3741608],
"9659 renton av s":[47.515595,-122.269128],
"cedar st \/ denny way":[47.6185771,-122.34761],
"ne 137th st \/ lake city way ne":[47.7283082,-122.2922596],
"roosevelt way n \/ lenora pl n":[47.733016,-122.343408],
"s holgate st \/ 3rd av s":[47.586198,-122.3299889]
}