{
"10727 36th av ne":[47.70743,-122.289845],
"10853 37th av sw":[47.504956,-122.379098],
"11242 marine view dr sw":[47.501753,-122.380311],
"116 nw 70th st":[47.6797555,-122.3582382],
"12260 densmore av n":[47.718872,-122.337904],
"1301 6th av":[47.609308,-122.333233],
"13216 35th av ne":[47.72514,-122.290211],
"13539 32nd av ne":[47.7277101,-122.2938946],
"1408 ne 45th st":[47.6613609,-122.3130299],
"17th av s \/ e yesler way":[47.6016874,-122.3102634],
"2412 6th av w":[47.640033,-122.364552],
"2543 35th av w":[47.6424919,-122.4026788],
"2801 2nd av":[47.6168966,-122.3512436],
"3627 densmore av n":[47.651292,-122.337876],
"4130 50th av s":[47.565469,-122.270353],
"416 w lee st":[47.631555,-122.362547],
"425 n 141st st":[47.7306868,-122.3534615],
"4501 s holly st":[47.5422811,-122.2763247],
"4558 7th av ne":[47.663013,-122.320387],
"5007 ivanhoe pl ne":[47.6650355,-122.2699209],
"540 elliott av w":[47.6241601,-122.3647442],
"56th av sw \/ sw orleans st":[47.5708241,-122.403895],
"5927 45th av sw":[47.5494995,-122.3902593],
"6021 33rd av s":[47.5472729,-122.290689],
"6th av s \/ s industrial way":[47.5668229,-122.3267244],
"7433 5th av s":[47.5360587,-122.3286302],
"8033 fauntleroy way sw":[47.5313014,-122.3927142],
"8035 jones av nw":[47.6878614,-122.3867746],
"8218 2nd av ne":[47.689208,-122.326621],
"8325 17th av nw":[47.689546,-122.379261],
"9317 52nd av s":[47.5184319,-122.2677052],
"9509 14th av nw":[47.698185,-122.37449],
"9700 50th av sw":[47.516936,-122.396127],
"9729 dayton av n":[47.70049,-122.353099],
"aloha st \/ warren av n":[47.6271883,-122.3540638],
"fremont av n \/ n 87th st":[47.6924239,-122.3499044],
"m l king jr way \/ e alder st":[47.6042444,-122.2967481],
"yesler way \/ occidental av s":[47.6017151,-122.3327905]
}