{
"1101 ne boat st":[47.6531877,-122.3175605],
"11722 meridian av n":[47.714771,-122.333727],
"120 s jackson st":[47.5992615,-122.3333696],
"1242 18 av e":[47.6315538,-122.3075876],
"13023 greenwood av n":[47.723928,-122.356677],
"14040 bagley av n":[47.731662,-122.332418],
"1505 e thomas st":[47.6204883,-122.3126593],
"1518 nw blue ridge dr":[47.7022548,-122.377339],
"167 25th av":[47.603179,-122.300293],
"16th av e \/ e john st":[47.6196865,-122.3114155],
"1813 nw 77th st":[47.684857,-122.3806314],
"1823 m l king jr way":[47.618315,-122.296441],
"1835 7th av w":[47.635787,-122.366737],
"2015 33rd av s":[47.584675,-122.291197],
"2016 sw dawson st":[47.5569603,-122.3597626],
"21st av e \/ interlaken pl e":[47.6346538,-122.304473],
"23rd av nw \/ nw 90th st":[47.6942462,-122.3850065],
"2414 e fir st":[47.6028274,-122.300264],
"2601 w manor pl":[47.6528983,-122.3898686],
"2715 montlake blvd e":[47.6442027,-122.3043883],
"2856 nw 62nd st":[47.673932,-122.39544],
"366 pike st":[47.6100696,-122.3370612],
"3802 33rd av w":[47.654223,-122.399148],
"4522 18th av ne":[47.6619783,-122.3079508],
"5029 46th av sw":[47.556612,-122.391486],
"5943 48th av sw":[47.549116,-122.394175],
"6000 26th av nw":[47.6726029,-122.3899078],
"601 nw 88th st":[47.6926498,-122.3635565],
"6114 ravenna av ne":[47.673439,-122.303547],
"6224 50th av ne":[47.674622,-122.273563],
"655 s andover st":[47.5676643,-122.3249435],
"7312 35th av sw":[47.536924,-122.376173],
"7315 34th av sw":[47.5369286,-122.3755274],
"800 ne 106th st":[47.7059761,-122.3204961],
"814 31st av s":[47.5952267,-122.2922941],
"8203 wallingford av n":[47.6888563,-122.3367559],
"9222 7th av nw":[47.6967349,-122.364319],
"950 e pine st":[47.6152706,-122.3200276],
"9512 interlake av n":[47.6983069,-122.3404977],
"9603 14th av nw":[47.699421,-122.374498],
"9617 roosevelt way ne":[47.699185,-122.317993],
"9707 41st pl ne":[47.6996153,-122.2842105],
"9724 23rd av ne":[47.699915,-122.304002]
}