{
"1012 ne ravenna blvd":[47.6722972,-122.3167756],
"1220 s holgate st":[47.5864426,-122.3163554],
"12317 40th av ne":[47.717913,-122.285856],
"1300 e denny way":[47.6189631,-122.3152266],
"1400 s director st":[47.5221303,-122.3128595],
"1426 35th av":[47.6137012,-122.2878807],
"1428 31st av s":[47.589551,-122.292253],
"1502 ne 70th st":[47.6795899,-122.311661],
"1515 n 121st st":[47.71615,-122.338703],
"1739 ne 102nd st":[47.70188,-122.30788],
"209 17th av s":[47.600494,-122.310582],
"20th av ne \/ ne 75th st":[47.6830478,-122.3067186],
"2632 11th av e":[47.644178,-122.3181032],
"2685 bishop pl w":[47.645385,-122.40526],
"3039 ne 86th st":[47.6907495,-122.294381],
"3136 franklin av e":[47.649678,-122.321015],
"3402 w bertona st":[47.650672,-122.4012496],
"3708 sw ida st":[47.5344089,-122.37976],
"4323 13th av s":[47.5646312,-122.3163384],
"4525 ne 93rd st":[47.695519,-122.27907],
"4721 47th av ne":[47.663787,-122.277658],
"533 ne 98th st":[47.700151,-122.32175],
"5418 latona av ne":[47.668475,-122.325218],
"5520 ravenna av ne":[47.6691268,-122.3031661],
"628 broadway":[47.6024559,-122.3209717],
"6556 6th av nw":[47.677652,-122.3633034],
"7060 38th av ne":[47.6811203,-122.2868731],
"7325 34th av ne":[47.6820685,-122.2918406],
"7500 banner way ne":[47.683451,-122.320671],
"7649 39th av s":[47.5334971,-122.2836066],
"7743 lakemont dr ne":[47.6854886,-122.2729617],
"8838 29th av sw":[47.5235224,-122.3696349],
"8847 14th av sw":[47.5233428,-122.353077],
"9023 california av sw":[47.5226967,-122.3877523],
"ne 125th st \/ 24th av ne":[47.7193388,-122.3038445],
"s atlantic st \/ 12th av s":[47.5899873,-122.3172834]
}