{
"0 - 0 wb i90 at rainier":[47.590802,-122.309163],
"10717 midvale av n":[47.707134,-122.3436867],
"11509 26th av ne":[47.712384,-122.300982],
"1315 4th av":[47.6085343,-122.3356693],
"16535 aurora av n":[47.7498281,-122.3465589],
"1812 16th av":[47.618012,-122.311162],
"2401 e mcgraw st":[47.6399976,-122.3018227],
"2515 sw barton st":[47.5210187,-122.3652009],
"32nd av sw \/ sw cloverdale st":[47.5264736,-122.3739449],
"3301 ne 123rd st":[47.7171765,-122.292468],
"3320 w government way":[47.659924,-122.4005146],
"358 nw 49th st":[47.664572,-122.363106],
"3621 38th av w":[47.6529251,-122.4060201],
"3714 bagley av n":[47.65243,-122.332308],
"39th av e \/ e john st":[47.6189492,-122.2824902],
"420 terry av":[47.605107,-122.322721],
"4406 31st av s":[47.5631921,-122.2927022],
"4415 2nd av nw":[47.660722,-122.358723],
"4425 11th av s":[47.563631,-122.318968],
"5200 37th av ne":[47.666829,-122.287633],
"525 20th av":[47.60698,-122.306721],
"7353 34th av sw":[47.5358193,-122.3754691],
"7712 20th av ne":[47.685269,-122.306359],
"7749 9th av nw":[47.686535,-122.3685553],
"847 e gwinn pl":[47.6475418,-122.3200129],
"fremont av n \/ n 92nd st":[47.6956563,-122.3499429],
"ne 50th st \/ 20th av ne":[47.6648727,-122.3065058]
}