{
"1011 23rd av e":[47.6277946,-122.3026904],
"11140 luther av s":[47.5007357,-122.2658678],
"120 ne 52nd st":[47.6666712,-122.3275957],
"12009 23rd av ne":[47.7160429,-122.3047921],
"1414 alaskan way":[47.6076192,-122.3409842],
"14322 interlake av n":[47.733022,-122.341028],
"1517 magnolia way w":[47.632948,-122.391011],
"1802 7th av w":[47.634918,-122.365963],
"2139 bonair dr sw":[47.5847703,-122.3988161],
"2214 11th av e":[47.6389008,-122.3177022],
"2301 w raye st":[47.642696,-122.386103],
"2320 43rd av e":[47.63991,-122.276083],
"2404 boyer av e":[47.6410191,-122.3134136],
"3000 m l king jr way s":[47.5760167,-122.2966362],
"3051 s dakota st":[47.566024,-122.293726],
"3227 49th av sw":[47.574929,-122.395111],
"346 nw 49th st":[47.6645667,-122.3627793],
"3622 14th av w":[47.6528901,-122.3745483],
"3630 palatine av n":[47.6536685,-122.3565593],
"3810 ne 113th st":[47.7103606,-122.2874455],
"3923 sunnyside av n":[47.654992,-122.330619],
"4536 ne tulane pl":[47.669852,-122.278127],
"512 malden av e":[47.6235746,-122.313415],
"515 w galer st":[47.6323115,-122.3637053],
"5547 s 119th st":[47.49626,-122.262094],
"6046 18th av sw":[47.5468895,-122.3568915],
"6204 4th av ne":[47.6742845,-122.3244092],
"6534 woodlawn av n":[47.6770104,-122.3307843],
"6802 54th av ne":[47.677721,-122.269892],
"7328 19th av ne":[47.682108,-122.307446],
"8318 renton av s":[47.5286399,-122.2779651],
"8601 17th av s":[47.5263113,-122.3117959],
"919 pine st":[47.6136054,-122.3314135],
"aurora av n \/ n 77th st":[47.6847805,-122.344397],
"bellevue av \/ e pike st":[47.6140893,-122.3268135],
"greenwood av n \/ n 90th st":[47.6942285,-122.3553334],
"nb i5 cd to eb i90":[47.593484,-122.3197003]
}