{
"1005 e spruce st":[47.603353,-122.3188613],
"11847 56th pl s":[47.496006,-122.268123],
"12051 20th av ne":[47.717218,-122.307953],
"122 26th av":[47.602376,-122.298591],
"13006 meridian av n":[47.7235423,-122.3341561],
"13248 42nd av ne":[47.7259529,-122.282242],
"1500 4th av s":[47.589439,-122.3289517],
"1500 m l king jr way s":[47.5897322,-122.2976231],
"19th av e \/ e john st":[47.619672,-122.3073643],
"205 columbia st":[47.6038855,-122.333306],
"213 w kinnear pl":[47.627501,-122.359865],
"2818 nw 67th st":[47.677543,-122.39389],
"3010 w government way":[47.661584,-122.396732],
"335 n 84th st":[47.689613,-122.353716],
"3541 ne 123rd st":[47.717135,-122.289609],
"3734 sw tillman st":[47.527146,-122.380837],
"4324 ne 42nd st":[47.659371,-122.280235],
"45th av sw \/ sw atlantic st":[47.590639,-122.3889086],
"5012 s genesee st":[47.5641203,-122.2702467],
"5030 38th av ne":[47.6657865,-122.2865535],
"5050 42nd av sw":[47.5559829,-122.3851251],
"55th av sw \/ sw genesee st":[47.5649198,-122.4028392],
"5900 s eastwood dr":[47.5036695,-122.2594408],
"610 highland dr":[47.629972,-122.344256],
"6402 beacon av s":[47.545221,-122.29963],
"647 warren av n":[47.6249827,-122.3541247],
"6531 seward park av s":[47.5432483,-122.2652078],
"7032 17th av nw":[47.680496,-122.378592],
"716 27th av":[47.6085176,-122.2975249],
"722 e pike st":[47.6142848,-122.3223417],
"7708 24th av ne":[47.685191,-122.301558],
"7721 aurora av n":[47.685375,-122.34485],
"7722 bagley av n":[47.6857864,-122.3311817],
"840 ne 125th st":[47.7197022,-122.3187903],
"autumn ln sw \/ sw hudson st":[47.5574969,-122.3985361],
"n 79th st \/ ashworth av n":[47.68628,-122.3392157],
"ne 133rd st \/ 1st av ne":[47.72499,-122.3288856],
"w bertona st \/ gilman av w":[47.6503317,-122.3820457]
}