{
"1203 n 145th st":[47.734079,-122.3439126],
"14th av s \/ s cloverdale st":[47.5264457,-122.3149106],
"1502 grand av":[47.6133044,-122.2836978],
"1537 nw 90th st":[47.694422,-122.378492],
"15th av nw \/ nw ballard way":[47.6629313,-122.3760863],
"1834 27th av":[47.6187018,-122.2972499],
"199 w roy st":[47.6257061,-122.3586438],
"208 fulton st":[47.645764,-122.3530898],
"2110 2nd av w":[47.637579,-122.359224],
"2118 42nd av sw":[47.584671,-122.384667],
"3101 eastlake av e":[47.6490077,-122.3235884],
"32nd av sw \/ sw henderson st":[47.5228549,-122.3740079],
"32nd av w \/ w barrett st":[47.6468367,-122.3982629],
"4012 ne 72nd st":[47.6810762,-122.2843319],
"4227 s dawson st":[47.554952,-122.279507],
"4241 memorial way ne":[47.6595491,-122.3097019],
"506 10th av e":[47.623408,-122.319581],
"5613 38th av sw":[47.551555,-122.380708],
"6107 s bangor st":[47.505965,-122.256667],
"622 1st av w":[47.6253133,-122.3576407],
"6308 22nd av nw":[47.6748641,-122.3844269],
"7514 3rd av nw":[47.683856,-122.3603693],
"8027 18th av nw":[47.6876817,-122.380285],
"8121 29th av sw":[47.529432,-122.370271],
"9239 35th av sw":[47.5198855,-122.3773375],
"knox pl e \/ e lee st":[47.6309551,-122.277539]
}