{
"0 - 0 eb i90 to i90 exp":[47.5900543,-122.3039022],
"10114 waters av s":[47.510347,-122.2497064],
"10545 linden av n":[47.706347,-122.3477831],
"10th av s \/ s oregon st":[47.5634944,-122.3201911],
"1121 1st av":[47.60589,-122.3375558],
"1211 5th av w":[47.630029,-122.363512],
"125 n 55th st":[47.668439,-122.356187],
"1278 nw blakely ct":[47.721081,-122.373976],
"1309 n 80th st":[47.6867754,-122.3413274],
"13th av s \/ s plum st":[47.5855383,-122.3159867],
"2105 westlake av n":[47.6383414,-122.3413148],
"2120 2nd av - spa noir":[47.6131554,-122.3435228],
"216 ne northgate way":[47.7089947,-122.3267817],
"2205 s lucile st":[47.5532003,-122.30482],
"2214 nob hill av n":[47.638682,-122.350351],
"2407 w crockett st":[47.6376958,-122.3890924],
"2827 nw 70th st":[47.679237,-122.3942],
"3013 s holly st":[47.5426422,-122.2930981],
"3028 western av":[47.617821,-122.3554706],
"3113 ne 65th st":[47.6756346,-122.2936864],
"3223 46th av sw":[47.574971,-122.391186],
"3528 46th av ne":[47.654863,-122.27781],
"3811 ne 41st st":[47.658114,-122.28597],
"3909 51st av ne":[47.657375,-122.273115],
"4149 beach dr sw":[47.565791,-122.40952],
"4150 beach dr sw":[47.566317,-122.408371],
"4215 21st av w":[47.6582901,-122.3838048],
"4242 s graham st":[47.546225,-122.279103],
"4512 46th av sw":[47.562455,-122.390438],
"4824 s chicago st":[47.5328537,-122.2715324],
"5507 17th av s":[47.5531117,-122.311334],
"5613 16th avenue ne":[47.669929,-122.311117],
"5614 seaview av nw":[47.669922,-122.404015],
"5908 s carver st":[47.518304,-122.259558],
"5937 23rd av s":[47.548708,-122.304705],
"6000 s carver st":[47.5187751,-122.2586317],
"6034 lanham pl sw":[47.5473708,-122.3734428],
"6324 shaffer av s":[47.545398,-122.294433],
"6940 56th av s":[47.539643,-122.262842],
"718 n 74th st":[47.6827785,-122.3489954],
"7515 56th av ne":[47.683375,-122.268345],
"7537 m l king jr way s":[47.5357281,-122.2809398],
"9735 31st av sw":[47.5156289,-122.372396],
"ashworth av n \/ n 55th st":[47.668798,-122.3390322],
"n 47th st \/ phinney av n":[47.6628875,-122.3539603],
"test incident":[47.6012184,-122.3283401],
"w bothwell st \/ 8th av w":[47.6435915,-122.3675093]
}