{
"1202 nw 75th st":[47.683469,-122.371628],
"1408 western av":[47.6077956,-122.3402806],
"1411 6th av w":[47.631732,-122.364808],
"1411 n 85th st":[47.690346,-122.339853],
"14534 32nd av ne":[47.7347419,-122.2935517],
"17th av sw \/ marginal pl sw":[47.5694154,-122.3558642],
"1820 s weller st":[47.5976958,-122.307918],
"18th av ne \/ lake city way ne":[47.6897474,-122.3089765],
"19th av \/ e spring st":[47.6115328,-122.3075503],
"210 n 107th st":[47.7070661,-122.3564287],
"2318 franklin av e":[47.640362,-122.324334],
"2531 s brandon st":[47.5534709,-122.2998836],
"2603 s mcclellan st":[47.5781461,-122.2990741],
"29th av \/ e yesler way":[47.6016559,-122.2949237],
"3012 s willow st":[47.5408091,-122.292732],
"3112 21st av s":[47.575416,-122.305052],
"4211 sw oregon st":[47.5628565,-122.3855983],
"5714 palatine av n":[47.670774,-122.356216],
"6111 21st av ne":[47.6730543,-122.3057559],
"6501 30th av s":[47.5441575,-122.2938027],
"7017 cleopatra pl nw":[47.6797082,-122.3654926],
"7270 west green lake dr n":[47.6819292,-122.3423578],
"7300 delridge way sw":[47.5375236,-122.3611198],
"7757 seaview av nw":[47.6847523,-122.4028399],
"8000 airport way s":[47.5346723,-122.2989796],
"849 ne 123rd st":[47.717393,-122.318773],
"8th av ne \/ ne northgate way":[47.7085803,-122.3205543],
"9312 stone av n":[47.6967775,-122.3414891],
"9503 ashworth av n":[47.697978,-122.340137],
"9th av nw \/ nw market st":[47.6686569,-122.3685945],
"broad st \/ alaskan way":[47.6150714,-122.3548624],
"e pine st \/ 18th av":[47.615275,-122.3088501],
"nb i5 at pike st":[47.613482,-122.329939]
}