{
"1022 s henderson st":[47.5230739,-122.3192946],
"104 garfield st":[47.6333437,-122.3553514],
"10522 lake city way ne":[47.7057969,-122.301135],
"10523 2nd av nw":[47.7057421,-122.3598199],
"10551 midvale av n":[47.7055096,-122.3433523],
"114 n 171st st":[47.7533881,-122.357197],
"13539 northshire rd nw":[47.727902,-122.362747],
"13558 42nd av ne":[47.72817,-122.28312],
"1409 20th av":[47.613239,-122.306627],
"1422 nw 62nd st":[47.674043,-122.374698],
"1501 cherrylane av s":[47.58993,-122.3127373],
"159 24th av e":[47.6198449,-122.3011838],
"1756 14th av s":[47.5875652,-122.3148473],
"2207 broadway e":[47.638633,-122.321682],
"2344 mcgilvra blvd e":[47.640399,-122.280405],
"3011 16th av s":[47.576479,-122.312444],
"3026 44th av w":[47.647582,-122.41277],
"3027 13th av w":[47.647446,-122.373935],
"3100 east laurelhurst dr ne":[47.6505656,-122.2764317],
"327 nw 51st st":[47.6655082,-122.3618209],
"3600 15th av s":[47.5716293,-122.3133521],
"365 nw 47th st":[47.662699,-122.3635839],
"3827 38th av sw":[47.569389,-122.380656],
"4003 47th av sw":[47.568308,-122.39251],
"4020 35th av sw":[47.5673476,-122.3758826],
"4031 aurora av n":[47.6563055,-122.3477027],
"4522 sw charlestown st":[47.570473,-122.390538],
"4833 55th av s":[47.558447,-122.264795],
"5124 s willow st":[47.540945,-122.268727],
"5250 21st av sw":[47.555622,-122.359818],
"5549 37th av ne":[47.669928,-122.288325],
"5617 ann arbor av ne":[47.6704372,-122.27514],
"5975 4th av s":[47.5486623,-122.3296029],
"6808 39th av ne":[47.677915,-122.285715],
"6850 44th av ne":[47.679075,-122.280988],
"7506 jones av nw":[47.6834317,-122.3861541],
"7th av ne \/ ne 97th st":[47.6995005,-122.3214901],
"8556 1st av ne":[47.6921589,-122.327997],
"9368 31st pl sw":[47.5180409,-122.373129],
"s ferdinand st \/ 15th av s":[47.5590452,-122.3134687]
}