{
"0 - 0 nb i5 to 145":[47.732946,-122.323505],
"10001 43rd pl ne":[47.701788,-122.283212],
"104 ne 85th st":[47.690654,-122.328126],
"10734 68th av s":[47.504547,-122.249056],
"113 10th av e":[47.6191441,-122.3195498],
"1330 avenue d":[47.9283871,-122.0998035],
"149 nw 80th st":[47.686712,-122.360104],
"1520 25th av s":[47.5887839,-122.299829],
"1529 10th av":[47.6148858,-122.3194681],
"1534 18th av s":[47.5888611,-122.3094589],
"1535 cherrylane pl s":[47.589121,-122.3129255],
"1609 46th av sw":[47.589069,-122.390729],
"1711 w nickerson st":[47.6548892,-122.3795514],
"2118 n 53rd st":[47.6674173,-122.3327617],
"2311 sw myrtle st":[47.5389603,-122.3621707],
"2406 ne 75th st":[47.6832203,-122.3013869],
"2664 belvidere av sw":[47.579807,-122.378818],
"2712 nw 65th st":[47.6760982,-122.3913923],
"3102 15th av s":[47.575797,-122.313109],
"3500 ne 77th st":[47.684868,-122.2905094],
"3629 15th av s":[47.570722,-122.313776],
"3815 ne 123rd st":[47.71713,-122.286437],
"4142 41st av sw":[47.565242,-122.383757],
"4206 w glenmont ln":[47.6421896,-122.4111063],
"4616 meridian av n":[47.663153,-122.333363],
"500 9th av n":[47.6238681,-122.3391434],
"5232 37th av ne":[47.667707,-122.287639],
"5514 28th av nw":[47.669186,-122.392529],
"615 6th av":[47.6045324,-122.3284375],
"6500 ravenna av ne":[47.6759101,-122.3036244],
"7347 35th av ne":[47.6827799,-122.2908103],
"7401 sand point way ne":[47.6823229,-122.2639295],
"7950 seward park av s":[47.530132,-122.265963],
"8057 crest dr ne":[47.6877374,-122.2746595],
"9242 13th av sw":[47.519755,-122.351381],
"e pine st & bellevue av":[47.6152219,-122.3267992],
"ne 95th st \/ ravenna av ne":[47.6975649,-122.3049043]
}