{
"1034 ne 103rd st":[47.7033455,-122.3161673],
"11120 beacon av s":[47.5011079,-122.2680884],
"12712 12th av nw":[47.721914,-122.371331],
"1615 taylor av n":[47.633609,-122.346306],
"1717 belmont av":[47.616906,-122.324821],
"1847 40th av e":[47.635978,-122.282341],
"203 14th av e":[47.6201625,-122.3147187],
"20th av ne \/ ne 62nd st":[47.6738272,-122.3821272],
"2247 nw 60th st":[47.672144,-122.386799],
"2321 nw 90th st":[47.6939755,-122.3857547],
"23rd av sw \/ sw roxbury st":[47.517366,-122.362601],
"2803 nw 65th st":[47.675693,-122.393257],
"2807 sw adams st":[47.565942,-122.368545],
"2809 w eaton st":[47.6328211,-122.3936704],
"3005 s holden st":[47.533557,-122.293167],
"3047 50th av sw":[47.5761433,-122.3957531],
"311 ne 52nd st":[47.6662518,-122.3249499],
"35th av \/ e cherry st":[47.607937,-122.2883123],
"3822 30th av w":[47.6548159,-122.395342],
"3869 34th av sw":[47.568086,-122.375376],
"4146 38th av s":[47.5647787,-122.2846597],
"424 35th av":[47.6064378,-122.2880264],
"42nd av s \/ s orcas st":[47.5511914,-122.280779],
"4622 s frontenac st":[47.5399772,-122.2743495],
"4700 21st av ne":[47.6633756,-122.3054324],
"4909 lake washington blvd s":[47.557933,-122.26353],
"5042 california av sw":[47.5562116,-122.3869199],
"5245 38th av ne":[47.668037,-122.287179],
"5411 26th av sw":[47.553317,-122.365903],
"5419 phinney av n":[47.6682757,-122.3546343],
"5626 delridge way sw":[47.5511302,-122.3626817],
"6510 32nd av s":[47.543993,-122.291119],
"6720 38th av sw":[47.542352,-122.380172],
"707 n 89th st":[47.693252,-122.34949],
"7104 woodlawn av ne":[47.6799691,-122.3245466],
"723 n 95th st":[47.6976644,-122.3488175],
"7341 58th av ne":[47.6823926,-122.2662476],
"7542 21st av sw":[47.534183,-122.360109],
"8914 aurora av n":[47.6938809,-122.3442512],
"9250 25th av nw":[47.697515,-122.388302],
"9445 18th av sw":[47.51784,-122.358255],
"946 n 96th st":[47.698738,-122.3455387],
"9600 9th av nw":[47.6995099,-122.368422],
"9651 56th av s":[47.5153457,-122.2633203],
"alki av sw \/ sw bonair st":[47.5848115,-122.3995588],
"lake park dr s \/ s mcclellan st":[47.5783149,-122.2878954],
"nw 65th st \/ 8th av nw":[47.6759794,-122.3660876],
"s alaska st \/ s alaska pl":[47.5609147,-122.2949425]
}