{
"0 - 0 nb sr99 at bell":[47.613979,-122.347768],
"0 nb sr509 at 1 av bridge s":[47.542241,-122.33422],
"10002 9th av nw":[47.7017041,-122.3684388],
"10517 culpeper ct nw":[47.706283,-122.38063],
"11510 exeter av ne":[47.713145,-122.279129],
"1255 23rd av e":[47.631856,-122.302645],
"127 n 36th st":[47.6525101,-122.3564892],
"13741 30th av ne":[47.729345,-122.296881],
"1508 3rd av":[47.6100122,-122.3380146],
"1719 n 122nd st":[47.716939,-122.336367],
"2222 e crescent dr":[47.6333735,-122.3024644],
"2625 47th av sw":[47.5803713,-122.3922546],
"2715 23rd av s":[47.578644,-122.303629],
"2911 franklin av e":[47.6474127,-122.3234455],
"3108 s massachusetts st":[47.5881374,-122.2922129],
"3606 49th av sw":[47.571801,-122.394368],
"4003 whitman av n":[47.6555721,-122.3459782],
"4134 sw monroe st":[47.531722,-122.386269],
"4337 sw fletcher st":[47.518957,-122.3895802],
"4817 stanford av ne":[47.6704188,-122.2755752],
"4th av s \/ s front st":[47.5480501,-122.3295816],
"6345 18th av sw":[47.545236,-122.357431],
"6512 3rd av nw":[47.676399,-122.360179],
"7001-7099 east marginal way s":[47.5404809,-122.3236822],
"722 union st":[47.6107094,-122.3322797],
"789 7th av s":[47.595925,-122.3238112],
"8012 roosevelt way ne":[47.687163,-122.317211],
"8140 delridge way sw":[47.528858,-122.360076],
"909 ne boat st":[47.654053,-122.318741],
"914 18th av e":[47.627352,-122.308252],
"aurora av n \/ garfield st":[47.6334179,-122.3434914],
"aurora av n \/ n 141st st":[47.7310333,-122.3450752],
"brooklyn av ne \/ ne 62nd st":[47.6733424,-122.31432],
"burke av n \/ n 46th st":[47.6621404,-122.3351582],
"ne 123rd st \/ 23rd av ne":[47.7175344,-122.3045222]
}