{
"0 nb i5 to seneca":[47.605672,-122.3284919],
"1105 madison st":[47.6093906,-122.3244094],
"12244 6th av nw":[47.7191509,-122.363277],
"12741 10th av nw":[47.722653,-122.3693361],
"1300 e cherry st":[47.6080586,-122.3154401],
"1413 e aloha st":[47.626663,-122.313954],
"1731 4th av s":[47.5872432,-122.3295561],
"1801 nagle pl":[47.617575,-122.3200937],
"1905 e fir st":[47.6025599,-122.3071659],
"2319 hughes av sw":[47.5831148,-122.3987812],
"2406 24th av e":[47.640552,-122.301758],
"2504 yale av e":[47.6422399,-122.3268505],
"2518 35th av w":[47.641799,-122.401977],
"2604 walnut av sw":[47.5809799,-122.382912],
"2803 s graham st":[47.5462596,-122.2965835],
"3203 49th av sw":[47.575539,-122.394993],
"3217 ne 145th st":[47.7333718,-122.2930315],
"34th av \/ e union st":[47.6128961,-122.2892877],
"36th av s \/ s horton st":[47.5737825,-122.2877267],
"3715 s pilgrim st":[47.515478,-122.285261],
"4100 25th av sw":[47.566419,-122.364041],
"5202 sw charlestown st":[47.5705529,-122.39875],
"525 boren av":[47.6248892,-122.3358303],
"5634 4th av nw":[47.6704608,-122.3615821],
"568 valley st":[47.6262845,-122.3454653],
"601 alaskan way s":[47.5995027,-122.3355403],
"6073 ne kelden pl":[47.669539,-122.260875],
"6135 seaview av nw":[47.6731,-122.406396],
"6528 18th av nw":[47.676875,-122.379649],
"6790 murray av sw":[47.5409449,-122.3942932],
"7132 44th av s":[47.537882,-122.277656],
"7530 renton av s":[47.5341409,-122.2796693],
"7566 37th av sw":[47.534455,-122.37893],
"849 ne northlake way":[47.6544951,-122.3205984],
"8512 20th av ne":[47.6908743,-122.3065809],
"ne 69th st \/ roosevelt way ne":[47.6787487,-122.3174055],
"s holgate st \/ 8th av s":[47.5861656,-122.3235649],
"sb i5 exp to 5":[47.606476,-122.32931],
"university way ne \/ ne 52nd st":[47.666435,-122.3130628]
}