{
"0 - 0 nb i5 exp at convention center":[47.606476,-122.329312],
"1100 ne campus pkwy":[47.656604,-122.31608],
"1126 nw 57th st":[47.670394,-122.372007],
"1185 broadway   e":[47.6302084,-122.3215647],
"1203 s jackson st":[47.5990263,-122.3170789],
"1357 e olive way":[47.6166855,-122.3274811],
"1367 31st av s":[47.5906724,-122.2927269],
"1501 utah av s":[47.5902559,-122.3351393],
"1735 ne 94th st":[47.69642,-122.307983],
"2108 n pacific st":[47.6483526,-122.333299],
"2120 s kenny st":[47.5496853,-122.3054775],
"2326 rainier av s":[47.5822951,-122.3008006],
"2663 sw myrtle st":[47.538956,-122.367538],
"2806 32nd av s":[47.578042,-122.291601],
"3606 36th av w":[47.652556,-122.403211],
"364 roy st":[47.6256072,-122.3494607],
"3799 - 3899 leary way nw":[47.65347,-122.359401],
"3855 44th av ne":[47.657123,-122.280443],
"4006 3rd av nw":[47.655879,-122.360515],
"4029 e madison st":[47.634002,-122.280188],
"4123 woodlawn av n":[47.657523,-122.338981],
"5356 s avon st":[47.501698,-122.265211],
"5507 6th av s":[47.5531147,-122.3273451],
"606 19th av e":[47.6246573,-122.3069172],
"615 3rd av":[47.6031291,-122.3319804],
"6202 39th av ne":[47.6741359,-122.2855487],
"6219 23rd av ne":[47.67439,-122.303085],
"6743 18th av nw":[47.6789569,-122.380315],
"6900 57th av ne":[47.678628,-122.266651],
"9017 palatine av n":[47.694784,-122.357066],
"9242 17th av sw":[47.519729,-122.356105],
"933 14th av":[47.6113687,-122.3141474],
"970 20th av":[47.61207,-122.305875],
"ne 50th st \/ 2nd av ne":[47.6649872,-122.3271944]
}