{
"12025 lake city way ne":[47.7164336,-122.2973277],
"1260 ne lincoln way":[47.6553654,-122.3150918],
"1524 nw 87th st":[47.6924446,-122.3770788],
"1555 ne pacific st":[47.6515971,-122.3097288],
"1717 34th av":[47.617087,-122.289516],
"2120 s judkins st":[47.591892,-122.3033973],
"2346 45th av sw":[47.581598,-122.388809],
"2410 41st av e":[47.641145,-122.2794343],
"2541 7th av w":[47.6418252,-122.3665576],
"31st av nw \/ nw 85th st":[47.6905708,-122.3968547],
"3613 s spokane st":[47.571389,-122.287499],
"3739 sw 98th st":[47.515355,-122.381077],
"3838 36th av w":[47.655271,-122.403207],
"3850 51st av sw":[47.568784,-122.397044],
"3919 latona av ne":[47.6553384,-122.3260781],
"419 3rd av w":[47.6227322,-122.3608606],
"4319 jill pl s":[47.5635489,-122.2976845],
"4345 ne 58th st":[47.6710114,-122.2802053],
"4430 38th av s":[47.5631984,-122.2846309],
"4729 delridge way sw":[47.560181,-122.363299],
"4975 13th av s":[47.557307,-122.3161247],
"5014 meridian av n":[47.6654702,-122.3334286],
"508 mcgilvra blvd e":[47.624663,-122.283708],
"6169 4th av s":[47.5459912,-122.3300144],
"6407 roosevelt way ne":[47.6752397,-122.317499],
"6803 24th av ne":[47.677765,-122.30204],
"7942 32nd av sw":[47.530587,-122.373548],
"8651 34th av sw":[47.5250069,-122.3756524],
"901 n 103rd st":[47.7034246,-122.3471522],
"902 n 105th st":[47.705217,-122.3470494],
"9024 5th av ne":[47.6946947,-122.3227762],
"9428 delridge way sw":[47.5180959,-122.3558023],
"n 127th st \/ greenwood av n":[47.721413,-122.3555388],
"rainier av s \/ s mead st":[47.5504314,-122.2772609],
"sw othello st \/ 28th av sw":[47.5373645,-122.3686584],
"university view pl ne \/ ne 45th pl":[47.662379,-122.290679]
}