{
"1121 s bailey st":[47.5472273,-122.3181835],
"1201 s henderson st":[47.5228845,-122.3174146],
"122 n 78th st":[47.685697,-122.356974],
"129 26th av e":[47.619796,-122.299073],
"1623 n 52nd st":[47.6662995,-122.3375223],
"1919 e spruce st":[47.6035011,-122.306771],
"2227 72nd av se":[47.5907644,-122.2434188],
"2328 n pacific st":[47.6514881,-122.3307287],
"2340 42nd av e":[47.640385,-122.277919],
"23rd av e \/ e madison st":[47.6191675,-122.3025239],
"2613 14th av w":[47.643377,-122.375243],
"2900 mount rainier dr s":[47.5772761,-122.2871484],
"2919 w mansell st":[47.6581789,-122.395821],
"3007 alki av sw":[47.577957,-122.41644],
"319 30th av s":[47.599697,-122.294165],
"35th av s \/ s charlestown st":[47.5697651,-122.2889005],
"3603 47th av sw":[47.571911,-122.392468],
"3616 sw oregon st":[47.5631041,-122.3781962],
"3620 45th av sw":[47.5713735,-122.3890452],
"4421 51st av s":[47.563424,-122.269855],
"4723 48th av ne":[47.6637945,-122.2762114],
"5024 sw dawson st":[47.5558883,-122.3975587],
"527 26th av":[47.607012,-122.29922],
"6405 32nd av nw":[47.6749945,-122.3986305],
"6512 16th av ne":[47.676225,-122.310539],
"6760 28th av s":[47.540918,-122.296399],
"7212 3rd av nw":[47.681154,-122.36016],
"7435 rockery dr s":[47.5353658,-122.2826362],
"806 m l king jr way s":[47.5950564,-122.2976908],
"834 34th av":[47.6102892,-122.2891581],
"836 29th av s":[47.594636,-122.295102],
"9021 30th av sw":[47.522197,-122.37169],
"9208 10th av sw":[47.520635,-122.347614],
"9605 linden av n":[47.698896,-122.347682],
"9704 beacon av s":[47.514093,-122.273373],
"e columbia st \/ broadway":[47.60924,-122.320805],
"s king st \/ maynard av s":[47.5983587,-122.3250599],
"s mcclellan st \/ 34th av s":[47.5783468,-122.2898106],
"sw klickitat way \/ sw spokane st":[47.5719481,-122.3521636]
}