{
"1037 ne 88th st":[47.691925,-122.316076],
"11502 5th av ne":[47.712393,-122.323001],
"11725 meridian av n":[47.714806,-122.334534],
"134 n 84th st":[47.690071,-122.3564371],
"1505 26th av s":[47.589221,-122.299419],
"1523 queen anne av n":[47.6330939,-122.3572802],
"1622 24th av":[47.6160712,-122.3011454],
"16th av s \/ s lane st":[47.5966578,-122.3115829],
"1821 nw 95th st":[47.698035,-122.38038],
"2022 ne northgate way":[47.708998,-122.305281],
"204 pike st":[47.6096467,-122.3386315],
"2157 n northlake way":[47.6484557,-122.3316989],
"2606 9th av w":[47.6434341,-122.3686323],
"2700 24th av e":[47.6449753,-122.3015262],
"2710 19th av s":[47.579181,-122.307636],
"2722 w blaine st":[47.635334,-122.39236],
"29th av s \/ s judkins st":[47.5921725,-122.295464],
"2nd av w \/ w thomas st":[47.6209519,-122.3593712],
"3639 west viewmont way w":[47.653107,-122.411393],
"4145 38th av sw":[47.5651719,-122.380486],
"4435 s willow st":[47.5404259,-122.276542],
"4617 sw stevens st":[47.5772885,-122.3915483],
"4th av s \/ seattle blvd s":[47.5964465,-122.3290278],
"523 30th av e":[47.6243577,-122.2934223],
"523 maynard av s":[47.5977643,-122.3250803],
"6011 33rd av ne":[47.672491,-122.292513],
"605 8th av s":[47.5973202,-122.322673],
"610 terry av n":[47.6247269,-122.3371143],
"614 s riverside dr":[47.535165,-122.326021],
"6206 roosevelt way ne":[47.6736628,-122.3170454],
"626 nw 79th st":[47.6863993,-122.364583],
"6353 17th av sw":[47.545052,-122.35636],
"6524 18th av ne":[47.6765,-122.308401],
"700 yesler way":[47.6017195,-122.3238952],
"7022 12th av ne":[47.680152,-122.315308],
"7738 20th av sw":[47.532563,-122.358711],
"802 23rd av e":[47.6260964,-122.302135],
"946 federal av e":[47.628158,-122.318823],
"9725 12th av nw":[47.700882,-122.371814],
"9829 42nd av sw":[47.5147794,-122.3863324],
"ne 62nd st \/ 9th av ne":[47.6733518,-122.318708],
"western av \/ clay st":[47.6156994,-122.3523912]
}