{
"10015 31st av sw":[47.5132914,-122.3721241],
"1215 41st av e":[47.630242,-122.280367],
"13014 riviera pl ne":[47.723407,-122.280623],
"131 22nd av":[47.6025665,-122.3037517],
"13735 15th av ne":[47.72959,-122.3131878],
"1483 nw market st":[47.6686524,-122.3757299],
"16205 51st av s":[47.4578301,-122.2708741],
"1692 summit av":[47.6163136,-122.325524],
"1807 s king st":[47.598134,-122.308559],
"1814 29th av s":[47.5864282,-122.2952031],
"2030 3rd av - ywca angeline center":[47.6132035,-122.3417711],
"2110 ne mason rd":[47.652035,-122.3051001],
"2200 6th av":[47.6164032,-122.3411461],
"222 5th av n":[47.6207607,-122.3475877],
"2427 nw 59th st":[47.6714173,-122.3889063],
"2626 thorndyke av w":[47.643634,-122.383646],
"2808 nw 57th st":[47.670406,-122.393389],
"2815 nw 73rd st":[47.6814653,-122.3937258],
"2930 warren av n":[47.646521,-122.35417],
"3202 sw graham st":[47.5467745,-122.3735341],
"3315 ne 135th st":[47.726195,-122.291463],
"3600 california av sw":[47.57184,-122.386406],
"3753 walla walla rd ne":[47.6502896,-122.2996724],
"3932 s brandon st":[47.553692,-122.282041],
"47th av sw \/ sw fontanelle st":[47.537004,-122.3928734],
"5137 25th av ne":[47.6665865,-122.3006082],
"53 s dawson st":[47.5552678,-122.3367636],
"6227 44th av ne":[47.674802,-122.281264],
"6301 seward park av s":[47.546556,-122.262296],
"6417 roosevelt way ne":[47.6756036,-122.3177216],
"6955 military rd s":[47.5392482,-122.2989922],
"715 n 47th st":[47.6626932,-122.3493714],
"7345 mary av nw":[47.6828176,-122.3759988],
"805 5th av":[47.6056215,-122.3309737],
"822 nw 107th st":[47.7065473,-122.3671526],
"8314 37th av sw":[47.5285707,-122.3790837],
"8644 15th av ne":[47.692034,-122.311869],
"9014 39th av s":[47.52259,-122.283358],
"montlake blvd e \/ e shelby st":[47.6464073,-122.3047024],
"w jameson st \/ 30th av w":[47.6600552,-122.3961119]
}