{
"170 roy st":[47.625618,-122.3530958],
"1717 s dawson st":[47.555323,-122.309715],
"2219 s ferdinand st":[47.55709,-122.304142],
"2304 mcgilvra blvd e":[47.6393739,-122.280413],
"2327 w commodore way":[47.6603282,-122.3866304],
"2400 2nd av":[47.6149838,-122.3472247],
"2529 35th av w":[47.6420797,-122.4026855],
"2535 32nd av w":[47.6428096,-122.3987914],
"2600 eastlake av e":[47.643428,-122.325512],
"2604 s grand st":[47.5870344,-122.2987642],
"424 summit av e":[47.622807,-122.3249626],
"4500 renton av s":[47.5627876,-122.2918715],
"4622 25th av ne":[47.6625054,-122.3005516],
"4700 9th av nw":[47.6633001,-122.3672303],
"48th av sw \/ sw charlestown st":[47.5702733,-122.3934321],
"5615 s orcas st":[47.5510862,-122.2622118],
"5656 ne 55th st":[47.668701,-122.263664],
"5920 high point dr sw":[47.5501005,-122.3700645],
"6411 23rd av s":[47.5449875,-122.3044378],
"7303 35th av ne":[47.6814001,-122.2906889],
"7509-1\/2 aurora av n":[47.6836146,-122.3448011],
"751 n 65th st":[47.6758727,-122.3491669],
"8100 8th av sw":[47.52994,-122.345115],
"8342 23rd av nw":[47.6899654,-122.3851609],
"839 nw 53rd st":[47.666927,-122.368035],
"federal av e \/ e roy st":[47.625355,-122.3190354],
"ne 137th st \/ 32nd av ne":[47.7281994,-122.2936257]
}