{
"0 - 0 wb wsea frwy to fauntleroy":[47.570681,-122.372391],
"10015 bayard av nw":[47.702143,-122.381011],
"1056 n 35th st":[47.650065,-122.3444552],
"11738 3rd av nw":[47.715335,-122.360524],
"1292 nw blakely ct":[47.720757,-122.373422],
"14000 interurban av s":[47.4782877,-122.2612119],
"1602 4th av":[47.6112374,-122.3375906],
"1702 broadway":[47.6164708,-122.3207964],
"23rd av \/ e columbia st":[47.6090255,-122.3027423],
"2650 ne university village st":[47.664596,-122.2988073],
"2718 ne blakeley st":[47.666554,-122.29761],
"3106 s holly st":[47.5427537,-122.2924506],
"3321 w mcgraw st":[47.6393737,-122.4005154],
"3424 arapahoe pl w":[47.6512559,-122.408625],
"3914 burke av n":[47.654849,-122.334698],
"3938 s warsaw st":[47.5433265,-122.2815473],
"4100 canal rd ne":[47.6547603,-122.3005852],
"4111 ne 103rd pl":[47.703066,-122.283766],
"4315 sw college st":[47.5828039,-122.3872715],
"4700 west marginal way sw":[47.561833,-122.3518463],
"5229 ballard av nw":[47.6659996,-122.383133],
"5416 wallingford av n":[47.6685274,-122.3360893],
"5517 seaview av nw":[47.6689719,-122.40437],
"6303 12th av ne":[47.6742524,-122.3156925],
"6356 38th av sw":[47.5449089,-122.380117],
"7337 58th av ne":[47.682248,-122.266259],
"7500 west green lake dr n":[47.6829547,-122.3403324],
"800 stewart st":[47.6152799,-122.3352931],
"8056 lake city way ne":[47.6875249,-122.3117942],
"8212 19th av ne":[47.6889619,-122.3075847],
"8420 32nd av sw":[47.527622,-122.373563],
"913 e pike st":[47.6151767,-122.3235674],
"9345 forest ct sw":[47.5185329,-122.385934],
"9400 - 9599 16th av sw":[47.5192004,-122.3551224],
"9707 wallingford av n":[47.699952,-122.3368861],
"nw 55th st \/ 4th av nw":[47.6687012,-122.3618189],
"sb i5 fr s columbian wy":[47.566556,-122.320956],
"sb i5 to s spaokane st":[47.5723813,-122.320902]
}