{
"0 - 0 sb i5 to 145":[47.736477,-122.326287],
"10005 renton av s":[47.511403,-122.261831],
"10562 14th av nw":[47.707014,-122.373709],
"11714 4th av nw":[47.714684,-122.361845],
"1226 n 47th st":[47.6630371,-122.342499],
"13524 roosevelt way n":[47.727392,-122.330843],
"14029 interlake av n":[47.7313542,-122.3415607],
"14th av s \/ s forest st":[47.5777534,-122.3146713],
"16715 aurora av n":[47.7509718,-122.3461016],
"2027 23rd av e":[47.6385999,-122.303571],
"2809 ne 55th st":[47.6683571,-122.2967402],
"3223 perkins ln w":[47.649318,-122.416571],
"3710 w fulton st":[47.6463406,-122.4057327],
"3844 39th av s":[47.568419,-122.283638],
"40th av ne \/ ne 75th st":[47.6830453,-122.2851024],
"4101 ne 103rd pl":[47.703338,-122.284332],
"4241 greenwood av n":[47.658845,-122.355793],
"4751 ravenna av ne":[47.6631536,-122.3030765],
"4927 ne 87th st":[47.691798,-122.273748],
"5959 m l king jr way s":[47.5480881,-122.2869729],
"605 n 125th st":[47.7194336,-122.351217],
"615 nw 85th st":[47.690406,-122.363894],
"6415 14th av nw":[47.6753855,-122.3735479],
"6505 21st av nw":[47.676183,-122.383542],
"6847 37th av ne":[47.678984,-122.28854],
"816 e allison st":[47.6488938,-122.3211594],
"8630 38th av s":[47.52511,-122.284487],
"8810 12th av ne":[47.69256,-122.314588],
"9119 fauntleroy way sw":[47.522372,-122.394518],
"9303 marcus av s":[47.5187941,-122.2757155],
"nb sr99 at bell":[47.613979,-122.347768],
"nw 85th st \/ 13th av nw":[47.6906259,-122.3727673],
"renton av s \/ s roxbury st":[47.5168495,-122.2696035]
}