{
"0 - 0 eb i90 ramp to 4":[47.589678,-122.3292705],
"0 sb i5 at safeco field":[47.5952892,-122.3205533],
"1000 nw 132nd st":[47.7250635,-122.3693227],
"11287 35th av sw":[47.500351,-122.376561],
"1500 n 85th st":[47.6905323,-122.3391218],
"1609 nw 85th st":[47.6904007,-122.378457],
"1812 29th av":[47.6180196,-122.2947861],
"209 1st av s":[47.6005026,-122.3345902],
"211 nw 132nd st":[47.7248,-122.36018],
"2217 e terrace st":[47.6048929,-122.303143],
"241 s holden st":[47.5338962,-122.3293968],
"2628 nw esplanade":[47.701382,-122.391485],
"3249 sw avalon way":[47.5638,-122.374085],
"3433 w blaine st":[47.634531,-122.401452],
"3608 e schubert pl":[47.61734,-122.287182],
"4011 52nd av sw":[47.5681078,-122.3992093],
"440 terry av n":[47.6228682,-122.3365531],
"4412 sunnyside av n":[47.6607354,-122.3298431],
"4537 35th av s":[47.561739,-122.289152],
"4755 delridge way sw":[47.559523,-122.363307],
"4756 s bond st":[47.514867,-122.271353],
"5207 35th av ne":[47.6665617,-122.2901781],
"5530 coniston rd ne":[47.6689859,-122.270799],
"5634 39th av w":[47.6705399,-122.4086896],
"6320 28th av s":[47.545585,-122.296567],
"6521 21st av sw":[47.544212,-122.360049],
"6815 rainier av s":[47.5409497,-122.2721042],
"7053 53rd av ne":[47.6809442,-122.2708847],
"7213 s 115th st":[47.499429,-122.243099],
"815 alaskan way":[47.6025841,-122.3373786],
"908 nw 63rd st":[47.67455,-122.3692384],
"9934 64th av s":[47.5118035,-122.2531754],
"clay st \/ alaskan way":[47.614434,-122.3540172],
"e mercer st \/ boylston av e":[47.6242853,-122.3230103],
"m l king jr way s \/ s willow st":[47.5406707,-122.2828384],
"ne 137th st \/ 19th av ne":[47.7284322,-122.3086539],
"s plum st \/ 23rd av s":[47.5854914,-122.3029215]
}