{
"10107 3rd av nw":[47.702635,-122.361192],
"1075 lake washington blvd e":[47.628803,-122.2959203],
"10776 renton av s":[47.503514,-122.251105],
"11013 alton av ne":[47.708778,-122.28327],
"1140 n 76th st":[47.6842303,-122.3426119],
"1143 n 85th st":[47.6903814,-122.3426567],
"11804 9th av nw":[47.7150234,-122.3676789],
"1629 44th av sw":[47.5884096,-122.3879148],
"1709 15th av":[47.616818,-122.313137],
"18th av nw \/ nw 73rd st":[47.6813416,-122.3799931],
"1900 shenandoah dr e":[47.635965,-122.289021],
"206 nw 67th st":[47.6779526,-122.3598378],
"220 occidental av s":[47.6003225,-122.3328781],
"2218 thorndyke av w":[47.638947,-122.3874703],
"2853 perkins ln w":[47.646604,-122.417673],
"2924 w raye st":[47.6433723,-122.3952156],
"3442 38th av sw":[47.571895,-122.379993],
"3514 sw austin st":[47.535055,-122.377305],
"3520 28th av w":[47.6521256,-122.3922901],
"3776 w commodore way":[47.666593,-122.408582],
"4000 7th av s":[47.5677327,-122.3237221],
"424 s cloverdale st":[47.5270062,-122.3294742],
"4456 42nd av sw":[47.5633125,-122.3850485],
"4510 46th av sw":[47.562551,-122.390438],
"4527 52nd av s":[47.5621157,-122.2685652],
"5505 phinney av n":[47.6688925,-122.3544101],
"5th av ne \/ ne 40th st":[47.6558493,-122.3234859],
"6303 18th av ne":[47.674905,-122.309021],
"6307 50th av sw":[47.546565,-122.396953],
"6307 ellis av s":[47.5458429,-122.3186406],
"6505 15th av ne":[47.6759228,-122.3119551],
"713 26th av":[47.608474,-122.299129],
"742 s chicago st":[47.532889,-122.32364],
"810 e boston st":[47.6384064,-122.3220538],
"8205 ashworth av n":[47.6889619,-122.33946],
"8351 23rd av nw":[47.6901842,-122.3857226],
"8552 31st av nw":[47.692198,-122.396671],
"9053 17th av sw":[47.5212751,-122.3566498],
"alki av sw \/ 60th av sw":[47.5794868,-122.4093316],
"meridian av n \/ n 63rd st":[47.6744614,-122.3335281],
"s forest st \/ 13th av s":[47.5777581,-122.316014],
"sw charlestown st \/ 48th av sw":[47.5702733,-122.3934321]
}