{
"10038 65th av s":[47.51084,-122.252023],
"1019 ne pacific st":[47.652966,-122.312429],
"10505 sand point way ne":[47.704774,-122.278515],
"1120 n 84th st":[47.69004,-122.343489],
"118 ne 77th st":[47.685264,-122.3273574],
"1312 5th av":[47.6091772,-122.3340324],
"13th av w \/ w dravus st":[47.6484716,-122.3736016],
"1401 e yesler way":[47.6016712,-122.3141156],
"205 marion st":[47.6044409,-122.3340007],
"2253 ne 53rd st":[47.6671145,-122.3029702],
"2418 e louisa st":[47.642669,-122.301188],
"2426 32nd av w":[47.6404191,-122.3981498],
"2702 ne 88th st":[47.692619,-122.298538],
"3052 ne 89th st":[47.693317,-122.294031],
"3232 california av sw":[47.5745948,-122.3867529],
"3447 4th av s":[47.5724158,-122.3298343],
"3711 ne 45th st":[47.6609524,-122.2877155],
"4317 linden av n":[47.6598612,-122.3489422],
"44th av s \/ s alaska st":[47.5605426,-122.2781924],
"4508 ne 71st st":[47.6802195,-122.2791653],
"4518 s kenny st":[47.549164,-122.276057],
"4549 17th av ne":[47.6628208,-122.3100028],
"809 s henderson st":[47.5228996,-122.322436],
"8816 2nd av s":[47.52404,-122.331472],
"9311 mayes ct s":[47.5193629,-122.2590355],
"9632 aurora av n":[47.6994307,-122.3442944],
"9704 dayton av n":[47.699927,-122.352303],
"e yesler way \/ 14th av s":[47.6016889,-122.3141511],
"eb i90 at west highrise":[47.59006,-122.288593],
"n 102nd st \/ linden av n":[47.7028911,-122.3473367],
"n 85th st \/ corliss way n":[47.6905599,-122.3310552],
"s stevens st \/ beacon av s":[47.5769339,-122.3100325],
"sand point way ne \/ ne 95th st":[47.697381,-122.2776353]
}