{
"10002 46th av ne":[47.701298,-122.278578],
"10247 31st av sw":[47.5105057,-122.3719449],
"10853 8th av nw":[47.7075922,-122.366341],
"1115 n 97th st":[47.6993793,-122.3439413],
"1210 nw norcross way":[47.708515,-122.371876],
"12500 37th av ne":[47.7192455,-122.2885203],
"14021 sunnyside av n":[47.731112,-122.330612],
"1407 n 143rd st":[47.7320987,-122.3409279],
"14th av sw \/ 15th av sw":[47.5611647,-122.35389],
"1532 7th av":[47.6122412,-122.3336609],
"1714 37th av":[47.6169472,-122.2856253],
"1917 24th av s":[47.5858601,-122.3018098],
"2314 ne 89th st":[47.6930232,-122.3035722],
"2450 sw thistle st":[47.5282845,-122.3638339],
"2703 boylston av e":[47.644729,-122.323743],
"3119 nw 91st st":[47.694871,-122.397848],
"3232 ne 92nd st":[47.695919,-122.291768],
"3259 35th av sw":[47.5738362,-122.3763448],
"3648 50th av sw":[47.570648,-122.395762],
"3709 densmore av n":[47.6523661,-122.3378304],
"4110 56th av sw":[47.566336,-122.403563],
"4202 28th pl w":[47.6578543,-122.3942499],
"4615 s myrtle st":[47.5387307,-122.2746467],
"4633 43rd av s":[47.560722,-122.279879],
"4832 15th av s":[47.559593,-122.31307],
"500-699 n 80th st":[47.6869306,-122.3499479],
"5222 delridge way sw":[47.554293,-122.362553],
"5936 6th av s":[47.5481382,-122.3261255],
"6001 30th av sw":[47.5479832,-122.3713167],
"610 galer st":[47.6336231,-122.3451713],
"6537 37th av sw":[47.543643,-122.379551],
"6719 46th av s":[47.5419259,-122.275702],
"703 w bertona st":[47.650265,-122.366478],
"8225 california av sw":[47.5295324,-122.3877169],
"839 ne 86th st":[47.6911031,-122.3185838],
"8628 fauntlee crest sw":[47.5259446,-122.385632],
"8806 12th av ne":[47.692426,-122.31459],
"9700 myers way s":[47.5144405,-122.3305083],
"9th av \/ westlake av":[47.6177761,-122.3383472],
"denny way \/ yale av":[47.6185104,-122.3314164],
"nw 59th st \/ 17th av nw":[47.6716414,-122.3788948],
"s 114th st \/ 51st av s":[47.500291,-122.2703166],
"s alaska st \/ 50th av s":[47.5605895,-122.2707165],
"s forest st \/ 12th av s":[47.577762,-122.3173194]
}