{
"101 n 105th st":[47.704918,-122.357907],
"107 ne 54th st":[47.6677246,-122.327817],
"10716 4th av nw":[47.7074747,-122.3615212],
"10734 53rd av s":[47.503837,-122.267232],
"1114 15th av e":[47.629186,-122.312183],
"114 nw 50th st":[47.665265,-122.357825],
"14047 wallingford av n":[47.731845,-122.337295],
"1419 s plum st":[47.585312,-122.313751],
"1717 nw 100th st":[47.7014039,-122.379221],
"1732 nw 61st st":[47.6733078,-122.3803339],
"1736 nw 56th st":[47.669674,-122.380495],
"1941 nw 90th st":[47.6945072,-122.3825127],
"2706 4th av w":[47.644385,-122.361841],
"2731 50th av sw":[47.578244,-122.395408],
"300 2nd av et s":[47.6002727,-122.330641],
"30th av ne \/ ne 110th st":[47.7084089,-122.2961854],
"3605 corliss av n":[47.650723,-122.331791],
"3920 50th av ne":[47.657582,-122.27363],
"4223 aikins av sw":[47.566256,-122.406589],
"4455 delridge way sw":[47.5635646,-122.3633598],
"4700 wallingford av n":[47.6630124,-122.336136],
"4717 35th av sw":[47.5604889,-122.376592],
"4919 52nd av s":[47.557619,-122.268557],
"521 20th av":[47.606843,-122.306722],
"6215 52nd av s":[47.546771,-122.266866],
"7129 34th av sw":[47.5383039,-122.375605],
"7317 27th av sw":[47.5368632,-122.3674633],
"7400 32nd av nw":[47.6824889,-122.398066],
"7903 aurora av n":[47.6863997,-122.3448032],
"8620 vashon view sw":[47.526085,-122.384507],
"9511 27th av ne":[47.6978867,-122.2990455],
"9535 phinney av n":[47.698946,-122.354411],
"9714 2nd av nw":[47.700155,-122.359043],
"colorado av s \/ denver av s":[47.5631407,-122.3367262],
"elliott av \/ wall st":[47.6133575,-122.350478],
"nb i5 at spring st":[47.607213,-122.329728],
"ne 143rd st \/ 20th av ne":[47.7320648,-122.3073152],
"s college st \/ 22nd av s":[47.5829502,-122.304278],
"seneca st \/ harvard av":[47.6127337,-122.3221068],
"sw andover st \/ 48th av sw":[47.5684664,-122.3934569],
"sw henderson st \/ 20th av sw":[47.5228601,-122.3591427]
}