{
"10212 roosevelt way ne":[47.702712,-122.317404],
"11221 luther av s":[47.4994161,-122.2643115],
"13200 linden av n":[47.724637,-122.3479895],
"1348 ne 62nd st":[47.674071,-122.312442],
"14021 30th av ne":[47.7308341,-122.2968874],
"1501 boylston av e":[47.6336451,-122.3230292],
"15th av \/ e olive st":[47.6164524,-122.3127913],
"1709 n 35th st":[47.649005,-122.337008],
"1711 19th av s":[47.588017,-122.308725],
"1711 occidental av s":[47.5880752,-122.3332706],
"1915 ne naomi pl":[47.6733967,-122.3070278],
"2201 22nd av s":[47.5851487,-122.3046545],
"2302 e pike st":[47.6143231,-122.3024223],
"2941 1st av s":[47.5764077,-122.3342161],
"317 3rd av s":[47.5996537,-122.3305858],
"3200 s hanford st":[47.575631,-122.2935088],
"3415 beacon av s":[47.572555,-122.308838],
"3516 sw charlestown st":[47.5703249,-122.376877],
"3625 interlake av n":[47.6514083,-122.3416831],
"3940 s findlay st":[47.552154,-122.28165],
"400 queen anne av n":[47.6222562,-122.3565641],
"4116 e edgewater pl":[47.6424092,-122.2786046],
"4505 14th av s":[47.563249,-122.315139],
"4531 bagley av n":[47.6623804,-122.3325531],
"4538 thackeray pl ne":[47.662593,-122.32582],
"501 lake washington blvd e":[47.623688,-122.288342],
"520 summit av e":[47.6239246,-122.325013],
"6003 29th av ne":[47.6723219,-122.2966547],
"617 e pike st":[47.6139353,-122.3235866],
"7751 sunnyside av n":[47.686458,-122.329711],
"7811 aurora av n":[47.6859467,-122.3448023],
"839 ne 83rd st":[47.6887662,-122.3186184],
"915 17th av":[47.610831,-122.310694],
"n 97th st \/ stone av n":[47.6996248,-122.3419178],
"nw 80th st \/ 8th av nw":[47.6869303,-122.3659644],
"okanogan ln ne \/ west stevens way ne":[47.6540962,-122.3104126],
"s orcas st \/ 48th av s":[47.5511546,-122.2726425],
"yesler way \/ 3rd av s":[47.6017194,-122.3302923]
}