{
"0 - 0 wb sr520 to roanoke":[47.64319,-122.322092],
"1027 n 48th st":[47.663369,-122.344842],
"10421 42nd av sw":[47.509408,-122.386125],
"12006 3rd av nw":[47.716302,-122.360536],
"1211 22nd av e":[47.6310086,-122.3038732],
"12742 lake city way ne":[47.7224483,-122.2930155],
"13342 roosevelt way ne":[47.7258214,-122.327788],
"1358-1375 discovery park blvd":[47.6607355,-122.4289078],
"1617 3rd av n":[47.6337199,-122.352359],
"1922 11th av e":[47.636619,-122.3177472],
"2118 20th av s":[47.5839163,-122.306505],
"2203 ne 82nd st":[47.688279,-122.304418],
"2339 fairview av e":[47.6410417,-122.3297605],
"2516 15th av w":[47.641352,-122.375789],
"3040 62nd av sw":[47.576543,-122.411652],
"3217 s edmunds st":[47.558435,-122.290642],
"3704 e howe st":[47.635979,-122.285099],
"3804 s edmunds st":[47.5587344,-122.2851509],
"406 broadway e":[47.6222225,-122.3205609],
"5012 renton av s":[47.5562081,-122.2878857],
"5015 sw prince st":[47.5824463,-122.3951154],
"5147 ne 54th st":[47.667337,-122.270948],
"7019 3rd av nw":[47.680168,-122.3608],
"7555 california av sw":[47.534958,-122.387708],
"7900 9th av sw":[47.5317619,-122.3464978],
"820 w howe st":[47.6360824,-122.3686632],
"823 ne 80th st":[47.686539,-122.319184],
"9277 fauntleroy way sw":[47.520024,-122.394375],
"greenwood av n \/ n 127th st":[47.721413,-122.3555388]
}