{
"1019 n 49th st":[47.6640919,-122.3451862],
"1105 25th av":[47.6117855,-122.3003557],
"11524 9th av ne":[47.7130269,-122.318863],
"116 27th av s":[47.6011509,-122.2978529],
"121 w comstock st":[47.6303228,-122.3586152],
"14000 30th av ne":[47.7301506,-122.2964832],
"14332 ashworth av n":[47.733297,-122.339344],
"1508 warren av n":[47.632588,-122.354074],
"2115 e terrace st":[47.6051467,-122.3044879],
"212 nw 46th st":[47.662621,-122.359765],
"216 w lee st":[47.631547,-122.360058],
"2211 franklin av e":[47.638574,-122.325025],
"2235 5th av":[47.6157515,-122.3431917],
"2301 eastlake av e":[47.6398579,-122.3262343],
"2320 n 45th st":[47.6616297,-122.3305539],
"2444 4th av w":[47.640955,-122.361867],
"2605 13th av w":[47.6431017,-122.3739648],
"2715 e yesler way":[47.6013335,-122.2970663],
"3043 ne 100th st":[47.700866,-122.294347],
"3211 31st av w":[47.6491077,-122.3972328],
"3400 5th av s":[47.5736796,-122.327505],
"3511 nw 60th st":[47.6719636,-122.4023224],
"3623 ne 137th st":[47.728026,-122.288533],
"3940 sw kenyon st":[47.53238,-122.383843],
"420 n 125th st":[47.71984,-122.353174],
"4208 55th av ne":[47.658782,-122.268631],
"4700 lake washington blvd s":[47.5602424,-122.2641128],
"4929 leary av nw":[47.6644825,-122.379824],
"5214 s avon st":[47.5016033,-122.2684855],
"523 15th av e":[47.6239653,-122.3129248],
"5514 16th av ne":[47.6689593,-122.310453],
"5th av \/ wall st":[47.617392,-122.3452663],
"613 3rd av":[47.6031354,-122.3317597],
"6331 42nd av sw":[47.545713,-122.3857384],
"718 n 88th st":[47.6929604,-122.3490841],
"7919 beacon av s":[47.5311327,-122.2885542],
"845 ne 125th st":[47.7192183,-122.3189245],
"9633 54th av s":[47.515777,-122.265771],
"e jefferson st \/ 12th av":[47.6062007,-122.3167915],
"n 44th st \/ wallingford av n":[47.6603099,-122.3361855]
}