{
"10015 densmore av n":[47.7019983,-122.3378024],
"1004 nw 127th st":[47.7216659,-122.3694438],
"11000 lake city way ne":[47.7086911,-122.3009049],
"11703 35th av ne":[47.713669,-122.292001],
"12526 phinney av n":[47.7204181,-122.3538625],
"12732 evanston av n":[47.722392,-122.351246],
"1406 s plum st":[47.5857249,-122.314236],
"1515 w galer st":[47.6321709,-122.3756048],
"164 galer st":[47.632525,-122.353751],
"1660 4th av":[47.611813,-122.3381268],
"1914 nw canoe pl":[47.680194,-122.38186],
"192 nickerson st":[47.648346,-122.3537662],
"200 roy st":[47.6256956,-122.3523716],
"3049 24th av w":[47.6482557,-122.3874444],
"3221 15th av s":[47.5744155,-122.3137279],
"3246 conkling pl w":[47.6492051,-122.3690716],
"4212 s juneau st":[47.549918,-122.280097],
"46th av sw \/ tillicum rd sw":[47.5284259,-122.39158],
"5657 34th av sw":[47.550278,-122.375355],
"600 aurora av n":[47.6246753,-122.3436593],
"615 8th av s":[47.596917,-122.322833],
"616 lake washington blvd e":[47.6251093,-122.2918138],
"6333 14th av ne":[47.6754331,-122.3134894],
"6823 oswego pl ne":[47.678381,-122.323325],
"6926 37th av sw":[47.540228,-122.378864],
"7732 25th av nw":[47.6859827,-122.3883801],
"8441 44th av s":[47.526669,-122.278451],
"8900 32nd av ne":[47.6933149,-122.2931249],
"9500 16th av sw":[47.5178673,-122.3551294],
"9709 6th av nw":[47.699995,-122.363753],
"9900 waters av s":[47.5127639,-122.2529697],
"carleton av s \/ s willow st":[47.5412324,-122.3221237],
"e pine st \/ 15th av":[47.6152875,-122.3127802],
"franklin av e \/ e edgar st":[47.6444971,-122.3246219],
"sw morgan st \/ 32nd av sw":[47.5446883,-122.3737504]
}