{
"10653 culpeper ct nw":[47.707069,-122.3797077],
"119 cedar st":[47.616201,-122.3498388],
"13029 31st av ne":[47.723593,-122.295203],
"13203 frazier pl nw":[47.7252602,-122.3676915],
"1701 e thomas st":[47.6204814,-122.3100501],
"2200 ne 45th st":[47.6611831,-122.3048892],
"2392 magnolia blvd w":[47.639655,-122.410349],
"2511 ne 94th st":[47.6964473,-122.3009747],
"2747 44th av sw":[47.577917,-122.388377],
"28th av e \/ e aloha st":[47.6266412,-122.2963941],
"3623 sw alaska st":[47.560845,-122.378374],
"40th av s \/ s burns st":[47.5165214,-122.2824562],
"4108 42nd av s":[47.566095,-122.280392],
"4111 48th av sw":[47.566232,-122.393858],
"4249 s mead st":[47.550224,-122.278605],
"5048 44th av ne":[47.666364,-122.279767],
"510 federal av e":[47.6234593,-122.3188257],
"517 9th av":[47.605201,-122.324873],
"6009 ne 61st st":[47.672611,-122.262948],
"700 alaskan way s":[47.5984792,-122.3359196],
"7115 west marginal way sw":[47.5391218,-122.3412589],
"8454 26th av sw":[47.5266935,-122.3656819],
"8th av sw \/ henderson pl sw":[47.5209751,-122.3454701],
"9257 7th av nw":[47.6976737,-122.3649249],
"9748 waters av s":[47.5144278,-122.2548109],
"green lake way n \/ n 46th st":[47.6621246,-122.3461342],
"nw 87th st \/ 2nd av nw":[47.6924506,-122.3592991]
}