{
"1009 w blaine st":[47.6345569,-122.370921],
"112 n 144th st":[47.7332239,-122.3576987],
"11716 beacon av s":[47.497984,-122.26261],
"12342 14th av ne":[47.7188903,-122.3137339],
"12562 densmore av n":[47.720663,-122.336054],
"13323 lake city way ne":[47.7254778,-122.2927301],
"1402 nw 64th st":[47.675289,-122.3735763],
"1900 taylor av n":[47.635919,-122.345555],
"2004 e galer st":[47.632568,-122.305663],
"2200 nw 60th st":[47.6723877,-122.384773],
"2253 n 54th st":[47.6674477,-122.3304249],
"2424 beacon av s":[47.5815077,-122.3137992],
"2542 warren av n":[47.6426567,-122.3542345],
"2644 e valley st":[47.626115,-122.296802],
"303 nw 105th st":[47.7049511,-122.3611077],
"3031 20th av w":[47.6475835,-122.3823891],
"3298 w commodore way":[47.6650789,-122.4003891],
"4326 11th av ne":[47.6600047,-122.3165893],
"4601 shilshole av nw":[47.6621821,-122.3792079],
"4857 delridge way sw":[47.557606,-122.3632657],
"5218 29th av s":[47.554803,-122.295375],
"532 s donovan st":[47.525872,-122.326834],
"6001 15th av nw":[47.6723653,-122.3762502],
"617 elliott av w":[47.6252395,-122.3665133],
"6518 s ryan st":[47.509956,-122.251626],
"6851 27th av s":[47.541564,-122.297924],
"7008 18th av nw":[47.679808,-122.379661],
"7328 24th av ne":[47.682093,-122.301494],
"7332 35th av sw":[47.536376,-122.376175],
"7531 16th av nw":[47.6841364,-122.3781701],
"801 e thomas st":[47.6210725,-122.3221852],
"811 e allison st":[47.6484612,-122.3214505],
"830 ne 82nd st":[47.688425,-122.318907],
"8747 holman rd nw":[47.6936658,-122.37659],
"923 26th av":[47.610704,-122.299229],
"9244 4th av sw":[47.5195352,-122.3398993],
"n 56th st \/ greenwood av n":[47.6698014,-122.355344]
}