{
"1012 sw trenton st - highland park elementary school":[47.5256291,-122.3487055],
"10448 63rd av s":[47.506763,-122.254382],
"11222 56th av s":[47.499523,-122.262049],
"11263 renton av s":[47.502198,-122.252149],
"1351 1st av":[47.6076519,-122.3389855],
"1530 3rd av":[47.610665,-122.338143],
"2012 nw 73rd st":[47.6815204,-122.3827489],
"2707 prosch av w":[47.644393,-122.374066],
"2807 11th av e":[47.64592,-122.3187098],
"300 s jackson st":[47.5992131,-122.3302726],
"3721 42nd av s":[47.570013,-122.281057],
"3805 34th av sw":[47.5698433,-122.3753377],
"4529 east laurel dr ne":[47.6617767,-122.2695029],
"4815 rutan pl sw":[47.558796,-122.3891758],
"4820 s hudson st":[47.5572178,-122.2723166],
"500 s jackson st":[47.5996382,-122.3273695],
"5211 21st av s":[47.5556539,-122.306419],
"611 n 65th st":[47.6758499,-122.350815],
"6118 4th av s":[47.5467502,-122.3295636],
"6183 ne radford dr":[47.6734696,-122.2610823],
"7023 15th av nw":[47.680221,-122.3770383],
"709 n 128th st":[47.7223029,-122.3498349],
"7415 25th av ne":[47.6824579,-122.30109],
"7608 aurora av n":[47.684236,-122.3443774],
"7747 10th av nw":[47.686492,-122.369667],
"9451 9th av sw":[47.517679,-122.34708],
"e roanoke st \/ east montlake pl e":[47.6431666,-122.3052073],
"greenwood av n \/ n 97th st":[47.6996537,-122.3553866],
"n 77th st \/ sunnyside av n":[47.6850624,-122.329361]
}