{
"10058 8th av nw":[47.703183,-122.365757],
"12233 4th av nw":[47.718668,-122.362649],
"1250 1st av s":[47.5913426,-122.3320069],
"1640 windermere dr e":[47.6346149,-122.290069],
"20th av ne \/ ne 115th st":[47.7121183,-122.3071229],
"22nd av \/ e madison st":[47.6181016,-122.3041678],
"2441 nw 62nd st":[47.673606,-122.389511],
"2491 airport way s":[47.581057,-122.3214264],
"2913 s dawson st":[47.555168,-122.295118],
"3117 e pike st":[47.6139206,-122.291708],
"3747 sw rose st":[47.528904,-122.381319],
"3807 24th av w":[47.654361,-122.387831],
"3934 sw southern st":[47.530152,-122.383525],
"4208 s lucile st":[47.552879,-122.280275],
"4600 sw admiral way":[47.5812478,-122.3906319],
"4813 university view pl ne":[47.663779,-122.293477],
"5412 ballard av nw":[47.6679582,-122.3852383],
"5941 fauntleroy way sw":[47.54905,-122.383349],
"5950 41st av sw":[47.548737,-122.384001],
"5th av ne \/ sb i5 fr 45":[47.6603504,-122.3228976],
"6743 38th av s":[47.5413039,-122.285942],
"7518 45th av sw":[47.535277,-122.390032],
"8500 inverness dr ne":[47.6908079,-122.27661],
"8th av sw \/ sw holden st":[47.5337092,-122.3461938],
"9225 delridge way sw":[47.5203267,-122.3582764],
"929 n 36th st":[47.6505252,-122.3460006],
"9413 27th av sw":[47.5187614,-122.3673039],
"9448 5th av sw":[47.5176293,-122.3411733],
"aurora av n \/ crockett st":[47.6374081,-122.3442767],
"boylston av \/ e pine st":[47.6152355,-122.3234153]
}