{
"1001 e pike st":[47.6138654,-122.3191849],
"10460 61st av s":[47.50651,-122.257014],
"10703 8th av ne":[47.7067154,-122.3205472],
"1121 37th av":[47.6122977,-122.2863385],
"11515 26th av ne":[47.7125952,-122.3008662],
"11722 corliss av n":[47.714875,-122.330692],
"13020 8th av nw":[47.723946,-122.365969],
"1539 ne 97th st":[47.6991609,-122.310468],
"15th av \/ pine":[47.6152875,-122.3127802],
"1623 42nd av sw":[47.5885054,-122.3853535],
"1715 27th av":[47.616991,-122.297989],
"24th av \/ e pine st":[47.6153189,-122.3013828],
"3221 ne 91st st":[47.6945251,-122.2923748],
"326 highland dr":[47.6299296,-122.3500381],
"3838 west marginal way sw":[47.568688,-122.352718],
"433 eastlake av e":[47.6230034,-122.3295311],
"435 10th av e":[47.6229651,-122.3201737],
"5133 s juneau st":[47.5495252,-122.2684497],
"5225 33rd av s":[47.554509,-122.290802],
"5322 s wallace st":[47.497841,-122.266707],
"605 s jackson st":[47.5991422,-122.3260528],
"614 maynard av s":[47.5970169,-122.3246851],
"6400 15th av ne":[47.6755603,-122.3119127],
"7720 highland park way sw":[47.5330664,-122.3464879],
"7749 2nd av ne":[47.686499,-122.327371],
"8316 mary av nw":[47.689304,-122.375098],
"8740 20th av nw":[47.6935389,-122.3818873],
"9007 dayton av n":[47.694497,-122.353041],
"9052 evanston av n":[47.6958712,-122.3509366],
"917 e pine st":[47.6150171,-122.3197068],
"division av nw \/ nw 67th st":[47.6777622,-122.3665605],
"n 51st st \/ phinney av n":[47.6657296,-122.3544183],
"ne 70th st \/ 38th av ne":[47.6794178,-122.2871368],
"nw 127th st \/ 8th av nw":[47.721491,-122.3663409],
"s trenton st \/ 3rd av s":[47.5245635,-122.3307456],
"sw trenton st \/ 29th av sw":[47.5246712,-122.3699224]
}