{
"10744 14th av ne":[47.7080422,-122.3134571],
"11351 25th av ne":[47.711682,-122.30267],
"1144 n 93rd st":[47.6965178,-122.3425183],
"11733 luther av s":[47.497894,-122.261769],
"1521 valentine pl s":[47.5893073,-122.3073649],
"1526 lakeside av s":[47.5881151,-122.2857998],
"202 s jackson st":[47.5992162,-122.3314329],
"2233 minor av e":[47.639246,-122.328632],
"2266 ne 63rd st":[47.6748901,-122.3030631],
"240 s main st":[47.6000365,-122.3309611],
"32nd av s \/ s willow st":[47.5407251,-122.2905689],
"421 e pine st":[47.6149884,-122.3257352],
"4432 48th av sw":[47.5637856,-122.3931273],
"4621 s raymond pl":[47.548012,-122.27446],
"4th av s \/ s findlay st":[47.5526837,-122.3295584],
"5034 28th av s":[47.556282,-122.296506],
"5217 37th av sw":[47.5551307,-122.3791934],
"525 19th av":[47.606921,-122.30803],
"5300 sand point way ne":[47.6680661,-122.2790529],
"5817 seward park av s":[47.549997,-122.260993],
"5901 34th av sw":[47.549994,-122.37536],
"600 nw bright st":[47.6602619,-122.3643781],
"7724 25th av nw":[47.685711,-122.3883733],
"8509 greenwood av n":[47.6913453,-122.355685],
"9010 delridge way sw":[47.522455,-122.3594894],
"912 n 68th st":[47.678942,-122.346595],
"9212 45th av ne":[47.695336,-122.279697],
"westlake av n \/ mercer st":[47.6246984,-122.3384125]
}