{
"11718 fremont av n":[47.714803,-122.349877],
"11750 5th av ne":[47.715525,-122.323094],
"12343 22nd av ne":[47.718748,-122.306517],
"1253 sw othello st":[47.537058,-122.352736],
"13241 6th av nw":[47.726398,-122.364038],
"13435 greenwood av n":[47.727467,-122.356987],
"1740 23rd av":[47.6174844,-122.3023621],
"1818 e mercer st":[47.6246975,-122.307859],
"1911 41st av sw":[47.586405,-122.38433],
"1914 3rd av":[47.6121387,-122.3400357],
"2042 33rd av s":[47.5838857,-122.2905675],
"207 s horton st":[47.5742191,-122.3310651],
"2222 nw 64th st":[47.675513,-122.385788],
"3406 e james st":[47.6069401,-122.2889886],
"4746 7th av ne":[47.664499,-122.320377],
"501 1st av s":[47.5983085,-122.3342724],
"5100 west marginal way sw":[47.5567259,-122.3510152],
"516 broad st":[47.6214353,-122.3470492],
"6521 27th av ne":[47.676476,-122.298777],
"6801 8th av ne":[47.678063,-122.3201006],
"7318 52nd av ne":[47.6817307,-122.2713542],
"7702 33rd av ne":[47.685006,-122.29236],
"815 nw 90th st":[47.69407,-122.366823],
"900 12th av s":[47.5952015,-122.3172268],
"901 18th av e":[47.627014,-122.309027],
"928 nw 54th st":[47.668111,-122.369928],
"9301 57th av s":[47.518743,-122.261996],
"9337 38th av s":[47.5185873,-122.285178],
"9835 marine view dr sw":[47.514124,-122.391693],
"airport way s \/ s hinds st":[47.5734947,-122.3216748],
"beacon av s \/ s fletcher st":[47.5189551,-122.2766893]
}